ticker,date,market,close,source_quality,adjustment_policy,source_url,source_hash,retrieved_at,source_reuse,future_data_violation_count,checkpoint_path
00631L,2016-01-20,TWSE,15.15,official_twse_selected_ticker_month_close_only,official_unadjusted_execution_close_only,https://www.twse.com.tw/rwd/zh/afterTrading/STOCK_DAY?date=20160101&stockNo=00631L&response=json,094dc8a697b23336a919d1895e7c5d453f522c792a3a9fe3ed506ad3019fa168,2026-07-30T03:01:56+00:00,authorized_official_ticker_month_route,0,C:\Users\zergv\Documents\Codex\2026-05-23\ai-stock-rotation-radar-https-docs\outputs\radar_three_strategy_exact_raw_close_fill_20260730\checkpoints\00631L\2016-01.json.gz
00631L,2016-01-29,TWSE,16.92,official_twse_selected_ticker_month_close_only,official_unadjusted_execution_close_only,https://www.twse.com.tw/rwd/zh/afterTrading/STOCK_DAY?date=20160101&stockNo=00631L&response=json,094dc8a697b23336a919d1895e7c5d453f522c792a3a9fe3ed506ad3019fa168,2026-07-30T03:01:56+00:00,authorized_official_ticker_month_route,0,C:\Users\zergv\Documents\Codex\2026-05-23\ai-stock-rotation-radar-https-docs\outputs\radar_three_strategy_exact_raw_close_fill_20260730\checkpoints\00631L\2016-01.json.gz
00631L,2016-02-26,TWSE,18.38,official_twse_selected_ticker_month_close_only,official_unadjusted_execution_close_only,https://www.twse.com.tw/rwd/zh/afterTrading/STOCK_DAY?date=20160201&stockNo=00631L&response=json,91f06cb18d9d579bdee973ee47c6be7d3a4131d51c51d742a9f0f9c5c0c18b87,2026-07-30T03:01:57+00:00,authorized_official_ticker_month_route,0,C:\Users\zergv\Documents\Codex\2026-05-23\ai-stock-rotation-radar-https-docs\outputs\radar_three_strategy_exact_raw_close_fill_20260730\checkpoints\00631L\2016-02.json.gz
00631L,2016-03-31,TWSE,20.24,official_raw_close_local_index_reuse,official_unadjusted_execution_close_only,https://www.twse.com.tw/exchangeReport/MI_INDEX?date=20160331&type=ALLBUT0999&response=json,f3f1c894e6f6b99d2ff98acf8581b01f4f6541ae78656e3085456d98a829d845,2026-07-16T03:04:58+00:00,C:\Users\zergv\Documents\Codex\2026-05-23\ai-stock-rotation-radar-https-docs\outputs\radar_vnext_p1_p2_ma_slope_cd50_shifted_path_local_close_extraction_20260716\bounded_network_raw_full_close_index.csv.gz,0,
00631L,2016-04-07,TWSE,18.83,official_twse_selected_ticker_month_close_only,official_unadjusted_execution_close_only,https://www.twse.com.tw/rwd/zh/afterTrading/STOCK_DAY?date=20160401&stockNo=00631L&response=json,9b2dcbfb01463a68b73840f3314e2381d232191583ba3471f58189710ed4cda9,2026-07-30T03:02:00+00:00,authorized_official_ticker_month_route,0,C:\Users\zergv\Documents\Codex\2026-05-23\ai-stock-rotation-radar-https-docs\outputs\radar_three_strategy_exact_raw_close_fill_20260730\checkpoints\00631L\2016-04.json.gz
00631L,2016-05-18,TWSE,17.5,official_twse_selected_ticker_month_close_only,official_unadjusted_execution_close_only,https://www.twse.com.tw/rwd/zh/afterTrading/STOCK_DAY?date=20160501&stockNo=00631L&response=json,306ea0ed58afd3e9b84db1edb771e598f3437654df4750cfe9812e4dd2ea84be,2026-07-30T03:02:01+00:00,authorized_official_ticker_month_route,0,C:\Users\zergv\Documents\Codex\2026-05-23\ai-stock-rotation-radar-https-docs\outputs\radar_three_strategy_exact_raw_close_fill_20260730\checkpoints\00631L\2016-05.json.gz
00631L,2016-05-31,TWSE,19.25,official_twse_selected_ticker_month_close_only,official_unadjusted_execution_close_only,https://www.twse.com.tw/rwd/zh/afterTrading/STOCK_DAY?date=20160501&stockNo=00631L&response=json,306ea0ed58afd3e9b84db1edb771e598f3437654df4750cfe9812e4dd2ea84be,2026-07-30T03:02:01+00:00,authorized_official_ticker_month_route,0,C:\Users\zergv\Documents\Codex\2026-05-23\ai-stock-rotation-radar-https-docs\outputs\radar_three_strategy_exact_raw_close_fill_20260730\checkpoints\00631L\2016-05.json.gz
00631L,2016-06-30,TWSE,20.28,official_twse_selected_ticker_month_close_only,official_unadjusted_execution_close_only,https://www.twse.com.tw/rwd/zh/afterTrading/STOCK_DAY?date=20160601&stockNo=00631L&response=json,6d5b8704642f88cc4f2d8c739e7266aeede09bdf80de829727752c40734f2d98,2026-07-30T03:02:03+00:00,authorized_official_ticker_month_route,0,C:\Users\zergv\Documents\Codex\2026-05-23\ai-stock-rotation-radar-https-docs\outputs\radar_three_strategy_exact_raw_close_fill_20260730\checkpoints\00631L\2016-06.json.gz
00631L,2016-07-29,TWSE,22.9,official_twse_selected_ticker_month_close_only,official_unadjusted_execution_close_only,https://www.twse.com.tw/rwd/zh/afterTrading/STOCK_DAY?date=20160701&stockNo=00631L&response=json,9702866a92a5659fc8a61fc4693b45b5733e242e52c25b3da4822f0b3d2c7508,2026-07-30T03:02:04+00:00,authorized_official_ticker_month_route,0,C:\Users\zergv\Documents\Codex\2026-05-23\ai-stock-rotation-radar-https-docs\outputs\radar_three_strategy_exact_raw_close_fill_20260730\checkpoints\00631L\2016-07.json.gz
00631L,2016-08-31,TWSE,23.47,official_twse_selected_ticker_month_close_only,official_unadjusted_execution_close_only,https://www.twse.com.tw/rwd/zh/afterTrading/STOCK_DAY?date=20160801&stockNo=00631L&response=json,36b83210ece64914ac2ef3e2dfd0e42fe4efa7d04981639e96d65fc167fabda6,2026-07-30T03:02:05+00:00,authorized_official_ticker_month_route,0,C:\Users\zergv\Documents\Codex\2026-05-23\ai-stock-rotation-radar-https-docs\outputs\radar_three_strategy_exact_raw_close_fill_20260730\checkpoints\00631L\2016-08.json.gz
00631L,2016-09-02,TWSE,23.19,official_twse_selected_ticker_month_close_only,official_unadjusted_execution_close_only,https://www.twse.com.tw/rwd/zh/afterTrading/STOCK_DAY?date=20160901&stockNo=00631L&response=json,e7fbba2341dc54e3cfc1077b8446d9b0e1ae1817385a8cc3874170cfe9742866,2026-07-30T03:02:07+00:00,authorized_official_ticker_month_route,0,C:\Users\zergv\Documents\Codex\2026-05-23\ai-stock-rotation-radar-https-docs\outputs\radar_three_strategy_exact_raw_close_fill_20260730\checkpoints\00631L\2016-09.json.gz
00631L,2016-09-22,TWSE,24.67,official_twse_selected_ticker_month_close_only,official_unadjusted_execution_close_only,https://www.twse.com.tw/rwd/zh/afterTrading/STOCK_DAY?date=20160901&stockNo=00631L&response=json,e7fbba2341dc54e3cfc1077b8446d9b0e1ae1817385a8cc3874170cfe9742866,2026-07-30T03:02:07+00:00,authorized_official_ticker_month_route,0,C:\Users\zergv\Documents\Codex\2026-05-23\ai-stock-rotation-radar-https-docs\outputs\radar_three_strategy_exact_raw_close_fill_20260730\checkpoints\00631L\2016-09.json.gz
00631L,2016-09-30,TWSE,24.48,official_twse_selected_ticker_month_close_only,official_unadjusted_execution_close_only,https://www.twse.com.tw/rwd/zh/afterTrading/STOCK_DAY?date=20160901&stockNo=00631L&response=json,e7fbba2341dc54e3cfc1077b8446d9b0e1ae1817385a8cc3874170cfe9742866,2026-07-30T03:02:07+00:00,authorized_official_ticker_month_route,0,C:\Users\zergv\Documents\Codex\2026-05-23\ai-stock-rotation-radar-https-docs\outputs\radar_three_strategy_exact_raw_close_fill_20260730\checkpoints\00631L\2016-09.json.gz
00631L,2016-10-12,TWSE,25.23,official_twse_selected_ticker_month_close_only,official_unadjusted_execution_close_only,https://www.twse.com.tw/rwd/zh/afterTrading/STOCK_DAY?date=20161001&stockNo=00631L&response=json,915f6fe33c1cbbf239a4ddd3398d100c2cacf2a5437ef5bbe26df294151b6ffb,2026-07-30T03:02:08+00:00,authorized_official_ticker_month_route,0,C:\Users\zergv\Documents\Codex\2026-05-23\ai-stock-rotation-radar-https-docs\outputs\radar_three_strategy_exact_raw_close_fill_20260730\checkpoints\00631L\2016-10.json.gz
00631L,2016-10-24,TWSE,25.58,official_twse_selected_ticker_month_close_only,official_unadjusted_execution_close_only,https://www.twse.com.tw/rwd/zh/afterTrading/STOCK_DAY?date=20161001&stockNo=00631L&response=json,915f6fe33c1cbbf239a4ddd3398d100c2cacf2a5437ef5bbe26df294151b6ffb,2026-07-30T03:02:08+00:00,authorized_official_ticker_month_route,0,C:\Users\zergv\Documents\Codex\2026-05-23\ai-stock-rotation-radar-https-docs\outputs\radar_three_strategy_exact_raw_close_fill_20260730\checkpoints\00631L\2016-10.json.gz
00631L,2016-10-31,TWSE,25.47,official_twse_selected_ticker_month_close_only,official_unadjusted_execution_close_only,https://www.twse.com.tw/rwd/zh/afterTrading/STOCK_DAY?date=20161001&stockNo=00631L&response=json,915f6fe33c1cbbf239a4ddd3398d100c2cacf2a5437ef5bbe26df294151b6ffb,2026-07-30T03:02:08+00:00,authorized_official_ticker_month_route,0,C:\Users\zergv\Documents\Codex\2026-05-23\ai-stock-rotation-radar-https-docs\outputs\radar_three_strategy_exact_raw_close_fill_20260730\checkpoints\00631L\2016-10.json.gz
00631L,2016-11-04,TWSE,24.26,official_twse_selected_ticker_month_close_only,official_unadjusted_execution_close_only,https://www.twse.com.tw/rwd/zh/afterTrading/STOCK_DAY?date=20161101&stockNo=00631L&response=json,e7e92506a7326f0220a9a225b035ef940a03e8c68275e48d47d28de6c2031bdf,2026-07-30T03:02:10+00:00,authorized_official_ticker_month_route,0,C:\Users\zergv\Documents\Codex\2026-05-23\ai-stock-rotation-radar-https-docs\outputs\radar_three_strategy_exact_raw_close_fill_20260730\checkpoints\00631L\2016-11.json.gz
00631L,2016-11-18,TWSE,23.89,official_twse_selected_ticker_month_close_only,official_unadjusted_execution_close_only,https://www.twse.com.tw/rwd/zh/afterTrading/STOCK_DAY?date=20161101&stockNo=00631L&response=json,e7e92506a7326f0220a9a225b035ef940a03e8c68275e48d47d28de6c2031bdf,2026-07-30T03:02:10+00:00,authorized_official_ticker_month_route,0,C:\Users\zergv\Documents\Codex\2026-05-23\ai-stock-rotation-radar-https-docs\outputs\radar_three_strategy_exact_raw_close_fill_20260730\checkpoints\00631L\2016-11.json.gz
00631L,2016-11-30,TWSE,24.9,official_twse_selected_ticker_month_close_only,official_unadjusted_execution_close_only,https://www.twse.com.tw/rwd/zh/afterTrading/STOCK_DAY?date=20161101&stockNo=00631L&response=json,e7e92506a7326f0220a9a225b035ef940a03e8c68275e48d47d28de6c2031bdf,2026-07-30T03:02:10+00:00,authorized_official_ticker_month_route,0,C:\Users\zergv\Documents\Codex\2026-05-23\ai-stock-rotation-radar-https-docs\outputs\radar_three_strategy_exact_raw_close_fill_20260730\checkpoints\00631L\2016-11.json.gz
00631L,2016-12-05,TWSE,24.53,official_twse_selected_ticker_month_close_only,official_unadjusted_execution_close_only,https://www.twse.com.tw/rwd/zh/afterTrading/STOCK_DAY?date=20161201&stockNo=00631L&response=json,df40540f2f19529e972fd738231f42f014e97a81744d82b3e5b4dd719d8fb10b,2026-07-30T03:02:11+00:00,authorized_official_ticker_month_route,0,C:\Users\zergv\Documents\Codex\2026-05-23\ai-stock-rotation-radar-https-docs\outputs\radar_three_strategy_exact_raw_close_fill_20260730\checkpoints\00631L\2016-12.json.gz
00631L,2016-12-15,TWSE,25.75,official_twse_selected_ticker_month_close_only,official_unadjusted_execution_close_only,https://www.twse.com.tw/rwd/zh/afterTrading/STOCK_DAY?date=20161201&stockNo=00631L&response=json,df40540f2f19529e972fd738231f42f014e97a81744d82b3e5b4dd719d8fb10b,2026-07-30T03:02:11+00:00,authorized_official_ticker_month_route,0,C:\Users\zergv\Documents\Codex\2026-05-23\ai-stock-rotation-radar-https-docs\outputs\radar_three_strategy_exact_raw_close_fill_20260730\checkpoints\00631L\2016-12.json.gz
00631L,2016-12-27,TWSE,24.36,official_twse_selected_ticker_month_close_only,official_unadjusted_execution_close_only,https://www.twse.com.tw/rwd/zh/afterTrading/STOCK_DAY?date=20161201&stockNo=00631L&response=json,df40540f2f19529e972fd738231f42f014e97a81744d82b3e5b4dd719d8fb10b,2026-07-30T03:02:11+00:00,authorized_official_ticker_month_route,0,C:\Users\zergv\Documents\Codex\2026-05-23\ai-stock-rotation-radar-https-docs\outputs\radar_three_strategy_exact_raw_close_fill_20260730\checkpoints\00631L\2016-12.json.gz
00631L,2017-01-09,TWSE,25.49,official_twse_selected_ticker_month_close_only,official_unadjusted_execution_close_only,https://www.twse.com.tw/rwd/zh/afterTrading/STOCK_DAY?date=20170101&stockNo=00631L&response=json,d460bc9933161ae0c1e1baa424b9803d78be87edb48ff92e49976e1cdc393cf9,2026-07-30T03:02:12+00:00,authorized_official_ticker_month_route,0,C:\Users\zergv\Documents\Codex\2026-05-23\ai-stock-rotation-radar-https-docs\outputs\radar_three_strategy_exact_raw_close_fill_20260730\checkpoints\00631L\2017-01.json.gz
00631L,2017-01-24,TWSE,26.05,official_twse_selected_ticker_month_close_only,official_unadjusted_execution_close_only,https://www.twse.com.tw/rwd/zh/afterTrading/STOCK_DAY?date=20170101&stockNo=00631L&response=json,d460bc9933161ae0c1e1baa424b9803d78be87edb48ff92e49976e1cdc393cf9,2026-07-30T03:02:12+00:00,authorized_official_ticker_month_route,0,C:\Users\zergv\Documents\Codex\2026-05-23\ai-stock-rotation-radar-https-docs\outputs\radar_three_strategy_exact_raw_close_fill_20260730\checkpoints\00631L\2017-01.json.gz
00631L,2017-02-24,TWSE,27.54,official_twse_selected_ticker_month_close_only,official_unadjusted_execution_close_only,https://www.twse.com.tw/rwd/zh/afterTrading/STOCK_DAY?date=20170201&stockNo=00631L&response=json,81ab4b5244031ee5ab7b0bfec5ae72635dd3fe36296c71c2799ad558fc4bfe66,2026-07-30T03:02:13+00:00,authorized_official_ticker_month_route,0,C:\Users\zergv\Documents\Codex\2026-05-23\ai-stock-rotation-radar-https-docs\outputs\radar_three_strategy_exact_raw_close_fill_20260730\checkpoints\00631L\2017-02.json.gz
00631L,2017-03-31,TWSE,27.99,official_twse_selected_ticker_month_close_only,official_unadjusted_execution_close_only,https://www.twse.com.tw/rwd/zh/afterTrading/STOCK_DAY?date=20170301&stockNo=00631L&response=json,01ec5bff58612c37c11b3be64cfff1daa1c3b07d652c8c4bbcc65c4b41d9d3bc,2026-07-30T03:02:15+00:00,authorized_official_ticker_month_route,0,C:\Users\zergv\Documents\Codex\2026-05-23\ai-stock-rotation-radar-https-docs\outputs\radar_three_strategy_exact_raw_close_fill_20260730\checkpoints\00631L\2017-03.json.gz
00631L,2017-04-17,TWSE,27.64,official_twse_selected_ticker_month_close_only,official_unadjusted_execution_close_only,https://www.twse.com.tw/rwd/zh/afterTrading/STOCK_DAY?date=20170401&stockNo=00631L&response=json,5cc3b5479a3187954c9272c80fe8d39fd8e36d84fc743e581eddddd8c63cac0d,2026-07-30T03:02:16+00:00,authorized_official_ticker_month_route,0,C:\Users\zergv\Documents\Codex\2026-05-23\ai-stock-rotation-radar-https-docs\outputs\radar_three_strategy_exact_raw_close_fill_20260730\checkpoints\00631L\2017-04.json.gz
00631L,2017-04-27,TWSE,28.28,official_twse_selected_ticker_month_close_only,official_unadjusted_execution_close_only,https://www.twse.com.tw/rwd/zh/afterTrading/STOCK_DAY?date=20170401&stockNo=00631L&response=json,5cc3b5479a3187954c9272c80fe8d39fd8e36d84fc743e581eddddd8c63cac0d,2026-07-30T03:02:16+00:00,authorized_official_ticker_month_route,0,C:\Users\zergv\Documents\Codex\2026-05-23\ai-stock-rotation-radar-https-docs\outputs\radar_three_strategy_exact_raw_close_fill_20260730\checkpoints\00631L\2017-04.json.gz
00631L,2017-04-28,TWSE,28.37,official_twse_selected_ticker_month_close_only,official_unadjusted_execution_close_only,https://www.twse.com.tw/rwd/zh/afterTrading/STOCK_DAY?date=20170401&stockNo=00631L&response=json,5cc3b5479a3187954c9272c80fe8d39fd8e36d84fc743e581eddddd8c63cac0d,2026-07-30T03:02:16+00:00,authorized_official_ticker_month_route,0,C:\Users\zergv\Documents\Codex\2026-05-23\ai-stock-rotation-radar-https-docs\outputs\radar_three_strategy_exact_raw_close_fill_20260730\checkpoints\00631L\2017-04.json.gz
00631L,2017-05-31,TWSE,29.74,official_twse_selected_ticker_month_close_only,official_unadjusted_execution_close_only,https://www.twse.com.tw/rwd/zh/afterTrading/STOCK_DAY?date=20170501&stockNo=00631L&response=json,25f8e72ebed6266e3ada96baa666e6bb7da4a94683ce26be22cba865827af194,2026-07-30T03:02:17+00:00,authorized_official_ticker_month_route,0,C:\Users\zergv\Documents\Codex\2026-05-23\ai-stock-rotation-radar-https-docs\outputs\radar_three_strategy_exact_raw_close_fill_20260730\checkpoints\00631L\2017-05.json.gz
00631L,2017-06-30,TWSE,32.51,official_twse_selected_ticker_month_close_only,official_unadjusted_execution_close_only,https://www.twse.com.tw/rwd/zh/afterTrading/STOCK_DAY?date=20170601&stockNo=00631L&response=json,77796c13e5613c6b20fbcd243d2ec57bb545d9218ac3e3ba8a7c17885a464c0e,2026-07-30T03:03:00+00:00,authorized_official_ticker_month_route,0,C:\Users\zergv\Documents\Codex\2026-05-23\ai-stock-rotation-radar-https-docs\outputs\radar_three_strategy_exact_raw_close_fill_20260730\checkpoints\00631L\2017-06.json.gz
00631L,2017-07-31,TWSE,33.9,official_twse_selected_ticker_month_close_only,official_unadjusted_execution_close_only,https://www.twse.com.tw/rwd/zh/afterTrading/STOCK_DAY?date=20170701&stockNo=00631L&response=json,bdbc4c5c54f152bdd7c3472305347c9270f02da0f790dbc29da6062e0e048a39,2026-07-30T03:03:03+00:00,authorized_official_ticker_month_route,0,C:\Users\zergv\Documents\Codex\2026-05-23\ai-stock-rotation-radar-https-docs\outputs\radar_three_strategy_exact_raw_close_fill_20260730\checkpoints\00631L\2017-07.json.gz
00631L,2017-08-14,TWSE,33.28,official_twse_selected_ticker_month_close_only,official_unadjusted_execution_close_only,https://www.twse.com.tw/rwd/zh/afterTrading/STOCK_DAY?date=20170801&stockNo=00631L&response=json,18c5c7b0f183ddc5694ac7b0c603f585b3325499ee4f8ff922a4857fded386e1,2026-07-30T03:03:04+00:00,authorized_official_ticker_month_route,0,C:\Users\zergv\Documents\Codex\2026-05-23\ai-stock-rotation-radar-https-docs\outputs\radar_three_strategy_exact_raw_close_fill_20260730\checkpoints\00631L\2017-08.json.gz
00631L,2017-08-24,TWSE,34.66,official_twse_selected_ticker_month_close_only,official_unadjusted_execution_close_only,https://www.twse.com.tw/rwd/zh/afterTrading/STOCK_DAY?date=20170801&stockNo=00631L&response=json,18c5c7b0f183ddc5694ac7b0c603f585b3325499ee4f8ff922a4857fded386e1,2026-07-30T03:03:04+00:00,authorized_official_ticker_month_route,0,C:\Users\zergv\Documents\Codex\2026-05-23\ai-stock-rotation-radar-https-docs\outputs\radar_three_strategy_exact_raw_close_fill_20260730\checkpoints\00631L\2017-08.json.gz
00631L,2017-08-31,TWSE,35.16,official_twse_selected_ticker_month_close_only,official_unadjusted_execution_close_only,https://www.twse.com.tw/rwd/zh/afterTrading/STOCK_DAY?date=20170801&stockNo=00631L&response=json,18c5c7b0f183ddc5694ac7b0c603f585b3325499ee4f8ff922a4857fded386e1,2026-07-30T03:03:04+00:00,authorized_official_ticker_month_route,0,C:\Users\zergv\Documents\Codex\2026-05-23\ai-stock-rotation-radar-https-docs\outputs\radar_three_strategy_exact_raw_close_fill_20260730\checkpoints\00631L\2017-08.json.gz
00631L,2017-09-21,TWSE,35.16,official_twse_selected_ticker_month_close_only,official_unadjusted_execution_close_only,https://www.twse.com.tw/rwd/zh/afterTrading/STOCK_DAY?date=20170901&stockNo=00631L&response=json,e336144d8f008d7b234a78dc6ba273472ae879be25dcd3f1c9e954e633de1262,2026-07-30T03:03:05+00:00,authorized_official_ticker_month_route,0,C:\Users\zergv\Documents\Codex\2026-05-23\ai-stock-rotation-radar-https-docs\outputs\radar_three_strategy_exact_raw_close_fill_20260730\checkpoints\00631L\2017-09.json.gz
00631L,2017-10-05,TWSE,34.67,official_twse_selected_ticker_month_close_only,official_unadjusted_execution_close_only,https://www.twse.com.tw/rwd/zh/afterTrading/STOCK_DAY?date=20171001&stockNo=00631L&response=json,7da8d11fa5674fb48bf0221d0514582f2f39c98a0730f7c1a62feba1034d53a8,2026-07-30T03:03:07+00:00,authorized_official_ticker_month_route,0,C:\Users\zergv\Documents\Codex\2026-05-23\ai-stock-rotation-radar-https-docs\outputs\radar_three_strategy_exact_raw_close_fill_20260730\checkpoints\00631L\2017-10.json.gz
00631L,2017-10-31,TWSE,36.98,official_twse_selected_ticker_month_close_only,official_unadjusted_execution_close_only,https://www.twse.com.tw/rwd/zh/afterTrading/STOCK_DAY?date=20171001&stockNo=00631L&response=json,7da8d11fa5674fb48bf0221d0514582f2f39c98a0730f7c1a62feba1034d53a8,2026-07-30T03:03:07+00:00,authorized_official_ticker_month_route,0,C:\Users\zergv\Documents\Codex\2026-05-23\ai-stock-rotation-radar-https-docs\outputs\radar_three_strategy_exact_raw_close_fill_20260730\checkpoints\00631L\2017-10.json.gz
00631L,2017-11-15,TWSE,35.58,official_twse_selected_ticker_month_close_only,official_unadjusted_execution_close_only,https://www.twse.com.tw/rwd/zh/afterTrading/STOCK_DAY?date=20171101&stockNo=00631L&response=json,63bdb641e61d9c7c03d7f7e14ce2f36926019da92574b03b99f9bb9f88cc4875,2026-07-30T03:03:08+00:00,authorized_official_ticker_month_route,0,C:\Users\zergv\Documents\Codex\2026-05-23\ai-stock-rotation-radar-https-docs\outputs\radar_three_strategy_exact_raw_close_fill_20260730\checkpoints\00631L\2017-11.json.gz
00631L,2017-11-27,TWSE,36.39,official_twse_selected_ticker_month_close_only,official_unadjusted_execution_close_only,https://www.twse.com.tw/rwd/zh/afterTrading/STOCK_DAY?date=20171101&stockNo=00631L&response=json,63bdb641e61d9c7c03d7f7e14ce2f36926019da92574b03b99f9bb9f88cc4875,2026-07-30T03:03:08+00:00,authorized_official_ticker_month_route,0,C:\Users\zergv\Documents\Codex\2026-05-23\ai-stock-rotation-radar-https-docs\outputs\radar_three_strategy_exact_raw_close_fill_20260730\checkpoints\00631L\2017-11.json.gz
00631L,2017-11-30,TWSE,35.01,official_twse_selected_ticker_month_close_only,official_unadjusted_execution_close_only,https://www.twse.com.tw/rwd/zh/afterTrading/STOCK_DAY?date=20171101&stockNo=00631L&response=json,63bdb641e61d9c7c03d7f7e14ce2f36926019da92574b03b99f9bb9f88cc4875,2026-07-30T03:03:08+00:00,authorized_official_ticker_month_route,0,C:\Users\zergv\Documents\Codex\2026-05-23\ai-stock-rotation-radar-https-docs\outputs\radar_three_strategy_exact_raw_close_fill_20260730\checkpoints\00631L\2017-11.json.gz
00631L,2017-12-07,TWSE,33.56,official_twse_selected_ticker_month_close_only,official_unadjusted_execution_close_only,https://www.twse.com.tw/rwd/zh/afterTrading/STOCK_DAY?date=20171201&stockNo=00631L&response=json,d8691091c0954608d2669dce360ee3f6ae668095a2ea064389d0edd17762ae4d,2026-07-30T03:03:11+00:00,authorized_official_ticker_month_route,0,C:\Users\zergv\Documents\Codex\2026-05-23\ai-stock-rotation-radar-https-docs\outputs\radar_three_strategy_exact_raw_close_fill_20260730\checkpoints\00631L\2017-12.json.gz
00631L,2017-12-21,TWSE,34.18,official_twse_selected_ticker_month_close_only,official_unadjusted_execution_close_only,https://www.twse.com.tw/rwd/zh/afterTrading/STOCK_DAY?date=20171201&stockNo=00631L&response=json,d8691091c0954608d2669dce360ee3f6ae668095a2ea064389d0edd17762ae4d,2026-07-30T03:03:11+00:00,authorized_official_ticker_month_route,0,C:\Users\zergv\Documents\Codex\2026-05-23\ai-stock-rotation-radar-https-docs\outputs\radar_three_strategy_exact_raw_close_fill_20260730\checkpoints\00631L\2017-12.json.gz
00631L,2017-12-29,TWSE,34.97,official_twse_selected_ticker_month_close_only,official_unadjusted_execution_close_only,https://www.twse.com.tw/rwd/zh/afterTrading/STOCK_DAY?date=20171201&stockNo=00631L&response=json,d8691091c0954608d2669dce360ee3f6ae668095a2ea064389d0edd17762ae4d,2026-07-30T03:03:11+00:00,authorized_official_ticker_month_route,0,C:\Users\zergv\Documents\Codex\2026-05-23\ai-stock-rotation-radar-https-docs\outputs\radar_three_strategy_exact_raw_close_fill_20260730\checkpoints\00631L\2017-12.json.gz
00631L,2018-01-31,TWSE,38.68,official_twse_selected_ticker_month_close_only,official_unadjusted_execution_close_only,https://www.twse.com.tw/rwd/zh/afterTrading/STOCK_DAY?date=20180101&stockNo=00631L&response=json,8840f30be547f07e26493c7577bf2517853c062de2aa9e3c8908186f96b271c3,2026-07-30T03:03:13+00:00,authorized_official_ticker_month_route,0,C:\Users\zergv\Documents\Codex\2026-05-23\ai-stock-rotation-radar-https-docs\outputs\radar_three_strategy_exact_raw_close_fill_20260730\checkpoints\00631L\2018-01.json.gz
00631L,2018-02-07,TWSE,34.7,official_twse_selected_ticker_month_close_only,official_unadjusted_execution_close_only,https://www.twse.com.tw/rwd/zh/afterTrading/STOCK_DAY?date=20180201&stockNo=00631L&response=json,54943726e6e3e5a224373caff0752551ad73eb7d5d6b836ed64c4d7bd869b177,2026-07-30T03:03:15+00:00,authorized_official_ticker_month_route,0,C:\Users\zergv\Documents\Codex\2026-05-23\ai-stock-rotation-radar-https-docs\outputs\radar_three_strategy_exact_raw_close_fill_20260730\checkpoints\00631L\2018-02.json.gz
00631L,2018-02-27,TWSE,36.56,official_twse_selected_ticker_month_close_only,official_unadjusted_execution_close_only,https://www.twse.com.tw/rwd/zh/afterTrading/STOCK_DAY?date=20180201&stockNo=00631L&response=json,54943726e6e3e5a224373caff0752551ad73eb7d5d6b836ed64c4d7bd869b177,2026-07-30T03:03:15+00:00,authorized_official_ticker_month_route,0,C:\Users\zergv\Documents\Codex\2026-05-23\ai-stock-rotation-radar-https-docs\outputs\radar_three_strategy_exact_raw_close_fill_20260730\checkpoints\00631L\2018-02.json.gz
00631L,2018-03-27,TWSE,37.61,official_twse_selected_ticker_month_close_only,official_unadjusted_execution_close_only,https://www.twse.com.tw/rwd/zh/afterTrading/STOCK_DAY?date=20180301&stockNo=00631L&response=json,907a6ce91d799e41067dd78ba9ed9c5b73eb4af871944068a449eb3875fbd12c,2026-07-30T03:03:16+00:00,authorized_official_ticker_month_route,0,C:\Users\zergv\Documents\Codex\2026-05-23\ai-stock-rotation-radar-https-docs\outputs\radar_three_strategy_exact_raw_close_fill_20260730\checkpoints\00631L\2018-03.json.gz
00631L,2018-04-11,TWSE,37.39,official_twse_selected_ticker_month_close_only,official_unadjusted_execution_close_only,https://www.twse.com.tw/rwd/zh/afterTrading/STOCK_DAY?date=20180401&stockNo=00631L&response=json,3a86f32a7025beb12da17c8a2e535bed3523d93a2c12d5e1c00011a52729c719,2026-07-30T03:03:18+00:00,authorized_official_ticker_month_route,0,C:\Users\zergv\Documents\Codex\2026-05-23\ai-stock-rotation-radar-https-docs\outputs\radar_three_strategy_exact_raw_close_fill_20260730\checkpoints\00631L\2018-04.json.gz
00631L,2018-04-23,TWSE,35.32,official_twse_selected_ticker_month_close_only,official_unadjusted_execution_close_only,https://www.twse.com.tw/rwd/zh/afterTrading/STOCK_DAY?date=20180401&stockNo=00631L&response=json,3a86f32a7025beb12da17c8a2e535bed3523d93a2c12d5e1c00011a52729c719,2026-07-30T03:03:18+00:00,authorized_official_ticker_month_route,0,C:\Users\zergv\Documents\Codex\2026-05-23\ai-stock-rotation-radar-https-docs\outputs\radar_three_strategy_exact_raw_close_fill_20260730\checkpoints\00631L\2018-04.json.gz
00631L,2018-05-08,TWSE,35.06,official_twse_selected_ticker_month_close_only,official_unadjusted_execution_close_only,https://www.twse.com.tw/rwd/zh/afterTrading/STOCK_DAY?date=20180501&stockNo=00631L&response=json,5b7899e6bf1c0a5c6e355df6de38537c4c9d159155ecf89a487925179a195561,2026-07-30T03:03:19+00:00,authorized_official_ticker_month_route,0,C:\Users\zergv\Documents\Codex\2026-05-23\ai-stock-rotation-radar-https-docs\outputs\radar_three_strategy_exact_raw_close_fill_20260730\checkpoints\00631L\2018-05.json.gz
00631L,2018-05-31,TWSE,36.14,official_twse_selected_ticker_month_close_only,official_unadjusted_execution_close_only,https://www.twse.com.tw/rwd/zh/afterTrading/STOCK_DAY?date=20180501&stockNo=00631L&response=json,5b7899e6bf1c0a5c6e355df6de38537c4c9d159155ecf89a487925179a195561,2026-07-30T03:03:19+00:00,authorized_official_ticker_month_route,0,C:\Users\zergv\Documents\Codex\2026-05-23\ai-stock-rotation-radar-https-docs\outputs\radar_three_strategy_exact_raw_close_fill_20260730\checkpoints\00631L\2018-05.json.gz
00631L,2018-06-19,TWSE,36.26,official_twse_selected_ticker_month_close_only,official_unadjusted_execution_close_only,https://www.twse.com.tw/rwd/zh/afterTrading/STOCK_DAY?date=20180601&stockNo=00631L&response=json,8830c1cdfc258715b653d57a6732e44b5ac035e9e7379d2dd416fd5ec6798c21,2026-07-30T03:03:20+00:00,authorized_official_ticker_month_route,0,C:\Users\zergv\Documents\Codex\2026-05-23\ai-stock-rotation-radar-https-docs\outputs\radar_three_strategy_exact_raw_close_fill_20260730\checkpoints\00631L\2018-06.json.gz
00631L,2018-07-02,TWSE,36.37,official_twse_selected_ticker_month_close_only,official_unadjusted_execution_close_only,https://www.twse.com.tw/rwd/zh/afterTrading/STOCK_DAY?date=20180701&stockNo=00631L&response=json,fce50880ed8c05fba874f41e5b5b461c79e0b39783a9b9195967bd2e8b3e66b8,2026-07-30T03:03:22+00:00,authorized_official_ticker_month_route,0,C:\Users\zergv\Documents\Codex\2026-05-23\ai-stock-rotation-radar-https-docs\outputs\radar_three_strategy_exact_raw_close_fill_20260730\checkpoints\00631L\2018-07.json.gz
00631L,2018-07-31,TWSE,40.18,official_twse_selected_ticker_month_close_only,official_unadjusted_execution_close_only,https://www.twse.com.tw/rwd/zh/afterTrading/STOCK_DAY?date=20180701&stockNo=00631L&response=json,fce50880ed8c05fba874f41e5b5b461c79e0b39783a9b9195967bd2e8b3e66b8,2026-07-30T03:03:22+00:00,authorized_official_ticker_month_route,0,C:\Users\zergv\Documents\Codex\2026-05-23\ai-stock-rotation-radar-https-docs\outputs\radar_three_strategy_exact_raw_close_fill_20260730\checkpoints\00631L\2018-07.json.gz
00631L,2018-08-17,TWSE,38.25,official_twse_selected_ticker_month_close_only,official_unadjusted_execution_close_only,https://www.twse.com.tw/rwd/zh/afterTrading/STOCK_DAY?date=20180801&stockNo=00631L&response=json,8420d451dcbfb6df3d32398d5e5793a09da5a8a4cccc3d47925900ea614092b2,2026-07-30T03:03:23+00:00,authorized_official_ticker_month_route,0,C:\Users\zergv\Documents\Codex\2026-05-23\ai-stock-rotation-radar-https-docs\outputs\radar_three_strategy_exact_raw_close_fill_20260730\checkpoints\00631L\2018-08.json.gz
00631L,2018-08-29,TWSE,41.14,official_twse_selected_ticker_month_close_only,official_unadjusted_execution_close_only,https://www.twse.com.tw/rwd/zh/afterTrading/STOCK_DAY?date=20180801&stockNo=00631L&response=json,8420d451dcbfb6df3d32398d5e5793a09da5a8a4cccc3d47925900ea614092b2,2026-07-30T03:03:23+00:00,authorized_official_ticker_month_route,0,C:\Users\zergv\Documents\Codex\2026-05-23\ai-stock-rotation-radar-https-docs\outputs\radar_three_strategy_exact_raw_close_fill_20260730\checkpoints\00631L\2018-08.json.gz
00631L,2018-08-31,TWSE,40.86,official_twse_selected_ticker_month_close_only,official_unadjusted_execution_close_only,https://www.twse.com.tw/rwd/zh/afterTrading/STOCK_DAY?date=20180801&stockNo=00631L&response=json,8420d451dcbfb6df3d32398d5e5793a09da5a8a4cccc3d47925900ea614092b2,2026-07-30T03:03:23+00:00,authorized_official_ticker_month_route,0,C:\Users\zergv\Documents\Codex\2026-05-23\ai-stock-rotation-radar-https-docs\outputs\radar_three_strategy_exact_raw_close_fill_20260730\checkpoints\00631L\2018-08.json.gz
00631L,2018-09-28,TWSE,40.7,official_twse_selected_ticker_month_close_only,official_unadjusted_execution_close_only,https://www.twse.com.tw/rwd/zh/afterTrading/STOCK_DAY?date=20180901&stockNo=00631L&response=json,921a9fa1c905abef16f52ff259ea43584ca0fee8f109ec7c38989a31779358ac,2026-07-30T03:03:24+00:00,authorized_official_ticker_month_route,0,C:\Users\zergv\Documents\Codex\2026-05-23\ai-stock-rotation-radar-https-docs\outputs\radar_three_strategy_exact_raw_close_fill_20260730\checkpoints\00631L\2018-09.json.gz
00631L,2018-10-03,TWSE,40.01,official_twse_selected_ticker_month_close_only,official_unadjusted_execution_close_only,https://www.twse.com.tw/rwd/zh/afterTrading/STOCK_DAY?date=20181001&stockNo=00631L&response=json,b058d5fada31b92fec40fe18071347a2959892ed79dd759a95e4c19c560fbe2e,2026-07-30T03:03:27+00:00,authorized_official_ticker_month_route,0,C:\Users\zergv\Documents\Codex\2026-05-23\ai-stock-rotation-radar-https-docs\outputs\radar_three_strategy_exact_raw_close_fill_20260730\checkpoints\00631L\2018-10.json.gz
00631L,2018-10-22,TWSE,33.46,official_twse_selected_ticker_month_close_only,official_unadjusted_execution_close_only,https://www.twse.com.tw/rwd/zh/afterTrading/STOCK_DAY?date=20181001&stockNo=00631L&response=json,b058d5fada31b92fec40fe18071347a2959892ed79dd759a95e4c19c560fbe2e,2026-07-30T03:03:27+00:00,authorized_official_ticker_month_route,0,C:\Users\zergv\Documents\Codex\2026-05-23\ai-stock-rotation-radar-https-docs\outputs\radar_three_strategy_exact_raw_close_fill_20260730\checkpoints\00631L\2018-10.json.gz
00631L,2018-10-31,TWSE,31.9,official_twse_selected_ticker_month_close_only,official_unadjusted_execution_close_only,https://www.twse.com.tw/rwd/zh/afterTrading/STOCK_DAY?date=20181001&stockNo=00631L&response=json,b058d5fada31b92fec40fe18071347a2959892ed79dd759a95e4c19c560fbe2e,2026-07-30T03:03:27+00:00,authorized_official_ticker_month_route,0,C:\Users\zergv\Documents\Codex\2026-05-23\ai-stock-rotation-radar-https-docs\outputs\radar_three_strategy_exact_raw_close_fill_20260730\checkpoints\00631L\2018-10.json.gz
00631L,2018-11-14,TWSE,32.08,official_twse_selected_ticker_month_close_only,official_unadjusted_execution_close_only,https://www.twse.com.tw/rwd/zh/afterTrading/STOCK_DAY?date=20181101&stockNo=00631L&response=json,f04cbac042328efa6dc50078fb5ac015b983dbe6494a4a228d3a6035dc4c567f,2026-07-30T03:03:28+00:00,authorized_official_ticker_month_route,0,C:\Users\zergv\Documents\Codex\2026-05-23\ai-stock-rotation-radar-https-docs\outputs\radar_three_strategy_exact_raw_close_fill_20260730\checkpoints\00631L\2018-11.json.gz
00631L,2018-11-29,TWSE,32.64,official_twse_selected_ticker_month_close_only,official_unadjusted_execution_close_only,https://www.twse.com.tw/rwd/zh/afterTrading/STOCK_DAY?date=20181101&stockNo=00631L&response=json,f04cbac042328efa6dc50078fb5ac015b983dbe6494a4a228d3a6035dc4c567f,2026-07-30T03:03:28+00:00,authorized_official_ticker_month_route,0,C:\Users\zergv\Documents\Codex\2026-05-23\ai-stock-rotation-radar-https-docs\outputs\radar_three_strategy_exact_raw_close_fill_20260730\checkpoints\00631L\2018-11.json.gz
00631L,2018-11-30,TWSE,32.55,official_twse_selected_ticker_month_close_only,official_unadjusted_execution_close_only,https://www.twse.com.tw/rwd/zh/afterTrading/STOCK_DAY?date=20181101&stockNo=00631L&response=json,f04cbac042328efa6dc50078fb5ac015b983dbe6494a4a228d3a6035dc4c567f,2026-07-30T03:03:28+00:00,authorized_official_ticker_month_route,0,C:\Users\zergv\Documents\Codex\2026-05-23\ai-stock-rotation-radar-https-docs\outputs\radar_three_strategy_exact_raw_close_fill_20260730\checkpoints\00631L\2018-11.json.gz
00631L,2018-12-11,TWSE,31.38,official_twse_selected_ticker_month_close_only,official_unadjusted_execution_close_only,https://www.twse.com.tw/rwd/zh/afterTrading/STOCK_DAY?date=20181201&stockNo=00631L&response=json,c39d4b96f082f860ecc5284501dfda99e263586d5115eaaeaac1f293ab04a750,2026-07-30T03:03:29+00:00,authorized_official_ticker_month_route,0,C:\Users\zergv\Documents\Codex\2026-05-23\ai-stock-rotation-radar-https-docs\outputs\radar_three_strategy_exact_raw_close_fill_20260730\checkpoints\00631L\2018-12.json.gz
00631L,2019-01-02,TWSE,30.47,official_twse_selected_ticker_month_close_only,official_unadjusted_execution_close_only,https://www.twse.com.tw/rwd/zh/afterTrading/STOCK_DAY?date=20190101&stockNo=00631L&response=json,770235cd1275d0fc7d4db2aa3aa168567f6e68da2b610236c6f2146e1b171e62,2026-07-30T03:03:31+00:00,authorized_official_ticker_month_route,0,C:\Users\zergv\Documents\Codex\2026-05-23\ai-stock-rotation-radar-https-docs\outputs\radar_three_strategy_exact_raw_close_fill_20260730\checkpoints\00631L\2019-01.json.gz
00631L,2019-01-30,TWSE,32.9,official_twse_selected_ticker_month_close_only,official_unadjusted_execution_close_only,https://www.twse.com.tw/rwd/zh/afterTrading/STOCK_DAY?date=20190101&stockNo=00631L&response=json,770235cd1275d0fc7d4db2aa3aa168567f6e68da2b610236c6f2146e1b171e62,2026-07-30T03:03:31+00:00,authorized_official_ticker_month_route,0,C:\Users\zergv\Documents\Codex\2026-05-23\ai-stock-rotation-radar-https-docs\outputs\radar_three_strategy_exact_raw_close_fill_20260730\checkpoints\00631L\2019-01.json.gz
00631L,2019-02-27,TWSE,35.8,official_twse_selected_ticker_month_close_only,official_unadjusted_execution_close_only,https://www.twse.com.tw/rwd/zh/afterTrading/STOCK_DAY?date=20190201&stockNo=00631L&response=json,58120f37e8b58de688146d925e72c8bf427df407dbf95236eebf467d0409dfd0,2026-07-30T03:03:33+00:00,authorized_official_ticker_month_route,0,C:\Users\zergv\Documents\Codex\2026-05-23\ai-stock-rotation-radar-https-docs\outputs\radar_three_strategy_exact_raw_close_fill_20260730\checkpoints\00631L\2019-02.json.gz
00631L,2019-03-29,TWSE,37.33,official_twse_selected_ticker_month_close_only,official_unadjusted_execution_close_only,https://www.twse.com.tw/rwd/zh/afterTrading/STOCK_DAY?date=20190301&stockNo=00631L&response=json,437493fa4ecc9e6822914a30dd7b0e3b3dbdd00015aca7fb66a5aa1ac676c62b,2026-07-30T03:03:34+00:00,authorized_official_ticker_month_route,0,C:\Users\zergv\Documents\Codex\2026-05-23\ai-stock-rotation-radar-https-docs\outputs\radar_three_strategy_exact_raw_close_fill_20260730\checkpoints\00631L\2019-03.json.gz
00631L,2019-04-30,TWSE,40.38,official_twse_selected_ticker_month_close_only,official_unadjusted_execution_close_only,https://www.twse.com.tw/rwd/zh/afterTrading/STOCK_DAY?date=20190401&stockNo=00631L&response=json,6d2bc7398c6b4f1139e24960acd4447062c48b6304598f13ee6d252087aba18a,2026-07-30T03:03:35+00:00,authorized_official_ticker_month_route,0,C:\Users\zergv\Documents\Codex\2026-05-23\ai-stock-rotation-radar-https-docs\outputs\radar_three_strategy_exact_raw_close_fill_20260730\checkpoints\00631L\2019-04.json.gz
00631L,2019-05-14,TWSE,37.44,official_twse_selected_ticker_month_close_only,official_unadjusted_execution_close_only,https://www.twse.com.tw/rwd/zh/afterTrading/STOCK_DAY?date=20190501&stockNo=00631L&response=json,d0d16f82986df6085e8ba569d9135d6ec715a0877135140bba74db1dd0bdcb06,2026-07-30T03:03:37+00:00,authorized_official_ticker_month_route,0,C:\Users\zergv\Documents\Codex\2026-05-23\ai-stock-rotation-radar-https-docs\outputs\radar_three_strategy_exact_raw_close_fill_20260730\checkpoints\00631L\2019-05.json.gz
00631L,2019-06-03,TWSE,36.61,official_twse_selected_ticker_month_close_only,official_unadjusted_execution_close_only,https://www.twse.com.tw/rwd/zh/afterTrading/STOCK_DAY?date=20190601&stockNo=00631L&response=json,1eb64accd87ca843da638f5d6094fbf659f0de95b3353fca8c6e908337972b33,2026-07-30T03:03:39+00:00,authorized_official_ticker_month_route,0,C:\Users\zergv\Documents\Codex\2026-05-23\ai-stock-rotation-radar-https-docs\outputs\radar_three_strategy_exact_raw_close_fill_20260730\checkpoints\00631L\2019-06.json.gz
00631L,2019-06-28,TWSE,38.75,official_twse_selected_ticker_month_close_only,official_unadjusted_execution_close_only,https://www.twse.com.tw/rwd/zh/afterTrading/STOCK_DAY?date=20190601&stockNo=00631L&response=json,1eb64accd87ca843da638f5d6094fbf659f0de95b3353fca8c6e908337972b33,2026-07-30T03:03:39+00:00,authorized_official_ticker_month_route,0,C:\Users\zergv\Documents\Codex\2026-05-23\ai-stock-rotation-radar-https-docs\outputs\radar_three_strategy_exact_raw_close_fill_20260730\checkpoints\00631L\2019-06.json.gz
00631L,2019-07-31,TWSE,40.9,official_twse_selected_ticker_month_close_only,official_unadjusted_execution_close_only,https://www.twse.com.tw/rwd/zh/afterTrading/STOCK_DAY?date=20190701&stockNo=00631L&response=json,52a511eaaf84a279f8f33f43281e554d9e4ecc7bb8e935fb37e538ec4041a706,2026-07-30T03:03:40+00:00,authorized_official_ticker_month_route,0,C:\Users\zergv\Documents\Codex\2026-05-23\ai-stock-rotation-radar-https-docs\outputs\radar_three_strategy_exact_raw_close_fill_20260730\checkpoints\00631L\2019-07.json.gz
00631L,2019-08-06,TWSE,38.34,official_twse_selected_ticker_month_close_only,official_unadjusted_execution_close_only,https://www.twse.com.tw/rwd/zh/afterTrading/STOCK_DAY?date=20190801&stockNo=00631L&response=json,2f25136b19352df697dd03ad240e106e44750a0c5a33b96d3f6d5ce734fad0e8,2026-07-30T03:03:42+00:00,authorized_official_ticker_month_route,0,C:\Users\zergv\Documents\Codex\2026-05-23\ai-stock-rotation-radar-https-docs\outputs\radar_three_strategy_exact_raw_close_fill_20260730\checkpoints\00631L\2019-08.json.gz
00631L,2019-08-19,TWSE,39.11,official_twse_selected_ticker_month_close_only,official_unadjusted_execution_close_only,https://www.twse.com.tw/rwd/zh/afterTrading/STOCK_DAY?date=20190801&stockNo=00631L&response=json,2f25136b19352df697dd03ad240e106e44750a0c5a33b96d3f6d5ce734fad0e8,2026-07-30T03:03:42+00:00,authorized_official_ticker_month_route,0,C:\Users\zergv\Documents\Codex\2026-05-23\ai-stock-rotation-radar-https-docs\outputs\radar_three_strategy_exact_raw_close_fill_20260730\checkpoints\00631L\2019-08.json.gz
00631L,2019-08-29,TWSE,38.89,official_twse_selected_ticker_month_close_only,official_unadjusted_execution_close_only,https://www.twse.com.tw/rwd/zh/afterTrading/STOCK_DAY?date=20190801&stockNo=00631L&response=json,2f25136b19352df697dd03ad240e106e44750a0c5a33b96d3f6d5ce734fad0e8,2026-07-30T03:03:42+00:00,authorized_official_ticker_month_route,0,C:\Users\zergv\Documents\Codex\2026-05-23\ai-stock-rotation-radar-https-docs\outputs\radar_three_strategy_exact_raw_close_fill_20260730\checkpoints\00631L\2019-08.json.gz
00631L,2019-09-11,TWSE,41.48,official_twse_selected_ticker_month_close_only,official_unadjusted_execution_close_only,https://www.twse.com.tw/rwd/zh/afterTrading/STOCK_DAY?date=20190901&stockNo=00631L&response=json,4548ce1a7ae19afaa7201cb9c673f7db8b41c54b3317e17e3475e01c430786a2,2026-07-30T03:03:44+00:00,authorized_official_ticker_month_route,0,C:\Users\zergv\Documents\Codex\2026-05-23\ai-stock-rotation-radar-https-docs\outputs\radar_three_strategy_exact_raw_close_fill_20260730\checkpoints\00631L\2019-09.json.gz
00631L,2019-09-27,TWSE,42.18,official_twse_selected_ticker_month_close_only,official_unadjusted_execution_close_only,https://www.twse.com.tw/rwd/zh/afterTrading/STOCK_DAY?date=20190901&stockNo=00631L&response=json,4548ce1a7ae19afaa7201cb9c673f7db8b41c54b3317e17e3475e01c430786a2,2026-07-30T03:03:44+00:00,authorized_official_ticker_month_route,0,C:\Users\zergv\Documents\Codex\2026-05-23\ai-stock-rotation-radar-https-docs\outputs\radar_three_strategy_exact_raw_close_fill_20260730\checkpoints\00631L\2019-09.json.gz
00631L,2019-10-31,TWSE,47.08,official_twse_selected_ticker_month_close_only,official_unadjusted_execution_close_only,https://www.twse.com.tw/rwd/zh/afterTrading/STOCK_DAY?date=20191001&stockNo=00631L&response=json,557d634f621f9cfca32625c6edea44bdcf3d5610ffefd19b67d8e47a43d9bc27,2026-07-30T03:03:45+00:00,authorized_official_ticker_month_route,0,C:\Users\zergv\Documents\Codex\2026-05-23\ai-stock-rotation-radar-https-docs\outputs\radar_three_strategy_exact_raw_close_fill_20260730\checkpoints\00631L\2019-10.json.gz
00631L,2019-11-29,TWSE,48.38,official_twse_selected_ticker_month_close_only,official_unadjusted_execution_close_only,https://www.twse.com.tw/rwd/zh/afterTrading/STOCK_DAY?date=20191101&stockNo=00631L&response=json,9f2d13df467bb16d286900cf16858e56eaf177dd9652d35d890aed0ce38c154d,2026-07-30T03:03:47+00:00,authorized_official_ticker_month_route,0,C:\Users\zergv\Documents\Codex\2026-05-23\ai-stock-rotation-radar-https-docs\outputs\radar_three_strategy_exact_raw_close_fill_20260730\checkpoints\00631L\2019-11.json.gz
00631L,2019-12-02,TWSE,48.7,official_twse_selected_ticker_month_close_only,official_unadjusted_execution_close_only,https://www.twse.com.tw/rwd/zh/afterTrading/STOCK_DAY?date=20191201&stockNo=00631L&response=json,9bbd9dfa4ebce5a18417c222c647953a895b599b2a87c4b437867c8860510f99,2026-07-30T03:03:49+00:00,authorized_official_ticker_month_route,0,C:\Users\zergv\Documents\Codex\2026-05-23\ai-stock-rotation-radar-https-docs\outputs\radar_three_strategy_exact_raw_close_fill_20260730\checkpoints\00631L\2019-12.json.gz
00631L,2019-12-12,TWSE,52.3,official_twse_selected_ticker_month_close_only,official_unadjusted_execution_close_only,https://www.twse.com.tw/rwd/zh/afterTrading/STOCK_DAY?date=20191201&stockNo=00631L&response=json,9bbd9dfa4ebce5a18417c222c647953a895b599b2a87c4b437867c8860510f99,2026-07-30T03:03:49+00:00,authorized_official_ticker_month_route,0,C:\Users\zergv\Documents\Codex\2026-05-23\ai-stock-rotation-radar-https-docs\outputs\radar_three_strategy_exact_raw_close_fill_20260730\checkpoints\00631L\2019-12.json.gz
00631L,2019-12-31,TWSE,53.55,official_twse_selected_ticker_month_close_only,official_unadjusted_execution_close_only,https://www.twse.com.tw/rwd/zh/afterTrading/STOCK_DAY?date=20191201&stockNo=00631L&response=json,9bbd9dfa4ebce5a18417c222c647953a895b599b2a87c4b437867c8860510f99,2026-07-30T03:03:49+00:00,authorized_official_ticker_month_route,0,C:\Users\zergv\Documents\Codex\2026-05-23\ai-stock-rotation-radar-https-docs\outputs\radar_three_strategy_exact_raw_close_fill_20260730\checkpoints\00631L\2019-12.json.gz
00631L,2020-01-31,TWSE,48.87,official_twse_selected_ticker_month_close_only,official_unadjusted_execution_close_only,https://www.twse.com.tw/rwd/zh/afterTrading/STOCK_DAY?date=20200101&stockNo=00631L&response=json,c2a2eda36e60a9dc5da4f4a96b5f3022a256b101f408e52a3238a999722f4aee,2026-07-30T03:03:53+00:00,authorized_official_ticker_month_route,0,C:\Users\zergv\Documents\Codex\2026-05-23\ai-stock-rotation-radar-https-docs\outputs\radar_three_strategy_exact_raw_close_fill_20260730\checkpoints\00631L\2020-01.json.gz
00631L,2020-02-12,TWSE,51.45,official_twse_selected_ticker_month_close_only,official_unadjusted_execution_close_only,https://www.twse.com.tw/rwd/zh/afterTrading/STOCK_DAY?date=20200201&stockNo=00631L&response=json,2a88d7bb35634ac3892175238a7204fa9f16075025f404c18414b355434595a9,2026-07-30T03:03:54+00:00,authorized_official_ticker_month_route,0,C:\Users\zergv\Documents\Codex\2026-05-23\ai-stock-rotation-radar-https-docs\outputs\radar_three_strategy_exact_raw_close_fill_20260730\checkpoints\00631L\2020-02.json.gz
00631L,2020-02-24,TWSE,49.21,official_twse_selected_ticker_month_close_only,official_unadjusted_execution_close_only,https://www.twse.com.tw/rwd/zh/afterTrading/STOCK_DAY?date=20200201&stockNo=00631L&response=json,2a88d7bb35634ac3892175238a7204fa9f16075025f404c18414b355434595a9,2026-07-30T03:03:54+00:00,authorized_official_ticker_month_route,0,C:\Users\zergv\Documents\Codex\2026-05-23\ai-stock-rotation-radar-https-docs\outputs\radar_three_strategy_exact_raw_close_fill_20260730\checkpoints\00631L\2020-02.json.gz
00631L,2020-03-26,TWSE,34.3,official_twse_selected_ticker_month_close_only,official_unadjusted_execution_close_only,https://www.twse.com.tw/rwd/zh/afterTrading/STOCK_DAY?date=20200301&stockNo=00631L&response=json,be9327b13cd210dfbda2f075cccc12f3397df091bacb99022b169cb4692e40c6,2026-07-30T03:03:56+00:00,authorized_official_ticker_month_route,0,C:\Users\zergv\Documents\Codex\2026-05-23\ai-stock-rotation-radar-https-docs\outputs\radar_three_strategy_exact_raw_close_fill_20260730\checkpoints\00631L\2020-03.json.gz
00631L,2020-03-31,TWSE,33.94,official_twse_selected_ticker_month_close_only,official_unadjusted_execution_close_only,https://www.twse.com.tw/rwd/zh/afterTrading/STOCK_DAY?date=20200301&stockNo=00631L&response=json,be9327b13cd210dfbda2f075cccc12f3397df091bacb99022b169cb4692e40c6,2026-07-30T03:03:56+00:00,authorized_official_ticker_month_route,0,C:\Users\zergv\Documents\Codex\2026-05-23\ai-stock-rotation-radar-https-docs\outputs\radar_three_strategy_exact_raw_close_fill_20260730\checkpoints\00631L\2020-03.json.gz
00631L,2020-04-30,TWSE,44.69,official_twse_selected_ticker_month_close_only,official_unadjusted_execution_close_only,https://www.twse.com.tw/rwd/zh/afterTrading/STOCK_DAY?date=20200401&stockNo=00631L&response=json,f5cc0566c9e72938347e2c84b125c848144bc923bfc6f3b114fa2e12592926d0,2026-07-30T03:03:57+00:00,authorized_official_ticker_month_route,0,C:\Users\zergv\Documents\Codex\2026-05-23\ai-stock-rotation-radar-https-docs\outputs\radar_three_strategy_exact_raw_close_fill_20260730\checkpoints\00631L\2020-04.json.gz
00631L,2020-05-29,TWSE,44.67,official_twse_selected_ticker_month_close_only,official_unadjusted_execution_close_only,https://www.twse.com.tw/rwd/zh/afterTrading/STOCK_DAY?date=20200501&stockNo=00631L&response=json,4264ff3d0291076681c0322546e9c5f4b3a60874c1ff820400708548c4b9c968,2026-07-30T03:03:58+00:00,authorized_official_ticker_month_route,0,C:\Users\zergv\Documents\Codex\2026-05-23\ai-stock-rotation-radar-https-docs\outputs\radar_three_strategy_exact_raw_close_fill_20260730\checkpoints\00631L\2020-05.json.gz
00631L,2020-06-30,TWSE,50.8,official_twse_selected_ticker_month_close_only,official_unadjusted_execution_close_only,https://www.twse.com.tw/rwd/zh/afterTrading/STOCK_DAY?date=20200601&stockNo=00631L&response=json,c740ad282c3651ee64ef24e53e88b807de504aeaf8568d90586c5b70bb986143,2026-07-30T03:04:00+00:00,authorized_official_ticker_month_route,0,C:\Users\zergv\Documents\Codex\2026-05-23\ai-stock-rotation-radar-https-docs\outputs\radar_three_strategy_exact_raw_close_fill_20260730\checkpoints\00631L\2020-06.json.gz
00631L,2020-07-31,TWSE,63.95,official_twse_selected_ticker_month_close_only,official_unadjusted_execution_close_only,https://www.twse.com.tw/rwd/zh/afterTrading/STOCK_DAY?date=20200701&stockNo=00631L&response=json,412b8ca361802df16e49d125f0e3606c484f5999f29b3c0e8146547ae8930141,2026-07-30T03:04:01+00:00,authorized_official_ticker_month_route,0,C:\Users\zergv\Documents\Codex\2026-05-23\ai-stock-rotation-radar-https-docs\outputs\radar_three_strategy_exact_raw_close_fill_20260730\checkpoints\00631L\2020-07.json.gz
00631L,2020-08-24,TWSE,63.8,official_twse_selected_ticker_month_close_only,official_unadjusted_execution_close_only,https://www.twse.com.tw/rwd/zh/afterTrading/STOCK_DAY?date=20200801&stockNo=00631L&response=json,5cdc166b65ac33e77184c7dc4b331ef2b8786e7b9ce805b72e7f70e4d571169b,2026-07-30T03:04:03+00:00,authorized_official_ticker_month_route,0,C:\Users\zergv\Documents\Codex\2026-05-23\ai-stock-rotation-radar-https-docs\outputs\radar_three_strategy_exact_raw_close_fill_20260730\checkpoints\00631L\2020-08.json.gz
00631L,2020-09-09,TWSE,63.65,official_twse_selected_ticker_month_close_only,official_unadjusted_execution_close_only,https://www.twse.com.tw/rwd/zh/afterTrading/STOCK_DAY?date=20200901&stockNo=00631L&response=json,ffc2562d19952e7527c9721e463cc6fed0f6b14bd59441e3d441ceb3c36657bd,2026-07-30T03:04:06+00:00,authorized_official_ticker_month_route,0,C:\Users\zergv\Documents\Codex\2026-05-23\ai-stock-rotation-radar-https-docs\outputs\radar_three_strategy_exact_raw_close_fill_20260730\checkpoints\00631L\2020-09.json.gz
00631L,2020-09-23,TWSE,63.75,official_twse_selected_ticker_month_close_only,official_unadjusted_execution_close_only,https://www.twse.com.tw/rwd/zh/afterTrading/STOCK_DAY?date=20200901&stockNo=00631L&response=json,ffc2562d19952e7527c9721e463cc6fed0f6b14bd59441e3d441ceb3c36657bd,2026-07-30T03:04:06+00:00,authorized_official_ticker_month_route,0,C:\Users\zergv\Documents\Codex\2026-05-23\ai-stock-rotation-radar-https-docs\outputs\radar_three_strategy_exact_raw_close_fill_20260730\checkpoints\00631L\2020-09.json.gz
00631L,2020-10-07,TWSE,65.8,official_twse_selected_ticker_month_close_only,official_unadjusted_execution_close_only,https://www.twse.com.tw/rwd/zh/afterTrading/STOCK_DAY?date=20201001&stockNo=00631L&response=json,fedc4c4a0b682737056b0758710915e27a9929f26bc96bd740a8237671765516,2026-07-30T03:04:08+00:00,authorized_official_ticker_month_route,0,C:\Users\zergv\Documents\Codex\2026-05-23\ai-stock-rotation-radar-https-docs\outputs\radar_three_strategy_exact_raw_close_fill_20260730\checkpoints\00631L\2020-10.json.gz
00631L,2020-10-30,TWSE,63.5,official_twse_selected_ticker_month_close_only,official_unadjusted_execution_close_only,https://www.twse.com.tw/rwd/zh/afterTrading/STOCK_DAY?date=20201001&stockNo=00631L&response=json,fedc4c4a0b682737056b0758710915e27a9929f26bc96bd740a8237671765516,2026-07-30T03:04:08+00:00,authorized_official_ticker_month_route,0,C:\Users\zergv\Documents\Codex\2026-05-23\ai-stock-rotation-radar-https-docs\outputs\radar_three_strategy_exact_raw_close_fill_20260730\checkpoints\00631L\2020-10.json.gz
00631L,2020-11-30,TWSE,77.3,official_twse_selected_ticker_month_close_only,official_unadjusted_execution_close_only,https://www.twse.com.tw/rwd/zh/afterTrading/STOCK_DAY?date=20201101&stockNo=00631L&response=json,fdcf41974e6487036ddbb26f64aaf8d991601e85e17ee627ea1688b0ac3d7316,2026-07-30T03:04:10+00:00,authorized_official_ticker_month_route,0,C:\Users\zergv\Documents\Codex\2026-05-23\ai-stock-rotation-radar-https-docs\outputs\radar_three_strategy_exact_raw_close_fill_20260730\checkpoints\00631L\2020-11.json.gz
00631L,2020-12-31,TWSE,90.0,official_twse_selected_ticker_month_close_only,official_unadjusted_execution_close_only,https://www.twse.com.tw/rwd/zh/afterTrading/STOCK_DAY?date=20201201&stockNo=00631L&response=json,03e834b87869e2d36f80bad1772f484454235f833719dcff3ecbf6300a9af3e3,2026-07-30T03:04:11+00:00,authorized_official_ticker_month_route,0,C:\Users\zergv\Documents\Codex\2026-05-23\ai-stock-rotation-radar-https-docs\outputs\radar_three_strategy_exact_raw_close_fill_20260730\checkpoints\00631L\2020-12.json.gz
00631L,2021-01-29,TWSE,97.1,official_twse_selected_ticker_month_close_only,official_unadjusted_execution_close_only,https://www.twse.com.tw/rwd/zh/afterTrading/STOCK_DAY?date=20210101&stockNo=00631L&response=json,f186beb57cc05dd9b95949d7bec39180b9be2f9b1b84972b7bd9b6bbf2a95bf2,2026-07-30T03:04:13+00:00,authorized_official_ticker_month_route,0,C:\Users\zergv\Documents\Codex\2026-05-23\ai-stock-rotation-radar-https-docs\outputs\radar_three_strategy_exact_raw_close_fill_20260730\checkpoints\00631L\2021-01.json.gz
00631L,2021-02-26,TWSE,107.2,official_twse_selected_ticker_month_close_only,official_unadjusted_execution_close_only,https://www.twse.com.tw/rwd/zh/afterTrading/STOCK_DAY?date=20210201&stockNo=00631L&response=json,b4591d263670dc937d9366be17a0cbfbbd2b0184ce0b93eeb0bde576f0b4acd7,2026-07-30T03:04:14+00:00,authorized_official_ticker_month_route,0,C:\Users\zergv\Documents\Codex\2026-05-23\ai-stock-rotation-radar-https-docs\outputs\radar_three_strategy_exact_raw_close_fill_20260730\checkpoints\00631L\2021-02.json.gz
00631L,2021-03-02,TWSE,107.25,official_twse_selected_ticker_month_close_only,official_unadjusted_execution_close_only,https://www.twse.com.tw/rwd/zh/afterTrading/STOCK_DAY?date=20210301&stockNo=00631L&response=json,1837f8fd44d9616107e2a3564b6befbed774b477841f5bd9beeddccbbf18a5a8,2026-07-30T03:04:15+00:00,authorized_official_ticker_month_route,0,C:\Users\zergv\Documents\Codex\2026-05-23\ai-stock-rotation-radar-https-docs\outputs\radar_three_strategy_exact_raw_close_fill_20260730\checkpoints\00631L\2021-03.json.gz
00631L,2021-03-15,TWSE,111.4,official_twse_selected_ticker_month_close_only,official_unadjusted_execution_close_only,https://www.twse.com.tw/rwd/zh/afterTrading/STOCK_DAY?date=20210301&stockNo=00631L&response=json,1837f8fd44d9616107e2a3564b6befbed774b477841f5bd9beeddccbbf18a5a8,2026-07-30T03:04:15+00:00,authorized_official_ticker_month_route,0,C:\Users\zergv\Documents\Codex\2026-05-23\ai-stock-rotation-radar-https-docs\outputs\radar_three_strategy_exact_raw_close_fill_20260730\checkpoints\00631L\2021-03.json.gz
00631L,2021-03-25,TWSE,109.25,official_twse_selected_ticker_month_close_only,official_unadjusted_execution_close_only,https://www.twse.com.tw/rwd/zh/afterTrading/STOCK_DAY?date=20210301&stockNo=00631L&response=json,1837f8fd44d9616107e2a3564b6befbed774b477841f5bd9beeddccbbf18a5a8,2026-07-30T03:04:15+00:00,authorized_official_ticker_month_route,0,C:\Users\zergv\Documents\Codex\2026-05-23\ai-stock-rotation-radar-https-docs\outputs\radar_three_strategy_exact_raw_close_fill_20260730\checkpoints\00631L\2021-03.json.gz
00631L,2021-04-09,TWSE,120.35,official_twse_selected_ticker_month_close_only,official_unadjusted_execution_close_only,https://www.twse.com.tw/rwd/zh/afterTrading/STOCK_DAY?date=20210401&stockNo=00631L&response=json,df0084ff09977e7b03115dfa2c6facc31b7e8148f3829e9e87f3db15c368521f,2026-07-30T03:04:16+00:00,authorized_official_ticker_month_route,0,C:\Users\zergv\Documents\Codex\2026-05-23\ai-stock-rotation-radar-https-docs\outputs\radar_three_strategy_exact_raw_close_fill_20260730\checkpoints\00631L\2021-04.json.gz
00631L,2021-04-29,TWSE,130.45,official_twse_selected_ticker_month_close_only,official_unadjusted_execution_close_only,https://www.twse.com.tw/rwd/zh/afterTrading/STOCK_DAY?date=20210401&stockNo=00631L&response=json,df0084ff09977e7b03115dfa2c6facc31b7e8148f3829e9e87f3db15c368521f,2026-07-30T03:04:16+00:00,authorized_official_ticker_month_route,0,C:\Users\zergv\Documents\Codex\2026-05-23\ai-stock-rotation-radar-https-docs\outputs\radar_three_strategy_exact_raw_close_fill_20260730\checkpoints\00631L\2021-04.json.gz
00631L,2021-05-06,TWSE,121.7,official_twse_selected_ticker_month_close_only,official_unadjusted_execution_close_only,https://www.twse.com.tw/rwd/zh/afterTrading/STOCK_DAY?date=20210501&stockNo=00631L&response=json,79e6b1243fd97409f45052a3cd56c4a4848a0e3394e055828b500a28ebb0c5a9,2026-07-30T03:04:18+00:00,authorized_official_ticker_month_route,0,C:\Users\zergv\Documents\Codex\2026-05-23\ai-stock-rotation-radar-https-docs\outputs\radar_three_strategy_exact_raw_close_fill_20260730\checkpoints\00631L\2021-05.json.gz
00631L,2021-05-21,TWSE,111.7,official_twse_selected_ticker_month_close_only,official_unadjusted_execution_close_only,https://www.twse.com.tw/rwd/zh/afterTrading/STOCK_DAY?date=20210501&stockNo=00631L&response=json,79e6b1243fd97409f45052a3cd56c4a4848a0e3394e055828b500a28ebb0c5a9,2026-07-30T03:04:18+00:00,authorized_official_ticker_month_route,0,C:\Users\zergv\Documents\Codex\2026-05-23\ai-stock-rotation-radar-https-docs\outputs\radar_three_strategy_exact_raw_close_fill_20260730\checkpoints\00631L\2021-05.json.gz
00631L,2021-05-31,TWSE,122.0,official_twse_selected_ticker_month_close_only,official_unadjusted_execution_close_only,https://www.twse.com.tw/rwd/zh/afterTrading/STOCK_DAY?date=20210501&stockNo=00631L&response=json,79e6b1243fd97409f45052a3cd56c4a4848a0e3394e055828b500a28ebb0c5a9,2026-07-30T03:04:18+00:00,authorized_official_ticker_month_route,0,C:\Users\zergv\Documents\Codex\2026-05-23\ai-stock-rotation-radar-https-docs\outputs\radar_three_strategy_exact_raw_close_fill_20260730\checkpoints\00631L\2021-05.json.gz
00631L,2021-06-30,TWSE,133.05,official_twse_selected_ticker_month_close_only,official_unadjusted_execution_close_only,https://www.twse.com.tw/rwd/zh/afterTrading/STOCK_DAY?date=20210601&stockNo=00631L&response=json,96839144ee44e9a4036c20203ddfc6058bac67dec5d838e763756987156a96b8,2026-07-30T03:04:19+00:00,authorized_official_ticker_month_route,0,C:\Users\zergv\Documents\Codex\2026-05-23\ai-stock-rotation-radar-https-docs\outputs\radar_three_strategy_exact_raw_close_fill_20260730\checkpoints\00631L\2021-06.json.gz
00631L,2021-07-12,TWSE,134.7,official_twse_selected_ticker_month_close_only,official_unadjusted_execution_close_only,https://www.twse.com.tw/rwd/zh/afterTrading/STOCK_DAY?date=20210701&stockNo=00631L&response=json,3e3724575caf6a49e9e682d1eee7cfbdd27a8d66037cbd9cd39ce85989aaa5c7,2026-07-30T03:04:20+00:00,authorized_official_ticker_month_route,0,C:\Users\zergv\Documents\Codex\2026-05-23\ai-stock-rotation-radar-https-docs\outputs\radar_three_strategy_exact_raw_close_fill_20260730\checkpoints\00631L\2021-07.json.gz
00631L,2021-08-03,TWSE,132.3,official_twse_selected_ticker_month_close_only,official_unadjusted_execution_close_only,https://www.twse.com.tw/rwd/zh/afterTrading/STOCK_DAY?date=20210801&stockNo=00631L&response=json,45403a18177e05244ba2309115951e617ecc13e41e7e3fdea6269db088f082f7,2026-07-30T03:04:22+00:00,authorized_official_ticker_month_route,0,C:\Users\zergv\Documents\Codex\2026-05-23\ai-stock-rotation-radar-https-docs\outputs\radar_three_strategy_exact_raw_close_fill_20260730\checkpoints\00631L\2021-08.json.gz
00631L,2021-08-13,TWSE,124.5,official_twse_selected_ticker_month_close_only,official_unadjusted_execution_close_only,https://www.twse.com.tw/rwd/zh/afterTrading/STOCK_DAY?date=20210801&stockNo=00631L&response=json,45403a18177e05244ba2309115951e617ecc13e41e7e3fdea6269db088f082f7,2026-07-30T03:04:22+00:00,authorized_official_ticker_month_route,0,C:\Users\zergv\Documents\Codex\2026-05-23\ai-stock-rotation-radar-https-docs\outputs\radar_three_strategy_exact_raw_close_fill_20260730\checkpoints\00631L\2021-08.json.gz
00631L,2021-08-26,TWSE,126.35,official_twse_selected_ticker_month_close_only,official_unadjusted_execution_close_only,https://www.twse.com.tw/rwd/zh/afterTrading/STOCK_DAY?date=20210801&stockNo=00631L&response=json,45403a18177e05244ba2309115951e617ecc13e41e7e3fdea6269db088f082f7,2026-07-30T03:04:22+00:00,authorized_official_ticker_month_route,0,C:\Users\zergv\Documents\Codex\2026-05-23\ai-stock-rotation-radar-https-docs\outputs\radar_three_strategy_exact_raw_close_fill_20260730\checkpoints\00631L\2021-08.json.gz
00631L,2021-08-31,TWSE,133.1,official_twse_selected_ticker_month_close_only,official_unadjusted_execution_close_only,https://www.twse.com.tw/rwd/zh/afterTrading/STOCK_DAY?date=20210801&stockNo=00631L&response=json,45403a18177e05244ba2309115951e617ecc13e41e7e3fdea6269db088f082f7,2026-07-30T03:04:22+00:00,authorized_official_ticker_month_route,0,C:\Users\zergv\Documents\Codex\2026-05-23\ai-stock-rotation-radar-https-docs\outputs\radar_three_strategy_exact_raw_close_fill_20260730\checkpoints\00631L\2021-08.json.gz
00631L,2021-09-29,TWSE,124.05,official_twse_selected_ticker_month_close_only,official_unadjusted_execution_close_only,https://www.twse.com.tw/rwd/zh/afterTrading/STOCK_DAY?date=20210901&stockNo=00631L&response=json,cb1a857ca6e1a8c5b1a25eef0ad7c97dfff5f50115c176bca2a06d8cd84691b0,2026-07-30T03:04:23+00:00,authorized_official_ticker_month_route,0,C:\Users\zergv\Documents\Codex\2026-05-23\ai-stock-rotation-radar-https-docs\outputs\radar_three_strategy_exact_raw_close_fill_20260730\checkpoints\00631L\2021-09.json.gz
00631L,2021-10-18,TWSE,122.95,official_twse_selected_ticker_month_close_only,official_unadjusted_execution_close_only,https://www.twse.com.tw/rwd/zh/afterTrading/STOCK_DAY?date=20211001&stockNo=00631L&response=json,7d7bf2d6cd178d748fff9beb54e0c5b75735ce0adfc5b3864982618ebe13ce64,2026-07-30T03:04:24+00:00,authorized_official_ticker_month_route,0,C:\Users\zergv\Documents\Codex\2026-05-23\ai-stock-rotation-radar-https-docs\outputs\radar_three_strategy_exact_raw_close_fill_20260730\checkpoints\00631L\2021-10.json.gz
00631L,2021-10-29,TWSE,125.95,official_twse_selected_ticker_month_close_only,official_unadjusted_execution_close_only,https://www.twse.com.tw/rwd/zh/afterTrading/STOCK_DAY?date=20211001&stockNo=00631L&response=json,7d7bf2d6cd178d748fff9beb54e0c5b75735ce0adfc5b3864982618ebe13ce64,2026-07-30T03:04:24+00:00,authorized_official_ticker_month_route,0,C:\Users\zergv\Documents\Codex\2026-05-23\ai-stock-rotation-radar-https-docs\outputs\radar_three_strategy_exact_raw_close_fill_20260730\checkpoints\00631L\2021-10.json.gz
00631L,2021-11-30,TWSE,131.7,official_twse_selected_ticker_month_close_only,official_unadjusted_execution_close_only,https://www.twse.com.tw/rwd/zh/afterTrading/STOCK_DAY?date=20211101&stockNo=00631L&response=json,beb9b6bf8a30b82c8edf25223d08ff27c85c34f4d145010477b8c5fcda164b45,2026-07-30T03:04:26+00:00,authorized_official_ticker_month_route,0,C:\Users\zergv\Documents\Codex\2026-05-23\ai-stock-rotation-radar-https-docs\outputs\radar_three_strategy_exact_raw_close_fill_20260730\checkpoints\00631L\2021-11.json.gz
00631L,2021-12-15,TWSE,135.8,official_twse_selected_ticker_month_close_only,official_unadjusted_execution_close_only,https://www.twse.com.tw/rwd/zh/afterTrading/STOCK_DAY?date=20211201&stockNo=00631L&response=json,86ae71d642190acd1551f102742d808485118b936a0eb0dc455b30a1ed18dd72,2026-07-30T03:04:27+00:00,authorized_official_ticker_month_route,0,C:\Users\zergv\Documents\Codex\2026-05-23\ai-stock-rotation-radar-https-docs\outputs\radar_three_strategy_exact_raw_close_fill_20260730\checkpoints\00631L\2021-12.json.gz
00631L,2021-12-27,TWSE,143.6,official_twse_selected_ticker_month_close_only,official_unadjusted_execution_close_only,https://www.twse.com.tw/rwd/zh/afterTrading/STOCK_DAY?date=20211201&stockNo=00631L&response=json,86ae71d642190acd1551f102742d808485118b936a0eb0dc455b30a1ed18dd72,2026-07-30T03:04:27+00:00,authorized_official_ticker_month_route,0,C:\Users\zergv\Documents\Codex\2026-05-23\ai-stock-rotation-radar-https-docs\outputs\radar_three_strategy_exact_raw_close_fill_20260730\checkpoints\00631L\2021-12.json.gz
00631L,2021-12-30,TWSE,146.0,official_twse_selected_ticker_month_close_only,official_unadjusted_execution_close_only,https://www.twse.com.tw/rwd/zh/afterTrading/STOCK_DAY?date=20211201&stockNo=00631L&response=json,86ae71d642190acd1551f102742d808485118b936a0eb0dc455b30a1ed18dd72,2026-07-30T03:04:27+00:00,authorized_official_ticker_month_route,0,C:\Users\zergv\Documents\Codex\2026-05-23\ai-stock-rotation-radar-https-docs\outputs\radar_three_strategy_exact_raw_close_fill_20260730\checkpoints\00631L\2021-12.json.gz
00631L,2022-01-26,TWSE,137.85,official_twse_selected_ticker_month_close_only,official_unadjusted_execution_close_only,https://www.twse.com.tw/rwd/zh/afterTrading/STOCK_DAY?date=20220101&stockNo=00631L&response=json,f311bf72a9a374d174af501d47877e3dde4331e79cb235a837245f40d6a0dffa,2026-07-30T03:04:28+00:00,authorized_official_ticker_month_route,0,C:\Users\zergv\Documents\Codex\2026-05-23\ai-stock-rotation-radar-https-docs\outputs\radar_three_strategy_exact_raw_close_fill_20260730\checkpoints\00631L\2022-01.json.gz
00631L,2022-02-17,TWSE,147.35,official_twse_selected_ticker_month_close_only,official_unadjusted_execution_close_only,https://www.twse.com.tw/rwd/zh/afterTrading/STOCK_DAY?date=20220201&stockNo=00631L&response=json,2b4128a04233269e96dd51827ad19a2d9d07ccbbeef87e8fcd593c22946f2dab,2026-07-30T03:04:30+00:00,authorized_official_ticker_month_route,0,C:\Users\zergv\Documents\Codex\2026-05-23\ai-stock-rotation-radar-https-docs\outputs\radar_three_strategy_exact_raw_close_fill_20260730\checkpoints\00631L\2022-02.json.gz
00631L,2022-02-25,TWSE,136.45,official_twse_selected_ticker_month_close_only,official_unadjusted_execution_close_only,https://www.twse.com.tw/rwd/zh/afterTrading/STOCK_DAY?date=20220201&stockNo=00631L&response=json,2b4128a04233269e96dd51827ad19a2d9d07ccbbeef87e8fcd593c22946f2dab,2026-07-30T03:04:30+00:00,authorized_official_ticker_month_route,0,C:\Users\zergv\Documents\Codex\2026-05-23\ai-stock-rotation-radar-https-docs\outputs\radar_three_strategy_exact_raw_close_fill_20260730\checkpoints\00631L\2022-02.json.gz
00631L,2022-03-02,TWSE,140.45,official_twse_selected_ticker_month_close_only,official_unadjusted_execution_close_only,https://www.twse.com.tw/rwd/zh/afterTrading/STOCK_DAY?date=20220301&stockNo=00631L&response=json,698586b8af9af52f2e41e478c09c22b7f0fbf134c2733ea7aff54cc39179ad84,2026-07-30T03:04:31+00:00,authorized_official_ticker_month_route,0,C:\Users\zergv\Documents\Codex\2026-05-23\ai-stock-rotation-radar-https-docs\outputs\radar_three_strategy_exact_raw_close_fill_20260730\checkpoints\00631L\2022-03.json.gz
00631L,2022-03-18,TWSE,132.85,official_twse_selected_ticker_month_close_only,official_unadjusted_execution_close_only,https://www.twse.com.tw/rwd/zh/afterTrading/STOCK_DAY?date=20220301&stockNo=00631L&response=json,698586b8af9af52f2e41e478c09c22b7f0fbf134c2733ea7aff54cc39179ad84,2026-07-30T03:04:31+00:00,authorized_official_ticker_month_route,0,C:\Users\zergv\Documents\Codex\2026-05-23\ai-stock-rotation-radar-https-docs\outputs\radar_three_strategy_exact_raw_close_fill_20260730\checkpoints\00631L\2022-03.json.gz
00631L,2022-03-31,TWSE,136.95,official_twse_selected_ticker_month_close_only,official_unadjusted_execution_close_only,https://www.twse.com.tw/rwd/zh/afterTrading/STOCK_DAY?date=20220301&stockNo=00631L&response=json,698586b8af9af52f2e41e478c09c22b7f0fbf134c2733ea7aff54cc39179ad84,2026-07-30T03:04:31+00:00,authorized_official_ticker_month_route,0,C:\Users\zergv\Documents\Codex\2026-05-23\ai-stock-rotation-radar-https-docs\outputs\radar_three_strategy_exact_raw_close_fill_20260730\checkpoints\00631L\2022-03.json.gz
00631L,2022-04-11,TWSE,126.5,official_twse_selected_ticker_month_close_only,official_unadjusted_execution_close_only,https://www.twse.com.tw/rwd/zh/afterTrading/STOCK_DAY?date=20220401&stockNo=00631L&response=json,11aa6067ae9ae38e8f4f4c9dced7319730a7f645a0b5581ba15c6eb8c17c3391,2026-07-30T03:04:33+00:00,authorized_official_ticker_month_route,0,C:\Users\zergv\Documents\Codex\2026-05-23\ai-stock-rotation-radar-https-docs\outputs\radar_three_strategy_exact_raw_close_fill_20260730\checkpoints\00631L\2022-04.json.gz
00631L,2022-04-21,TWSE,128.85,official_twse_selected_ticker_month_close_only,official_unadjusted_execution_close_only,https://www.twse.com.tw/rwd/zh/afterTrading/STOCK_DAY?date=20220401&stockNo=00631L&response=json,11aa6067ae9ae38e8f4f4c9dced7319730a7f645a0b5581ba15c6eb8c17c3391,2026-07-30T03:04:33+00:00,authorized_official_ticker_month_route,0,C:\Users\zergv\Documents\Codex\2026-05-23\ai-stock-rotation-radar-https-docs\outputs\radar_three_strategy_exact_raw_close_fill_20260730\checkpoints\00631L\2022-04.json.gz
00631L,2022-04-29,TWSE,120.5,official_twse_selected_ticker_month_close_only,official_unadjusted_execution_close_only,https://www.twse.com.tw/rwd/zh/afterTrading/STOCK_DAY?date=20220401&stockNo=00631L&response=json,11aa6067ae9ae38e8f4f4c9dced7319730a7f645a0b5581ba15c6eb8c17c3391,2026-07-30T03:04:33+00:00,authorized_official_ticker_month_route,0,C:\Users\zergv\Documents\Codex\2026-05-23\ai-stock-rotation-radar-https-docs\outputs\radar_three_strategy_exact_raw_close_fill_20260730\checkpoints\00631L\2022-04.json.gz
00631L,2022-05-04,TWSE,119.65,official_twse_selected_ticker_month_close_only,official_unadjusted_execution_close_only,https://www.twse.com.tw/rwd/zh/afterTrading/STOCK_DAY?date=20220501&stockNo=00631L&response=json,bf7da20bca1e55c7943992996b7012aed2ce21a7e36b91e5977531ee9e753b75,2026-07-30T03:04:34+00:00,authorized_official_ticker_month_route,0,C:\Users\zergv\Documents\Codex\2026-05-23\ai-stock-rotation-radar-https-docs\outputs\radar_three_strategy_exact_raw_close_fill_20260730\checkpoints\00631L\2022-05.json.gz
00631L,2022-05-19,TWSE,111.7,official_twse_selected_ticker_month_close_only,official_unadjusted_execution_close_only,https://www.twse.com.tw/rwd/zh/afterTrading/STOCK_DAY?date=20220501&stockNo=00631L&response=json,bf7da20bca1e55c7943992996b7012aed2ce21a7e36b91e5977531ee9e753b75,2026-07-30T03:04:34+00:00,authorized_official_ticker_month_route,0,C:\Users\zergv\Documents\Codex\2026-05-23\ai-stock-rotation-radar-https-docs\outputs\radar_three_strategy_exact_raw_close_fill_20260730\checkpoints\00631L\2022-05.json.gz
00631L,2022-05-31,TWSE,121.95,official_twse_selected_ticker_month_close_only,official_unadjusted_execution_close_only,https://www.twse.com.tw/rwd/zh/afterTrading/STOCK_DAY?date=20220501&stockNo=00631L&response=json,bf7da20bca1e55c7943992996b7012aed2ce21a7e36b91e5977531ee9e753b75,2026-07-30T03:04:34+00:00,authorized_official_ticker_month_route,0,C:\Users\zergv\Documents\Codex\2026-05-23\ai-stock-rotation-radar-https-docs\outputs\radar_three_strategy_exact_raw_close_fill_20260730\checkpoints\00631L\2022-05.json.gz
00631L,2022-06-15,TWSE,111.2,official_twse_selected_ticker_month_close_only,official_unadjusted_execution_close_only,https://www.twse.com.tw/rwd/zh/afterTrading/STOCK_DAY?date=20220601&stockNo=00631L&response=json,487e5e723c8c5de9242be9b238eb102986105f0128016287f929d5439196ab8b,2026-07-30T03:04:37+00:00,authorized_official_ticker_month_route,0,C:\Users\zergv\Documents\Codex\2026-05-23\ai-stock-rotation-radar-https-docs\outputs\radar_three_strategy_exact_raw_close_fill_20260730\checkpoints\00631L\2022-06.json.gz
00631L,2022-06-28,TWSE,106.0,official_twse_selected_ticker_month_close_only,official_unadjusted_execution_close_only,https://www.twse.com.tw/rwd/zh/afterTrading/STOCK_DAY?date=20220601&stockNo=00631L&response=json,487e5e723c8c5de9242be9b238eb102986105f0128016287f929d5439196ab8b,2026-07-30T03:04:37+00:00,authorized_official_ticker_month_route,0,C:\Users\zergv\Documents\Codex\2026-05-23\ai-stock-rotation-radar-https-docs\outputs\radar_three_strategy_exact_raw_close_fill_20260730\checkpoints\00631L\2022-06.json.gz
00631L,2022-06-30,TWSE,98.35,official_twse_selected_ticker_month_close_only,official_unadjusted_execution_close_only,https://www.twse.com.tw/rwd/zh/afterTrading/STOCK_DAY?date=20220601&stockNo=00631L&response=json,487e5e723c8c5de9242be9b238eb102986105f0128016287f929d5439196ab8b,2026-07-30T03:04:37+00:00,authorized_official_ticker_month_route,0,C:\Users\zergv\Documents\Codex\2026-05-23\ai-stock-rotation-radar-https-docs\outputs\radar_three_strategy_exact_raw_close_fill_20260730\checkpoints\00631L\2022-06.json.gz
00631L,2022-07-08,TWSE,94.8,official_twse_selected_ticker_month_close_only,official_unadjusted_execution_close_only,https://www.twse.com.tw/rwd/zh/afterTrading/STOCK_DAY?date=20220701&stockNo=00631L&response=json,4d3b838221ba333695a198f1108c92906f03dafc856dd6d7f5b3b6d13dec06aa,2026-07-30T03:04:38+00:00,authorized_official_ticker_month_route,0,C:\Users\zergv\Documents\Codex\2026-05-23\ai-stock-rotation-radar-https-docs\outputs\radar_three_strategy_exact_raw_close_fill_20260730\checkpoints\00631L\2022-07.json.gz
00631L,2022-07-20,TWSE,100.0,official_twse_selected_ticker_month_close_only,official_unadjusted_execution_close_only,https://www.twse.com.tw/rwd/zh/afterTrading/STOCK_DAY?date=20220701&stockNo=00631L&response=json,4d3b838221ba333695a198f1108c92906f03dafc856dd6d7f5b3b6d13dec06aa,2026-07-30T03:04:38+00:00,authorized_official_ticker_month_route,0,C:\Users\zergv\Documents\Codex\2026-05-23\ai-stock-rotation-radar-https-docs\outputs\radar_three_strategy_exact_raw_close_fill_20260730\checkpoints\00631L\2022-07.json.gz
00631L,2022-07-29,TWSE,104.2,official_twse_selected_ticker_month_close_only,official_unadjusted_execution_close_only,https://www.twse.com.tw/rwd/zh/afterTrading/STOCK_DAY?date=20220701&stockNo=00631L&response=json,4d3b838221ba333695a198f1108c92906f03dafc856dd6d7f5b3b6d13dec06aa,2026-07-30T03:04:38+00:00,authorized_official_ticker_month_route,0,C:\Users\zergv\Documents\Codex\2026-05-23\ai-stock-rotation-radar-https-docs\outputs\radar_three_strategy_exact_raw_close_fill_20260730\checkpoints\00631L\2022-07.json.gz
00631L,2022-08-31,TWSE,105.65,official_twse_selected_ticker_month_close_only,official_unadjusted_execution_close_only,https://www.twse.com.tw/rwd/zh/afterTrading/STOCK_DAY?date=20220801&stockNo=00631L&response=json,37787a6f0bc98009ab8037d117baee5c20724220840436b4a877083dfbb99e5d,2026-07-30T03:04:39+00:00,authorized_official_ticker_month_route,0,C:\Users\zergv\Documents\Codex\2026-05-23\ai-stock-rotation-radar-https-docs\outputs\radar_three_strategy_exact_raw_close_fill_20260730\checkpoints\00631L\2022-08.json.gz
00631L,2022-09-02,TWSE,99.4,official_twse_selected_ticker_month_close_only,official_unadjusted_execution_close_only,https://www.twse.com.tw/rwd/zh/afterTrading/STOCK_DAY?date=20220901&stockNo=00631L&response=json,f018c79e3ab472789d582109a50d872cf5570584257eb6b95cf491c1b2ab1223,2026-07-30T03:04:41+00:00,authorized_official_ticker_month_route,0,C:\Users\zergv\Documents\Codex\2026-05-23\ai-stock-rotation-radar-https-docs\outputs\radar_three_strategy_exact_raw_close_fill_20260730\checkpoints\00631L\2022-09.json.gz
00631L,2022-10-07,TWSE,86.85,official_twse_selected_ticker_month_close_only,official_unadjusted_execution_close_only,https://www.twse.com.tw/rwd/zh/afterTrading/STOCK_DAY?date=20221001&stockNo=00631L&response=json,9006255b52d0988bf9c7562655369a710ba78d485c51f9bf77a6a847e50b073c,2026-07-30T03:04:42+00:00,authorized_official_ticker_month_route,0,C:\Users\zergv\Documents\Codex\2026-05-23\ai-stock-rotation-radar-https-docs\outputs\radar_three_strategy_exact_raw_close_fill_20260730\checkpoints\00631L\2022-10.json.gz
00631L,2022-10-20,TWSE,76.7,official_twse_selected_ticker_month_close_only,official_unadjusted_execution_close_only,https://www.twse.com.tw/rwd/zh/afterTrading/STOCK_DAY?date=20221001&stockNo=00631L&response=json,9006255b52d0988bf9c7562655369a710ba78d485c51f9bf77a6a847e50b073c,2026-07-30T03:04:42+00:00,authorized_official_ticker_month_route,0,C:\Users\zergv\Documents\Codex\2026-05-23\ai-stock-rotation-radar-https-docs\outputs\radar_three_strategy_exact_raw_close_fill_20260730\checkpoints\00631L\2022-10.json.gz
00631L,2022-11-01,TWSE,78.2,official_twse_selected_ticker_month_close_only,official_unadjusted_execution_close_only,https://www.twse.com.tw/rwd/zh/afterTrading/STOCK_DAY?date=20221101&stockNo=00631L&response=json,317118016378d21e509d48866aa67e8025502b5074e260540e1187c89106d68c,2026-07-30T03:04:43+00:00,authorized_official_ticker_month_route,0,C:\Users\zergv\Documents\Codex\2026-05-23\ai-stock-rotation-radar-https-docs\outputs\radar_three_strategy_exact_raw_close_fill_20260730\checkpoints\00631L\2022-11.json.gz
00631L,2022-11-30,TWSE,102.1,official_twse_selected_ticker_month_close_only,official_unadjusted_execution_close_only,https://www.twse.com.tw/rwd/zh/afterTrading/STOCK_DAY?date=20221101&stockNo=00631L&response=json,317118016378d21e509d48866aa67e8025502b5074e260540e1187c89106d68c,2026-07-30T03:04:43+00:00,authorized_official_ticker_month_route,0,C:\Users\zergv\Documents\Codex\2026-05-23\ai-stock-rotation-radar-https-docs\outputs\radar_three_strategy_exact_raw_close_fill_20260730\checkpoints\00631L\2022-11.json.gz
00631L,2022-12-13,TWSE,97.65,official_twse_selected_ticker_month_close_only,official_unadjusted_execution_close_only,https://www.twse.com.tw/rwd/zh/afterTrading/STOCK_DAY?date=20221201&stockNo=00631L&response=json,c87025da91c31fc779d9a97c29c26c942ae13de209cf7a24e8c07161e04b9a1f,2026-07-30T03:04:45+00:00,authorized_official_ticker_month_route,0,C:\Users\zergv\Documents\Codex\2026-05-23\ai-stock-rotation-radar-https-docs\outputs\radar_three_strategy_exact_raw_close_fill_20260730\checkpoints\00631L\2022-12.json.gz
00631L,2023-01-04,TWSE,93.8,official_twse_selected_ticker_month_close_only,official_unadjusted_execution_close_only,https://www.twse.com.tw/rwd/zh/afterTrading/STOCK_DAY?date=20230101&stockNo=00631L&response=json,ae344fe5813274d09777bd729a3186e30a428e9099db6dbe4ecd422fc5512df1,2026-07-30T03:04:46+00:00,authorized_official_ticker_month_route,0,C:\Users\zergv\Documents\Codex\2026-05-23\ai-stock-rotation-radar-https-docs\outputs\radar_three_strategy_exact_raw_close_fill_20260730\checkpoints\00631L\2023-01.json.gz
00631L,2023-01-31,TWSE,109.3,official_twse_selected_ticker_month_close_only,official_unadjusted_execution_close_only,https://www.twse.com.tw/rwd/zh/afterTrading/STOCK_DAY?date=20230101&stockNo=00631L&response=json,ae344fe5813274d09777bd729a3186e30a428e9099db6dbe4ecd422fc5512df1,2026-07-30T03:04:46+00:00,authorized_official_ticker_month_route,0,C:\Users\zergv\Documents\Codex\2026-05-23\ai-stock-rotation-radar-https-docs\outputs\radar_three_strategy_exact_raw_close_fill_20260730\checkpoints\00631L\2023-01.json.gz
00631L,2023-02-24,TWSE,111.85,official_twse_selected_ticker_month_close_only,official_unadjusted_execution_close_only,https://www.twse.com.tw/rwd/zh/afterTrading/STOCK_DAY?date=20230201&stockNo=00631L&response=json,66f57d18a96eafc43c235f73a8d10e666d92072e0a65fb614bcfac20968cbe7b,2026-07-30T03:04:47+00:00,authorized_official_ticker_month_route,0,C:\Users\zergv\Documents\Codex\2026-05-23\ai-stock-rotation-radar-https-docs\outputs\radar_three_strategy_exact_raw_close_fill_20260730\checkpoints\00631L\2023-02.json.gz
00631L,2023-03-01,TWSE,112.5,official_twse_selected_ticker_month_close_only,official_unadjusted_execution_close_only,https://www.twse.com.tw/rwd/zh/afterTrading/STOCK_DAY?date=20230301&stockNo=00631L&response=json,103c971e5bc7185949a50f26b6137bb6916db39f451703fb1015b70db41f0525,2026-07-30T03:04:48+00:00,authorized_official_ticker_month_route,0,C:\Users\zergv\Documents\Codex\2026-05-23\ai-stock-rotation-radar-https-docs\outputs\radar_three_strategy_exact_raw_close_fill_20260730\checkpoints\00631L\2023-03.json.gz
00631L,2023-03-23,TWSE,117.0,official_twse_selected_ticker_month_close_only,official_unadjusted_execution_close_only,https://www.twse.com.tw/rwd/zh/afterTrading/STOCK_DAY?date=20230301&stockNo=00631L&response=json,103c971e5bc7185949a50f26b6137bb6916db39f451703fb1015b70db41f0525,2026-07-30T03:04:48+00:00,authorized_official_ticker_month_route,0,C:\Users\zergv\Documents\Codex\2026-05-23\ai-stock-rotation-radar-https-docs\outputs\radar_three_strategy_exact_raw_close_fill_20260730\checkpoints\00631L\2023-03.json.gz
00631L,2023-03-31,TWSE,117.5,official_twse_selected_ticker_month_close_only,official_unadjusted_execution_close_only,https://www.twse.com.tw/rwd/zh/afterTrading/STOCK_DAY?date=20230301&stockNo=00631L&response=json,103c971e5bc7185949a50f26b6137bb6916db39f451703fb1015b70db41f0525,2026-07-30T03:04:48+00:00,authorized_official_ticker_month_route,0,C:\Users\zergv\Documents\Codex\2026-05-23\ai-stock-rotation-radar-https-docs\outputs\radar_three_strategy_exact_raw_close_fill_20260730\checkpoints\00631L\2023-03.json.gz
00631L,2023-04-24,TWSE,113.8,official_twse_selected_ticker_month_close_only,official_unadjusted_execution_close_only,https://www.twse.com.tw/rwd/zh/afterTrading/STOCK_DAY?date=20230401&stockNo=00631L&response=json,a3971bf49eecc12b5a9747d285664311e9d94131715ea53c7a2950c8a8fe4a0c,2026-07-30T03:04:50+00:00,authorized_official_ticker_month_route,0,C:\Users\zergv\Documents\Codex\2026-05-23\ai-stock-rotation-radar-https-docs\outputs\radar_three_strategy_exact_raw_close_fill_20260730\checkpoints\00631L\2023-04.json.gz
00631L,2023-05-05,TWSE,113.7,official_twse_selected_ticker_month_close_only,official_unadjusted_execution_close_only,https://www.twse.com.tw/rwd/zh/afterTrading/STOCK_DAY?date=20230501&stockNo=00631L&response=json,248f6175c97758f5bb81b61622a9f692269e4474065f75ae60843436f0c8d35e,2026-07-30T03:04:51+00:00,authorized_official_ticker_month_route,0,C:\Users\zergv\Documents\Codex\2026-05-23\ai-stock-rotation-radar-https-docs\outputs\radar_three_strategy_exact_raw_close_fill_20260730\checkpoints\00631L\2023-05.json.gz
00631L,2023-05-31,TWSE,128.25,official_twse_selected_ticker_month_close_only,official_unadjusted_execution_close_only,https://www.twse.com.tw/rwd/zh/afterTrading/STOCK_DAY?date=20230501&stockNo=00631L&response=json,248f6175c97758f5bb81b61622a9f692269e4474065f75ae60843436f0c8d35e,2026-07-30T03:04:51+00:00,authorized_official_ticker_month_route,0,C:\Users\zergv\Documents\Codex\2026-05-23\ai-stock-rotation-radar-https-docs\outputs\radar_three_strategy_exact_raw_close_fill_20260730\checkpoints\00631L\2023-05.json.gz
00631L,2023-06-30,TWSE,135.25,official_twse_selected_ticker_month_close_only,official_unadjusted_execution_close_only,https://www.twse.com.tw/rwd/zh/afterTrading/STOCK_DAY?date=20230601&stockNo=00631L&response=json,8db8fd554aeb0fe90b0aa666036b768f27fa37330e8ae93c86d6c1bd8c38865b,2026-07-30T03:04:52+00:00,authorized_official_ticker_month_route,0,C:\Users\zergv\Documents\Codex\2026-05-23\ai-stock-rotation-radar-https-docs\outputs\radar_three_strategy_exact_raw_close_fill_20260730\checkpoints\00631L\2023-06.json.gz
00631L,2023-07-07,TWSE,132.1,official_twse_selected_ticker_month_close_only,official_unadjusted_execution_close_only,https://www.twse.com.tw/rwd/zh/afterTrading/STOCK_DAY?date=20230701&stockNo=00631L&response=json,368dd3d7588720003190be55711c1c876bcf5ad9cf8038443bbb32d11bc85456,2026-07-30T03:04:53+00:00,authorized_official_ticker_month_route,0,C:\Users\zergv\Documents\Codex\2026-05-23\ai-stock-rotation-radar-https-docs\outputs\radar_three_strategy_exact_raw_close_fill_20260730\checkpoints\00631L\2023-07.json.gz
00631L,2023-07-19,TWSE,139.6,official_twse_selected_ticker_month_close_only,official_unadjusted_execution_close_only,https://www.twse.com.tw/rwd/zh/afterTrading/STOCK_DAY?date=20230701&stockNo=00631L&response=json,368dd3d7588720003190be55711c1c876bcf5ad9cf8038443bbb32d11bc85456,2026-07-30T03:04:53+00:00,authorized_official_ticker_month_route,0,C:\Users\zergv\Documents\Codex\2026-05-23\ai-stock-rotation-radar-https-docs\outputs\radar_three_strategy_exact_raw_close_fill_20260730\checkpoints\00631L\2023-07.json.gz
00631L,2023-07-31,TWSE,139.85,official_twse_selected_ticker_month_close_only,official_unadjusted_execution_close_only,https://www.twse.com.tw/rwd/zh/afterTrading/STOCK_DAY?date=20230701&stockNo=00631L&response=json,368dd3d7588720003190be55711c1c876bcf5ad9cf8038443bbb32d11bc85456,2026-07-30T03:04:53+00:00,authorized_official_ticker_month_route,0,C:\Users\zergv\Documents\Codex\2026-05-23\ai-stock-rotation-radar-https-docs\outputs\radar_three_strategy_exact_raw_close_fill_20260730\checkpoints\00631L\2023-07.json.gz
00631L,2023-08-09,TWSE,135.9,official_twse_selected_ticker_month_close_only,official_unadjusted_execution_close_only,https://www.twse.com.tw/rwd/zh/afterTrading/STOCK_DAY?date=20230801&stockNo=00631L&response=json,e9337cc7bd11193fd9eefa5f3ca2dab96e910399c5cbf4aea8da1d4277e58490,2026-07-30T03:04:54+00:00,authorized_official_ticker_month_route,0,C:\Users\zergv\Documents\Codex\2026-05-23\ai-stock-rotation-radar-https-docs\outputs\radar_three_strategy_exact_raw_close_fill_20260730\checkpoints\00631L\2023-08.json.gz
00631L,2023-08-24,TWSE,134.7,official_twse_selected_ticker_month_close_only,official_unadjusted_execution_close_only,https://www.twse.com.tw/rwd/zh/afterTrading/STOCK_DAY?date=20230801&stockNo=00631L&response=json,e9337cc7bd11193fd9eefa5f3ca2dab96e910399c5cbf4aea8da1d4277e58490,2026-07-30T03:04:54+00:00,authorized_official_ticker_month_route,0,C:\Users\zergv\Documents\Codex\2026-05-23\ai-stock-rotation-radar-https-docs\outputs\radar_three_strategy_exact_raw_close_fill_20260730\checkpoints\00631L\2023-08.json.gz
00631L,2023-08-31,TWSE,132.35,official_twse_selected_ticker_month_close_only,official_unadjusted_execution_close_only,https://www.twse.com.tw/rwd/zh/afterTrading/STOCK_DAY?date=20230801&stockNo=00631L&response=json,e9337cc7bd11193fd9eefa5f3ca2dab96e910399c5cbf4aea8da1d4277e58490,2026-07-30T03:04:54+00:00,authorized_official_ticker_month_route,0,C:\Users\zergv\Documents\Codex\2026-05-23\ai-stock-rotation-radar-https-docs\outputs\radar_three_strategy_exact_raw_close_fill_20260730\checkpoints\00631L\2023-08.json.gz
00631L,2023-09-07,TWSE,131.45,official_twse_selected_ticker_month_close_only,official_unadjusted_execution_close_only,https://www.twse.com.tw/rwd/zh/afterTrading/STOCK_DAY?date=20230901&stockNo=00631L&response=json,76ecf13814851ee367b1c10f8f57ce58fb1545a9ecb5621e251438d00549bbf8,2026-07-30T03:04:56+00:00,authorized_official_ticker_month_route,0,C:\Users\zergv\Documents\Codex\2026-05-23\ai-stock-rotation-radar-https-docs\outputs\radar_three_strategy_exact_raw_close_fill_20260730\checkpoints\00631L\2023-09.json.gz
00631L,2023-10-03,TWSE,128.95,official_twse_selected_ticker_month_close_only,official_unadjusted_execution_close_only,https://www.twse.com.tw/rwd/zh/afterTrading/STOCK_DAY?date=20231001&stockNo=00631L&response=json,1585fec4ceb60a5e8ab20e764c515b3fd749b7f05737feb020581e73ad30d46d,2026-07-30T03:04:57+00:00,authorized_official_ticker_month_route,0,C:\Users\zergv\Documents\Codex\2026-05-23\ai-stock-rotation-radar-https-docs\outputs\radar_three_strategy_exact_raw_close_fill_20260730\checkpoints\00631L\2023-10.json.gz
00631L,2023-10-19,TWSE,129.2,official_twse_selected_ticker_month_close_only,official_unadjusted_execution_close_only,https://www.twse.com.tw/rwd/zh/afterTrading/STOCK_DAY?date=20231001&stockNo=00631L&response=json,1585fec4ceb60a5e8ab20e764c515b3fd749b7f05737feb020581e73ad30d46d,2026-07-30T03:04:57+00:00,authorized_official_ticker_month_route,0,C:\Users\zergv\Documents\Codex\2026-05-23\ai-stock-rotation-radar-https-docs\outputs\radar_three_strategy_exact_raw_close_fill_20260730\checkpoints\00631L\2023-10.json.gz
00631L,2023-11-03,TWSE,129.6,official_twse_selected_ticker_month_close_only,official_unadjusted_execution_close_only,https://www.twse.com.tw/rwd/zh/afterTrading/STOCK_DAY?date=20231101&stockNo=00631L&response=json,d7a993d6b9b70bef2fdc9954c5e5cab57a0e062007d64786cf6f72fb9e4ec42b,2026-07-30T03:04:59+00:00,authorized_official_ticker_month_route,0,C:\Users\zergv\Documents\Codex\2026-05-23\ai-stock-rotation-radar-https-docs\outputs\radar_three_strategy_exact_raw_close_fill_20260730\checkpoints\00631L\2023-11.json.gz
00631L,2023-11-30,TWSE,143.5,official_twse_selected_ticker_month_close_only,official_unadjusted_execution_close_only,https://www.twse.com.tw/rwd/zh/afterTrading/STOCK_DAY?date=20231101&stockNo=00631L&response=json,d7a993d6b9b70bef2fdc9954c5e5cab57a0e062007d64786cf6f72fb9e4ec42b,2026-07-30T03:04:59+00:00,authorized_official_ticker_month_route,0,C:\Users\zergv\Documents\Codex\2026-05-23\ai-stock-rotation-radar-https-docs\outputs\radar_three_strategy_exact_raw_close_fill_20260730\checkpoints\00631L\2023-11.json.gz
00631L,2023-12-29,TWSE,151.2,official_twse_selected_ticker_month_close_only,official_unadjusted_execution_close_only,https://www.twse.com.tw/rwd/zh/afterTrading/STOCK_DAY?date=20231201&stockNo=00631L&response=json,e6f96afe96a604f5a1263dbf2a418fc1839bb8cb856e3513131aa9a201fa24a1,2026-07-30T03:05:00+00:00,authorized_official_ticker_month_route,0,C:\Users\zergv\Documents\Codex\2026-05-23\ai-stock-rotation-radar-https-docs\outputs\radar_three_strategy_exact_raw_close_fill_20260730\checkpoints\00631L\2023-12.json.gz
00631L,2024-01-12,TWSE,145.25,official_twse_selected_ticker_month_close_only,official_unadjusted_execution_close_only,https://www.twse.com.tw/rwd/zh/afterTrading/STOCK_DAY?date=20240101&stockNo=00631L&response=json,c20fd623867615a41a4bf6977eda655712785aa4149773b58e835822010df8ed,2026-07-30T03:05:02+00:00,authorized_official_ticker_month_route,0,C:\Users\zergv\Documents\Codex\2026-05-23\ai-stock-rotation-radar-https-docs\outputs\radar_three_strategy_exact_raw_close_fill_20260730\checkpoints\00631L\2024-01.json.gz
00631L,2024-01-24,TWSE,151.4,official_twse_selected_ticker_month_close_only,official_unadjusted_execution_close_only,https://www.twse.com.tw/rwd/zh/afterTrading/STOCK_DAY?date=20240101&stockNo=00631L&response=json,c20fd623867615a41a4bf6977eda655712785aa4149773b58e835822010df8ed,2026-07-30T03:05:02+00:00,authorized_official_ticker_month_route,0,C:\Users\zergv\Documents\Codex\2026-05-23\ai-stock-rotation-radar-https-docs\outputs\radar_three_strategy_exact_raw_close_fill_20260730\checkpoints\00631L\2024-01.json.gz
00631L,2024-01-31,TWSE,152.0,official_twse_selected_ticker_month_close_only,official_unadjusted_execution_close_only,https://www.twse.com.tw/rwd/zh/afterTrading/STOCK_DAY?date=20240101&stockNo=00631L&response=json,c20fd623867615a41a4bf6977eda655712785aa4149773b58e835822010df8ed,2026-07-30T03:05:02+00:00,authorized_official_ticker_month_route,0,C:\Users\zergv\Documents\Codex\2026-05-23\ai-stock-rotation-radar-https-docs\outputs\radar_three_strategy_exact_raw_close_fill_20260730\checkpoints\00631L\2024-01.json.gz
00631L,2024-02-29,TWSE,170.15,official_twse_selected_ticker_month_close_only,official_unadjusted_execution_close_only,https://www.twse.com.tw/rwd/zh/afterTrading/STOCK_DAY?date=20240201&stockNo=00631L&response=json,1a12b6cbce343fe157e8e13dea8c470d4697f8012f63479700675f492016e69c,2026-07-30T03:05:03+00:00,authorized_official_ticker_month_route,0,C:\Users\zergv\Documents\Codex\2026-05-23\ai-stock-rotation-radar-https-docs\outputs\radar_three_strategy_exact_raw_close_fill_20260730\checkpoints\00631L\2024-02.json.gz
00631L,2024-03-29,TWSE,194.7,official_twse_selected_ticker_month_close_only,official_unadjusted_execution_close_only,https://www.twse.com.tw/rwd/zh/afterTrading/STOCK_DAY?date=20240301&stockNo=00631L&response=json,63d834b73d33bcd817e443cd822c6e5231608d9fc710fafbe24d3db6f6975e92,2026-07-30T03:05:04+00:00,authorized_official_ticker_month_route,0,C:\Users\zergv\Documents\Codex\2026-05-23\ai-stock-rotation-radar-https-docs\outputs\radar_three_strategy_exact_raw_close_fill_20260730\checkpoints\00631L\2024-03.json.gz
00631L,2024-04-22,TWSE,178.45,official_twse_selected_ticker_month_close_only,official_unadjusted_execution_close_only,https://www.twse.com.tw/rwd/zh/afterTrading/STOCK_DAY?date=20240401&stockNo=00631L&response=json,639bd73c3ea91c4f3d7d8151965fbbc0e9ca3fec12f9339ed1e0c3a5507a38ca,2026-07-30T03:05:05+00:00,authorized_official_ticker_month_route,0,C:\Users\zergv\Documents\Codex\2026-05-23\ai-stock-rotation-radar-https-docs\outputs\radar_three_strategy_exact_raw_close_fill_20260730\checkpoints\00631L\2024-04.json.gz
00631L,2024-05-07,TWSE,200.05,official_twse_selected_ticker_month_close_only,official_unadjusted_execution_close_only,https://www.twse.com.tw/rwd/zh/afterTrading/STOCK_DAY?date=20240501&stockNo=00631L&response=json,c29eecd9c2399f24469110b7348468ba4618908d549f760f7eb0478d3ebcd0aa,2026-07-30T03:05:07+00:00,authorized_official_ticker_month_route,0,C:\Users\zergv\Documents\Codex\2026-05-23\ai-stock-rotation-radar-https-docs\outputs\radar_three_strategy_exact_raw_close_fill_20260730\checkpoints\00631L\2024-05.json.gz
00631L,2024-05-31,TWSE,212.1,official_twse_selected_ticker_month_close_only,official_unadjusted_execution_close_only,https://www.twse.com.tw/rwd/zh/afterTrading/STOCK_DAY?date=20240501&stockNo=00631L&response=json,c29eecd9c2399f24469110b7348468ba4618908d549f760f7eb0478d3ebcd0aa,2026-07-30T03:05:07+00:00,authorized_official_ticker_month_route,0,C:\Users\zergv\Documents\Codex\2026-05-23\ai-stock-rotation-radar-https-docs\outputs\radar_three_strategy_exact_raw_close_fill_20260730\checkpoints\00631L\2024-05.json.gz
00631L,2024-06-28,TWSE,250.8,official_twse_selected_ticker_month_close_only,official_unadjusted_execution_close_only,https://www.twse.com.tw/rwd/zh/afterTrading/STOCK_DAY?date=20240601&stockNo=00631L&response=json,4a263091dc0e3c8a3738a459abb0f17c26f9f340456652ad04d1a993c733a23b,2026-07-30T03:05:09+00:00,authorized_official_ticker_month_route,0,C:\Users\zergv\Documents\Codex\2026-05-23\ai-stock-rotation-radar-https-docs\outputs\radar_three_strategy_exact_raw_close_fill_20260730\checkpoints\00631L\2024-06.json.gz
00631L,2024-07-23,TWSE,247.4,official_twse_selected_ticker_month_close_only,official_unadjusted_execution_close_only,https://www.twse.com.tw/rwd/zh/afterTrading/STOCK_DAY?date=20240701&stockNo=00631L&response=json,4baeb623f5df8a98d8699577bcbe10127c01bcacf567339a676a4ec773555703,2026-07-30T03:05:10+00:00,authorized_official_ticker_month_route,0,C:\Users\zergv\Documents\Codex\2026-05-23\ai-stock-rotation-radar-https-docs\outputs\radar_three_strategy_exact_raw_close_fill_20260730\checkpoints\00631L\2024-07.json.gz
00631L,2024-08-13,TWSE,218.4,official_twse_selected_ticker_month_close_only,official_unadjusted_execution_close_only,https://www.twse.com.tw/rwd/zh/afterTrading/STOCK_DAY?date=20240801&stockNo=00631L&response=json,26bf493e7e8b7baae14cd29c81c5685c6e5f9e4a202186ae80f6ed01c584d084,2026-07-30T03:05:11+00:00,authorized_official_ticker_month_route,0,C:\Users\zergv\Documents\Codex\2026-05-23\ai-stock-rotation-radar-https-docs\outputs\radar_three_strategy_exact_raw_close_fill_20260730\checkpoints\00631L\2024-08.json.gz
00631L,2024-08-28,TWSE,231.7,official_twse_selected_ticker_month_close_only,official_unadjusted_execution_close_only,https://www.twse.com.tw/rwd/zh/afterTrading/STOCK_DAY?date=20240801&stockNo=00631L&response=json,26bf493e7e8b7baae14cd29c81c5685c6e5f9e4a202186ae80f6ed01c584d084,2026-07-30T03:05:11+00:00,authorized_official_ticker_month_route,0,C:\Users\zergv\Documents\Codex\2026-05-23\ai-stock-rotation-radar-https-docs\outputs\radar_three_strategy_exact_raw_close_fill_20260730\checkpoints\00631L\2024-08.json.gz
00631L,2024-09-13,TWSE,218.7,official_twse_selected_ticker_month_close_only,official_unadjusted_execution_close_only,https://www.twse.com.tw/rwd/zh/afterTrading/STOCK_DAY?date=20240901&stockNo=00631L&response=json,35af43eeb3c58ec373ccdc66ecde8b4151213c3b0bb9e46775f6ab72712557ae,2026-07-30T03:05:13+00:00,authorized_official_ticker_month_route,0,C:\Users\zergv\Documents\Codex\2026-05-23\ai-stock-rotation-radar-https-docs\outputs\radar_three_strategy_exact_raw_close_fill_20260730\checkpoints\00631L\2024-09.json.gz
00631L,2024-09-30,TWSE,228.95,official_twse_selected_ticker_month_close_only,official_unadjusted_execution_close_only,https://www.twse.com.tw/rwd/zh/afterTrading/STOCK_DAY?date=20240901&stockNo=00631L&response=json,35af43eeb3c58ec373ccdc66ecde8b4151213c3b0bb9e46775f6ab72712557ae,2026-07-30T03:05:13+00:00,authorized_official_ticker_month_route,0,C:\Users\zergv\Documents\Codex\2026-05-23\ai-stock-rotation-radar-https-docs\outputs\radar_three_strategy_exact_raw_close_fill_20260730\checkpoints\00631L\2024-09.json.gz
00631L,2024-10-30,TWSE,239.05,official_twse_selected_ticker_month_close_only,official_unadjusted_execution_close_only,https://www.twse.com.tw/rwd/zh/afterTrading/STOCK_DAY?date=20241001&stockNo=00631L&response=json,c6571c0fc3db48b3ca132d8a9825f8a03d7f3ecb8778c4aed725152c09a8f430,2026-07-30T03:05:14+00:00,authorized_official_ticker_month_route,0,C:\Users\zergv\Documents\Codex\2026-05-23\ai-stock-rotation-radar-https-docs\outputs\radar_three_strategy_exact_raw_close_fill_20260730\checkpoints\00631L\2024-10.json.gz
00631L,2024-11-13,TWSE,238.5,official_twse_selected_ticker_month_close_only,official_unadjusted_execution_close_only,https://www.twse.com.tw/rwd/zh/afterTrading/STOCK_DAY?date=20241101&stockNo=00631L&response=json,611238d304869d59195f9771d25459821bcf7c2fd2a7c619b85254ae38bc179c,2026-07-30T03:05:15+00:00,authorized_official_ticker_month_route,0,C:\Users\zergv\Documents\Codex\2026-05-23\ai-stock-rotation-radar-https-docs\outputs\radar_three_strategy_exact_raw_close_fill_20260730\checkpoints\00631L\2024-11.json.gz
00631L,2024-11-25,TWSE,241.0,official_twse_selected_ticker_month_close_only,official_unadjusted_execution_close_only,https://www.twse.com.tw/rwd/zh/afterTrading/STOCK_DAY?date=20241101&stockNo=00631L&response=json,611238d304869d59195f9771d25459821bcf7c2fd2a7c619b85254ae38bc179c,2026-07-30T03:05:15+00:00,authorized_official_ticker_month_route,0,C:\Users\zergv\Documents\Codex\2026-05-23\ai-stock-rotation-radar-https-docs\outputs\radar_three_strategy_exact_raw_close_fill_20260730\checkpoints\00631L\2024-11.json.gz
00631L,2024-11-29,TWSE,227.25,official_twse_selected_ticker_month_close_only,official_unadjusted_execution_close_only,https://www.twse.com.tw/rwd/zh/afterTrading/STOCK_DAY?date=20241101&stockNo=00631L&response=json,611238d304869d59195f9771d25459821bcf7c2fd2a7c619b85254ae38bc179c,2026-07-30T03:05:15+00:00,authorized_official_ticker_month_route,0,C:\Users\zergv\Documents\Codex\2026-05-23\ai-stock-rotation-radar-https-docs\outputs\radar_three_strategy_exact_raw_close_fill_20260730\checkpoints\00631L\2024-11.json.gz
00631L,2024-12-31,TWSE,240.35,official_twse_selected_ticker_month_close_only,official_unadjusted_execution_close_only,https://www.twse.com.tw/rwd/zh/afterTrading/STOCK_DAY?date=20241201&stockNo=00631L&response=json,89a179b306fc1f489d75a43884d2a5960066dbea1740d9ef88dab21117c20d98,2026-07-30T03:05:17+00:00,authorized_official_ticker_month_route,0,C:\Users\zergv\Documents\Codex\2026-05-23\ai-stock-rotation-radar-https-docs\outputs\radar_three_strategy_exact_raw_close_fill_20260730\checkpoints\00631L\2024-12.json.gz
00631L,2025-01-03,TWSE,238.1,official_twse_selected_ticker_month_close_only,official_unadjusted_execution_close_only,https://www.twse.com.tw/rwd/zh/afterTrading/STOCK_DAY?date=20250101&stockNo=00631L&response=json,5f0cabb36e422c577123b1153276c2d0a6fdaa77315602bcb9cf215d7e1579f1,2026-07-30T03:05:18+00:00,authorized_official_ticker_month_route,0,C:\Users\zergv\Documents\Codex\2026-05-23\ai-stock-rotation-radar-https-docs\outputs\radar_three_strategy_exact_raw_close_fill_20260730\checkpoints\00631L\2025-01.json.gz
00631L,2025-01-21,TWSE,244.65,official_twse_selected_ticker_month_close_only,official_unadjusted_execution_close_only,https://www.twse.com.tw/rwd/zh/afterTrading/STOCK_DAY?date=20250101&stockNo=00631L&response=json,5f0cabb36e422c577123b1153276c2d0a6fdaa77315602bcb9cf215d7e1579f1,2026-07-30T03:05:18+00:00,authorized_official_ticker_month_route,0,C:\Users\zergv\Documents\Codex\2026-05-23\ai-stock-rotation-radar-https-docs\outputs\radar_three_strategy_exact_raw_close_fill_20260730\checkpoints\00631L\2025-01.json.gz
00631L,2025-01-22,TWSE,250.9,official_twse_selected_ticker_month_close_only,official_unadjusted_execution_close_only,https://www.twse.com.tw/rwd/zh/afterTrading/STOCK_DAY?date=20250101&stockNo=00631L&response=json,5f0cabb36e422c577123b1153276c2d0a6fdaa77315602bcb9cf215d7e1579f1,2026-07-30T03:05:18+00:00,authorized_official_ticker_month_route,0,C:\Users\zergv\Documents\Codex\2026-05-23\ai-stock-rotation-radar-https-docs\outputs\radar_three_strategy_exact_raw_close_fill_20260730\checkpoints\00631L\2025-01.json.gz
00631L,2025-02-14,TWSE,239.0,official_twse_selected_ticker_month_close_only,official_unadjusted_execution_close_only,https://www.twse.com.tw/rwd/zh/afterTrading/STOCK_DAY?date=20250201&stockNo=00631L&response=json,f71eb82460427b5080983bc2c068600080a57b25e15c75c0fcf870d9087f9679,2026-07-30T03:05:19+00:00,authorized_official_ticker_month_route,0,C:\Users\zergv\Documents\Codex\2026-05-23\ai-stock-rotation-radar-https-docs\outputs\radar_three_strategy_exact_raw_close_fill_20260730\checkpoints\00631L\2025-02.json.gz
00631L,2025-03-21,TWSE,218.2,official_twse_selected_ticker_month_close_only,official_unadjusted_execution_close_only,https://www.twse.com.tw/rwd/zh/afterTrading/STOCK_DAY?date=20250301&stockNo=00631L&response=json,b81f3e381f0f31e33a0fb659a88cddb6f9459b45c0a7c399e955eaae5dcbc618,2026-07-30T03:05:20+00:00,authorized_official_ticker_month_route,0,C:\Users\zergv\Documents\Codex\2026-05-23\ai-stock-rotation-radar-https-docs\outputs\radar_three_strategy_exact_raw_close_fill_20260730\checkpoints\00631L\2025-03.json.gz
00631L,2025-03-31,TWSE,191.0,official_twse_selected_ticker_month_close_only,official_unadjusted_execution_close_only,https://www.twse.com.tw/rwd/zh/afterTrading/STOCK_DAY?date=20250301&stockNo=00631L&response=json,b81f3e381f0f31e33a0fb659a88cddb6f9459b45c0a7c399e955eaae5dcbc618,2026-07-30T03:05:20+00:00,authorized_official_ticker_month_route,0,C:\Users\zergv\Documents\Codex\2026-05-23\ai-stock-rotation-radar-https-docs\outputs\radar_three_strategy_exact_raw_close_fill_20260730\checkpoints\00631L\2025-03.json.gz
00631L,2025-04-02,TWSE,200.3,official_twse_selected_ticker_month_close_only,official_unadjusted_execution_close_only,https://www.twse.com.tw/rwd/zh/afterTrading/STOCK_DAY?date=20250401&stockNo=00631L&response=json,7224735c0b8525a6e2231f8a1e5c8a69336b1413a97de2fbe4846fac67454727,2026-07-30T03:05:22+00:00,authorized_official_ticker_month_route,0,C:\Users\zergv\Documents\Codex\2026-05-23\ai-stock-rotation-radar-https-docs\outputs\radar_three_strategy_exact_raw_close_fill_20260730\checkpoints\00631L\2025-04.json.gz
00631L,2025-04-16,TWSE,158.1,official_twse_selected_ticker_month_close_only,official_unadjusted_execution_close_only,https://www.twse.com.tw/rwd/zh/afterTrading/STOCK_DAY?date=20250401&stockNo=00631L&response=json,7224735c0b8525a6e2231f8a1e5c8a69336b1413a97de2fbe4846fac67454727,2026-07-30T03:05:22+00:00,authorized_official_ticker_month_route,0,C:\Users\zergv\Documents\Codex\2026-05-23\ai-stock-rotation-radar-https-docs\outputs\radar_three_strategy_exact_raw_close_fill_20260730\checkpoints\00631L\2025-04.json.gz
00631L,2025-04-30,TWSE,170.3,official_twse_selected_ticker_month_close_only,official_unadjusted_execution_close_only,https://www.twse.com.tw/rwd/zh/afterTrading/STOCK_DAY?date=20250401&stockNo=00631L&response=json,7224735c0b8525a6e2231f8a1e5c8a69336b1413a97de2fbe4846fac67454727,2026-07-30T03:05:22+00:00,authorized_official_ticker_month_route,0,C:\Users\zergv\Documents\Codex\2026-05-23\ai-stock-rotation-radar-https-docs\outputs\radar_three_strategy_exact_raw_close_fill_20260730\checkpoints\00631L\2025-04.json.gz
00631L,2025-05-29,TWSE,191.95,official_twse_selected_ticker_month_close_only,official_unadjusted_execution_close_only,https://www.twse.com.tw/rwd/zh/afterTrading/STOCK_DAY?date=20250501&stockNo=00631L&response=json,e83402dc8ff706600357b1ae2ecdbf8f27fc8e3cc7eeb84a064879cd603dd02b,2026-07-30T03:05:23+00:00,authorized_official_ticker_month_route,0,C:\Users\zergv\Documents\Codex\2026-05-23\ai-stock-rotation-radar-https-docs\outputs\radar_three_strategy_exact_raw_close_fill_20260730\checkpoints\00631L\2025-05.json.gz
00631L,2025-06-30,TWSE,213.5,official_twse_selected_ticker_month_close_only,official_unadjusted_execution_close_only,https://www.twse.com.tw/rwd/zh/afterTrading/STOCK_DAY?date=20250601&stockNo=00631L&response=json,b002c20ab4a8c9ed7d557a88ef467bad2816114bd213883b7eba3f0a9bd04b81,2026-07-30T03:05:25+00:00,authorized_official_ticker_month_route,0,C:\Users\zergv\Documents\Codex\2026-05-23\ai-stock-rotation-radar-https-docs\outputs\radar_three_strategy_exact_raw_close_fill_20260730\checkpoints\00631L\2025-06.json.gz
00631L,2025-07-31,TWSE,245.2,official_twse_selected_ticker_month_close_only,official_unadjusted_execution_close_only,https://www.twse.com.tw/rwd/zh/afterTrading/STOCK_DAY?date=20250701&stockNo=00631L&response=json,2ac92e6b61fde98327ce89fbbb3b889f12474bfc9fc0aae0c9554cf8ec8feeda,2026-07-30T03:05:26+00:00,authorized_official_ticker_month_route,0,C:\Users\zergv\Documents\Codex\2026-05-23\ai-stock-rotation-radar-https-docs\outputs\radar_three_strategy_exact_raw_close_fill_20260730\checkpoints\00631L\2025-07.json.gz
00631L,2025-08-29,TWSE,259.35,official_twse_selected_ticker_month_close_only,official_unadjusted_execution_close_only,https://www.twse.com.tw/rwd/zh/afterTrading/STOCK_DAY?date=20250801&stockNo=00631L&response=json,a0d79da4126dcf52ff5eea0049b9f52b42c19daa7ce8cbf2c9541d131fe3d84f,2026-07-30T03:05:28+00:00,authorized_official_ticker_month_route,0,C:\Users\zergv\Documents\Codex\2026-05-23\ai-stock-rotation-radar-https-docs\outputs\radar_three_strategy_exact_raw_close_fill_20260730\checkpoints\00631L\2025-08.json.gz
00631L,2025-09-04,TWSE,256.45,official_twse_selected_ticker_month_close_only,official_unadjusted_execution_close_only,https://www.twse.com.tw/rwd/zh/afterTrading/STOCK_DAY?date=20250901&stockNo=00631L&response=json,d343cd4ccd5db104bdffa7ed15dfee747d483e8bd41a1116b53dbeef7c8db2c9,2026-07-30T03:05:29+00:00,authorized_official_ticker_month_route,0,C:\Users\zergv\Documents\Codex\2026-05-23\ai-stock-rotation-radar-https-docs\outputs\radar_three_strategy_exact_raw_close_fill_20260730\checkpoints\00631L\2025-09.json.gz
00631L,2025-09-16,TWSE,288.85,official_twse_selected_ticker_month_close_only,official_unadjusted_execution_close_only,https://www.twse.com.tw/rwd/zh/afterTrading/STOCK_DAY?date=20250901&stockNo=00631L&response=json,d343cd4ccd5db104bdffa7ed15dfee747d483e8bd41a1116b53dbeef7c8db2c9,2026-07-30T03:05:29+00:00,authorized_official_ticker_month_route,0,C:\Users\zergv\Documents\Codex\2026-05-23\ai-stock-rotation-radar-https-docs\outputs\radar_three_strategy_exact_raw_close_fill_20260730\checkpoints\00631L\2025-09.json.gz
00631L,2025-09-30,TWSE,296.8,official_twse_selected_ticker_month_close_only,official_unadjusted_execution_close_only,https://www.twse.com.tw/rwd/zh/afterTrading/STOCK_DAY?date=20250901&stockNo=00631L&response=json,d343cd4ccd5db104bdffa7ed15dfee747d483e8bd41a1116b53dbeef7c8db2c9,2026-07-30T03:05:29+00:00,authorized_official_ticker_month_route,0,C:\Users\zergv\Documents\Codex\2026-05-23\ai-stock-rotation-radar-https-docs\outputs\radar_three_strategy_exact_raw_close_fill_20260730\checkpoints\00631L\2025-09.json.gz
00631L,2025-10-31,TWSE,355.1,official_twse_selected_ticker_month_close_only,official_unadjusted_execution_close_only,https://www.twse.com.tw/rwd/zh/afterTrading/STOCK_DAY?date=20251001&stockNo=00631L&response=json,bcdce799066ae188b725ae9ca258acdf8910bdfdc99d1037ed84f00636c8c166,2026-07-30T03:05:30+00:00,authorized_official_ticker_month_route,0,C:\Users\zergv\Documents\Codex\2026-05-23\ai-stock-rotation-radar-https-docs\outputs\radar_three_strategy_exact_raw_close_fill_20260730\checkpoints\00631L\2025-10.json.gz
00631L,2025-11-14,TWSE,327.9,official_twse_selected_ticker_month_close_only,official_unadjusted_execution_close_only,https://www.twse.com.tw/rwd/zh/afterTrading/STOCK_DAY?date=20251101&stockNo=00631L&response=json,e745d4f69106233dddd680094a3c5b95db52675c6472989024367b7ff5f1d62e,2026-07-30T03:05:31+00:00,authorized_official_ticker_month_route,0,C:\Users\zergv\Documents\Codex\2026-05-23\ai-stock-rotation-radar-https-docs\outputs\radar_three_strategy_exact_raw_close_fill_20260730\checkpoints\00631L\2025-11.json.gz
00631L,2025-11-27,TWSE,331.75,official_twse_selected_ticker_month_close_only,official_unadjusted_execution_close_only,https://www.twse.com.tw/rwd/zh/afterTrading/STOCK_DAY?date=20251101&stockNo=00631L&response=json,e745d4f69106233dddd680094a3c5b95db52675c6472989024367b7ff5f1d62e,2026-07-30T03:05:31+00:00,authorized_official_ticker_month_route,0,C:\Users\zergv\Documents\Codex\2026-05-23\ai-stock-rotation-radar-https-docs\outputs\radar_three_strategy_exact_raw_close_fill_20260730\checkpoints\00631L\2025-11.json.gz
00631L,2025-11-28,TWSE,336.6,official_twse_selected_ticker_month_close_only,official_unadjusted_execution_close_only,https://www.twse.com.tw/rwd/zh/afterTrading/STOCK_DAY?date=20251101&stockNo=00631L&response=json,e745d4f69106233dddd680094a3c5b95db52675c6472989024367b7ff5f1d62e,2026-07-30T03:05:31+00:00,authorized_official_ticker_month_route,0,C:\Users\zergv\Documents\Codex\2026-05-23\ai-stock-rotation-radar-https-docs\outputs\radar_three_strategy_exact_raw_close_fill_20260730\checkpoints\00631L\2025-11.json.gz
00631L,2025-12-31,TWSE,362.9,official_twse_selected_ticker_month_close_only,official_unadjusted_execution_close_only,https://www.twse.com.tw/rwd/zh/afterTrading/STOCK_DAY?date=20251201&stockNo=00631L&response=json,e986c1caf303ee2c43e1cbb16e56dfa15a9809a40267fb52eb5d4c71b69ff69f,2026-07-30T03:05:33+00:00,authorized_official_ticker_month_route,0,C:\Users\zergv\Documents\Codex\2026-05-23\ai-stock-rotation-radar-https-docs\outputs\radar_three_strategy_exact_raw_close_fill_20260730\checkpoints\00631L\2025-12.json.gz
00631L,2026-01-30,TWSE,444.95,official_twse_selected_ticker_month_close_only,official_unadjusted_execution_close_only,https://www.twse.com.tw/rwd/zh/afterTrading/STOCK_DAY?date=20260101&stockNo=00631L&response=json,27694ba974808bca745ff83c0dca9f00faa6a59237babde178009bac328b6040,2026-07-30T03:05:34+00:00,authorized_official_ticker_month_route,0,C:\Users\zergv\Documents\Codex\2026-05-23\ai-stock-rotation-radar-https-docs\outputs\radar_three_strategy_exact_raw_close_fill_20260730\checkpoints\00631L\2026-01.json.gz
00631L,2026-02-26,TWSE,537.85,official_twse_selected_ticker_month_close_only,official_unadjusted_execution_close_only,https://www.twse.com.tw/rwd/zh/afterTrading/STOCK_DAY?date=20260201&stockNo=00631L&response=json,1f5735c3ed5b69fee9dce88f57ede4af8d1067a2c4c28494254503ecd922b4bb,2026-07-30T03:05:35+00:00,authorized_official_ticker_month_route,0,C:\Users\zergv\Documents\Codex\2026-05-23\ai-stock-rotation-radar-https-docs\outputs\radar_three_strategy_exact_raw_close_fill_20260730\checkpoints\00631L\2026-02.json.gz
00631L,2026-03-10,TWSE,449.85,official_twse_selected_ticker_month_close_only,official_unadjusted_execution_close_only,https://www.twse.com.tw/rwd/zh/afterTrading/STOCK_DAY?date=20260301&stockNo=00631L&response=json,3544a28c53892f6dbfeb944d67a708ca904dc98b8a1a0bd09ecf783462e89b0d,2026-07-30T03:05:36+00:00,authorized_official_ticker_month_route,0,C:\Users\zergv\Documents\Codex\2026-05-23\ai-stock-rotation-radar-https-docs\outputs\radar_three_strategy_exact_raw_close_fill_20260730\checkpoints\00631L\2026-03.json.gz
00631L,2026-04-02,TWSE,20.0,official_twse_selected_ticker_month_close_only,official_unadjusted_execution_close_only,https://www.twse.com.tw/rwd/zh/afterTrading/STOCK_DAY?date=20260401&stockNo=00631L&response=json,83fac729d77c3cf22c8c148c4e7dfe962d08e9acad9fd37a9e57c19b86d60ddd,2026-07-30T03:05:38+00:00,authorized_official_ticker_month_route,0,C:\Users\zergv\Documents\Codex\2026-05-23\ai-stock-rotation-radar-https-docs\outputs\radar_three_strategy_exact_raw_close_fill_20260730\checkpoints\00631L\2026-04.json.gz
00631L,2026-04-30,TWSE,28.61,official_twse_selected_ticker_month_close_only,official_unadjusted_execution_close_only,https://www.twse.com.tw/rwd/zh/afterTrading/STOCK_DAY?date=20260401&stockNo=00631L&response=json,83fac729d77c3cf22c8c148c4e7dfe962d08e9acad9fd37a9e57c19b86d60ddd,2026-07-30T03:05:38+00:00,authorized_official_ticker_month_route,0,C:\Users\zergv\Documents\Codex\2026-05-23\ai-stock-rotation-radar-https-docs\outputs\radar_three_strategy_exact_raw_close_fill_20260730\checkpoints\00631L\2026-04.json.gz
00631L,2026-05-29,TWSE,36.94,official_twse_selected_ticker_month_close_only,official_unadjusted_execution_close_only,https://www.twse.com.tw/rwd/zh/afterTrading/STOCK_DAY?date=20260501&stockNo=00631L&response=json,7ce71560d30f81fc612e89c0c854569cd976838eb03ac6e6a7771bb03b63bd4e,2026-07-30T03:05:39+00:00,authorized_official_ticker_month_route,0,C:\Users\zergv\Documents\Codex\2026-05-23\ai-stock-rotation-radar-https-docs\outputs\radar_three_strategy_exact_raw_close_fill_20260730\checkpoints\00631L\2026-05.json.gz
00631L,2026-06-29,TWSE,36.28,official_twse_selected_ticker_month_close_only,official_unadjusted_execution_close_only,https://www.twse.com.tw/rwd/zh/afterTrading/STOCK_DAY?date=20260601&stockNo=00631L&response=json,fe9d1ffefa7b4df540bbbe3f1a22c1fe6780dbf0f752ddd85c2e4db8d8cc72c9,2026-07-30T03:05:40+00:00,authorized_official_ticker_month_route,0,C:\Users\zergv\Documents\Codex\2026-05-23\ai-stock-rotation-radar-https-docs\outputs\radar_three_strategy_exact_raw_close_fill_20260730\checkpoints\00631L\2026-06.json.gz
00631L,2026-07-17,TWSE,32.17,official_twse_selected_ticker_month_close_only,official_unadjusted_execution_close_only,https://www.twse.com.tw/rwd/zh/afterTrading/STOCK_DAY?date=20260701&stockNo=00631L&response=json,7d66e37944d9c9e19417864ccbafd191532930041011cebb6871c3dc87d3e289,2026-07-30T03:05:41+00:00,authorized_official_ticker_month_route,0,C:\Users\zergv\Documents\Codex\2026-05-23\ai-stock-rotation-radar-https-docs\outputs\radar_three_strategy_exact_raw_close_fill_20260730\checkpoints\00631L\2026-07.json.gz
00631L,2026-07-22,TWSE,34.8,official_twse_selected_ticker_month_close_only,official_unadjusted_execution_close_only,https://www.twse.com.tw/rwd/zh/afterTrading/STOCK_DAY?date=20260701&stockNo=00631L&response=json,7d66e37944d9c9e19417864ccbafd191532930041011cebb6871c3dc87d3e289,2026-07-30T03:05:41+00:00,authorized_official_ticker_month_route,0,C:\Users\zergv\Documents\Codex\2026-05-23\ai-stock-rotation-radar-https-docs\outputs\radar_three_strategy_exact_raw_close_fill_20260730\checkpoints\00631L\2026-07.json.gz
3231,2016-09-14,TWSE,21.55,official_raw_close_local_index_reuse,official_unadjusted_execution_close_only,,,,C:\Users\zergv\Documents\Codex\2026-05-23\ai-stock-rotation-radar-https-docs\outputs\radar_vnext_p1_p2_ma_slope_cd50_shifted_path_local_close_extraction_20260716\reusable_one_shot_close_index.csv.gz,0,
