ticker,query_year_roc,query_month,source_route,source_url,payload,payload_hash,raw_cache_path,response_hash,route_status,route_error,retrieved_at_utc
1101,104,02,mops_api_t05st01,https://mops.twse.com.tw/mops/#/web/t05st01,"{""companyId"": ""1101"", ""firstDay"": """", ""lastDay"": """", ""month"": ""02"", ""year"": ""104""}",446c5047d7dcf74f41c68d3543c5fc2fd81e216af35229dd6b2e06b8bf7940eb,raw_cache\1101_104_02_list.json,e97ef99a3fdb980f0d8b73f1f47e1815a348bd246b11bb8c2cae81cac8d8a9d9,cache_hit,,2026-07-30T02:10:42+00:00
1101,104,03,mops_api_t05st01,https://mops.twse.com.tw/mops/#/web/t05st01,"{""companyId"": ""1101"", ""firstDay"": """", ""lastDay"": """", ""month"": ""03"", ""year"": ""104""}",b2de09a2fcb968653dfabfc7d5024d2f384132b787388336ea164ae2ba4ea912,raw_cache\1101_104_03_list.json,9cc53069d22c3f3a87b73c343aeda35f792d7f55f4e3c54a14bcc3d7adaf7a00,cache_hit,,2026-07-30T02:10:42+00:00
1101,104,03,mops_api_t05st01_detail,https://mops.twse.com.tw/mops/#/web/t05st01,"{""companyId"": ""1101"", ""enterDate"": ""1040327"", ""marketKind"": ""sii"", ""serialNumber"": ""1""}",b55ab22b0759d73b746d99aa2013ec7e5e0b3186d7f32007ca89746381fd6194,raw_cache\1101_104_03_0_detail.json,f04ce318df2a5c4a50b216a51372d7ee2429b81ac6baa716657613ff5a2201a5,cache_hit,,2026-07-30T02:10:42+00:00
1101,104,04,mops_api_t05st01,https://mops.twse.com.tw/mops/#/web/t05st01,"{""companyId"": ""1101"", ""firstDay"": """", ""lastDay"": """", ""month"": ""04"", ""year"": ""104""}",426061631c13b82592fe4bb50e0b5783471cb9d4af5f57595ab666ae890eacfc,raw_cache\1101_104_04_list.json,5e7d21095f2346927a25a1bf8c01b49ec59d3d64c1227ca1ca9330821c936fd8,cache_hit,,2026-07-30T02:10:42+00:00
1101,104,04,mops_api_t05st01_detail,https://mops.twse.com.tw/mops/#/web/t05st01,"{""companyId"": ""1101"", ""enterDate"": ""1040413"", ""marketKind"": ""sii"", ""serialNumber"": ""2""}",b5a08e0150f81961982f7cb2346df63c020b36b5fb49d15e361ee605f1912738,raw_cache\1101_104_04_3_detail.json,cde1eebbb93d580cae3666272882775e4424be045a4a7f8452ef30cf00ba26a3,cache_hit,,2026-07-30T02:10:42+00:00
1101,107,09,mops_api_t05st01,https://mops.twse.com.tw/mops/#/web/t05st01,"{""companyId"": ""1101"", ""firstDay"": """", ""lastDay"": """", ""month"": ""09"", ""year"": ""107""}",621176dac5a0d243de84903c64eb349555df6c51a16d357971921bc31d082ae4,raw_cache\1101_107_09_list.json,a12fc6278328d0f4211cc4bca6112a96b065611e2e20849bcc64dc2aca0f1f2d,cache_hit,,2026-07-30T02:10:42+00:00
1101,107,10,mops_api_t05st01,https://mops.twse.com.tw/mops/#/web/t05st01,"{""companyId"": ""1101"", ""firstDay"": """", ""lastDay"": """", ""month"": ""10"", ""year"": ""107""}",cf96ce09fd8bedd9675fb9cce911571e2d5cc12aab6db3c5355eedafdc81acfb,raw_cache\1101_107_10_list.json,e209b20d12e4389cc3e2cd44870112add25c3b009e491d1236bfd7499e24a1e3,cache_hit,,2026-07-30T02:10:42+00:00
1101,107,11,mops_api_t05st01,https://mops.twse.com.tw/mops/#/web/t05st01,"{""companyId"": ""1101"", ""firstDay"": """", ""lastDay"": """", ""month"": ""11"", ""year"": ""107""}",7ec85c12a37dddc53ab0f258189c34d96d7b1c42d4392abe31f69c4a762e08c2,raw_cache\1101_107_11_list.json,176e282e7d25f594fa5fab05f7b1ab6ee8f401d185e115d4736b64594462470d,cache_hit,,2026-07-30T02:10:42+00:00
1101,107,12,mops_api_t05st01,https://mops.twse.com.tw/mops/#/web/t05st01,"{""companyId"": ""1101"", ""firstDay"": """", ""lastDay"": """", ""month"": ""12"", ""year"": ""107""}",c7d3bef57a47d35fcf4213878ecd23fc0c1dcdbc344a39cc3eed1cf852efd5f1,raw_cache\1101_107_12_list.json,aabeb31f5b01fe6d10349aff1f4ce60c088c821e86b1d1c1184e20f0c3ceef01,cache_hit,,2026-07-30T02:10:42+00:00
1101,108,01,mops_api_t05st01,https://mops.twse.com.tw/mops/#/web/t05st01,"{""companyId"": ""1101"", ""firstDay"": """", ""lastDay"": """", ""month"": ""01"", ""year"": ""108""}",6ac18fccb720470d8b76debf01d33add9cc93060dbb0a9fe8584e1ba17b9f846,raw_cache\1101_108_01_list.json,018543bd7f4d9bf405c3387d35e91dd8d5b0699498fd02c9767e3a4d18b44bbb,cache_hit,,2026-07-30T02:10:42+00:00
1101,109,06,mops_api_t05st01,https://mops.twse.com.tw/mops/#/web/t05st01,"{""companyId"": ""1101"", ""firstDay"": """", ""lastDay"": """", ""month"": ""06"", ""year"": ""109""}",dde227c2815240c55b8cf71c58f154d1ea75d819e4e52252882231658343003e,raw_cache\1101_109_06_list.json,8750a41fcdda5fea0aa56557bd73244fae2150b26ac396a230ed0e13f6e62457,cache_hit,,2026-07-30T02:10:42+00:00
1101,109,07,mops_api_t05st01,https://mops.twse.com.tw/mops/#/web/t05st01,"{""companyId"": ""1101"", ""firstDay"": """", ""lastDay"": """", ""month"": ""07"", ""year"": ""109""}",c391a5ab4f3b29499cef6f3b080d8664fddd65f8fae43d17e0b84434a7e1eb86,raw_cache\1101_109_07_list.json,dfe382ba4f4e4ba0ae65253265e8411989f740611d1698aa353f4ca1e7429c1c,cache_hit,,2026-07-30T02:10:42+00:00
1101,109,07,mops_api_t05st01_detail,https://mops.twse.com.tw/mops/#/web/t05st01,"{""companyId"": ""1101"", ""enterDate"": ""1090715"", ""marketKind"": ""sii"", ""serialNumber"": ""2""}",db3911b5e8f712921d8969024fae89a84e76cf198ca286e16f6b567a3d5f8a6c,raw_cache\1101_109_07_1_detail.json,3b43126c2ed16197ef089624ec83c080c26e232fdd6fe95ab7d36f9ebfd199bc,cache_hit,,2026-07-30T02:10:42+00:00
1101,109,07,mops_api_t05st01_detail,https://mops.twse.com.tw/mops/#/web/t05st01,"{""companyId"": ""1101"", ""enterDate"": ""1090727"", ""marketKind"": ""sii"", ""serialNumber"": ""1""}",eaf51d8461524b94a1ca7ce1f560550384c7d25604884b7c5818de0706e32e41,raw_cache\1101_109_07_3_detail.json,56b859ca789ee9d499799aa44674a8487eb7472107ffcd9fc15bd62075c957cd,cache_hit,,2026-07-30T02:10:42+00:00
1101,109,08,mops_api_t05st01,https://mops.twse.com.tw/mops/#/web/t05st01,"{""companyId"": ""1101"", ""firstDay"": """", ""lastDay"": """", ""month"": ""08"", ""year"": ""109""}",792527a15062e7c081d0c75fb3501d58dc0aa1cf0944ab281b3054cfd88ac5d0,raw_cache\1101_109_08_list.json,bc5e44520a172b2bdd9047e1a1af939438e7d4d1a4f276102dd00ac24794f445,cache_hit,,2026-07-30T02:10:42+00:00
1101,109,09,mops_api_t05st01,https://mops.twse.com.tw/mops/#/web/t05st01,"{""companyId"": ""1101"", ""firstDay"": """", ""lastDay"": """", ""month"": ""09"", ""year"": ""109""}",51a6f0ea1cf1de6c63c7c711aa99840c324ac5f01b8e599e1bdf7a47d1bf3398,raw_cache\1101_109_09_list.json,3826e253e08a4d587fa65b90e71574eea281fbc01e647116b71c82e5bd8d4b59,cache_hit,,2026-07-30T02:10:42+00:00
1101,109,09,mops_api_t05st01_detail,https://mops.twse.com.tw/mops/#/web/t05st01,"{""companyId"": ""1101"", ""enterDate"": ""1090916"", ""marketKind"": ""sii"", ""serialNumber"": ""2""}",2a14782b72381ea7a2ebe6c0a029ff94b46dc2be3bb208f7392ae3e015c10cd1,raw_cache\1101_109_09_8_detail.json,67bb5933766396ead13aabb9e76ea44937385482f13f2c725bdd73394b587a0c,cache_hit,,2026-07-30T02:10:42+00:00
1101,112,02,mops_api_t05st01,https://mops.twse.com.tw/mops/#/web/t05st01,"{""companyId"": ""1101"", ""firstDay"": """", ""lastDay"": """", ""month"": ""02"", ""year"": ""112""}",2d9a4261ccc392d86065ac9528b97a9b0d614e94f0cf092c3b8dd38a4abea621,raw_cache\1101_112_02_list.json,2e7fd6a7a20e0993521040a41a1ff795cf2d9d44f796a51d6e045d5e3d5f807e,cache_hit,,2026-07-30T02:10:42+00:00
1101,112,02,mops_api_t05st01_detail,https://mops.twse.com.tw/mops/#/web/t05st01,"{""companyId"": ""1101"", ""enterDate"": ""1120224"", ""marketKind"": ""sii"", ""serialNumber"": ""1""}",d1dd05df5c07d098f0e59329cd28bfb32c6eb221dc0542e3fd9fd5c0d32f4e16,raw_cache\1101_112_02_5_detail.json,733b9668c840643965cc2a122addbc66d802db42cc6c1878769421d0f43eba43,cache_hit,,2026-07-30T02:10:42+00:00
1101,112,03,mops_api_t05st01,https://mops.twse.com.tw/mops/#/web/t05st01,"{""companyId"": ""1101"", ""firstDay"": """", ""lastDay"": """", ""month"": ""03"", ""year"": ""112""}",d1fb6d4896df590042ce914a17b5b8d9954015493b5ba730295d6c495c8145d2,raw_cache\1101_112_03_list.json,8650f9f5eca2e1a6f09f6adf3beb5b86333151c3efee6055329c883dfad4a170,cache_hit,,2026-07-30T02:10:42+00:00
1101,112,03,mops_api_t05st01_detail,https://mops.twse.com.tw/mops/#/web/t05st01,"{""companyId"": ""1101"", ""enterDate"": ""1120324"", ""marketKind"": ""sii"", ""serialNumber"": ""1""}",671e2e602b0fbe40c9327fc2ffe7f0c47eeb063a4b55ef7ed97eff4cf14008de,raw_cache\1101_112_03_0_detail.json,d41f085442080588189f176c08df4cf56e6eb60e46e8e6973eb33185e9eac4b0,cache_hit,,2026-07-30T02:10:42+00:00
1101,112,03,mops_api_t05st01_detail,https://mops.twse.com.tw/mops/#/web/t05st01,"{""companyId"": ""1101"", ""enterDate"": ""1120324"", ""marketKind"": ""sii"", ""serialNumber"": ""2""}",3aedb802ba73853b71b89ff6056048695e3e126583467bb18d8b503bd180736d,raw_cache\1101_112_03_1_detail.json,1c469be46e461318eb6d352d2452304211897dc7dd663891a022de8a4ccca95f,cache_hit,,2026-07-30T02:10:42+00:00
1101,112,04,mops_api_t05st01,https://mops.twse.com.tw/mops/#/web/t05st01,"{""companyId"": ""1101"", ""firstDay"": """", ""lastDay"": """", ""month"": ""04"", ""year"": ""112""}",191e5a35ac27313254e34da0b0238803d1fd4a66f9b13fd64761cdf998292131,raw_cache\1101_112_04_list.json,15a89e1b0363298293aaca85cf057169cce15af575257178de6d49cb7e443591,cache_hit,,2026-07-30T02:10:42+00:00
1101,112,05,mops_api_t05st01,https://mops.twse.com.tw/mops/#/web/t05st01,"{""companyId"": ""1101"", ""firstDay"": """", ""lastDay"": """", ""month"": ""05"", ""year"": ""112""}",b12140f5d904389d7d0529a6908f46631cd6987c037d77ba9c3146edf2985d0f,raw_cache\1101_112_05_list.json,ebe795c731234bd19b9f6e44ef3a10b32bc42ce632a9a63dfe6acc23c41e6cfe,cache_hit,,2026-07-30T02:10:42+00:00
1101,112,05,mops_api_t05st01_detail,https://mops.twse.com.tw/mops/#/web/t05st01,"{""companyId"": ""1101"", ""enterDate"": ""1120511"", ""marketKind"": ""sii"", ""serialNumber"": ""1""}",0b095bf319b23a4f35310730b7d33ff8bcc92e71a0f7cbb64ac38dd89437d4ef,raw_cache\1101_112_05_1_detail.json,0ab1403d47886345f58e656e6e6aa73347379a8bc64de69a2df8fc10954a1c31,cache_hit,,2026-07-30T02:10:42+00:00
1216,106,01,mops_api_t05st01,https://mops.twse.com.tw/mops/#/web/t05st01,"{""companyId"": ""1216"", ""firstDay"": """", ""lastDay"": """", ""month"": ""01"", ""year"": ""106""}",e4abd0fcd4fa7619e9ebc15322628e97931ead6b7271a4bc0b7944d298cede3f,raw_cache\1216_106_01_list.json,78d58afb5544f1efb3f16149f1129acd46e85d2011a6d0aec45ac0d18f1c304e,cache_hit,,2026-07-30T02:10:42+00:00
1216,106,01,mops_api_t05st01_detail,https://mops.twse.com.tw/mops/#/web/t05st01,"{""companyId"": ""1216"", ""enterDate"": ""1060113"", ""marketKind"": ""sii"", ""serialNumber"": ""1""}",199f4b04f668b69c8ed8c58dd4b3befceaa52a4fe0e66cd9ec3ff6fee6558211,raw_cache\1216_106_01_0_detail.json,3006da38b85bacdde31b9f70186d62551e77c9390c60822409a4936b17cc86dc,cache_hit,,2026-07-30T02:10:42+00:00
1216,106,01,mops_api_t05st01_detail,https://mops.twse.com.tw/mops/#/web/t05st01,"{""companyId"": ""1216"", ""enterDate"": ""1060116"", ""marketKind"": ""sii"", ""serialNumber"": ""1""}",c825bb523527b62e65a012d0f36aa17f6b5e5183f690e908e3064b4b08549050,raw_cache\1216_106_01_1_detail.json,3d917ba5d03300c62df2778c6827c677aa089c51a2b6cb246cd619ed480ccd54,cache_hit,,2026-07-30T02:10:42+00:00
1216,106,01,mops_api_t05st01_detail,https://mops.twse.com.tw/mops/#/web/t05st01,"{""companyId"": ""1216"", ""enterDate"": ""1060116"", ""marketKind"": ""sii"", ""serialNumber"": ""2""}",8aae917f5d8d882b428bd43dc6cba9a4e826997d8a8802ae1b69e220b8f634f2,raw_cache\1216_106_01_2_detail.json,4eb46e99ff8468527053af371d96a79b4a9104c707ce4abc0eec5c7a07aa286a,cache_hit,,2026-07-30T02:10:42+00:00
1216,106,02,mops_api_t05st01,https://mops.twse.com.tw/mops/#/web/t05st01,"{""companyId"": ""1216"", ""firstDay"": """", ""lastDay"": """", ""month"": ""02"", ""year"": ""106""}",b157aa69c7e6300c15570c262a48d8816ef76772a4b0485cbde40f29a714999a,raw_cache\1216_106_02_list.json,4d32ec5a4fe4a20cbd75ef6096d41be19dd460d2906dc48aba67c58b4c08979f,cache_hit,,2026-07-30T02:10:42+00:00
1216,106,03,mops_api_t05st01,https://mops.twse.com.tw/mops/#/web/t05st01,"{""companyId"": ""1216"", ""firstDay"": """", ""lastDay"": """", ""month"": ""03"", ""year"": ""106""}",37219a4b55193367c36c2c45d33d92edc60663539d1999717c456ca6f8ca04e5,raw_cache\1216_106_03_list.json,b750fb37b658777cbd81de68245fbd1029b1aa95892dd8ceb652c81f7be5c2f6,cache_hit,,2026-07-30T02:10:42+00:00
1216,106,03,mops_api_t05st01_detail,https://mops.twse.com.tw/mops/#/web/t05st01,"{""companyId"": ""1216"", ""enterDate"": ""1060324"", ""marketKind"": ""sii"", ""serialNumber"": ""3""}",e6817e492a33f437eaa9e7068a9349eccc66ff0dde3d1c7454ce4c1d207a4324,raw_cache\1216_106_03_1_detail.json,8b5f8c43e796c28c1c5befb18a3fcb5093d6864d0a99ff2a5ae6e721e491dc1d,cache_hit,,2026-07-30T02:10:42+00:00
1216,106,03,mops_api_t05st01_detail,https://mops.twse.com.tw/mops/#/web/t05st01,"{""companyId"": ""1216"", ""enterDate"": ""1060329"", ""marketKind"": ""sii"", ""serialNumber"": ""1""}",297f10294f1d06f5ca6fc00b2e1e2ade172d9e0186e9807c3a4a9f70fbbd1601,raw_cache\1216_106_03_6_detail.json,974a52a4f4c1098846de56db644663db1d2419bc6d5fa97c5ed4aea31fda4ec3,cache_hit,,2026-07-30T02:10:42+00:00
1216,106,04,mops_api_t05st01,https://mops.twse.com.tw/mops/#/web/t05st01,"{""companyId"": ""1216"", ""firstDay"": """", ""lastDay"": """", ""month"": ""04"", ""year"": ""106""}",158b705b4d693a543a59ad5b0acbdc0a3e98bc79e02fb93b95745b7239a2327b,raw_cache\1216_106_04_list.json,1a51e645be9b1fda8ddbf670c61b7a9e92f60eb398be9e0e5d88f37a992ac7cc,cache_hit,,2026-07-30T02:10:42+00:00
1216,106,06,mops_api_t05st01,https://mops.twse.com.tw/mops/#/web/t05st01,"{""companyId"": ""1216"", ""firstDay"": """", ""lastDay"": """", ""month"": ""06"", ""year"": ""106""}",ef2994911aca455b43d015b995af2803414743b75d9f14f24deac800cf4cdde5,raw_cache\1216_106_06_list.json,a9402848120ef00d366a9a0069a4bd29efa1ca3a1faff448b0440cec8475f8d8,cache_hit,,2026-07-30T02:10:42+00:00
1216,106,07,mops_api_t05st01,https://mops.twse.com.tw/mops/#/web/t05st01,"{""companyId"": ""1216"", ""firstDay"": """", ""lastDay"": """", ""month"": ""07"", ""year"": ""106""}",2d06f04e52f6b32f5cfa05009777f39b98d1efda8f701155cbe6e872c03e62ed,raw_cache\1216_106_07_list.json,350c712948ce19b83ae0d96380bc3038db6aa4c9b14a2d7ced1f8375bc58fdb2,cache_hit,,2026-07-30T02:10:42+00:00
1216,106,07,mops_api_t05st01_detail,https://mops.twse.com.tw/mops/#/web/t05st01,"{""companyId"": ""1216"", ""enterDate"": ""1060706"", ""marketKind"": ""sii"", ""serialNumber"": ""1""}",f032242cf4552b6630846b7c2914b6f31a2a4de3153a020b4e45380f3088d941,raw_cache\1216_106_07_0_detail.json,185f759edbc668df084d5836b0532674424f7b3f043941e4e85680bbbc00cae4,cache_hit,,2026-07-30T02:10:42+00:00
1216,106,08,mops_api_t05st01,https://mops.twse.com.tw/mops/#/web/t05st01,"{""companyId"": ""1216"", ""firstDay"": """", ""lastDay"": """", ""month"": ""08"", ""year"": ""106""}",2cd27051b3ee454d6b2675841057cc45dfd3d80d3b9b7a1cc890300836e7577a,raw_cache\1216_106_08_list.json,e3d43e90dde864645d326d440d6e0d59b5482306b2add2651222d7ad8a318f9a,cache_hit,,2026-07-30T02:10:42+00:00
1216,106,09,mops_api_t05st01,https://mops.twse.com.tw/mops/#/web/t05st01,"{""companyId"": ""1216"", ""firstDay"": """", ""lastDay"": """", ""month"": ""09"", ""year"": ""106""}",f1f9c4a8680dc38a0a682fca6b009c41ab6f1551acd43db419ddf261605b4084,raw_cache\1216_106_09_list.json,4b51a2ac7ca57fab8820d452df7dc749eb92f456b2ec6f27492989605beca648,cache_hit,,2026-07-30T02:10:42+00:00
1216,106,10,mops_api_t05st01,https://mops.twse.com.tw/mops/#/web/t05st01,"{""companyId"": ""1216"", ""firstDay"": """", ""lastDay"": """", ""month"": ""10"", ""year"": ""106""}",f94ebc0145d8ba72e7fc57c3cd01d089ad3c09575c0d627454dec3684fbf9f60,raw_cache\1216_106_10_list.json,210d98f67fa9b36f4b4abf8ea6e801e99a225cf08284235680b88eac0c01f9aa,cache_hit,,2026-07-30T02:10:42+00:00
1216,106,11,mops_api_t05st01,https://mops.twse.com.tw/mops/#/web/t05st01,"{""companyId"": ""1216"", ""firstDay"": """", ""lastDay"": """", ""month"": ""11"", ""year"": ""106""}",2315bb034d29a7ac64e4ee573871f93fa61367cd12dba75f0b3561aaaec65dcc,raw_cache\1216_106_11_list.json,310b22f31a51f6a18a48add70d63463a7d20555ca39b80cf6c446ee034f4847c,cache_hit,,2026-07-30T02:10:42+00:00
1216,106,12,mops_api_t05st01,https://mops.twse.com.tw/mops/#/web/t05st01,"{""companyId"": ""1216"", ""firstDay"": """", ""lastDay"": """", ""month"": ""12"", ""year"": ""106""}",6c35d3802f054000ce192fbf84fc7010a2431e9f23490dbe95d1386b372c90b3,raw_cache\1216_106_12_list.json,00d83e17b4c2a9383e4f58666b79371f30236b68d32800f26499a7ab25c27432,cache_hit,,2026-07-30T02:10:42+00:00
1216,106,12,mops_api_t05st01_detail,https://mops.twse.com.tw/mops/#/web/t05st01,"{""companyId"": ""1216"", ""enterDate"": ""1061207"", ""marketKind"": ""sii"", ""serialNumber"": ""1""}",11235ec07863a01de2a461b05acc0451e01a286eb002b4a99ea95ac7480c23ac,raw_cache\1216_106_12_1_detail.json,4c578d186c43e6d84530236ac021e25cf54943d9dad45724c92e6bff7b7bb44f,cache_hit,,2026-07-30T02:10:42+00:00
1216,106,12,mops_api_t05st01_detail,https://mops.twse.com.tw/mops/#/web/t05st01,"{""companyId"": ""1216"", ""enterDate"": ""1061207"", ""marketKind"": ""sii"", ""serialNumber"": ""2""}",63c789fd5238ae56dca0adf9a88543e71fb0be8acc2b1475ba540b4392ba8528,raw_cache\1216_106_12_2_detail.json,74956daf048079a80e1950abf9adc242b08e8281568f25494a5dc5370adcb5e0,cache_hit,,2026-07-30T02:10:42+00:00
1216,106,12,mops_api_t05st01_detail,https://mops.twse.com.tw/mops/#/web/t05st01,"{""companyId"": ""1216"", ""enterDate"": ""1061207"", ""marketKind"": ""sii"", ""serialNumber"": ""3""}",6326c68dc22dc3fb62e6e19c0f4706ab76ad73fd6ff3c26ce26c64c0bd3c245b,raw_cache\1216_106_12_3_detail.json,51abd04888c34fe82925ba5312c40b55716bcd814d124356931c1b34d46755ff,cache_hit,,2026-07-30T02:10:42+00:00
1216,108,03,mops_api_t05st01,https://mops.twse.com.tw/mops/#/web/t05st01,"{""companyId"": ""1216"", ""firstDay"": """", ""lastDay"": """", ""month"": ""03"", ""year"": ""108""}",f7052e47037f1287bf53e20ce451baef3b639a5e7b9bc806e04d6cfd11c7a513,raw_cache\1216_108_03_list.json,4f1468af999f06475401729d478adfac2a1b3a9d7c7fc6062356fbe7637e571f,cache_hit,,2026-07-30T02:10:42+00:00
1216,108,03,mops_api_t05st01_detail,https://mops.twse.com.tw/mops/#/web/t05st01,"{""companyId"": ""1216"", ""enterDate"": ""1080322"", ""marketKind"": ""sii"", ""serialNumber"": ""1""}",1411e8f0df57bd09a548c4c731f63d0a650457a8bcc5f2b0cc7e14c5e8fdf038,raw_cache\1216_108_03_3_detail.json,cda809260850d48a65859dbc4de490954bd79802635c3f1d38dfc77fb850240b,cache_hit,,2026-07-30T02:10:42+00:00
1216,108,03,mops_api_t05st01_detail,https://mops.twse.com.tw/mops/#/web/t05st01,"{""companyId"": ""1216"", ""enterDate"": ""1080322"", ""marketKind"": ""sii"", ""serialNumber"": ""3""}",f7d29f702e433367ff4a645bc2d0161548c622085a979487c4e4416de27f87b3,raw_cache\1216_108_03_5_detail.json,b7d15358b3ac6ad2902706888a1cdae3a9fb3052875e4746b1dbe4ede5e352b5,cache_hit,,2026-07-30T02:10:42+00:00
1216,108,03,mops_api_t05st01_detail,https://mops.twse.com.tw/mops/#/web/t05st01,"{""companyId"": ""1216"", ""enterDate"": ""1080322"", ""marketKind"": ""sii"", ""serialNumber"": ""6""}",943b64863b5b3e33d6e2291a4e220a9d5022b6952fa469b74dca0ce25633cb60,raw_cache\1216_108_03_8_detail.json,ce1fef92826381a854e2e96363cab2af7f69cd9209372fd5a30c64158be847dd,cache_hit,,2026-07-30T02:10:42+00:00
1216,108,03,mops_api_t05st01_detail,https://mops.twse.com.tw/mops/#/web/t05st01,"{""companyId"": ""1216"", ""enterDate"": ""1080322"", ""marketKind"": ""sii"", ""serialNumber"": ""7""}",aa2825c90e539cca4e69465d215c3ae34164e339e7fe0bdf985bc95035d84574,raw_cache\1216_108_03_9_detail.json,1c322505802ebb996e913e6a4973da087be082da70b373d2d5e31f89fef463fc,cache_hit,,2026-07-30T02:10:42+00:00
1216,108,03,mops_api_t05st01_detail,https://mops.twse.com.tw/mops/#/web/t05st01,"{""companyId"": ""1216"", ""enterDate"": ""1080327"", ""marketKind"": ""sii"", ""serialNumber"": ""4""}",a2c149d105a278a4c0dcea89cdb7d9cdd3ef98a0593289ac5edb82a23278c34f,raw_cache\1216_108_03_13_detail.json,5afeab62e4e6b6012b0a57337f7b361d099b660e7121ebf7a1156d1c3a2f0c40,cache_hit,,2026-07-30T02:10:42+00:00
1216,108,04,mops_api_t05st01,https://mops.twse.com.tw/mops/#/web/t05st01,"{""companyId"": ""1216"", ""firstDay"": """", ""lastDay"": """", ""month"": ""04"", ""year"": ""108""}",213db1a958b2557ba0693f921f0625a9a969c545a3df5010ed9cbe62c5f3235d,raw_cache\1216_108_04_list.json,e462e3c0103d1fa981d4d6dbdcc8db4c37293cb492f77c679db15cae8d4f18d6,cache_hit,,2026-07-30T02:10:42+00:00
1216,108,05,mops_api_t05st01,https://mops.twse.com.tw/mops/#/web/t05st01,"{""companyId"": ""1216"", ""firstDay"": """", ""lastDay"": """", ""month"": ""05"", ""year"": ""108""}",da2f585efe2c95f44bd3559b40fa1f79bac49ea4599b54dac717cd481139e22f,raw_cache\1216_108_05_list.json,a5aaad12c3551d476623b3072637dafd7300e647cb46614b34de3953689bb8c7,cache_hit,,2026-07-30T02:10:42+00:00
1216,108,05,mops_api_t05st01_detail,https://mops.twse.com.tw/mops/#/web/t05st01,"{""companyId"": ""1216"", ""enterDate"": ""1080516"", ""marketKind"": ""sii"", ""serialNumber"": ""1""}",f2ed2326398bd9745ec0fb2b4eb94f535d59447a28bc859f77f5174e4202d0c8,raw_cache\1216_108_05_4_detail.json,c460329b23821b5d0b861ca218cfa941bbc118992bbccf484c4245d2b9278696,cache_hit,,2026-07-30T02:10:42+00:00
1216,108,05,mops_api_t05st01_detail,https://mops.twse.com.tw/mops/#/web/t05st01,"{""companyId"": ""1216"", ""enterDate"": ""1080516"", ""marketKind"": ""sii"", ""serialNumber"": ""2""}",79cf9bead7a7982f71f130bc5dd3a16f063f79cec70c8ed10cdf017b38ab4726,raw_cache\1216_108_05_5_detail.json,fcf14f4e8341015e9354416c6de38276ef2acb8140f59b0c1f1084f056479bc0,cache_hit,,2026-07-30T02:10:42+00:00
1216,108,05,mops_api_t05st01_detail,https://mops.twse.com.tw/mops/#/web/t05st01,"{""companyId"": ""1216"", ""enterDate"": ""1080516"", ""marketKind"": ""sii"", ""serialNumber"": ""3""}",82474008bfffe758958b4c6be5338142a3b0da98b669182cc27f4bf95b2eac52,raw_cache\1216_108_05_6_detail.json,e3b6d4a952efce05ab7adc52b2eb8cdad7a273a2ea63db10a0766a695ac37407,cache_hit,,2026-07-30T02:10:42+00:00
1216,108,05,mops_api_t05st01_detail,https://mops.twse.com.tw/mops/#/web/t05st01,"{""companyId"": ""1216"", ""enterDate"": ""1080517"", ""marketKind"": ""sii"", ""serialNumber"": ""1""}",143cc276092d8c839bc08855555416ad1cbc6e12ee4cc8182ba8e6ff35132004,raw_cache\1216_108_05_8_detail.json,9b488b44a1badf40d528ba36916c6dc0c82cddb00482b124c9610015345c0aa4,cache_hit,,2026-07-30T02:10:42+00:00
1216,108,06,mops_api_t05st01,https://mops.twse.com.tw/mops/#/web/t05st01,"{""companyId"": ""1216"", ""firstDay"": """", ""lastDay"": """", ""month"": ""06"", ""year"": ""108""}",c73de66102717f8169d3c9becfb2d28c0e26a47c8d3c2172d32f68ba7ddcd923,raw_cache\1216_108_06_list.json,58e8ca1bb1547544bf55ef294ffba0b155ea46dac877e9c00d7212dbef0a81f0,cache_hit,,2026-07-30T02:10:42+00:00
1216,108,06,mops_api_t05st01_detail,https://mops.twse.com.tw/mops/#/web/t05st01,"{""companyId"": ""1216"", ""enterDate"": ""1080628"", ""marketKind"": ""sii"", ""serialNumber"": ""1""}",2647a689f81b3bcbc1a3f28ece3539eab5f0ed32e75f26281b3fe9d0c674a442,raw_cache\1216_108_06_12_detail.json,ed387f62aca0a159cafcbd9072b815095cdfb184ba8fec5e73554d5dccd8fb54,cache_hit,,2026-07-30T02:10:42+00:00
1216,108,06,mops_api_t05st01_detail,https://mops.twse.com.tw/mops/#/web/t05st01,"{""companyId"": ""1216"", ""enterDate"": ""1080628"", ""marketKind"": ""sii"", ""serialNumber"": ""2""}",c69f5962a4fb64ce555d16b47dafc5170509046a2eb2e951596b36410393c60a,raw_cache\1216_108_06_13_detail.json,630ff9928165f8cf9c451f6cfe3a9d274cb22bc5da9dce06a50aad17347b72b3,cache_hit,,2026-07-30T02:10:42+00:00
1216,108,06,mops_api_t05st01_detail,https://mops.twse.com.tw/mops/#/web/t05st01,"{""companyId"": ""1216"", ""enterDate"": ""1080628"", ""marketKind"": ""sii"", ""serialNumber"": ""3""}",392f70262341830dcf1e8497c9f1097b86400a1bfaee804d743509038aeb0d3f,raw_cache\1216_108_06_14_detail.json,e0bf0f17e5456081821eff6ee0f064b2cf5fe60f34be0c0f93653fd0169fd625,cache_hit,,2026-07-30T02:10:42+00:00
1216,109,10,mops_api_t05st01,https://mops.twse.com.tw/mops/#/web/t05st01,"{""companyId"": ""1216"", ""firstDay"": """", ""lastDay"": """", ""month"": ""10"", ""year"": ""109""}",1b0e9e1ad12bf0a85e7d7c5306ac72d36639d7404fb7f5b9f5b868900ce048e1,raw_cache\1216_109_10_list.json,8bced602f4286e7d20d1f947acd702bab57eba8959750a7750848cbf5b07b616,cache_hit,,2026-07-30T02:10:42+00:00
1216,109,11,mops_api_t05st01,https://mops.twse.com.tw/mops/#/web/t05st01,"{""companyId"": ""1216"", ""firstDay"": """", ""lastDay"": """", ""month"": ""11"", ""year"": ""109""}",e6ea146351e62ed5233eecac1bf609cd6c387c6e87168b82bd0d83cd746557bf,raw_cache\1216_109_11_list.json,8307155b4dbe10c3e06c72ccb658e1d0275a9eba3f48625ed88a9fda5cceb0df,cache_hit,,2026-07-30T02:10:42+00:00
1216,109,11,mops_api_t05st01_detail,https://mops.twse.com.tw/mops/#/web/t05st01,"{""companyId"": ""1216"", ""enterDate"": ""1091111"", ""marketKind"": ""sii"", ""serialNumber"": ""1""}",0bd361fa994f2e67bc499b4ff31d0118bb0cbd784932703fa5bd2b106883cd6a,raw_cache\1216_109_11_0_detail.json,0549e73dfae47ca76772b26d03f7dc53c32535675af3223de680e86fd995c544,cache_hit,,2026-07-30T02:10:42+00:00
1216,109,11,mops_api_t05st01_detail,https://mops.twse.com.tw/mops/#/web/t05st01,"{""companyId"": ""1216"", ""enterDate"": ""1091127"", ""marketKind"": ""sii"", ""serialNumber"": ""1""}",ca8819e1405a2b612a12739b092f986dcd91035309b586682cf80f68ebd8b3cb,raw_cache\1216_109_11_2_detail.json,12e2c1a67d935b6051176f502fe7f025c7a7241946ebec0fbb0ac74386666c0e,cache_hit,,2026-07-30T02:10:42+00:00
1216,109,11,mops_api_t05st01_detail,https://mops.twse.com.tw/mops/#/web/t05st01,"{""companyId"": ""1216"", ""enterDate"": ""1091127"", ""marketKind"": ""sii"", ""serialNumber"": ""2""}",5b772fc9f91e74d3bee32edff06ff69074c7bbfe757e9da96304c133c4126aa5,raw_cache\1216_109_11_3_detail.json,a6b5d7e2d556a48f5d81f81e6b2f609c6e513fa67f2a9b7c47753e079617d7ec,cache_hit,,2026-07-30T02:10:42+00:00
1216,109,11,mops_api_t05st01_detail,https://mops.twse.com.tw/mops/#/web/t05st01,"{""companyId"": ""1216"", ""enterDate"": ""1091127"", ""marketKind"": ""sii"", ""serialNumber"": ""3""}",b40a5721d6eff8c6108a604ea5c9b67c3e5d373a47ba869bab5f4cf5880d82d8,raw_cache\1216_109_11_4_detail.json,4585c947b5164d5210266282caa5ef321d43d800696405b0dad71e07713a36b9,cache_hit,,2026-07-30T02:10:42+00:00
1216,109,12,mops_api_t05st01,https://mops.twse.com.tw/mops/#/web/t05st01,"{""companyId"": ""1216"", ""firstDay"": """", ""lastDay"": """", ""month"": ""12"", ""year"": ""109""}",5d6bc5271e86b875d57c6076989f37a270b94f9a6fe30c9a5586052d4d75d2b0,raw_cache\1216_109_12_list.json,1f93d80db8d83480b9478654dfa34baed992cc9716ebc47264765313f8b2a13f,cache_hit,,2026-07-30T02:10:42+00:00
1216,111,05,mops_api_t05st01,https://mops.twse.com.tw/mops/#/web/t05st01,"{""companyId"": ""1216"", ""firstDay"": """", ""lastDay"": """", ""month"": ""05"", ""year"": ""111""}",bbe37cae1c0a19b8b8f96d9558c6b7354cac9d483fbcabc72d1c6c7002ea0a5d,raw_cache\1216_111_05_list.json,10c9cfe590801e82edd56b8f29d453a4066004478022a7d32d75e22e837731d2,cache_hit,,2026-07-30T02:10:42+00:00
1216,111,05,mops_api_t05st01_detail,https://mops.twse.com.tw/mops/#/web/t05st01,"{""companyId"": ""1216"", ""enterDate"": ""1110511"", ""marketKind"": ""sii"", ""serialNumber"": ""1""}",32daec426af9bd5bcb0ca05a80f68a6baa353476463cb4b6d5a1a10a35faaa63,raw_cache\1216_111_05_1_detail.json,d8a418b500513a846927a0d93f202d1929f422021c15851a0c1961762bc74556,cache_hit,,2026-07-30T02:10:42+00:00
1216,111,05,mops_api_t05st01_detail,https://mops.twse.com.tw/mops/#/web/t05st01,"{""companyId"": ""1216"", ""enterDate"": ""1110511"", ""marketKind"": ""sii"", ""serialNumber"": ""3""}",4ae67e19e9c8a84238cb503fe07751c79883b9f8a44b9dd4c5978b3fdd3fe28c,raw_cache\1216_111_05_3_detail.json,c854ad22435e115bcf5908dcbe045c30bce9399a16808481eb103e3d95a49f92,cache_hit,,2026-07-30T02:10:42+00:00
1216,111,05,mops_api_t05st01_detail,https://mops.twse.com.tw/mops/#/web/t05st01,"{""companyId"": ""1216"", ""enterDate"": ""1110511"", ""marketKind"": ""sii"", ""serialNumber"": ""4""}",79ed194f6052994aa2deca7b1e7c453ea1e6267679fdbff42aeef371aeb80653,raw_cache\1216_111_05_4_detail.json,4c3b37ce18bd5e1e344d0647fe8457bfa0f06a31439cb3d53babbf1754a60ddd,cache_hit,,2026-07-30T02:10:42+00:00
1216,111,05,mops_api_t05st01_detail,https://mops.twse.com.tw/mops/#/web/t05st01,"{""companyId"": ""1216"", ""enterDate"": ""1110511"", ""marketKind"": ""sii"", ""serialNumber"": ""5""}",5ee05291ff213c94576cf9ac39a82ee2854acbb757fc8ac4cd99aa13ea37d4c6,raw_cache\1216_111_05_5_detail.json,aca0a6a579b8312e3a24bd9cccd895cadabbdb09b1504c604504a09d2bcf7e84,cache_hit,,2026-07-30T02:10:42+00:00
1216,111,05,mops_api_t05st01_detail,https://mops.twse.com.tw/mops/#/web/t05st01,"{""companyId"": ""1216"", ""enterDate"": ""1110518"", ""marketKind"": ""sii"", ""serialNumber"": ""1""}",b0a071424571fde4730ca7dceda4d7dcb69b870bb7c6bbb3cff09aca0a3e5156,raw_cache\1216_111_05_7_detail.json,fc456296d18a7d94c392536107da013400fb5f494938d8f69124026056bc7842,cache_hit,,2026-07-30T02:10:42+00:00
1216,111,05,mops_api_t05st01_detail,https://mops.twse.com.tw/mops/#/web/t05st01,"{""companyId"": ""1216"", ""enterDate"": ""1110518"", ""marketKind"": ""sii"", ""serialNumber"": ""2""}",9dbb2a5472a1b759ef4a2e31b92bbfe249299fa28fb8da812c0914200d35e917,raw_cache\1216_111_05_8_detail.json,313d7d5bb0e7574afef3c54b410e7ba7f9cab61b266682f3f77cd53ae0f101ae,cache_hit,,2026-07-30T02:10:42+00:00
1216,111,05,mops_api_t05st01_detail,https://mops.twse.com.tw/mops/#/web/t05st01,"{""companyId"": ""1216"", ""enterDate"": ""1110518"", ""marketKind"": ""sii"", ""serialNumber"": ""3""}",f77af7fe03bbc9347d4b3706e5f24a31f3d4bac025d150fd379d331c8b15f79e,raw_cache\1216_111_05_9_detail.json,d82c1f4f6984777cfb58c4be52aedbeb71afbf6e252b80ec49d30bab331ffa59,cache_hit,,2026-07-30T02:10:42+00:00
1216,111,05,mops_api_t05st01_detail,https://mops.twse.com.tw/mops/#/web/t05st01,"{""companyId"": ""1216"", ""enterDate"": ""1110525"", ""marketKind"": ""sii"", ""serialNumber"": ""1""}",41baa6a403d9052232a31628f27ec38e84615fa087eb4245b5b84002f6740476,raw_cache\1216_111_05_10_detail.json,5fa53efccea7214fa73a9d24dd7fb0a32be04ae129a593e40a769f7ca2670362,cache_hit,,2026-07-30T02:10:42+00:00
1216,111,05,mops_api_t05st01_detail,https://mops.twse.com.tw/mops/#/web/t05st01,"{""companyId"": ""1216"", ""enterDate"": ""1110525"", ""marketKind"": ""sii"", ""serialNumber"": ""2""}",6777a816e58fddcf55f05308a1f14a2f3cccf6c55e7f77e0960e2fa6068924ca,raw_cache\1216_111_05_11_detail.json,449b8bc4fedbce243e14e71e6d82b15d3e1595b97eae1dd54c8f96558d717ae9,cache_hit,,2026-07-30T02:10:42+00:00
1216,111,05,mops_api_t05st01_detail,https://mops.twse.com.tw/mops/#/web/t05st01,"{""companyId"": ""1216"", ""enterDate"": ""1110525"", ""marketKind"": ""sii"", ""serialNumber"": ""3""}",a13a7b4cae8f410ea46b368a6ab424615a47522201d4c4b78d121036b53e657f,raw_cache\1216_111_05_12_detail.json,d53dc5648c4a132d9c865a59f126e7caa7619688290da734d670a2515db2aecc,cache_hit,,2026-07-30T02:10:42+00:00
1216,111,05,mops_api_t05st01_detail,https://mops.twse.com.tw/mops/#/web/t05st01,"{""companyId"": ""1216"", ""enterDate"": ""1110527"", ""marketKind"": ""sii"", ""serialNumber"": ""3""}",49d6c05a43caaf43a4201c077eaccd231514a7b64099dd1e7c44781727668e4d,raw_cache\1216_111_05_15_detail.json,c8229a64f7d5d0111629b1d804f91d01cd0d1ddb776887cf1941b219dd3ea62e,cache_hit,,2026-07-30T02:10:42+00:00
1216,111,06,mops_api_t05st01,https://mops.twse.com.tw/mops/#/web/t05st01,"{""companyId"": ""1216"", ""firstDay"": """", ""lastDay"": """", ""month"": ""06"", ""year"": ""111""}",1c71c8d61e6429ed4764c498f225b16bf16731f7eb277450e574e591e8b641ca,raw_cache\1216_111_06_list.json,4cff7e96687d62f5b7b7f281efeb9b33d1c6ba7588351b98b709139ad98c6e2f,cache_hit,,2026-07-30T02:10:42+00:00
1216,111,06,mops_api_t05st01_detail,https://mops.twse.com.tw/mops/#/web/t05st01,"{""companyId"": ""1216"", ""enterDate"": ""1110608"", ""marketKind"": ""sii"", ""serialNumber"": ""3""}",37346f24726aaca7d4cca2ac3aa23d4a5010039ccc58cf72aa5f282847c36578,raw_cache\1216_111_06_3_detail.json,1524926f3e9a41bb62913d0448480aa8d5d0a703d0b12be80cd81d8eba13d035,cache_hit,,2026-07-30T02:10:42+00:00
1216,111,06,mops_api_t05st01_detail,https://mops.twse.com.tw/mops/#/web/t05st01,"{""companyId"": ""1216"", ""enterDate"": ""1110608"", ""marketKind"": ""sii"", ""serialNumber"": ""4""}",733d9a95350ac51aa62ed69208b770ad8fa5a0b3d302ebceed31425e079b5cd7,raw_cache\1216_111_06_4_detail.json,f0eedd42d3ac9a059703fef5e3daa96c9cacc874e40d42b4e68a044a0b43e5a4,cache_hit,,2026-07-30T02:10:42+00:00
1216,111,06,mops_api_t05st01_detail,https://mops.twse.com.tw/mops/#/web/t05st01,"{""companyId"": ""1216"", ""enterDate"": ""1110608"", ""marketKind"": ""sii"", ""serialNumber"": ""6""}",ae082c7bffd7d3a9b4a56d00f9fa23479b486457ad8ba9ae9157f382f73b0830,raw_cache\1216_111_06_5_detail.json,3465bf569b8c0ec914a9d1ef585a0279bb183a6295b2dbb8d92aceb73932ee8f,cache_hit,,2026-07-30T02:10:42+00:00
1216,111,06,mops_api_t05st01_detail,https://mops.twse.com.tw/mops/#/web/t05st01,"{""companyId"": ""1216"", ""enterDate"": ""1110613"", ""marketKind"": ""sii"", ""serialNumber"": ""1""}",8c7898741ea0b7535e8c5cccb7e83f78a572ddc74015f0bdcd617847cdb490e5,raw_cache\1216_111_06_8_detail.json,d23ce9e6ab9093b17d63702085a6d14b09682e1b54a3196faf8a8e740593a8c9,cache_hit,,2026-07-30T02:10:42+00:00
1216,111,07,mops_api_t05st01,https://mops.twse.com.tw/mops/#/web/t05st01,"{""companyId"": ""1216"", ""firstDay"": """", ""lastDay"": """", ""month"": ""07"", ""year"": ""111""}",1bbe1cb42fe2307aa91d2e056b378861e9f0c50e6a9f25ca784ad1e654e64158,raw_cache\1216_111_07_list.json,9673a61526ff27ad305fdf0965b4e38023b972e0b5a8ae55741b69f6440bc2b9,cache_hit,,2026-07-30T02:10:42+00:00
1216,111,08,mops_api_t05st01,https://mops.twse.com.tw/mops/#/web/t05st01,"{""companyId"": ""1216"", ""firstDay"": """", ""lastDay"": """", ""month"": ""08"", ""year"": ""111""}",5acdbdbbaa2c3164eb2c42375d51443fdef98e859a33c3b48529123e4e97e74f,raw_cache\1216_111_08_list.json,6c601b3f7e22e009f9663055806c47129c25e8786e6346732c380b1d915f610f,cache_hit,,2026-07-30T02:10:42+00:00
1216,111,08,mops_api_t05st01_detail,https://mops.twse.com.tw/mops/#/web/t05st01,"{""companyId"": ""1216"", ""enterDate"": ""1110810"", ""marketKind"": ""sii"", ""serialNumber"": ""2""}",eb1945a8683d6f506bd4aca8b2647c3a3ac25f5035fb34dbffeba7e1a1c3b263,raw_cache\1216_111_08_5_detail.json,a94a5055674f039c9e25a823c109e76a7d8ed83f163669ad662d7c16a00f476d,cache_hit,,2026-07-30T02:10:42+00:00
1216,111,09,mops_api_t05st01,https://mops.twse.com.tw/mops/#/web/t05st01,"{""companyId"": ""1216"", ""firstDay"": """", ""lastDay"": """", ""month"": ""09"", ""year"": ""111""}",2970fa3605f3aaa8cd219cc4243968e9e85c1ce11baf1a2d055f76fac34f4fcd,raw_cache\1216_111_09_list.json,7150ffb633fd36fe59403897f27059d6e1366d43d3bcb033bd7e16164d3b885e,cache_hit,,2026-07-30T02:10:42+00:00
1216,111,10,mops_api_t05st01,https://mops.twse.com.tw/mops/#/web/t05st01,"{""companyId"": ""1216"", ""firstDay"": """", ""lastDay"": """", ""month"": ""10"", ""year"": ""111""}",b172b5e7309cb6e4311f4670e63b7b54953c54f3aff308267d22f2464d5d790a,raw_cache\1216_111_10_list.json,bba820bb897a6b1cbdb3ab21f2affff7e69502e2ced69905ff0f2ceae8dc71c4,cache_hit,,2026-07-30T02:10:42+00:00
1216,113,02,mops_api_t05st01,https://mops.twse.com.tw/mops/#/web/t05st01,"{""companyId"": ""1216"", ""firstDay"": """", ""lastDay"": """", ""month"": ""02"", ""year"": ""113""}",6a7b87e310b804f2152d38393bd411ccd51186a2bba14ac3365fde139f096d4d,raw_cache\1216_113_02_list.json,10d5413e46488dd4ec9fe50106a38b5d5649c4324e149e3c5408dd16a5c081ee,cache_hit,,2026-07-30T02:10:42+00:00
1216,113,02,mops_api_t05st01_detail,https://mops.twse.com.tw/mops/#/web/t05st01,"{""companyId"": ""1216"", ""enterDate"": ""1130226"", ""marketKind"": ""sii"", ""serialNumber"": ""1""}",4b772aed1548ff714ce1505ef8220b96396b47ec5250cb381745695d248b89b0,raw_cache\1216_113_02_5_detail.json,c47d9bd88b2ca4995c10cbcd40c880b07c3ea6c312d6d9929e1ada07cebc6809,cache_hit,,2026-07-30T02:10:42+00:00
1216,113,03,mops_api_t05st01,https://mops.twse.com.tw/mops/#/web/t05st01,"{""companyId"": ""1216"", ""firstDay"": """", ""lastDay"": """", ""month"": ""03"", ""year"": ""113""}",0f7746074b131b6bfb9c1f3f1b41de0401216357340aa667336403bd29f2d2eb,raw_cache\1216_113_03_list.json,d7468eb2dcfe9ddb5c7e0f569107b25a3b9bf90f45b9d47a507a0f7b5b743c7c,cache_hit,,2026-07-30T02:10:42+00:00
1216,113,03,mops_api_t05st01_detail,https://mops.twse.com.tw/mops/#/web/t05st01,"{""companyId"": ""1216"", ""enterDate"": ""1130301"", ""marketKind"": ""sii"", ""serialNumber"": ""1""}",8dc46d22874415d7d27f06e2a2a0af80432ed818fb5ced09f2dc711387875d85,raw_cache\1216_113_03_2_detail.json,94418520cd3ce7c57a9834e6456f22131f2f8ac6acd70f99de253efd6980bde3,cache_hit,,2026-07-30T02:10:42+00:00
1216,113,03,mops_api_t05st01_detail,https://mops.twse.com.tw/mops/#/web/t05st01,"{""companyId"": ""1216"", ""enterDate"": ""1130304"", ""marketKind"": ""sii"", ""serialNumber"": ""1""}",bdab0dfef7b325a4c81972388790470e7dcf558616950aaec7164de16d1fb923,raw_cache\1216_113_03_4_detail.json,81266e3ed7a2f33d531af23f953911b0b5738b68f3509dee7a06316e83df6ba5,cache_hit,,2026-07-30T02:10:42+00:00
1216,113,03,mops_api_t05st01_detail,https://mops.twse.com.tw/mops/#/web/t05st01,"{""companyId"": ""1216"", ""enterDate"": ""1130307"", ""marketKind"": ""sii"", ""serialNumber"": ""3""}",8bdd95697f547a26df11505b7b74037c02600a0b4aba5c397b53aa29a0c11953,raw_cache\1216_113_03_9_detail.json,013afb0a5d4b10264ff41c4ee105e3256e75ef91451158c8848022925d7381d9,cache_hit,,2026-07-30T02:10:42+00:00
1216,113,03,mops_api_t05st01_detail,https://mops.twse.com.tw/mops/#/web/t05st01,"{""companyId"": ""1216"", ""enterDate"": ""1130307"", ""marketKind"": ""sii"", ""serialNumber"": ""4""}",a8c3ac851f733032cbb95464c8030bc9cf2a2b6c66db878dc15590e1c0c79a3a,raw_cache\1216_113_03_10_detail.json,10b9126f96020e6df315ffb9f48672312c850a4698aa4f79e335c93b1730901a,cache_hit,,2026-07-30T02:10:42+00:00
1216,113,03,mops_api_t05st01_detail,https://mops.twse.com.tw/mops/#/web/t05st01,"{""companyId"": ""1216"", ""enterDate"": ""1130326"", ""marketKind"": ""sii"", ""serialNumber"": ""1""}",ac7d4eb5cda87662907d6c8c280bb20f74390894fcc990c046625047ff901b94,raw_cache\1216_113_03_14_detail.json,d5bb365c8470b0770728fe75a660633608d3d0ef5b4c8657881b9df214cbc11e,cache_hit,,2026-07-30T02:10:42+00:00
1216,113,03,mops_api_t05st01_detail,https://mops.twse.com.tw/mops/#/web/t05st01,"{""companyId"": ""1216"", ""enterDate"": ""1130326"", ""marketKind"": ""sii"", ""serialNumber"": ""2""}",53eadbb8bca7920cb797eea6e999eecafdd628034b9a5c4effa47df613911aa7,raw_cache\1216_113_03_15_detail.json,c062f16a924b3f238befe78b7f5870832e832755b2c9248fb1fee939457dd476,cache_hit,,2026-07-30T02:10:42+00:00
1216,113,03,mops_api_t05st01_detail,https://mops.twse.com.tw/mops/#/web/t05st01,"{""companyId"": ""1216"", ""enterDate"": ""1130326"", ""marketKind"": ""sii"", ""serialNumber"": ""3""}",5412f29c9179a8a61b52e61551c80abc6f7a2a675c9e2752b3fcbcb81eacda0a,raw_cache\1216_113_03_16_detail.json,8510d0f28fec7e2202ca952d38af29ace873484232f9e604531cc793119bb6c6,cache_hit,,2026-07-30T02:10:42+00:00
1216,113,03,mops_api_t05st01_detail,https://mops.twse.com.tw/mops/#/web/t05st01,"{""companyId"": ""1216"", ""enterDate"": ""1130326"", ""marketKind"": ""sii"", ""serialNumber"": ""4""}",2f426f60fb909b1c4511b0e0d41c3f14b4da160c0f27bfae0c5883aa575bb681,raw_cache\1216_113_03_17_detail.json,e0081abbd207490f5dd4673a87a3c7edb3f4274890ba88e6cbc6737cf4df782b,cache_hit,,2026-07-30T02:10:42+00:00
1216,113,04,mops_api_t05st01,https://mops.twse.com.tw/mops/#/web/t05st01,"{""companyId"": ""1216"", ""firstDay"": """", ""lastDay"": """", ""month"": ""04"", ""year"": ""113""}",ff14491f9c6fa0e8839b785eada1b713d2f356bcd956196b91fb58e0827aa56d,raw_cache\1216_113_04_list.json,983a6119e2bbd81dc14845e7fc81cee69698d5e412b6ab536e7a3d3a05906409,cache_hit,,2026-07-30T02:10:42+00:00
1216,113,04,mops_api_t05st01_detail,https://mops.twse.com.tw/mops/#/web/t05st01,"{""companyId"": ""1216"", ""enterDate"": ""1130411"", ""marketKind"": ""sii"", ""serialNumber"": ""1""}",fc8439786e668d776061f855c157e100ca71e736fc108f513c720ff7e764eaa8,raw_cache\1216_113_04_3_detail.json,e96d35533b819ed3136565d60c7fd4c7aa0aeb2dd088c6553854cc080a60970d,cache_hit,,2026-07-30T02:10:42+00:00
1216,113,04,mops_api_t05st01_detail,https://mops.twse.com.tw/mops/#/web/t05st01,"{""companyId"": ""1216"", ""enterDate"": ""1130411"", ""marketKind"": ""sii"", ""serialNumber"": ""2""}",d081cb37ab6b32de32f1d953fb56cbf39c6804ac546aa1c5de7a4a962066381c,raw_cache\1216_113_04_4_detail.json,2e7c76bd6994384ac0f690f8af05b610c7a46227dcc78968ddc380499ffcf03d,cache_hit,,2026-07-30T02:10:42+00:00
1216,113,04,mops_api_t05st01_detail,https://mops.twse.com.tw/mops/#/web/t05st01,"{""companyId"": ""1216"", ""enterDate"": ""1130411"", ""marketKind"": ""sii"", ""serialNumber"": ""3""}",517039df9add629762ea91286c7bd136ed472448fb7108c44cd6c0646cdee8f6,raw_cache\1216_113_04_5_detail.json,7009534a2da298b2e32b56a56fe60f8aa12e8f05fec2cf6ef3418ed4130b4f65,cache_hit,,2026-07-30T02:10:42+00:00
1216,113,04,mops_api_t05st01_detail,https://mops.twse.com.tw/mops/#/web/t05st01,"{""companyId"": ""1216"", ""enterDate"": ""1130419"", ""marketKind"": ""sii"", ""serialNumber"": ""1""}",ec2e14f0f995c3f5174de13172a7677746a1be89af046a55c83a4db3850dda6c,raw_cache\1216_113_04_6_detail.json,22476e1a4fd0a680d8e81d921fef576c1ae02f290464c600665f395b216a489f,cache_hit,,2026-07-30T02:10:42+00:00
1216,113,04,mops_api_t05st01_detail,https://mops.twse.com.tw/mops/#/web/t05st01,"{""companyId"": ""1216"", ""enterDate"": ""1130424"", ""marketKind"": ""sii"", ""serialNumber"": ""1""}",4d8b49c54df85060585fd72e6c02514411e218d79d6bb8b309dc4c3c46d44ee9,raw_cache\1216_113_04_9_detail.json,6fe32f266ada02daf527c3d81a1bc88d69ae6d3e4f23784b247f6b740a5aec1d,cache_hit,,2026-07-30T02:10:42+00:00
1216,113,04,mops_api_t05st01_detail,https://mops.twse.com.tw/mops/#/web/t05st01,"{""companyId"": ""1216"", ""enterDate"": ""1130424"", ""marketKind"": ""sii"", ""serialNumber"": ""2""}",209bb48fa645ab9821857fef68d3899c9218c68d9d464d6adabb11a52ecab396,raw_cache\1216_113_04_10_detail.json,30ab93d599246a205334e98eeee4aeaa26404477c764572fd3112e0f7fa2c59b,cache_hit,,2026-07-30T02:10:42+00:00
1216,113,04,mops_api_t05st01_detail,https://mops.twse.com.tw/mops/#/web/t05st01,"{""companyId"": ""1216"", ""enterDate"": ""1130424"", ""marketKind"": ""sii"", ""serialNumber"": ""3""}",a761b348d9efe18138813d1976ea65d0fbcd15f967c20be3fdf2b9861fbdb52d,raw_cache\1216_113_04_11_detail.json,848d7b174c0fb0f5ec36665a3b1141427ba9b5af7df2bd10daadb3da81a96f8d,cache_hit,,2026-07-30T02:10:42+00:00
1216,113,05,mops_api_t05st01,https://mops.twse.com.tw/mops/#/web/t05st01,"{""companyId"": ""1216"", ""firstDay"": """", ""lastDay"": """", ""month"": ""05"", ""year"": ""113""}",dbf700e46928e06094335c72d51410bc2ee7e62e44b7b0c02106eff1aab2869d,raw_cache\1216_113_05_list.json,456395aa6c7809b11136dc5a21b3346e84946bfb4ad1474187efc3b71322d1fa,cache_hit,,2026-07-30T02:10:42+00:00
1216,113,05,mops_api_t05st01_detail,https://mops.twse.com.tw/mops/#/web/t05st01,"{""companyId"": ""1216"", ""enterDate"": ""1130509"", ""marketKind"": ""sii"", ""serialNumber"": ""1""}",00b1f956956fbd0c663ac168d9053efa4dce6eebe929cc9bd97b5a4459603026,raw_cache\1216_113_05_0_detail.json,bab2d2f9f4bf5ad6fcf22620cfb6c105936907c4e3a92b18e5b3af1f4e8f7434,cache_hit,,2026-07-30T02:10:42+00:00
1216,113,05,mops_api_t05st01_detail,https://mops.twse.com.tw/mops/#/web/t05st01,"{""companyId"": ""1216"", ""enterDate"": ""1130516"", ""marketKind"": ""sii"", ""serialNumber"": ""1""}",a932b3a6e96f0bac0b28c9e5313bd1ece2b20d3fc31c2b653a0a529f3df228b3,raw_cache\1216_113_05_4_detail.json,9347543ced1548e5b284677b0aa81e170cc48c582b418bd7008a06340849c8fd,cache_hit,,2026-07-30T02:10:42+00:00
1216,113,05,mops_api_t05st01_detail,https://mops.twse.com.tw/mops/#/web/t05st01,"{""companyId"": ""1216"", ""enterDate"": ""1130516"", ""marketKind"": ""sii"", ""serialNumber"": ""2""}",8526877bef3723155cb8c0b45e5ea31b84855199a232bc47ac3f1b450cd547b8,raw_cache\1216_113_05_5_detail.json,098e55d3b28d1bd81a5bcf80a4bcfd18c4cdb1db63a9663db83ac444b0b83256,cache_hit,,2026-07-30T02:10:42+00:00
1216,113,05,mops_api_t05st01_detail,https://mops.twse.com.tw/mops/#/web/t05st01,"{""companyId"": ""1216"", ""enterDate"": ""1130516"", ""marketKind"": ""sii"", ""serialNumber"": ""3""}",9fbbf7db3efcc323b1a4ef909210bb555f0492342cb0ecae84274bb20b047f92,raw_cache\1216_113_05_6_detail.json,b500cfd89afedb7ba1d0794da99ded2197d222e5deea1ca40051803f5ca2b09b,cache_hit,,2026-07-30T02:10:42+00:00
1216,113,05,mops_api_t05st01_detail,https://mops.twse.com.tw/mops/#/web/t05st01,"{""companyId"": ""1216"", ""enterDate"": ""1130531"", ""marketKind"": ""sii"", ""serialNumber"": ""2""}",9526bd75e8f8d6b07057bc81bb60ad825975c44c9bc53fd472c0303ea63b9f27,raw_cache\1216_113_05_10_detail.json,3e7663a9e96d3a5de8fecbbf9d6dfa3d775cf52f3c2c3cd17099ff068cef20d8,cache_hit,,2026-07-30T02:10:42+00:00
1216,114,06,mops_api_t05st01,https://mops.twse.com.tw/mops/#/web/t05st01,"{""companyId"": ""1216"", ""firstDay"": """", ""lastDay"": """", ""month"": ""06"", ""year"": ""114""}",d3ade655ccf8f8fb6d3201420b143a8fcd70b8c89a7093dd672dcf2d9548952b,raw_cache\1216_114_06_list.json,54dda8eac65f0a901738f981bf28a31d25ba38553d829d06177fa5e69e0b2be5,cache_hit,,2026-07-30T02:10:42+00:00
1216,114,06,mops_api_t05st01_detail,https://mops.twse.com.tw/mops/#/web/t05st01,"{""companyId"": ""1216"", ""enterDate"": ""1140606"", ""marketKind"": ""sii"", ""serialNumber"": ""2""}",b0b63199c7c5f0a35b580f05774ee8e742459410ac45199151649942913707e2,raw_cache\1216_114_06_1_detail.json,90c4164e15dd192bba633f48f4c6e739ed586d6ddff3c8d2e613422bb8112b4a,cache_hit,,2026-07-30T02:10:42+00:00
1216,114,06,mops_api_t05st01_detail,https://mops.twse.com.tw/mops/#/web/t05st01,"{""companyId"": ""1216"", ""enterDate"": ""1140610"", ""marketKind"": ""sii"", ""serialNumber"": ""3""}",71c5827d3568ad7269220452fd868097e96793fdc37151e637b4e5de6f6a800a,raw_cache\1216_114_06_5_detail.json,6300319ec4eaf2c37bcbb0b13f08f69a445f5704246a275b8d8b10dc1a591a25,cache_hit,,2026-07-30T02:10:42+00:00
1216,114,06,mops_api_t05st01_detail,https://mops.twse.com.tw/mops/#/web/t05st01,"{""companyId"": ""1216"", ""enterDate"": ""1140623"", ""marketKind"": ""sii"", ""serialNumber"": ""1""}",3fa696784f97689eeb2fe62ca080b975a28ca4ed28e05253e4e0e094a6aaa622,raw_cache\1216_114_06_12_detail.json,e958b0e7a050c34f9a1fc7dbf64ff66d970dee3a9addbea992fafae88362a3a5,cache_hit,,2026-07-30T02:10:42+00:00
1216,114,07,mops_api_t05st01,https://mops.twse.com.tw/mops/#/web/t05st01,"{""companyId"": ""1216"", ""firstDay"": """", ""lastDay"": """", ""month"": ""07"", ""year"": ""114""}",6c7c2ba19262479e1556a65aec9732c32b1ba5615d13867d319c28b62998fb2a,raw_cache\1216_114_07_list.json,53ed36c799bc1fc6d1a52f6f3581c5a5c085c7283857cc6f53daaa15196c2ea4,cache_hit,,2026-07-30T02:10:42+00:00
1216,114,07,mops_api_t05st01_detail,https://mops.twse.com.tw/mops/#/web/t05st01,"{""companyId"": ""1216"", ""enterDate"": ""1140710"", ""marketKind"": ""sii"", ""serialNumber"": ""1""}",53a4b326b526ba347facc6c4cd977ea9353a4ba765fa30ec739aa4f68a6c32fb,raw_cache\1216_114_07_0_detail.json,70d5980878d42dbe3f72105b0a9a36915c91c889404c16b39b87388459fd301a,cache_hit,,2026-07-30T02:10:42+00:00
1216,114,07,mops_api_t05st01_detail,https://mops.twse.com.tw/mops/#/web/t05st01,"{""companyId"": ""1216"", ""enterDate"": ""1140710"", ""marketKind"": ""sii"", ""serialNumber"": ""2""}",c0bdef60cf64f5ceb98a3d76377f7f9bc9f0c5dc60e538a925e43de5db51e7d6,raw_cache\1216_114_07_1_detail.json,f05758c6b6794b48784c9415bd7914a507a6398ce72caa43a6bab8c4b024aeb9,cache_hit,,2026-07-30T02:10:42+00:00
1216,114,07,mops_api_t05st01_detail,https://mops.twse.com.tw/mops/#/web/t05st01,"{""companyId"": ""1216"", ""enterDate"": ""1140710"", ""marketKind"": ""sii"", ""serialNumber"": ""3""}",5695edfd4da088f00c6b3b1a271be41fbdf9578f0f7d7c99078d697a53a661bc,raw_cache\1216_114_07_2_detail.json,3e269452a5e5d0c6a7316b55b832d92659fa8b7db66f45483e3720637d36b5bc,cache_hit,,2026-07-30T02:10:42+00:00
1216,114,07,mops_api_t05st01_detail,https://mops.twse.com.tw/mops/#/web/t05st01,"{""companyId"": ""1216"", ""enterDate"": ""1140714"", ""marketKind"": ""sii"", ""serialNumber"": ""1""}",3b152ed143bc5b86a7cba3f6d851dafb271047883e8fcbd323fd7ce892b4af43,raw_cache\1216_114_07_4_detail.json,5a1984f55539c8622b15c98a516fe63b2c5ff8444806f4ba15606ba685368d18,cache_hit,,2026-07-30T02:10:42+00:00
1216,114,07,mops_api_t05st01_detail,https://mops.twse.com.tw/mops/#/web/t05st01,"{""companyId"": ""1216"", ""enterDate"": ""1140721"", ""marketKind"": ""sii"", ""serialNumber"": ""1""}",26c7e8c573b0ab3f5b0adaf0ffeb62c3bee545d01a8c6256abe32fd6e2751ad3,raw_cache\1216_114_07_7_detail.json,22758dda90f753ce0eec3a6ac04b6722dd98ddfb7272bb6edc7d383168e71e3f,cache_hit,,2026-07-30T02:10:42+00:00
1216,114,08,mops_api_t05st01,https://mops.twse.com.tw/mops/#/web/t05st01,"{""companyId"": ""1216"", ""firstDay"": """", ""lastDay"": """", ""month"": ""08"", ""year"": ""114""}",7339585b1b2aff39af57e950b1d3bff8390b1b61336700df80450c642bdc7076,raw_cache\1216_114_08_list.json,f5816643c99208daa907f5012cdeb8abdc75770c9f4f48cbc649790e13e7bbcd,cache_hit,,2026-07-30T02:10:42+00:00
1216,114,08,mops_api_t05st01_detail,https://mops.twse.com.tw/mops/#/web/t05st01,"{""companyId"": ""1216"", ""enterDate"": ""1140807"", ""marketKind"": ""sii"", ""serialNumber"": ""1""}",f5d29a2857545fe378e2a3b47c4ab2add3298fdeb96715b7c07aae9a206e79c9,raw_cache\1216_114_08_1_detail.json,717a57b35b456a4cc5c5e386b5803829485eef230991cf050889e2fb4ca31e07,cache_hit,,2026-07-30T02:10:42+00:00
1216,114,08,mops_api_t05st01_detail,https://mops.twse.com.tw/mops/#/web/t05st01,"{""companyId"": ""1216"", ""enterDate"": ""1140820"", ""marketKind"": ""sii"", ""serialNumber"": ""1""}",f770736a78b3ed44dd3b99a441ece2afca66e89cf67628c0cdd7f9093f974071,raw_cache\1216_114_08_5_detail.json,6517faa7d22c5bcbe4c96a4a8c9e2495b97f278934ef8110f543e21b048d6b35,cache_hit,,2026-07-30T02:10:42+00:00
1216,114,09,mops_api_t05st01,https://mops.twse.com.tw/mops/#/web/t05st01,"{""companyId"": ""1216"", ""firstDay"": """", ""lastDay"": """", ""month"": ""09"", ""year"": ""114""}",89ba8caceb87e99838fa3b29c8318e02068390f1f66fe36600f04761de94e16e,raw_cache\1216_114_09_list.json,f48297ad4ea0d6aaf414bdbb7cc7c44aa27981526de00fe3abf9307788c49e2a,cache_hit,,2026-07-30T02:10:42+00:00
1216,114,09,mops_api_t05st01_detail,https://mops.twse.com.tw/mops/#/web/t05st01,"{""companyId"": ""1216"", ""enterDate"": ""1140904"", ""marketKind"": ""sii"", ""serialNumber"": ""1""}",098111842cab828c125d1cf065f673a2c0fc435fe13f4465c2043d1699dad868,raw_cache\1216_114_09_0_detail.json,e0c4dcd0ed415dcd93814af8b9254b287d97d9d18960e24f2b26862e2a154faa,cache_hit,,2026-07-30T02:10:42+00:00
1301,110,07,mops_api_t05st01,https://mops.twse.com.tw/mops/#/web/t05st01,"{""companyId"": ""1301"", ""firstDay"": """", ""lastDay"": """", ""month"": ""07"", ""year"": ""110""}",060b00652d2edf575a7829ebce7ab6aeea648dc9638542aaf97cf48180b7e370,raw_cache\1301_110_07_list.json,f162a58955e15a2065a1ff718c843858f0ff836234e3c994b1544890216e052e,cache_hit,,2026-07-30T02:10:42+00:00
1301,110,07,mops_api_t05st01_detail,https://mops.twse.com.tw/mops/#/web/t05st01,"{""companyId"": ""1301"", ""enterDate"": ""1100707"", ""marketKind"": ""sii"", ""serialNumber"": ""3""}",c4dfc52b02c63713a1fced228a154793d904695ba3c152998e2f8fd6c65d50d3,raw_cache\1301_110_07_2_detail.json,b81e79339fd3a17b7ca5b496072911fc5070a85d12ad76cf6a665bf7d235189a,cache_hit,,2026-07-30T02:10:42+00:00
1301,110,07,mops_api_t05st01_detail,https://mops.twse.com.tw/mops/#/web/t05st01,"{""companyId"": ""1301"", ""enterDate"": ""1100709"", ""marketKind"": ""sii"", ""serialNumber"": ""1""}",db4a5ee9e57dfb42c0202ab9bd35387397e62bb13c306061502ee9768a003d59,raw_cache\1301_110_07_3_detail.json,d52b37b50f20c85f7c5f423774e347ba8c648c64595010c9f4855eb04429d095,cache_hit,,2026-07-30T02:10:42+00:00
1301,110,07,mops_api_t05st01_detail,https://mops.twse.com.tw/mops/#/web/t05st01,"{""companyId"": ""1301"", ""enterDate"": ""1100709"", ""marketKind"": ""sii"", ""serialNumber"": ""2""}",a377d5514b936f3f6a6b0ceeb7a0c1f3898afb53ca313143baa428f73aa282d8,raw_cache\1301_110_07_4_detail.json,bd3e48d8bc82d732a154c6530dfef51c333e94e07ca825979ecc791bf1693d16,cache_hit,,2026-07-30T02:10:42+00:00
1301,110,07,mops_api_t05st01_detail,https://mops.twse.com.tw/mops/#/web/t05st01,"{""companyId"": ""1301"", ""enterDate"": ""1100729"", ""marketKind"": ""sii"", ""serialNumber"": ""4""}",c28e22274f8460be011177bbf845cb0369de2d3b7436cfb109a4c5ecbddb4617,raw_cache\1301_110_07_8_detail.json,06e300444bbeb715c4c400894b845ffbed80fb4970086cb0d55bb7a909e580d7,cache_hit,,2026-07-30T02:10:42+00:00
1301,110,08,mops_api_t05st01,https://mops.twse.com.tw/mops/#/web/t05st01,"{""companyId"": ""1301"", ""firstDay"": """", ""lastDay"": """", ""month"": ""08"", ""year"": ""110""}",35806fe65a31506c9c235c46de8cd840ea9d54f268c4b4ed46f328708347546a,raw_cache\1301_110_08_list.json,6eeebe9e5dfcf916e4a969046ffc82ec0a10cfae339fcdfc2f150621d84b90ba,cache_hit,,2026-07-30T02:10:42+00:00
1301,110,08,mops_api_t05st01_detail,https://mops.twse.com.tw/mops/#/web/t05st01,"{""companyId"": ""1301"", ""enterDate"": ""1100806"", ""marketKind"": ""sii"", ""serialNumber"": ""1""}",80f62c19760a2e0a9535e83c8cdc7f8cfe6cbb6f99c67a262448ae48a05ff0bb,raw_cache\1301_110_08_0_detail.json,b5d3ebe09f34cdcba70c50e1b5935e2808f539fd47c3eafcc140bfa0070c8bca,cache_hit,,2026-07-30T02:10:42+00:00
1301,110,08,mops_api_t05st01_detail,https://mops.twse.com.tw/mops/#/web/t05st01,"{""companyId"": ""1301"", ""enterDate"": ""1100811"", ""marketKind"": ""sii"", ""serialNumber"": ""1""}",2525f82497e0bde57606197a3f8a2726f9a142aa1a36b0de3c7d1877d3299ce0,raw_cache\1301_110_08_1_detail.json,5c0c8269dfd3eb5ac2a5a03066ce82830a5446182215a59c897f831cd5606155,cache_hit,,2026-07-30T02:10:42+00:00
1301,110,09,mops_api_t05st01,https://mops.twse.com.tw/mops/#/web/t05st01,"{""companyId"": ""1301"", ""firstDay"": """", ""lastDay"": """", ""month"": ""09"", ""year"": ""110""}",58ddca090b4c58c27c3e77c584dd25c0a947ae1d75786d72c8d6f8ecd75cdb31,raw_cache\1301_110_09_list.json,d19e734ae5b8a53f2c3447a42d93aa7f57909ac49c22e6298d7ab59d1e6baf69,cache_hit,,2026-07-30T02:10:42+00:00
1301,110,09,mops_api_t05st01_detail,https://mops.twse.com.tw/mops/#/web/t05st01,"{""companyId"": ""1301"", ""enterDate"": ""1100906"", ""marketKind"": ""sii"", ""serialNumber"": ""1""}",4b7a76492859051d93b667fb1963e314b01ca816ca007e802892cbcf872da553,raw_cache\1301_110_09_0_detail.json,67b93a17d8fca8e1620154460df7ef248df7a2880011989d87809b72a9755deb,cache_hit,,2026-07-30T02:10:42+00:00
1301,110,10,mops_api_t05st01,https://mops.twse.com.tw/mops/#/web/t05st01,"{""companyId"": ""1301"", ""firstDay"": """", ""lastDay"": """", ""month"": ""10"", ""year"": ""110""}",44843e2fb4dff06e21148b3a60ff669026185b5a2ad5d5cd7e4a176c7f59c69d,raw_cache\1301_110_10_list.json,0486453a1aba8e6c09b9871f7c9c65cedcb9f756140fc32280deca30e7deb228,cache_hit,,2026-07-30T02:10:42+00:00
1301,110,10,mops_api_t05st01_detail,https://mops.twse.com.tw/mops/#/web/t05st01,"{""companyId"": ""1301"", ""enterDate"": ""1101008"", ""marketKind"": ""sii"", ""serialNumber"": ""1""}",36490bd63937f7a669270fbe2f7519e8b6f3d680596636c6c7d964c2d814749b,raw_cache\1301_110_10_0_detail.json,0ac5c1fbaa3c29209c8186ea18e45601b87f5304d6e858dd069fb7505382c675,cache_hit,,2026-07-30T02:10:42+00:00
1301,110,10,mops_api_t05st01_detail,https://mops.twse.com.tw/mops/#/web/t05st01,"{""companyId"": ""1301"", ""enterDate"": ""1101008"", ""marketKind"": ""sii"", ""serialNumber"": ""2""}",59522dfaf1a42b8d11400cfc5c44d2fe708e3716c01e81acd1b57c091689e417,raw_cache\1301_110_10_1_detail.json,5f08a75e6e239f92fcaf7069706020ab690507f6816ca9d41659f5675f5c7b49,cache_hit,,2026-07-30T02:10:42+00:00
1301,111,08,mops_api_t05st01,https://mops.twse.com.tw/mops/#/web/t05st01,"{""companyId"": ""1301"", ""firstDay"": """", ""lastDay"": """", ""month"": ""08"", ""year"": ""111""}",de0d1f5b304e1069c3b389f63dcfbc0c34425470a7d572f029c0a40bf13db53b,raw_cache\1301_111_08_list.json,ea5c63c1b40b10c2fec3aa36d31603bf4d5928d7a5340e008eb3eb6820adb5ec,cache_hit,,2026-07-30T02:10:42+00:00
1301,111,08,mops_api_t05st01_detail,https://mops.twse.com.tw/mops/#/web/t05st01,"{""companyId"": ""1301"", ""enterDate"": ""1110808"", ""marketKind"": ""sii"", ""serialNumber"": ""2""}",ab373e721923ff6688dcd4b77f85648d1969e7f687fd6310f27151718e5acfc2,raw_cache\1301_111_08_0_detail.json,c7a83e612b5621286d55abc83c6c93281739128551ecc4480530ca364d85c2f3,cache_hit,,2026-07-30T02:10:42+00:00
1301,111,08,mops_api_t05st01_detail,https://mops.twse.com.tw/mops/#/web/t05st01,"{""companyId"": ""1301"", ""enterDate"": ""1110811"", ""marketKind"": ""sii"", ""serialNumber"": ""1""}",b32839a9167962797dd01c43e7293c712190fc1fe0e1a6da16a9708ce812a352,raw_cache\1301_111_08_2_detail.json,888cb09f0dae394b7d2489136aaec92d134e47eed09e0cadbfe043e86d8d35ad,cache_hit,,2026-07-30T02:10:42+00:00
1301,111,09,mops_api_t05st01,https://mops.twse.com.tw/mops/#/web/t05st01,"{""companyId"": ""1301"", ""firstDay"": """", ""lastDay"": """", ""month"": ""09"", ""year"": ""111""}",66621296d0efae8bc3921a5e156d81002313a4c086aaabdd43a17684be71af64,raw_cache\1301_111_09_list.json,451a9b4d98b3621da274b4bc21ed77d8cca180d2b7913774cbd25398a423e655,cache_hit,,2026-07-30T02:10:42+00:00
1301,111,09,mops_api_t05st01_detail,https://mops.twse.com.tw/mops/#/web/t05st01,"{""companyId"": ""1301"", ""enterDate"": ""1110907"", ""marketKind"": ""sii"", ""serialNumber"": ""1""}",7965e1c1b75559c988f9bf19a252da9b33c8abe1599726b4f705fbb655e3cc4d,raw_cache\1301_111_09_0_detail.json,580e30563bbe90fd67e7913905e2cf24d25530854496e8577ced67797d539d5e,cache_hit,,2026-07-30T02:10:42+00:00
1301,111,10,mops_api_t05st01,https://mops.twse.com.tw/mops/#/web/t05st01,"{""companyId"": ""1301"", ""firstDay"": """", ""lastDay"": """", ""month"": ""10"", ""year"": ""111""}",c3daa097cdb38d04ff2f0cb9f24a9d59601cf079476fc5f86a309b39ac72ac2b,raw_cache\1301_111_10_list.json,1507fb1d8ef9c057a5c90026f7c4cb06e0b1b8b39aab54ae8a4b03294dec8b47,cache_hit,,2026-07-30T02:10:42+00:00
1301,111,10,mops_api_t05st01_detail,https://mops.twse.com.tw/mops/#/web/t05st01,"{""companyId"": ""1301"", ""enterDate"": ""1111011"", ""marketKind"": ""sii"", ""serialNumber"": ""1""}",7a9522831cceedb475ecd1ac40cc5de04f7be23c69f8c48fad6c6a42471ecd83,raw_cache\1301_111_10_0_detail.json,4bf384a0bb808614d8bbd23be2b5a1fbb2978d61f587db37001f8802a8e66144,cache_hit,,2026-07-30T02:10:42+00:00
1301,111,10,mops_api_t05st01_detail,https://mops.twse.com.tw/mops/#/web/t05st01,"{""companyId"": ""1301"", ""enterDate"": ""1111011"", ""marketKind"": ""sii"", ""serialNumber"": ""2""}",54800f1a32a4ac696f4b4eb618a9105ef6493e7f846fe1d8db2902a18e2c073d,raw_cache\1301_111_10_1_detail.json,e1c238c5b71ee881fd76a540fe614dc363242367901aa8e554acebf7ff19ed5f,cache_hit,,2026-07-30T02:10:42+00:00
1301,113,12,mops_api_t05st01,https://mops.twse.com.tw/mops/#/web/t05st01,"{""companyId"": ""1301"", ""firstDay"": """", ""lastDay"": """", ""month"": ""12"", ""year"": ""113""}",a737fc418103c4b7bd1ac62eccc8f7a279abc27ab7578c5026eff52faf19195f,raw_cache\1301_113_12_list.json,bc9e3f9ddfe6b58adb6cff610e37e8db4fdcb65172c9fdfcbb63dbf39b029713,cache_hit,,2026-07-30T02:10:42+00:00
1301,113,12,mops_api_t05st01_detail,https://mops.twse.com.tw/mops/#/web/t05st01,"{""companyId"": ""1301"", ""enterDate"": ""1131206"", ""marketKind"": ""sii"", ""serialNumber"": ""1""}",5c3509a0d527a1f11a19d2f8ccb49bfa1f77329e78a6d85d243c41022322217b,raw_cache\1301_113_12_0_detail.json,45bb90f52f8f782d1b83d8cf53120b50fb4a8de7832130d8db41df511e611504,cache_hit,,2026-07-30T02:10:42+00:00
1301,113,12,mops_api_t05st01_detail,https://mops.twse.com.tw/mops/#/web/t05st01,"{""companyId"": ""1301"", ""enterDate"": ""1131220"", ""marketKind"": ""sii"", ""serialNumber"": ""1""}",6506ffeb4704f570d5a57f822455ce48f8bfe8dc032499201a4f0e7ed4e45ba4,raw_cache\1301_113_12_2_detail.json,9a60ec2cfb7f34b9a35f23840551c3e665e579847db0fa0e182a9842284b265f,cache_hit,,2026-07-30T02:10:42+00:00
1301,113,12,mops_api_t05st01_detail,https://mops.twse.com.tw/mops/#/web/t05st01,"{""companyId"": ""1301"", ""enterDate"": ""1131220"", ""marketKind"": ""sii"", ""serialNumber"": ""2""}",f6f73701ba9db202feb9489aefa0e5503b132bfc66c9edd558aa8e48f2fcbb9a,raw_cache\1301_113_12_3_detail.json,252756384a2a81ff473c06c229f69907db5a8d7597c73ef3a4ae4b99df01c578,cache_hit,,2026-07-30T02:10:42+00:00
1301,113,12,mops_api_t05st01_detail,https://mops.twse.com.tw/mops/#/web/t05st01,"{""companyId"": ""1301"", ""enterDate"": ""1131220"", ""marketKind"": ""sii"", ""serialNumber"": ""3""}",7d26d874408914507d02513d7e5303943a7cbeeecfc72665138ab7b96ccf82b8,raw_cache\1301_113_12_4_detail.json,9914bb9925f43542f84232d69a2c6abb4a5532f1a924ac17ccda37c48b872a2c,cache_hit,,2026-07-30T02:10:42+00:00
1301,114,01,mops_api_t05st01,https://mops.twse.com.tw/mops/#/web/t05st01,"{""companyId"": ""1301"", ""firstDay"": """", ""lastDay"": """", ""month"": ""01"", ""year"": ""114""}",8d486737b60321845b071ebb97b8c0b93f8932e8e7622047240dfa5a0b666c1c,raw_cache\1301_114_01_list.json,e5594e4e096bf92968a241891308ec5e1ebd0e62fdf265e8e8102b701fd5cceb,cache_hit,,2026-07-30T02:10:42+00:00
1301,114,01,mops_api_t05st01_detail,https://mops.twse.com.tw/mops/#/web/t05st01,"{""companyId"": ""1301"", ""enterDate"": ""1140110"", ""marketKind"": ""sii"", ""serialNumber"": ""1""}",4d5fe4db5b119ae364d5a845529484c6a1fb6e24008166f3bf5376b71a83d752,raw_cache\1301_114_01_1_detail.json,f4f821bf744687fd6781f7efebcef630a836daf1ee19337afeae56724af84d32,cache_hit,,2026-07-30T02:10:42+00:00
1301,114,01,mops_api_t05st01_detail,https://mops.twse.com.tw/mops/#/web/t05st01,"{""companyId"": ""1301"", ""enterDate"": ""1140110"", ""marketKind"": ""sii"", ""serialNumber"": ""2""}",a59d88c3627cbdba605a6b8a2def9879ac12f283b8b7f0ccbea85f041645846d,raw_cache\1301_114_01_2_detail.json,ad3bb966d9fef073538cc15fad8fac422fcae02b692923f14c4e52e8ee1e7021,cache_hit,,2026-07-30T02:10:42+00:00
1301,114,02,mops_api_t05st01,https://mops.twse.com.tw/mops/#/web/t05st01,"{""companyId"": ""1301"", ""firstDay"": """", ""lastDay"": """", ""month"": ""02"", ""year"": ""114""}",3780d4bea2a87dd27fe5a2bb8396331a3d6e2a18d6d3c195181488c6dc39e3ad,raw_cache\1301_114_02_list.json,6d38ab3086750d76afa054efc42c709bc5515b958d4bf2db65a9c46eda2b8fc7,cache_hit,,2026-07-30T02:10:42+00:00
1301,114,02,mops_api_t05st01_detail,https://mops.twse.com.tw/mops/#/web/t05st01,"{""companyId"": ""1301"", ""enterDate"": ""1140207"", ""marketKind"": ""sii"", ""serialNumber"": ""1""}",6c3e9c9f7c0166e8c98f78e6417cf1ac513fcc014f7609fa579b6f7887def8c2,raw_cache\1301_114_02_0_detail.json,6c35be5e229fb2f4237f4fc2bc2c819ba186abc22cc88d79ed61c083339b0905,cache_hit,,2026-07-30T02:10:42+00:00
1301,114,03,mops_api_t05st01,https://mops.twse.com.tw/mops/#/web/t05st01,"{""companyId"": ""1301"", ""firstDay"": """", ""lastDay"": """", ""month"": ""03"", ""year"": ""114""}",f1718eb220ebd9074e79b42fc2761e5ba300829f819c93fcd311e3a11487d57c,raw_cache\1301_114_03_list.json,cf94d10b3bdfd7031ef0dd367fd0be65154ddafad0f9cf34824f1f1988e4aa86,cache_hit,,2026-07-30T02:10:42+00:00
1301,114,03,mops_api_t05st01_detail,https://mops.twse.com.tw/mops/#/web/t05st01,"{""companyId"": ""1301"", ""enterDate"": ""1140307"", ""marketKind"": ""sii"", ""serialNumber"": ""1""}",e197474e966e7b3b7ea950085f86a242104b274aebc5e372e06aa1bffa245489,raw_cache\1301_114_03_1_detail.json,6768e5d08ec32e8d0382d1dac91787cc52abedaecee7a921f4ccbf8d6ac08d6c,cache_hit,,2026-07-30T02:10:42+00:00
1301,114,03,mops_api_t05st01_detail,https://mops.twse.com.tw/mops/#/web/t05st01,"{""companyId"": ""1301"", ""enterDate"": ""1140313"", ""marketKind"": ""sii"", ""serialNumber"": ""1""}",f2e03406bfe1ab5f9c42dc65a7ffed16d11bac101eb4b50904ae771244769c66,raw_cache\1301_114_03_2_detail.json,c275e19e65ea141634f63f22f1b16719bdae0d66784a72301bf448d858ef2ee5,cache_hit,,2026-07-30T02:10:42+00:00
1301,114,03,mops_api_t05st01_detail,https://mops.twse.com.tw/mops/#/web/t05st01,"{""companyId"": ""1301"", ""enterDate"": ""1140313"", ""marketKind"": ""sii"", ""serialNumber"": ""3""}",516f0b6c0c869acf7d4c567b3c601d4ad71838f95a266c3cc8be3780c20c415d,raw_cache\1301_114_03_4_detail.json,32e452ad55e31e57b551c89877a33b9bfae417d9fcb597405bc46882470ebd61,cache_hit,,2026-07-30T02:10:42+00:00
1301,114,11,mops_api_t05st01,https://mops.twse.com.tw/mops/#/web/t05st01,"{""companyId"": ""1301"", ""firstDay"": """", ""lastDay"": """", ""month"": ""11"", ""year"": ""114""}",82d90b85762404b4720056a656882b047164bf81842af868a0f1857d978d806e,raw_cache\1301_114_11_list.json,9ba64760ab8ac4b7d5953a8316ca0b8e30e6a59f5e462fd7a6c7a4aad4202134,cache_hit,,2026-07-30T02:10:42+00:00
1301,114,11,mops_api_t05st01_detail,https://mops.twse.com.tw/mops/#/web/t05st01,"{""companyId"": ""1301"", ""enterDate"": ""1141107"", ""marketKind"": ""sii"", ""serialNumber"": ""1""}",1e1d3f2c40248cea7874f0b0c19d057fdaece8c2bd2ddb9a0da2e678665833c1,raw_cache\1301_114_11_0_detail.json,1391211d5ddc5586afb86fff780e20b2e80ef7fe0084e1ae1a95d7baccc9f493,cache_hit,,2026-07-30T02:10:42+00:00
1301,114,11,mops_api_t05st01_detail,https://mops.twse.com.tw/mops/#/web/t05st01,"{""companyId"": ""1301"", ""enterDate"": ""1141112"", ""marketKind"": ""sii"", ""serialNumber"": ""1""}",7f826fd2d6264cc7acd1b7f7371ebed286d4421e16938d87044c86ffd05310cd,raw_cache\1301_114_11_3_detail.json,29d7a5e5812b918940f3144e18540d9c44e98cb0b1ce04492a8e5d50a55f9d05,cache_hit,,2026-07-30T02:10:42+00:00
1301,114,12,mops_api_t05st01,https://mops.twse.com.tw/mops/#/web/t05st01,"{""companyId"": ""1301"", ""firstDay"": """", ""lastDay"": """", ""month"": ""12"", ""year"": ""114""}",c4f43c5c657d68af0113192d997f6fdc6e4693d1ce755ce2e014e6dc9aa5def3,raw_cache\1301_114_12_list.json,e9c15407715d63ff19d3ec8774f9809b0bb2912b24d8a1941d8341f062587a36,cache_hit,,2026-07-30T02:10:42+00:00
1301,114,12,mops_api_t05st01_detail,https://mops.twse.com.tw/mops/#/web/t05st01,"{""companyId"": ""1301"", ""enterDate"": ""1141208"", ""marketKind"": ""sii"", ""serialNumber"": ""1""}",6de436d48a3e02df4eb6c979009d29a25161c33496f7ffa7a13f046a685c2529,raw_cache\1301_114_12_0_detail.json,63e25b47c3d84ab87b10367a4d365efd8e97e1d01628d5a8cb7f011f9b802427,cache_hit,,2026-07-30T02:10:42+00:00
1301,115,01,mops_api_t05st01,https://mops.twse.com.tw/mops/#/web/t05st01,"{""companyId"": ""1301"", ""firstDay"": """", ""lastDay"": """", ""month"": ""01"", ""year"": ""115""}",9e5730c9dea9f70928154dc75f60af659bdef4cacee1ef1b2af3469a3d2f0452,raw_cache\1301_115_01_list.json,64f08af5612ee1edd82668e3a7387db499994b5f39cad0e3bc9ba4039122bce1,cache_hit,,2026-07-30T02:10:42+00:00
1301,115,01,mops_api_t05st01_detail,https://mops.twse.com.tw/mops/#/web/t05st01,"{""companyId"": ""1301"", ""enterDate"": ""1150112"", ""marketKind"": ""sii"", ""serialNumber"": ""3""}",5b3c2c830a4fafad763eb2af7561d53020b876cb4286e23c797c8b11be7a5ee7,raw_cache\1301_115_01_0_detail.json,c04ae19d631e972e3ac09acc6b7703e9b242510b89d2e2bb5dd861e19858b1af,cache_hit,,2026-07-30T02:10:42+00:00
1301,115,01,mops_api_t05st01_detail,https://mops.twse.com.tw/mops/#/web/t05st01,"{""companyId"": ""1301"", ""enterDate"": ""1150112"", ""marketKind"": ""sii"", ""serialNumber"": ""2""}",15fb9bd77316d763bf03d809b2a19514ec4014a460de35f2d7865ef2e4c670e5,raw_cache\1301_115_01_1_detail.json,e9c406ea6368a130e03df5610348499266a3cb3346b80d5b751ef24d87cd1460,cache_hit,,2026-07-30T02:10:42+00:00
1301,115,02,mops_api_t05st01,https://mops.twse.com.tw/mops/#/web/t05st01,"{""companyId"": ""1301"", ""firstDay"": """", ""lastDay"": """", ""month"": ""02"", ""year"": ""115""}",25110facc3c1f7db89b235791b27fa4be18eb3faa37fb8618a971615bcc605a7,raw_cache\1301_115_02_list.json,6e91a4743a7dc4ba7a2076494e032bcee028741992797d00be8e09ba8da969ae,cache_hit,,2026-07-30T02:10:42+00:00
1301,115,02,mops_api_t05st01_detail,https://mops.twse.com.tw/mops/#/web/t05st01,"{""companyId"": ""1301"", ""enterDate"": ""1150206"", ""marketKind"": ""sii"", ""serialNumber"": ""1""}",689168f288a4aa632a94bdca3d63e1aa6f9917d1951064447e43edde048360bc,raw_cache\1301_115_02_1_detail.json,d1e5a22c1913abeb87202200b49dddf03435259d0d825eb61ee0f9ccfcaaaa28,cache_hit,,2026-07-30T02:10:42+00:00
1301,115,03,mops_api_t05st01,https://mops.twse.com.tw/mops/#/web/t05st01,"{""companyId"": ""1301"", ""firstDay"": """", ""lastDay"": """", ""month"": ""03"", ""year"": ""115""}",89d88ffba6fd5c17132eb0d1e63306aa61c5203196928d28a0e23d30b712e19d,raw_cache\1301_115_03_list.json,b3eadcc44ae023c39e500deca91d3ecd83af4f301bbaaf9dcfaa9f751739e599,cache_hit,,2026-07-30T02:10:42+00:00
1301,115,03,mops_api_t05st01_detail,https://mops.twse.com.tw/mops/#/web/t05st01,"{""companyId"": ""1301"", ""enterDate"": ""1150306"", ""marketKind"": ""sii"", ""serialNumber"": ""1""}",8844f358fb21e9b9fb87edc9db17ed237d3f3aebfdb3cf5c53650fbe8681c30b,raw_cache\1301_115_03_0_detail.json,b8e24575db10220492c813ab86869ab54abec7f12111a407770563974f8fc066,cache_hit,,2026-07-30T02:10:42+00:00
1301,115,03,mops_api_t05st01_detail,https://mops.twse.com.tw/mops/#/web/t05st01,"{""companyId"": ""1301"", ""enterDate"": ""1150306"", ""marketKind"": ""sii"", ""serialNumber"": ""2""}",1e8ea40d588c139a9e6c76d4568c865bd88e50acea585c31dbcfd22f1330e66d,raw_cache\1301_115_03_1_detail.json,d73a68a39be4077f3a537c07ff485a1405b0fdcdf8a33a9f5eecb810baa0ea93,cache_hit,,2026-07-30T02:10:42+00:00
1301,115,03,mops_api_t05st01_detail,https://mops.twse.com.tw/mops/#/web/t05st01,"{""companyId"": ""1301"", ""enterDate"": ""1150306"", ""marketKind"": ""sii"", ""serialNumber"": ""4""}",650a549fa73b4333e32ed2e116e0acfc3f3739069016ad70a4c376172164bc18,raw_cache\1301_115_03_4_detail.json,1e3930d541b2d4cc48d5f8ab76dc4e090d2ef5d5a74183004e8be22bb6f44007,cache_hit,,2026-07-30T02:10:42+00:00
1303,115,04,mops_api_t05st01,https://mops.twse.com.tw/mops/#/web/t05st01,"{""companyId"": ""1303"", ""firstDay"": """", ""lastDay"": """", ""month"": ""04"", ""year"": ""115""}",116534f9820c81f5a4c23e1ebb5b635cbc5a8600cc6988934075649334d12d37,raw_cache\1303_115_04_list.json,13917970eab3f2122cb0af50e26c4719e722be49d8854068733724540cd447d5,cache_hit,,2026-07-30T02:10:42+00:00
1303,115,04,mops_api_t05st01_detail,https://mops.twse.com.tw/mops/#/web/t05st01,"{""companyId"": ""1303"", ""enterDate"": ""1150410"", ""marketKind"": ""sii"", ""serialNumber"": ""1""}",290c7587d47c402f4330d020ce60b60ada0d5f50b75da22d8fe24f43c9a597f2,raw_cache\1303_115_04_0_detail.json,273434c0f2372919cd8d269eb74962dff7e5ff51b249d537aac48514987840b5,cache_hit,,2026-07-30T02:10:42+00:00
1303,115,04,mops_api_t05st01_detail,https://mops.twse.com.tw/mops/#/web/t05st01,"{""companyId"": ""1303"", ""enterDate"": ""1150410"", ""marketKind"": ""sii"", ""serialNumber"": ""2""}",2e7872ec5021add493cc5445e09f4971d64606f83a69069a6600c8264070310a,raw_cache\1303_115_04_1_detail.json,13f487ee196a0d058a9d616522f70469206ec4f43db971e69545b89791a309c8,cache_hit,,2026-07-30T02:10:42+00:00
1303,115,05,mops_api_t05st01,https://mops.twse.com.tw/mops/#/web/t05st01,"{""companyId"": ""1303"", ""firstDay"": """", ""lastDay"": """", ""month"": ""05"", ""year"": ""115""}",cae9d25a8a580890ed134328101434395843727e40ccc77ea310b27b0db3b381,raw_cache\1303_115_05_list.json,6c391222aa0d456839c258ff48b3a0d07dd3a78b915adb30752fc4f9d50f46f0,cache_hit,,2026-07-30T02:10:42+00:00
1303,115,05,mops_api_t05st01_detail,https://mops.twse.com.tw/mops/#/web/t05st01,"{""companyId"": ""1303"", ""enterDate"": ""1150507"", ""marketKind"": ""sii"", ""serialNumber"": ""2""}",921b42e029dad77f7d1f833e152506181308e5504987b5f3570f173fce534b5c,raw_cache\1303_115_05_0_detail.json,6e01bb95d0ff933474c13060617ec7ad00f4231a03df2931bf9eebd742e017f9,cache_hit,,2026-07-30T02:10:42+00:00
1303,115,05,mops_api_t05st01_detail,https://mops.twse.com.tw/mops/#/web/t05st01,"{""companyId"": ""1303"", ""enterDate"": ""1150512"", ""marketKind"": ""sii"", ""serialNumber"": ""1""}",9b423813b5bbcb7690279bde436710d15a59fba4aec14e112642a19cb6265c42,raw_cache\1303_115_05_1_detail.json,6038494fae26b5937708fa59552f61170ec16edcc8d2851dd56dc43a511321ab,cache_hit,,2026-07-30T02:10:42+00:00
1303,115,05,mops_api_t05st01_detail,https://mops.twse.com.tw/mops/#/web/t05st01,"{""companyId"": ""1303"", ""enterDate"": ""1150529"", ""marketKind"": ""sii"", ""serialNumber"": ""5""}",d5a02f741570da61fe96e2410b7e93f6db450b7888efc8e920e42f71b1ff8eda,raw_cache\1303_115_05_10_detail.json,3cf7a6d4ea9c79e10a04d1003d3f26fe5e225599afd10ec9dd7b67bd0d5b891d,cache_hit,,2026-07-30T02:10:42+00:00
1303,115,06,mops_api_t05st01,https://mops.twse.com.tw/mops/#/web/t05st01,"{""companyId"": ""1303"", ""firstDay"": """", ""lastDay"": """", ""month"": ""06"", ""year"": ""115""}",a01d1b14ffcf398dfe24c7ff9184dffac2bc85b37db3c5c3cbd56a4267d4be1b,raw_cache\1303_115_06_list.json,402b7269751b44fcb03aec54586dfe997cbc674b68b924e6ed3708024f4a5752,cache_hit,,2026-07-30T02:10:42+00:00
1303,115,06,mops_api_t05st01_detail,https://mops.twse.com.tw/mops/#/web/t05st01,"{""companyId"": ""1303"", ""enterDate"": ""1150608"", ""marketKind"": ""sii"", ""serialNumber"": ""1""}",131cec7ba5d40bb19bf3bc3e800fb6457a8234cd239570a8958e1b58d7992c28,raw_cache\1303_115_06_0_detail.json,cd4f8dd044de5b53a4b79fcd6c146de4746e7d4e5afa0f40a0738b63bb439c4b,cache_hit,,2026-07-30T02:10:42+00:00
1325,109,01,mops_api_t05st01,https://mops.twse.com.tw/mops/#/web/t05st01,"{""companyId"": ""1325"", ""firstDay"": """", ""lastDay"": """", ""month"": ""01"", ""year"": ""109""}",2bd7ed6ea42b9217556d0c267a5d03ae3893476ce2e5fdacd78c6e99087cae3b,raw_cache\1325_109_01_list.json,bd7c13ea47f76b2f677ab2cd64128e692a954e8cd2aed1609d97563fccdbb6bd,cache_hit,,2026-07-30T02:10:42+00:00
1325,109,02,mops_api_t05st01,https://mops.twse.com.tw/mops/#/web/t05st01,"{""companyId"": ""1325"", ""firstDay"": """", ""lastDay"": """", ""month"": ""02"", ""year"": ""109""}",c95d22711b418a1c069b02472888c760690f14743a863a5fc09eb1dc75c907f7,raw_cache\1325_109_02_list.json,d7e84e46dbc9eea5d6cc4ec56a4f82cf840d417a9164cdf164ca7c46d2663369,cache_hit,,2026-07-30T02:10:42+00:00
1325,109,03,mops_api_t05st01,https://mops.twse.com.tw/mops/#/web/t05st01,"{""companyId"": ""1325"", ""firstDay"": """", ""lastDay"": """", ""month"": ""03"", ""year"": ""109""}",948b13fa7aec0801a2ffe200e18ff448c3e713357aa65634e257ebf023bfd6ad,raw_cache\1325_109_03_list.json,feb0c971ba08eafdc0024b5d4f2ded6076e9cf82822596789cb380edc6045d94,cache_hit,,2026-07-30T02:10:42+00:00
1325,109,03,mops_api_t05st01_detail,https://mops.twse.com.tw/mops/#/web/t05st01,"{""companyId"": ""1325"", ""enterDate"": ""1090325"", ""marketKind"": ""sii"", ""serialNumber"": ""2""}",e28405053ad960677da4ff4dfd7197cfe826c83add2a3b5f3885dee99eff4347,raw_cache\1325_109_03_2_detail.json,dad32dcb88ce2863d452c41faf656c11c8d3186b015e36315bff7e31399cf7c4,cache_hit,,2026-07-30T02:10:42+00:00
1325,109,04,mops_api_t05st01,https://mops.twse.com.tw/mops/#/web/t05st01,"{""companyId"": ""1325"", ""firstDay"": """", ""lastDay"": """", ""month"": ""04"", ""year"": ""109""}",98bbcca9136361e02b3dd74d12dbc03dfaa62b13dc9f2d67661d39be30a24bd1,raw_cache\1325_109_04_list.json,5c806e6fba8c3c899c084895a911e3c82c38ae474e79a2f4e822b2e19b19bf6e,cache_hit,,2026-07-30T02:10:42+00:00
1325,109,05,mops_api_t05st01,https://mops.twse.com.tw/mops/#/web/t05st01,"{""companyId"": ""1325"", ""firstDay"": """", ""lastDay"": """", ""month"": ""05"", ""year"": ""109""}",dd62ec32039bd2284eadb6941f23d97ac8238f80aa2fc4230b094405e7029dca,raw_cache\1325_109_05_list.json,f674e2f60fa96f56b66aa06b1638b6b0aa9e210373d7d8d532c047a118efbdf6,cache_hit,,2026-07-30T02:10:42+00:00
1326,105,02,mops_api_t05st01,https://mops.twse.com.tw/mops/#/web/t05st01,"{""companyId"": ""1326"", ""firstDay"": """", ""lastDay"": """", ""month"": ""02"", ""year"": ""105""}",40b73cd0116dc750e19b71990ec018cf5c41f69f59b528f7c005e906626329f0,raw_cache\1326_105_02_list.json,d6e4a06e535b3c0917e7ac2e3e9006e8fcaeb6638780648d24e975b1ffebe7d8,cache_hit,,2026-07-30T02:10:42+00:00
1326,105,02,mops_api_t05st01_detail,https://mops.twse.com.tw/mops/#/web/t05st01,"{""companyId"": ""1326"", ""enterDate"": ""1050205"", ""marketKind"": ""sii"", ""serialNumber"": ""1""}",79b9691ee08cdc1919e391de70cb71e674b68b5414650849083c61a3b1e89d0e,raw_cache\1326_105_02_0_detail.json,2404e3d7f514050820b0b9627be181fef46e162d0c0aa7977f6faa3603192eb8,cache_hit,,2026-07-30T02:10:42+00:00
1326,105,03,mops_api_t05st01,https://mops.twse.com.tw/mops/#/web/t05st01,"{""companyId"": ""1326"", ""firstDay"": """", ""lastDay"": """", ""month"": ""03"", ""year"": ""105""}",d59038a08f078d0f7c257ce33560dd9af74a4dddb10c1d2108920211a51d5ec8,raw_cache\1326_105_03_list.json,26236d1e81aa729522d93817d06a339b22978b3d5ca1d188db6d3cd8599f7fdd,cache_hit,,2026-07-30T02:10:42+00:00
1326,105,03,mops_api_t05st01_detail,https://mops.twse.com.tw/mops/#/web/t05st01,"{""companyId"": ""1326"", ""enterDate"": ""1050307"", ""marketKind"": ""sii"", ""serialNumber"": ""1""}",ffcdcd50f7ea6c66db2af5f049ca20559a81ec9c924740ab707cb45152047f0d,raw_cache\1326_105_03_0_detail.json,4ef28c5051d2a7dbf6b4476f3c8ee64f9e0334a04849abd99d98a13b14746c46,cache_hit,,2026-07-30T02:10:42+00:00
1326,105,03,mops_api_t05st01_detail,https://mops.twse.com.tw/mops/#/web/t05st01,"{""companyId"": ""1326"", ""enterDate"": ""1050316"", ""marketKind"": ""sii"", ""serialNumber"": ""1""}",ec92778946d0b03707fc74e5cdb87ece7bd52c5282454e7f5d616ee7dbc02765,raw_cache\1326_105_03_1_detail.json,53031e496e4f088cfbd2df803a2f099670764e4d33d7a09895f2835ca81570de,cache_hit,,2026-07-30T02:10:42+00:00
1326,105,04,mops_api_t05st01,https://mops.twse.com.tw/mops/#/web/t05st01,"{""companyId"": ""1326"", ""firstDay"": """", ""lastDay"": """", ""month"": ""04"", ""year"": ""105""}",d8654893562d57ee3455768a41e5d55ecd13523102931ec373b217ec1c86d9b6,raw_cache\1326_105_04_list.json,662b9577e1adce2893a00a6cb29b1c0a94b0b4e2905d8e3acaadefae208b0bf2,cache_hit,,2026-07-30T02:10:42+00:00
1326,105,04,mops_api_t05st01_detail,https://mops.twse.com.tw/mops/#/web/t05st01,"{""companyId"": ""1326"", ""enterDate"": ""1050411"", ""marketKind"": ""sii"", ""serialNumber"": ""1""}",89e876b859399f2f2e3f87fd55389fd4f91d87fb239db52e69925bcbf374bc76,raw_cache\1326_105_04_0_detail.json,b4f3057150c76a1c67843304c12df135f244ee341a22d56734eee6f3b32c098f,cache_hit,,2026-07-30T02:10:42+00:00
1326,105,04,mops_api_t05st01_detail,https://mops.twse.com.tw/mops/#/web/t05st01,"{""companyId"": ""1326"", ""enterDate"": ""1050411"", ""marketKind"": ""sii"", ""serialNumber"": ""2""}",c359568992e2fdad1a61b54368edd910c8ebf4bd2cad27c787cb900214b43c39,raw_cache\1326_105_04_1_detail.json,9fd069b03ccb2aa8a93f6e4da511118167d980c1e27e9ec9bcc763fc610de447,cache_hit,,2026-07-30T02:10:42+00:00
1326,105,05,mops_api_t05st01,https://mops.twse.com.tw/mops/#/web/t05st01,"{""companyId"": ""1326"", ""firstDay"": """", ""lastDay"": """", ""month"": ""05"", ""year"": ""105""}",38e3ac539372f94e09819fb7f7186488d3dcb92b68eec924a9884f35b9256e05,raw_cache\1326_105_05_list.json,c4bebbe9ab64a3e84bd3cf68301d71b85b0dcff3256e2ba8320f1540a2ed7485,cache_hit,,2026-07-30T02:10:43+00:00
1326,105,05,mops_api_t05st01_detail,https://mops.twse.com.tw/mops/#/web/t05st01,"{""companyId"": ""1326"", ""enterDate"": ""1050506"", ""marketKind"": ""sii"", ""serialNumber"": ""1""}",5991a685018bce06759981b6829c92e8b14a34fead1eb3f470c590281fef5fa1,raw_cache\1326_105_05_0_detail.json,995eebd55ba4802caaf0f7b23ac6531f64beea10ac4773a9db7f27f494d57138,cache_hit,,2026-07-30T02:10:43+00:00
1326,107,05,mops_api_t05st01,https://mops.twse.com.tw/mops/#/web/t05st01,"{""companyId"": ""1326"", ""firstDay"": """", ""lastDay"": """", ""month"": ""05"", ""year"": ""107""}",cc50c1fd94632cfe9da27c2abfc96b8e760bb36b7f070bafc944e59656f45608,raw_cache\1326_107_05_list.json,65da01e315c37377a86c3b5a01b3ebf76e32883663ef1c2a23926f6419b239a6,cache_hit,,2026-07-30T02:10:43+00:00
1326,107,05,mops_api_t05st01_detail,https://mops.twse.com.tw/mops/#/web/t05st01,"{""companyId"": ""1326"", ""enterDate"": ""1070507"", ""marketKind"": ""sii"", ""serialNumber"": ""1""}",dbc3873d9b9f49341dd0e0fed72a8e7d074f98661ca5fcf2829944984d5532aa,raw_cache\1326_107_05_8_detail.json,bf6f98483409de2da003539bf60881a3c0fc3127b2e17ca259d55c244b7840f9,cache_hit,,2026-07-30T02:10:43+00:00
1326,107,06,mops_api_t05st01,https://mops.twse.com.tw/mops/#/web/t05st01,"{""companyId"": ""1326"", ""firstDay"": """", ""lastDay"": """", ""month"": ""06"", ""year"": ""107""}",958348fbc3c6f5b6b5ae3bd88b7b32706caf1f9cca9194b445b8cd6a42aaca1d,raw_cache\1326_107_06_list.json,75208d96398e047fda8901105df1264bbc935a1a753c3402b0523243ac2cbfee,cache_hit,,2026-07-30T02:10:43+00:00
1326,107,06,mops_api_t05st01_detail,https://mops.twse.com.tw/mops/#/web/t05st01,"{""companyId"": ""1326"", ""enterDate"": ""1070606"", ""marketKind"": ""sii"", ""serialNumber"": ""1""}",48805e8b477aa304bde6b9289f763dc07df623db5efc3b8df24c84d422077615,raw_cache\1326_107_06_0_detail.json,b8e3e4e0635a01c231238363f28c42cc9152ec3574182a4dbb55995c7efdeffb,cache_hit,,2026-07-30T02:10:43+00:00
1326,107,06,mops_api_t05st01_detail,https://mops.twse.com.tw/mops/#/web/t05st01,"{""companyId"": ""1326"", ""enterDate"": ""1070615"", ""marketKind"": ""sii"", ""serialNumber"": ""4""}",208f888073cc861aba89f1075d80483adb2b5664330b6e472c75bd83d85c4730,raw_cache\1326_107_06_4_detail.json,83d2c8e07827784523fe0039f820f8d904d4a1ab98a4a77d65a7c60d29e92b80,cache_hit,,2026-07-30T02:10:43+00:00
1326,107,07,mops_api_t05st01,https://mops.twse.com.tw/mops/#/web/t05st01,"{""companyId"": ""1326"", ""firstDay"": """", ""lastDay"": """", ""month"": ""07"", ""year"": ""107""}",a5db964bef2ede2d3957813b6013f0148a92160606ec5228c39a72cf40a5f3a9,raw_cache\1326_107_07_list.json,e9ad99e172573a6c1bd22394b61c5a8d570eb367b3709ba917fd5631043d6167,cache_hit,,2026-07-30T02:10:43+00:00
1326,107,07,mops_api_t05st01_detail,https://mops.twse.com.tw/mops/#/web/t05st01,"{""companyId"": ""1326"", ""enterDate"": ""1070710"", ""marketKind"": ""sii"", ""serialNumber"": ""1""}",b1d4385a18b3636ec1210918497b26f330d34d43249e159ec0b31ecc1c9c42d2,raw_cache\1326_107_07_0_detail.json,639b8fcc55011987580ace5664a0a0ad7701ab12963efff8e78b20cb898c112d,cache_hit,,2026-07-30T02:10:43+00:00
1326,107,07,mops_api_t05st01_detail,https://mops.twse.com.tw/mops/#/web/t05st01,"{""companyId"": ""1326"", ""enterDate"": ""1070710"", ""marketKind"": ""sii"", ""serialNumber"": ""2""}",f3960c8615922a181d0d0a47232b2ea09d6502c92dc2c4855bf1134a466bd3da,raw_cache\1326_107_07_1_detail.json,8562721b89bd01d6419724faf049a548278f30674cd51d3df3c3292b33942d36,cache_hit,,2026-07-30T02:10:43+00:00
1326,107,08,mops_api_t05st01,https://mops.twse.com.tw/mops/#/web/t05st01,"{""companyId"": ""1326"", ""firstDay"": """", ""lastDay"": """", ""month"": ""08"", ""year"": ""107""}",de6452cdebc335ebf5cf0e0fcac58e350cd1a278c23059d777d8f499550dddc2,raw_cache\1326_107_08_list.json,803ede3f867ba95d49acd244013bf3a38b73470ce33ec4338aebcebcd9a83ed8,cache_hit,,2026-07-30T02:10:43+00:00
1326,107,08,mops_api_t05st01_detail,https://mops.twse.com.tw/mops/#/web/t05st01,"{""companyId"": ""1326"", ""enterDate"": ""1070806"", ""marketKind"": ""sii"", ""serialNumber"": ""1""}",210448c970b66a4d4d71dd78fe38a283f05b44bc456a21ac42330e83a650eb68,raw_cache\1326_107_08_1_detail.json,12457d6a680e599d1fdb4758fa6e8aae32158817e9898c31275b9a1378733fc2,cache_hit,,2026-07-30T02:10:43+00:00
1326,107,09,mops_api_t05st01,https://mops.twse.com.tw/mops/#/web/t05st01,"{""companyId"": ""1326"", ""firstDay"": """", ""lastDay"": """", ""month"": ""09"", ""year"": ""107""}",255fd29c10151806d09caa2b9867f14d6cdf648facf35877a89751ef579db3bf,raw_cache\1326_107_09_list.json,73d65debbc3318ce6d921f1cb3e86706d6106e661012637b20e818c4f7ef17c4,cache_hit,,2026-07-30T02:10:43+00:00
1326,107,09,mops_api_t05st01_detail,https://mops.twse.com.tw/mops/#/web/t05st01,"{""companyId"": ""1326"", ""enterDate"": ""1070906"", ""marketKind"": ""sii"", ""serialNumber"": ""1""}",3d7cade6ae3853ad80375199b019d87d747ed9b50a24236bb2d2dc94e4cb955c,raw_cache\1326_107_09_0_detail.json,5f222b69214444b61372d2965d705facf88a5b177cb9857e76e3d87d76ea1210,cache_hit,,2026-07-30T02:10:43+00:00
1326,115,03,mops_api_t05st01,https://mops.twse.com.tw/mops/#/web/t05st01,"{""companyId"": ""1326"", ""firstDay"": """", ""lastDay"": """", ""month"": ""03"", ""year"": ""115""}",bdd3befeb126ca47b2cf240d9bd6b292b152399e387a458fd05f9fe7bfb86eb2,raw_cache\1326_115_03_list.json,f14f31dec6caa1c6b9158e20cc08bb5b7fc5b38584d8ab333c3a715793158323,cache_hit,,2026-07-30T02:10:43+00:00
1326,115,03,mops_api_t05st01_detail,https://mops.twse.com.tw/mops/#/web/t05st01,"{""companyId"": ""1326"", ""enterDate"": ""1150306"", ""marketKind"": ""sii"", ""serialNumber"": ""1""}",b65c6f396249015faa340aa6fe149071ed9f539b9129e6c996965c1ad6c75b00,raw_cache\1326_115_03_0_detail.json,8a6ac5ba11eb1fdc25d36fb903ff1e3eaef0a1b5c32f3c173cd3be183b912449,cache_hit,,2026-07-30T02:10:43+00:00
1326,115,03,mops_api_t05st01_detail,https://mops.twse.com.tw/mops/#/web/t05st01,"{""companyId"": ""1326"", ""enterDate"": ""1150310"", ""marketKind"": ""sii"", ""serialNumber"": ""1""}",556aa8f802113475f464eb9d88c83961774044c483dfa11bc882a463001ddcf5,raw_cache\1326_115_03_1_detail.json,ccf0277cc17873ad1f671e1d97c48e266ff71287950042e2338d90b6603f616e,cache_hit,,2026-07-30T02:10:43+00:00
1326,115,03,mops_api_t05st01_detail,https://mops.twse.com.tw/mops/#/web/t05st01,"{""companyId"": ""1326"", ""enterDate"": ""1150310"", ""marketKind"": ""sii"", ""serialNumber"": ""2""}",7a5027c45f39fdad1d1de4c4e228dc221fbb48ad35b5635b5ab968b6ff46f3f1,raw_cache\1326_115_03_2_detail.json,4e72848022bdffa8a4519d02d5d5a4327832f41950b021b520f580fa8869d51a,cache_hit,,2026-07-30T02:10:43+00:00
1326,115,03,mops_api_t05st01_detail,https://mops.twse.com.tw/mops/#/web/t05st01,"{""companyId"": ""1326"", ""enterDate"": ""1150318"", ""marketKind"": ""sii"", ""serialNumber"": ""1""}",3d387f62d11470fb9c463136b26c1bb0e0225540c34d3daeda7080eb3b2a1cb1,raw_cache\1326_115_03_8_detail.json,15fada26b5837ca645400961840d2707cddf3f5d5576ce317c953c96ae628eb9,cache_hit,,2026-07-30T02:10:43+00:00
1326,115,04,mops_api_t05st01,https://mops.twse.com.tw/mops/#/web/t05st01,"{""companyId"": ""1326"", ""firstDay"": """", ""lastDay"": """", ""month"": ""04"", ""year"": ""115""}",b1811c8704b6b3ba390100a45185b3ebdfd3ea94ec3c2316d0a827a85f943a4c,raw_cache\1326_115_04_list.json,fb05d71505dabfc3e0e94d453d6a57bfaa7f33e374aa54ca13a9858bee735635,cache_hit,,2026-07-30T02:10:43+00:00
1326,115,04,mops_api_t05st01_detail,https://mops.twse.com.tw/mops/#/web/t05st01,"{""companyId"": ""1326"", ""enterDate"": ""1150410"", ""marketKind"": ""sii"", ""serialNumber"": ""1""}",b11ff0173a97261179bf639963ec6e8f07c3138138a484f14c002a4af51ddbfb,raw_cache\1326_115_04_0_detail.json,c1ba8fc8f0ce53ba92c0628b8727aab74452bb0c9b755365f7980236b4aa1f49,cache_hit,,2026-07-30T02:10:43+00:00
1326,115,04,mops_api_t05st01_detail,https://mops.twse.com.tw/mops/#/web/t05st01,"{""companyId"": ""1326"", ""enterDate"": ""1150410"", ""marketKind"": ""sii"", ""serialNumber"": ""2""}",ee21dd6fe063376d47a77894a44ef8bde347d0ed6bd958cb17862784a84da9fa,raw_cache\1326_115_04_1_detail.json,9a842e53604b9567915029da7804e5c8a88de16c4dd2a8dfdb32ec9fae41ddcd,cache_hit,,2026-07-30T02:10:43+00:00
1326,115,05,mops_api_t05st01,https://mops.twse.com.tw/mops/#/web/t05st01,"{""companyId"": ""1326"", ""firstDay"": """", ""lastDay"": """", ""month"": ""05"", ""year"": ""115""}",814cd62143569c8e6773ed2abc1a1305d596eafd0a82c581b8a8c9142afd2801,raw_cache\1326_115_05_list.json,d1506bf8f2d82e1ec9bdccae54b90978ceaef3d498bb41288c0eaf2244f3df75,cache_hit,,2026-07-30T02:10:43+00:00
1326,115,05,mops_api_t05st01_detail,https://mops.twse.com.tw/mops/#/web/t05st01,"{""companyId"": ""1326"", ""enterDate"": ""1150507"", ""marketKind"": ""sii"", ""serialNumber"": ""1""}",f975db3c1f953d5bfaeabbacbf65f2fb000247e62b3e51346aa90ec0a7687f52,raw_cache\1326_115_05_0_detail.json,b9eaaa7ba761e3adca7b7677102dc53c54f5d9acf41b79fb70876beeffb53e6e,cache_hit,,2026-07-30T02:10:43+00:00
1326,115,05,mops_api_t05st01_detail,https://mops.twse.com.tw/mops/#/web/t05st01,"{""companyId"": ""1326"", ""enterDate"": ""1150508"", ""marketKind"": ""sii"", ""serialNumber"": ""1""}",5c9e6e39f66fe2c64e0d989aeba891c4d10b777e7f99c03559d08e770b7682bf,raw_cache\1326_115_05_1_detail.json,1dde6f4aa887fccc09f2acb1b87b18c74234415f5c29f0d4c2d0b6d325487d43,cache_hit,,2026-07-30T02:10:43+00:00
1326,115,05,mops_api_t05st01_detail,https://mops.twse.com.tw/mops/#/web/t05st01,"{""companyId"": ""1326"", ""enterDate"": ""1150527"", ""marketKind"": ""sii"", ""serialNumber"": ""2""}",80452ed996c0da50f5b23f0c603df14bf7dc20a64717c5ef5e4930e4128904be,raw_cache\1326_115_05_6_detail.json,688f30d47441a10e879909fc771092eda0a0ff3f0085a849aa11eb1f833a17c0,cache_hit,,2026-07-30T02:10:43+00:00
1326,115,06,mops_api_t05st01,https://mops.twse.com.tw/mops/#/web/t05st01,"{""companyId"": ""1326"", ""firstDay"": """", ""lastDay"": """", ""month"": ""06"", ""year"": ""115""}",840928b5018e04cf07044ec4c605f87cd3b86bba5e07114b6dc3755c7b508603,raw_cache\1326_115_06_list.json,74f746715204bab06929be97bb8b0d13e70becd58d3c094d3c12fa805ed6e7a3,cache_hit,,2026-07-30T02:10:43+00:00
1326,115,06,mops_api_t05st01_detail,https://mops.twse.com.tw/mops/#/web/t05st01,"{""companyId"": ""1326"", ""enterDate"": ""1150608"", ""marketKind"": ""sii"", ""serialNumber"": ""1""}",acec4239684815663597c69fc5372138bdb0659e1cd4ba299f5beb6623ee28bb,raw_cache\1326_115_06_0_detail.json,a41dbd1f02bee7629c652eb0a5cdb63d9644da9377a1d7e0bd184a3ed05823ba,cache_hit,,2026-07-30T02:10:43+00:00
1326,115,06,mops_api_t05st01_detail,https://mops.twse.com.tw/mops/#/web/t05st01,"{""companyId"": ""1326"", ""enterDate"": ""1150608"", ""marketKind"": ""sii"", ""serialNumber"": ""2""}",395030687fd92571f42ede5dc947bab07f6938b55a28f7b1cf2f53145a0aa5b6,raw_cache\1326_115_06_1_detail.json,c1bbedbf415a14c31861b381682fb96cf3a8de008459ec4e07685fdd1c28a63b,cache_hit,,2026-07-30T02:10:43+00:00
1326,115,06,mops_api_t05st01_detail,https://mops.twse.com.tw/mops/#/web/t05st01,"{""companyId"": ""1326"", ""enterDate"": ""1150608"", ""marketKind"": ""sii"", ""serialNumber"": ""3""}",e06d996bf5e9660a67f18b54100dc83d4c178caee087e4040d088643c220af1b,raw_cache\1326_115_06_2_detail.json,30e92b417224bb98d80aa459a2604cc444279f0d4c06faa3b8428279118346d1,cache_hit,,2026-07-30T02:10:43+00:00
1402,105,02,mops_api_t05st01,https://mops.twse.com.tw/mops/#/web/t05st01,"{""companyId"": ""1402"", ""firstDay"": """", ""lastDay"": """", ""month"": ""02"", ""year"": ""105""}",590c1907e2b1f0c560fb785dc0e5717e7c19af1df10b32727158926b13d20f67,raw_cache\1402_105_02_list.json,88363215655c144ece05678f8242c1bdcc0b6cf3a0192261cc4af80817e225c3,cache_hit,,2026-07-30T02:10:43+00:00
1402,105,03,mops_api_t05st01,https://mops.twse.com.tw/mops/#/web/t05st01,"{""companyId"": ""1402"", ""firstDay"": """", ""lastDay"": """", ""month"": ""03"", ""year"": ""105""}",f73861dd2c000f200d1eb730cb5dbb81ff34053749e74d932f2e74c75ee0d25b,raw_cache\1402_105_03_list.json,749d0acb2f6447e56656867e0895c7e23f9d12504f45fbdad4f2a6da08bf8b43,cache_hit,,2026-07-30T02:10:43+00:00
1402,105,03,mops_api_t05st01_detail,https://mops.twse.com.tw/mops/#/web/t05st01,"{""companyId"": ""1402"", ""enterDate"": ""1050325"", ""marketKind"": ""sii"", ""serialNumber"": ""1""}",e7b7b8837b1dabfcbd8e9bdd898714a79e1e44840f7e2822f011ee1ddb24f675,raw_cache\1402_105_03_1_detail.json,5ff35259c8f0e923f97d8f5a8e6a152abb389c8a0a8fdc16d2c59fd6a6150da3,cache_hit,,2026-07-30T02:10:43+00:00
1402,105,04,mops_api_t05st01,https://mops.twse.com.tw/mops/#/web/t05st01,"{""companyId"": ""1402"", ""firstDay"": """", ""lastDay"": """", ""month"": ""04"", ""year"": ""105""}",09f97cfd61525dcbd8f57bd03e9f5b1ec451d252b34697fc3883b7fa7a0a37d7,raw_cache\1402_105_04_list.json,675f7a803dab531fa5fd0c28ac9702e77b39972f9197beb153c349105a5605c1,cache_hit,,2026-07-30T02:10:43+00:00
1409,107,07,mops_api_t05st01,https://mops.twse.com.tw/mops/#/web/t05st01,"{""companyId"": ""1409"", ""firstDay"": """", ""lastDay"": """", ""month"": ""07"", ""year"": ""107""}",3d4edcb4be729c496b2ec5344650643de8e7f1db21ed612f55c1c7a62dc400b3,raw_cache\1409_107_07_list.json,5f5f6e87d1fe3f2eac80da3a71410ab94c4e7b1b2065544cd193b9f26c9e9961,cache_hit,,2026-07-30T02:10:43+00:00
1409,107,08,mops_api_t05st01,https://mops.twse.com.tw/mops/#/web/t05st01,"{""companyId"": ""1409"", ""firstDay"": """", ""lastDay"": """", ""month"": ""08"", ""year"": ""107""}",1cc4bb1362a0baf96f2532b02d95356389f8d98f09ecb06ab224293f8171e451,raw_cache\1409_107_08_list.json,991bac710d7976de1515ac480cda0a2b27bfe31dbf74655189d6f9d8af04fa50,cache_hit,,2026-07-30T02:10:43+00:00
1409,107,08,mops_api_t05st01_detail,https://mops.twse.com.tw/mops/#/web/t05st01,"{""companyId"": ""1409"", ""enterDate"": ""1070810"", ""marketKind"": ""sii"", ""serialNumber"": ""1""}",bbb7b82a205f27278a60bd690ef5e731730fb9689d6f59059cccd9a3b5df33c5,raw_cache\1409_107_08_0_detail.json,2d0aef8df8a7c3a7cba41c2335b725009ff9a9867ae7efe4ada244ef67031907,cache_hit,,2026-07-30T02:10:43+00:00
1409,107,09,mops_api_t05st01,https://mops.twse.com.tw/mops/#/web/t05st01,"{""companyId"": ""1409"", ""firstDay"": """", ""lastDay"": """", ""month"": ""09"", ""year"": ""107""}",267bf6c0e5646b09e7f1f9c8479c4e8ddc478e385146f3f61208ba27f1f05739,raw_cache\1409_107_09_list.json,f725b88f08217d513bf78c9a72a6026f0ea741f810924ccd7a861776b08f399b,cache_hit,,2026-07-30T02:10:43+00:00
1409,107,10,mops_api_t05st01,https://mops.twse.com.tw/mops/#/web/t05st01,"{""companyId"": ""1409"", ""firstDay"": """", ""lastDay"": """", ""month"": ""10"", ""year"": ""107""}",6ddc525723dcd0a99e7b84429ecd628dc214d387c1b5867e05490d2fc63aba84,raw_cache\1409_107_10_list.json,3b686efbcb779bf0ef5e33cd092f8c0fe52693d8f62d78d478941db0fc1014a1,cache_hit,,2026-07-30T02:10:43+00:00
1476,108,06,mops_api_t05st01,https://mops.twse.com.tw/mops/#/web/t05st01,"{""companyId"": ""1476"", ""firstDay"": """", ""lastDay"": """", ""month"": ""06"", ""year"": ""108""}",9435af6f12b437e91911019ccb1538554ad61b2e8fb12847e9d08897cc6985dd,raw_cache\1476_108_06_list.json,5849b71e2f0475e45bf4ce07db3a4acb8f338f91c8acab79d40b5ef1465b09a9,cache_hit,,2026-07-30T02:10:43+00:00
1476,108,06,mops_api_t05st01_detail,https://mops.twse.com.tw/mops/#/web/t05st01,"{""companyId"": ""1476"", ""enterDate"": ""1080619"", ""marketKind"": ""sii"", ""serialNumber"": ""1""}",1c29d538e1cbe6248436d6b8e39c4ec2ae81e36aab4a1ac2eb5f8416a775d6b8,raw_cache\1476_108_06_2_detail.json,efe906f04d3898e80f908a3a14b72f468606f533b12c54cdb6821c59f9850109,cache_hit,,2026-07-30T02:10:43+00:00
1476,108,07,mops_api_t05st01,https://mops.twse.com.tw/mops/#/web/t05st01,"{""companyId"": ""1476"", ""firstDay"": """", ""lastDay"": """", ""month"": ""07"", ""year"": ""108""}",36dc7ef5906b89abca2abc587563966db5114404b0cfb495a2415b97d55c28a0,raw_cache\1476_108_07_list.json,f89f4009967e5932ac9d35529433d04c13785455c5fa3dac2aaeb78bab83152f,cache_hit,,2026-07-30T02:10:43+00:00
1476,108,08,mops_api_t05st01,https://mops.twse.com.tw/mops/#/web/t05st01,"{""companyId"": ""1476"", ""firstDay"": """", ""lastDay"": """", ""month"": ""08"", ""year"": ""108""}",a918665a3a6d3f3ac105ac7f788ac940864d2960b7ae6cdbb4ff38ede9a44c52,raw_cache\1476_108_08_list.json,27bc61dcc0fd17c4c132f4d27394158278f72febadf1086acda7c1659fa353d2,cache_hit,,2026-07-30T02:10:43+00:00
1477,108,04,mops_api_t05st01,https://mops.twse.com.tw/mops/#/web/t05st01,"{""companyId"": ""1477"", ""firstDay"": """", ""lastDay"": """", ""month"": ""04"", ""year"": ""108""}",d9e7c49feb9394cb86c8cfa7eb1b26513d4f017981da3c2a460731eec06157cf,raw_cache\1477_108_04_list.json,6904716a840964056dd80836260c69979a755aeb6ff6b13beffb436614842d74,cache_hit,,2026-07-30T02:10:43+00:00
1477,108,04,mops_api_t05st01_detail,https://mops.twse.com.tw/mops/#/web/t05st01,"{""companyId"": ""1477"", ""enterDate"": ""1080416"", ""marketKind"": ""sii"", ""serialNumber"": ""2""}",e33c7947730c1cc404fed18865cdfd4f1cd5d8fc0f3b7e91423d7b074be277f9,raw_cache\1477_108_04_1_detail.json,8a4c87605a93d5b44eec7ad2febd8c8d3af263dfdf34857a211901c80f6ac918,cache_hit,,2026-07-30T02:10:43+00:00
1477,108,05,mops_api_t05st01,https://mops.twse.com.tw/mops/#/web/t05st01,"{""companyId"": ""1477"", ""firstDay"": """", ""lastDay"": """", ""month"": ""05"", ""year"": ""108""}",10fec80b8c793fd4395552c66117e383497ee32d8deb7df033e3677fb8e5e440,raw_cache\1477_108_05_list.json,84e8a19f2553c07d47390691c0a9729e958d0c22b72f0c99c7158ae298f0dcd1,cache_hit,,2026-07-30T02:10:43+00:00
1477,108,05,mops_api_t05st01_detail,https://mops.twse.com.tw/mops/#/web/t05st01,"{""companyId"": ""1477"", ""enterDate"": ""1080514"", ""marketKind"": ""sii"", ""serialNumber"": ""2""}",4b87eb05a7872a16bb8d09265efa759d17358df111cf888ab496efbb4031a3a9,raw_cache\1477_108_05_4_detail.json,cc8c515b03cb6a60939e959c6368705beade3efe117b8d723bef8bc1ca087e1c,cache_hit,,2026-07-30T02:10:43+00:00
1477,108,06,mops_api_t05st01,https://mops.twse.com.tw/mops/#/web/t05st01,"{""companyId"": ""1477"", ""firstDay"": """", ""lastDay"": """", ""month"": ""06"", ""year"": ""108""}",26abc970144736444f164db55e5564d3218c8cf4df168435f75bc7d8efa20a8a,raw_cache\1477_108_06_list.json,8028b4cd2777042fe978bbfdcd80af9618a9077230d75edf4c5da42ab51ba7a4,cache_hit,,2026-07-30T02:10:43+00:00
1477,108,06,mops_api_t05st01_detail,https://mops.twse.com.tw/mops/#/web/t05st01,"{""companyId"": ""1477"", ""enterDate"": ""1080613"", ""marketKind"": ""sii"", ""serialNumber"": ""2""}",5c4eab3c02a895f4ea271d06ae534f0496192082794dee3da5eede6ac71bab7e,raw_cache\1477_108_06_2_detail.json,4c7c11cb9192dea4b4cd0679584f58df862a103afa4b2ad7d89e709d567e7960,cache_hit,,2026-07-30T02:10:43+00:00
1477,108,06,mops_api_t05st01_detail,https://mops.twse.com.tw/mops/#/web/t05st01,"{""companyId"": ""1477"", ""enterDate"": ""1080626"", ""marketKind"": ""sii"", ""serialNumber"": ""3""}",88d70387b26c3e4ede250811f041d277015de2b2f80e7d6049c26435473347cf,raw_cache\1477_108_06_6_detail.json,f1c180dc718a8901227e5a95af6716943bedfa841e3964549aec3e8f69b6e2df,cache_hit,,2026-07-30T02:10:43+00:00
1477,108,07,mops_api_t05st01,https://mops.twse.com.tw/mops/#/web/t05st01,"{""companyId"": ""1477"", ""firstDay"": """", ""lastDay"": """", ""month"": ""07"", ""year"": ""108""}",d43572d41aeb09311262b312bcd744eba2ac5b4f17f6523227c30b1bd34320fa,raw_cache\1477_108_07_list.json,9d9dd14cc12ab1f225bef769cbd8f14eccfaea75d43ee82ced38f5548b1e8225,cache_hit,,2026-07-30T02:10:43+00:00
1477,108,07,mops_api_t05st01_detail,https://mops.twse.com.tw/mops/#/web/t05st01,"{""companyId"": ""1477"", ""enterDate"": ""1080716"", ""marketKind"": ""sii"", ""serialNumber"": ""1""}",7650d40a0c9f0eb96f514c156f9ef5f93a2b7da53849fc84f3e91875c3408e04,raw_cache\1477_108_07_0_detail.json,19ae669fb7ff4418fa71e1e6cd6002dd56917932cb312ba816804ff8a2b4cbee,cache_hit,,2026-07-30T02:10:43+00:00
1513,113,10,mops_api_t05st01,https://mops.twse.com.tw/mops/#/web/t05st01,"{""companyId"": ""1513"", ""firstDay"": """", ""lastDay"": """", ""month"": ""10"", ""year"": ""113""}",ccda91b2af44639c5b2f06119c5a27991099f0324876edd0910a8ad2427a5654,raw_cache\1513_113_10_list.json,1a486e461503e02fc7b1ff81a2c94b5d489e3ed263ec97594dd78c4e3e987fec,cache_hit,,2026-07-30T02:10:43+00:00
1513,113,11,mops_api_t05st01,https://mops.twse.com.tw/mops/#/web/t05st01,"{""companyId"": ""1513"", ""firstDay"": """", ""lastDay"": """", ""month"": ""11"", ""year"": ""113""}",c53d5152c3cd4f58ea2d0cdd8035980a897e1b3980c1774d6b7e360106787022,raw_cache\1513_113_11_list.json,3477346d6a9aee303d3b1e5439190103495216b4cb057cc4cf575c2d7d6d4d92,cache_hit,,2026-07-30T02:10:43+00:00
1513,113,11,mops_api_t05st01_detail,https://mops.twse.com.tw/mops/#/web/t05st01,"{""companyId"": ""1513"", ""enterDate"": ""1131112"", ""marketKind"": ""sii"", ""serialNumber"": ""1""}",6129afd1177b1fe9f4ec0bf2871548abfade8cdfbac8a3692216a687e9896cea,raw_cache\1513_113_11_1_detail.json,e8bda6ae123ca933e79dd7724c6c293d30b4756cde4bec8005ccdc7c02f8b446,cache_hit,,2026-07-30T02:10:43+00:00
1513,113,11,mops_api_t05st01_detail,https://mops.twse.com.tw/mops/#/web/t05st01,"{""companyId"": ""1513"", ""enterDate"": ""1131112"", ""marketKind"": ""sii"", ""serialNumber"": ""2""}",13c6b10e82822720a7f23e5b3a43921b974bb1af848d8a42fde3e53b383292aa,raw_cache\1513_113_11_2_detail.json,57970d12c78a6858087dfd8c32d95fca6921e9869807bcbd1c987c0327a8541b,cache_hit,,2026-07-30T02:10:43+00:00
1513,113,12,mops_api_t05st01,https://mops.twse.com.tw/mops/#/web/t05st01,"{""companyId"": ""1513"", ""firstDay"": """", ""lastDay"": """", ""month"": ""12"", ""year"": ""113""}",348b43c7e2690256ac8541df6f178940ab1ebb0954fcce30a28b934d2cff23e8,raw_cache\1513_113_12_list.json,a6f7d594ef791452b9b89b99ce105a47e8bae813e0baaf0e82291721dfa1ca92,cache_hit,,2026-07-30T02:10:43+00:00
1513,114,03,mops_api_t05st01,https://mops.twse.com.tw/mops/#/web/t05st01,"{""companyId"": ""1513"", ""firstDay"": """", ""lastDay"": """", ""month"": ""03"", ""year"": ""114""}",e899b4fad4cf7ca2018b9ad99ba7070e39963908bde8b58a715cecf3e9f9a2ae,raw_cache\1513_114_03_list.json,56d4b946a1def9bd2a70c953c81dc64d0b446cd96a951e0a80bdde95a6e688df,cache_hit,,2026-07-30T02:10:43+00:00
1513,114,03,mops_api_t05st01_detail,https://mops.twse.com.tw/mops/#/web/t05st01,"{""companyId"": ""1513"", ""enterDate"": ""1140305"", ""marketKind"": ""sii"", ""serialNumber"": ""1""}",93a7db3c5d5f8a005f6455a5b3eb39ae1657459def4d79954d90578567b3b5b1,raw_cache\1513_114_03_0_detail.json,e39dd26c7aaac59b532b4ca052c7e5b7fc6523a3dd09c2aa72d61cf70544afb2,cache_hit,,2026-07-30T02:10:43+00:00
1513,114,03,mops_api_t05st01_detail,https://mops.twse.com.tw/mops/#/web/t05st01,"{""companyId"": ""1513"", ""enterDate"": ""1140305"", ""marketKind"": ""sii"", ""serialNumber"": ""4""}",846326edec678f5c31ca1d3a782f7fbfd410bbe9bf2db8a11469464b01fe6058,raw_cache\1513_114_03_3_detail.json,480d6abca472a742841754b87d0396a6947dba4710f12239f313487b2e92298f,cache_hit,,2026-07-30T02:10:43+00:00
1513,114,04,mops_api_t05st01,https://mops.twse.com.tw/mops/#/web/t05st01,"{""companyId"": ""1513"", ""firstDay"": """", ""lastDay"": """", ""month"": ""04"", ""year"": ""114""}",0145ae6362aec684afd18c5e762147a987718f9d53a69d9bfbe2887627c5b922,raw_cache\1513_114_04_list.json,3529417008836d68d62ac058cb46108dbfbea6331da05d9685220247ac326562,cache_hit,,2026-07-30T02:10:43+00:00
1513,114,05,mops_api_t05st01,https://mops.twse.com.tw/mops/#/web/t05st01,"{""companyId"": ""1513"", ""firstDay"": """", ""lastDay"": """", ""month"": ""05"", ""year"": ""114""}",263f063d85b297fec5fdbd2ff928fa068f85053b328de8cb54790a94c34d4d92,raw_cache\1513_114_05_list.json,bfedb5901c21d3d26bd187263dd4fb742245177dd0d4e07921db93b9c513c5b2,cache_hit,,2026-07-30T02:10:43+00:00
1513,114,05,mops_api_t05st01_detail,https://mops.twse.com.tw/mops/#/web/t05st01,"{""companyId"": ""1513"", ""enterDate"": ""1140512"", ""marketKind"": ""sii"", ""serialNumber"": ""1""}",db1554aa95cae1940cf2ccb244568c1183f7ccaf71362b9a0167073f865d40a6,raw_cache\1513_114_05_1_detail.json,0ab02b136f621c2a9d89868395a8addb263b8111a4cae848e26dcd16c172d83d,cache_hit,,2026-07-30T02:10:43+00:00
1513,114,06,mops_api_t05st01,https://mops.twse.com.tw/mops/#/web/t05st01,"{""companyId"": ""1513"", ""firstDay"": """", ""lastDay"": """", ""month"": ""06"", ""year"": ""114""}",b7362d82e4706edae30fff5d0c8767feca0b173f1d1379ca8a50912aaf3ec341,raw_cache\1513_114_06_list.json,3b651ea99b092a019926ebae10afbba4bb5713827c653d7c26ebaea0e8152a89,cache_hit,,2026-07-30T02:10:43+00:00
1519,112,09,mops_api_t05st01,https://mops.twse.com.tw/mops/#/web/t05st01,"{""companyId"": ""1519"", ""firstDay"": """", ""lastDay"": """", ""month"": ""09"", ""year"": ""112""}",042c5b72f40e6062f36a2e813b3d7e7c905e25091fc3e76962cc4fdde8910367,raw_cache\1519_112_09_list.json,d755f4e839aea06502628b0b7834ff169527f733b6df391e6c40174af8207bec,cache_hit,,2026-07-30T02:10:43+00:00
1519,112,10,mops_api_t05st01,https://mops.twse.com.tw/mops/#/web/t05st01,"{""companyId"": ""1519"", ""firstDay"": """", ""lastDay"": """", ""month"": ""10"", ""year"": ""112""}",092aac864839161844cef7aad3d5f2687e08dea824e55a947541df8b2f590ff0,raw_cache\1519_112_10_list.json,b06768d0075567d175318db0cd1365de09fa4798013f3bcde0f0b386f95950bc,cache_hit,,2026-07-30T02:10:43+00:00
1519,112,11,mops_api_t05st01,https://mops.twse.com.tw/mops/#/web/t05st01,"{""companyId"": ""1519"", ""firstDay"": """", ""lastDay"": """", ""month"": ""11"", ""year"": ""112""}",4626bf6f66b9e80966a31a60ad2094a354d00d9f53bd37da5d4f1560a01a0676,raw_cache\1519_112_11_list.json,2357b5f3b0960fd2a8660ca888bda01f1c97d8dc85007b8ee70052b567acdaf2,cache_hit,,2026-07-30T02:10:43+00:00
1519,112,11,mops_api_t05st01_detail,https://mops.twse.com.tw/mops/#/web/t05st01,"{""companyId"": ""1519"", ""enterDate"": ""1121108"", ""marketKind"": ""sii"", ""serialNumber"": ""1""}",09ce925802992a8e4c54559891b1ca4e46b7b701663ab584fd26ea2368985173,raw_cache\1519_112_11_0_detail.json,0d87fd8caf762f42a6b2bc2449b37886e3475c063ab6374aaeefcf8fed0c237e,cache_hit,,2026-07-30T02:10:43+00:00
1519,112,12,mops_api_t05st01,https://mops.twse.com.tw/mops/#/web/t05st01,"{""companyId"": ""1519"", ""firstDay"": """", ""lastDay"": """", ""month"": ""12"", ""year"": ""112""}",3f8a5cb63a4e5e40aab781329277abf1aa4423a49ba04e5578b1414d7266aa1b,raw_cache\1519_112_12_list.json,5b6f8224ceae448d3ed3bcae0a8cc7394621d6c0619c31880a9ddf4118bcf34b,cache_hit,,2026-07-30T02:10:43+00:00
1560,111,01,mops_api_t05st01,https://mops.twse.com.tw/mops/#/web/t05st01,"{""companyId"": ""1560"", ""firstDay"": """", ""lastDay"": """", ""month"": ""01"", ""year"": ""111""}",ecddbb6634d13c63942e0f400c7b5a7ab6e7befda76c368d6922ff6269bb9d43,raw_cache\1560_111_01_list.json,a34f096f14e29b40cb7180a1ebf4fb1aa04f991ab1e5eb12347fbe0e3df62613,cache_hit,,2026-07-30T02:10:43+00:00
1560,111,02,mops_api_t05st01,https://mops.twse.com.tw/mops/#/web/t05st01,"{""companyId"": ""1560"", ""firstDay"": """", ""lastDay"": """", ""month"": ""02"", ""year"": ""111""}",f88b6ead4373430a38e951f2c05704b071b80b939736a1c39b4e5caf61aaa752,raw_cache\1560_111_02_list.json,49108e748c6f64b9813ff123079cc7eef3721fff94f32f7b85a7e6b2651e4ef9,cache_hit,,2026-07-30T02:10:43+00:00
1560,111,02,mops_api_t05st01_detail,https://mops.twse.com.tw/mops/#/web/t05st01,"{""companyId"": ""1560"", ""enterDate"": ""1110223"", ""marketKind"": ""sii"", ""serialNumber"": ""1""}",57bdf91d4ea37c8a6be772fe77592b527ead728f8389745988d74a6a273419e9,raw_cache\1560_111_02_0_detail.json,c6fde719ca42ac3bd958e53a439addef8d648dac60b068cdb7314b93dc601e91,cache_hit,,2026-07-30T02:10:43+00:00
1560,111,03,mops_api_t05st01,https://mops.twse.com.tw/mops/#/web/t05st01,"{""companyId"": ""1560"", ""firstDay"": """", ""lastDay"": """", ""month"": ""03"", ""year"": ""111""}",7b17dfa5f51bc7e002a67c2276aa97cf6f894eff6210841a04e5276515728d01,raw_cache\1560_111_03_list.json,dea9f1b67bd334e59c8b6de3eff2b507a6479544fe68e9b4b1e26708aa87030f,cache_hit,,2026-07-30T02:10:43+00:00
1560,111,04,mops_api_t05st01,https://mops.twse.com.tw/mops/#/web/t05st01,"{""companyId"": ""1560"", ""firstDay"": """", ""lastDay"": """", ""month"": ""04"", ""year"": ""111""}",0c293010db1246b6b2d23f59bf5a0055e8c39d354cc6b8bb115fb9002a429519,raw_cache\1560_111_04_list.json,2ddf1a0260e6a538558e361c945c75656c5cb1ea368b0721ba35628c06c5db41,cache_hit,,2026-07-30T02:10:43+00:00
1560,111,04,mops_api_t05st01_detail,https://mops.twse.com.tw/mops/#/web/t05st01,"{""companyId"": ""1560"", ""enterDate"": ""1110426"", ""marketKind"": ""sii"", ""serialNumber"": ""3""}",dddcda58302881d39434653ae6c01f27657a4d67dfc68c7c51c5433edec39606,raw_cache\1560_111_04_3_detail.json,714ea1a182cc0ccb83b82c2297fb50182a065c0e9cca1eb9ce4555976d48b0d9,cache_hit,,2026-07-30T02:10:43+00:00
1597,113,12,mops_api_t05st01,https://mops.twse.com.tw/mops/#/web/t05st01,"{""companyId"": ""1597"", ""firstDay"": """", ""lastDay"": """", ""month"": ""12"", ""year"": ""113""}",b5c13999e0a2ec3cdfe42a14dde3912d242425566135d52a81dae3679b6cf69e,raw_cache\1597_113_12_list.json,910c3d7273b18f9a76e123e3d623cb1cfb436f270005a4b96b7fda5bdc6d0512,cache_hit,,2026-07-30T02:10:43+00:00
1597,114,01,mops_api_t05st01,https://mops.twse.com.tw/mops/#/web/t05st01,"{""companyId"": ""1597"", ""firstDay"": """", ""lastDay"": """", ""month"": ""01"", ""year"": ""114""}",584672d119e0b3adf1b7b06e41115c3013c1ddc94a877c2fff7871a68b6107c8,raw_cache\1597_114_01_list.json,82fe2f113ab563bc50c1caafaeb29a45876b91642b96425452f51c462778e3be,cache_hit,,2026-07-30T02:10:43+00:00
1597,114,02,mops_api_t05st01,https://mops.twse.com.tw/mops/#/web/t05st01,"{""companyId"": ""1597"", ""firstDay"": """", ""lastDay"": """", ""month"": ""02"", ""year"": ""114""}",8566ee66949cdb0fd4caddc7d35fd855de40b0bf399bc85ed6d3b117862818de,raw_cache\1597_114_02_list.json,9ec4656489ed5a090b6889d4a92684e9eb9dc44fb8feac8ef67e7aa14355c595,cache_hit,,2026-07-30T02:10:43+00:00
1597,114,02,mops_api_t05st01_detail,https://mops.twse.com.tw/mops/#/web/t05st01,"{""companyId"": ""1597"", ""enterDate"": ""1140221"", ""marketKind"": ""sii"", ""serialNumber"": ""2""}",a48208da1f12039855f4f2d1803b516f0e3fb656548ce4ccead00d29bbf5d233,raw_cache\1597_114_02_2_detail.json,3378789022a586caaccdab7dfd4b48ebfa1b88b08bb9b6d4c6bfdc3c26854d5f,cache_hit,,2026-07-30T02:10:43+00:00
1597,114,02,mops_api_t05st01_detail,https://mops.twse.com.tw/mops/#/web/t05st01,"{""companyId"": ""1597"", ""enterDate"": ""1140226"", ""marketKind"": ""sii"", ""serialNumber"": ""1""}",2ac1c18a8562e68ef84f95cdc3dd5fbf8dfef0205e4f3e5393df7f1e0c244798,raw_cache\1597_114_02_3_detail.json,187a5cd4f85bb2fe8e0d822d0d3117bf0b3f835f8b9eeb598127febce7555c86,cache_hit,,2026-07-30T02:10:43+00:00
1597,114,03,mops_api_t05st01,https://mops.twse.com.tw/mops/#/web/t05st01,"{""companyId"": ""1597"", ""firstDay"": """", ""lastDay"": """", ""month"": ""03"", ""year"": ""114""}",16b8ac10a5de1f47d8af1ef2711967aa24d305db023666111964991feedf0bae,raw_cache\1597_114_03_list.json,cb619cb999307736e7bdcb34a6b05ba3a30d6d11113f38f6d80dcc6c784dbfd2,cache_hit,,2026-07-30T02:10:43+00:00
1608,110,05,mops_api_t05st01,https://mops.twse.com.tw/mops/#/web/t05st01,"{""companyId"": ""1608"", ""firstDay"": """", ""lastDay"": """", ""month"": ""05"", ""year"": ""110""}",8f246771f756499e91273f2e2f64efdbeccbf1750544d580641fa39c99193e38,raw_cache\1608_110_05_list.json,9daca2dab8cbeedaff4d75cca51b17ae9bc11dd3018e19e37c3299481fa1a80d,cache_hit,,2026-07-30T02:10:43+00:00
1608,110,05,mops_api_t05st01_detail,https://mops.twse.com.tw/mops/#/web/t05st01,"{""companyId"": ""1608"", ""enterDate"": ""1100510"", ""marketKind"": ""sii"", ""serialNumber"": ""3""}",bcb0c786803af0dd81fb7ee1f6e1daa01bf46e443ec961976687cd3baaab99e0,raw_cache\1608_110_05_2_detail.json,ddb7a156376653b36d0770ed34c07603f25ec9f02fde879649d2032fcecad674,cache_hit,,2026-07-30T02:10:43+00:00
1608,110,06,mops_api_t05st01,https://mops.twse.com.tw/mops/#/web/t05st01,"{""companyId"": ""1608"", ""firstDay"": """", ""lastDay"": """", ""month"": ""06"", ""year"": ""110""}",72fa8f9079f6979de499d2e83ca113a34a8635daa6e73e0793d91f8425fa9641,raw_cache\1608_110_06_list.json,f4254b3d1b57328e2503feb18260486263703bb82e86061944e083ad428b69a8,cache_hit,,2026-07-30T02:10:43+00:00
1608,110,07,mops_api_t05st01,https://mops.twse.com.tw/mops/#/web/t05st01,"{""companyId"": ""1608"", ""firstDay"": """", ""lastDay"": """", ""month"": ""07"", ""year"": ""110""}",9d66deb551463bea5e8b05e9f08461fd3f078e584d4917d418295fcc7bdefe98,raw_cache\1608_110_07_list.json,274d16b9cf200499dcef7b9935472a762d902f32dc0d4a95435c85d373f7d58d,cache_hit,,2026-07-30T02:10:43+00:00
1785,109,10,mops_api_t05st01,https://mops.twse.com.tw/mops/#/web/t05st01,"{""companyId"": ""1785"", ""firstDay"": """", ""lastDay"": """", ""month"": ""10"", ""year"": ""109""}",da48c9a5370622ae803a14860d3472789ee91c6ad1407742f36cab38af50fc68,raw_cache\1785_109_10_list.json,08418f1cb69148b1c83446823df4d85f0250b23460859ee09ca804ff6bd3c7fd,cache_hit,,2026-07-30T02:10:43+00:00
1785,109,11,mops_api_t05st01,https://mops.twse.com.tw/mops/#/web/t05st01,"{""companyId"": ""1785"", ""firstDay"": """", ""lastDay"": """", ""month"": ""11"", ""year"": ""109""}",463a6ac4d92e8d182d0b6cb7cded5153eec740336d2eae533092249c8a0b33f0,raw_cache\1785_109_11_list.json,8c77524ea2b5baef38004335d9047db8effc66f889ed5e3389f82ab5d8554a7f,cache_hit,,2026-07-30T02:10:43+00:00
1785,109,11,mops_api_t05st01_detail,https://mops.twse.com.tw/mops/#/web/t05st01,"{""companyId"": ""1785"", ""enterDate"": ""1091106"", ""marketKind"": ""otc"", ""serialNumber"": ""2""}",e63a6c58414273d332a6a80ee188f8821141a3ddfc87f06ea0b224d89fc83913,raw_cache\1785_109_11_0_detail.json,0776776cd02a52302a7bdfa23ba30ca9f27dd821747a3d6a31fd79d05ac2e64c,cache_hit,,2026-07-30T02:10:43+00:00
1785,109,12,mops_api_t05st01,https://mops.twse.com.tw/mops/#/web/t05st01,"{""companyId"": ""1785"", ""firstDay"": """", ""lastDay"": """", ""month"": ""12"", ""year"": ""109""}",db6c2cac52c10a695fcb2f59e3fbd460888388d0b6ffc32c3a42e821d35c795e,raw_cache\1785_109_12_list.json,43e3795568a53a9073924820205592f5af5ea06dab86c5c9f437978c0d644adb,cache_hit,,2026-07-30T02:10:43+00:00
1785,110,01,mops_api_t05st01,https://mops.twse.com.tw/mops/#/web/t05st01,"{""companyId"": ""1785"", ""firstDay"": """", ""lastDay"": """", ""month"": ""01"", ""year"": ""110""}",73c01b293d142d97c0c2ddfc865e9aaf40d2961f91a295ab607903ca61a7b201,raw_cache\1785_110_01_list.json,82ae2cab97129a6c72c96954fe5aa6bb0915134b6518aa56231c9e382fc1cad3,cache_hit,,2026-07-30T02:10:43+00:00
1909,106,08,mops_api_t05st01,https://mops.twse.com.tw/mops/#/web/t05st01,"{""companyId"": ""1909"", ""firstDay"": """", ""lastDay"": """", ""month"": ""08"", ""year"": ""106""}",fc7dce14bbcc67f4f1250f4475faf970759cbb78c60c4af7695e3609323b2ed5,raw_cache\1909_106_08_list.json,93f4260e3545f89b56647ffd430d5e6944c0d99d4907a5b60fe1f6052999cdc3,cache_hit,,2026-07-30T02:10:43+00:00
1909,106,08,mops_api_t05st01_detail,https://mops.twse.com.tw/mops/#/web/t05st01,"{""companyId"": ""1909"", ""enterDate"": ""1060804"", ""marketKind"": ""sii"", ""serialNumber"": ""1""}",86513c4be4a00911b65db943d78bcf6d9b10996f0378a374aa0c08193891e117,raw_cache\1909_106_08_0_detail.json,7889372aa150595ebe6741b99e7e2cf07a070f8f92929457a4c82e3eda405cae,cache_hit,,2026-07-30T02:10:43+00:00
1909,106,08,mops_api_t05st01_detail,https://mops.twse.com.tw/mops/#/web/t05st01,"{""companyId"": ""1909"", ""enterDate"": ""1060807"", ""marketKind"": ""sii"", ""serialNumber"": ""1""}",d2ba39ec416b70f5b6dcacd90c5a2660d1278d04f722df9d4f58b6dcca29e483,raw_cache\1909_106_08_5_detail.json,bdadac330906be969bf57f2a0726dc9ae0da40856e4eaca24b252857157c4ffc,cache_hit,,2026-07-30T02:10:43+00:00
1909,106,08,mops_api_t05st01_detail,https://mops.twse.com.tw/mops/#/web/t05st01,"{""companyId"": ""1909"", ""enterDate"": ""1060825"", ""marketKind"": ""sii"", ""serialNumber"": ""1""}",74dca00286f78737a3cfdd1324e291b4e1b1cdac157b09ad8d73144f3f9d83a1,raw_cache\1909_106_08_7_detail.json,fbd28935238b9345beeb29c88805413fb59060ae5f642d41e11473ccacc49016,cache_hit,,2026-07-30T02:10:43+00:00
1909,106,09,mops_api_t05st01,https://mops.twse.com.tw/mops/#/web/t05st01,"{""companyId"": ""1909"", ""firstDay"": """", ""lastDay"": """", ""month"": ""09"", ""year"": ""106""}",d5cfefdb537df2a3f33dfaca3a69303939ee38bf42856efc69843e5c1ce6f925,raw_cache\1909_106_09_list.json,d4709cff641b3a9f04ac5cc4237648470aa5cae73a8e5b775300bee01dc3f90d,cache_hit,,2026-07-30T02:10:43+00:00
1909,106,09,mops_api_t05st01_detail,https://mops.twse.com.tw/mops/#/web/t05st01,"{""companyId"": ""1909"", ""enterDate"": ""1060905"", ""marketKind"": ""sii"", ""serialNumber"": ""1""}",8d8ab1b1671c11340a587fe60b0098c9e51c6de9b199f30ca938fee38348bf5a,raw_cache\1909_106_09_0_detail.json,241b0fafecc61e887bec9354623aaada49a2a10887718c27a34e97a3b295438e,cache_hit,,2026-07-30T02:10:43+00:00
1909,106,09,mops_api_t05st01_detail,https://mops.twse.com.tw/mops/#/web/t05st01,"{""companyId"": ""1909"", ""enterDate"": ""1060929"", ""marketKind"": ""sii"", ""serialNumber"": ""1""}",c231e0ef90e8a122d04e28668a281050dc554ac01760972fdc50044fccc7c57b,raw_cache\1909_106_09_5_detail.json,b56bab764c033833128218ca727066345149b38141378dbc0f7dbc889eab6c71,cache_hit,,2026-07-30T02:10:43+00:00
1909,106,10,mops_api_t05st01,https://mops.twse.com.tw/mops/#/web/t05st01,"{""companyId"": ""1909"", ""firstDay"": """", ""lastDay"": """", ""month"": ""10"", ""year"": ""106""}",ca46557e7835ea5c27121150178da42346ed27a247ec14ac33b8ae8627c8b386,raw_cache\1909_106_10_list.json,a7beb65845be1cfc72c51079a3eadabe04a23fde7f81a8c32185ec3493473849,cache_hit,,2026-07-30T02:10:43+00:00
1909,106,10,mops_api_t05st01_detail,https://mops.twse.com.tw/mops/#/web/t05st01,"{""companyId"": ""1909"", ""enterDate"": ""1061005"", ""marketKind"": ""sii"", ""serialNumber"": ""1""}",5568a11d8337d391a6c24116f3c0556814443705888b91970ebe2addce2867d4,raw_cache\1909_106_10_0_detail.json,4b7978b21ca2f31975f82d96d1e77cf152159d9906d5b7ea4e3d905408485619,cache_hit,,2026-07-30T02:10:43+00:00
1909,106,10,mops_api_t05st01_detail,https://mops.twse.com.tw/mops/#/web/t05st01,"{""companyId"": ""1909"", ""enterDate"": ""1061027"", ""marketKind"": ""sii"", ""serialNumber"": ""1""}",897e6875491ebc2ecf6de007cd23d98a0911f623d68469eece6e600417620062,raw_cache\1909_106_10_7_detail.json,d11296666eeb4f6d322f10ca935985d0a26484d4f5f3079f176014a5733054a3,cache_hit,,2026-07-30T02:10:43+00:00
2002,113,08,mops_api_t05st01,https://mops.twse.com.tw/mops/#/web/t05st01,"{""companyId"": ""2002"", ""firstDay"": """", ""lastDay"": """", ""month"": ""08"", ""year"": ""113""}",9fa32c0d4d30b7bba20f7827f066776ee7f0387e4fda196277cdb97dae8cd07f,raw_cache\2002_113_08_list.json,67e2f5a59c5eb174e69927b5588c707aa5d6b139310d9a714c2b898e13e32f8a,cache_hit,,2026-07-30T02:10:43+00:00
2002,113,08,mops_api_t05st01_detail,https://mops.twse.com.tw/mops/#/web/t05st01,"{""companyId"": ""2002"", ""enterDate"": ""1130729"", ""marketKind"": ""sii"", ""serialNumber"": ""2""}",1b8d98b91843610b486cbd6832c4a7157e80de1536047df264718169b4d9563e,raw_cache\2002_113_08_2_detail.json,fe107065805a6f937b53affcc22b096fb67ad83d5068ae74b343904aa162b358,cache_hit,,2026-07-30T02:10:43+00:00
2002,113,08,mops_api_t05st01_detail,https://mops.twse.com.tw/mops/#/web/t05st01,"{""companyId"": ""2002"", ""enterDate"": ""1130723"", ""marketKind"": ""sii"", ""serialNumber"": ""2""}",471bf81857fc52a80106e1714d9fd05696bda893503093a4a562e325f9f7bdb8,raw_cache\2002_113_08_3_detail.json,f2aafdd02e359e0a07af066635efa872d5459ed2679aaa45ecc9ba75cdf1debb,cache_hit,,2026-07-30T02:10:43+00:00
2002,113,08,mops_api_t05st01_detail,https://mops.twse.com.tw/mops/#/web/t05st01,"{""companyId"": ""2002"", ""enterDate"": ""1130823"", ""marketKind"": ""sii"", ""serialNumber"": ""1""}",4304be606eb917549563f77d517bb8c6bddc41d13ef984b88c95e03c37468d41,raw_cache\2002_113_08_6_detail.json,4920e423a88d0d6ff9866473a6f616cf0d0b3168a0a424f388be1d66c5026bc6,cache_hit,,2026-07-30T02:10:43+00:00
2002,113,09,mops_api_t05st01,https://mops.twse.com.tw/mops/#/web/t05st01,"{""companyId"": ""2002"", ""firstDay"": """", ""lastDay"": """", ""month"": ""09"", ""year"": ""113""}",410686dafd9c44f602bf622e8adf42fd6f1762f94032b46af7f3d0883a2ed9bb,raw_cache\2002_113_09_list.json,7f80aedb73c751d4fbe1320ea97068d59f68f910c17add7b19b433981a13f486,cache_hit,,2026-07-30T02:10:43+00:00
2002,113,09,mops_api_t05st01_detail,https://mops.twse.com.tw/mops/#/web/t05st01,"{""companyId"": ""2002"", ""enterDate"": ""1130925"", ""marketKind"": ""sii"", ""serialNumber"": ""1""}",8640c8c521e50afc04b15573b8f5c0dbc4e077c8e9d3e18075e0f0fce3f80dbc,raw_cache\2002_113_09_11_detail.json,e3d36ada986125fd9207e93203a16e615c60a98c70b9c7b59694b1c62864183c,cache_hit,,2026-07-30T02:10:43+00:00
2002,113,10,mops_api_t05st01,https://mops.twse.com.tw/mops/#/web/t05st01,"{""companyId"": ""2002"", ""firstDay"": """", ""lastDay"": """", ""month"": ""10"", ""year"": ""113""}",21cb73261ee7ce5819c4f049861faa2f8cd53f90c8657ec4184e01685a7a7719,raw_cache\2002_113_10_list.json,e3de20e160ef5b7f98f026ebe61e8fe1532052e02b59035ea2299644e7a2c853,cache_hit,,2026-07-30T02:10:43+00:00
2002,113,10,mops_api_t05st01_detail,https://mops.twse.com.tw/mops/#/web/t05st01,"{""companyId"": ""2002"", ""enterDate"": ""1131023"", ""marketKind"": ""sii"", ""serialNumber"": ""2""}",5e24e731fbdf89102c41c7fcda1cf4d235bf0c4049637ba94d74f0f9275c365a,raw_cache\2002_113_10_0_detail.json,86fc611fdb6d2ac808e610585580c5706a49d7b8260eb8758838a06743798d9e,cache_hit,,2026-07-30T02:10:43+00:00
2002,113,10,mops_api_t05st01_detail,https://mops.twse.com.tw/mops/#/web/t05st01,"{""companyId"": ""2002"", ""enterDate"": ""1131023"", ""marketKind"": ""sii"", ""serialNumber"": ""1""}",60f90916139290dc594f2255a9854f853dca0f0ae1c3df8dd848aefeda12032a,raw_cache\2002_113_10_2_detail.json,04bde562021b7042d2c2d0aea53f1aac5a86d06faedb45747f0835b132200fcc,cache_hit,,2026-07-30T02:10:43+00:00
2049,113,01,mops_api_t05st01,https://mops.twse.com.tw/mops/#/web/t05st01,"{""companyId"": ""2049"", ""firstDay"": """", ""lastDay"": """", ""month"": ""01"", ""year"": ""113""}",c06608d4c332a92f970772d83f7cbaa8e5d5316a98c8930888d8e07af1180678,raw_cache\2049_113_01_list.json,3e2e75327c05b3326874e9567a1304a5be37f8818bce622e67858219324afd0e,cache_hit,,2026-07-30T02:10:43+00:00
2049,113,02,mops_api_t05st01,https://mops.twse.com.tw/mops/#/web/t05st01,"{""companyId"": ""2049"", ""firstDay"": """", ""lastDay"": """", ""month"": ""02"", ""year"": ""113""}",129550b47ac7916963a4fd25f225a87c3f27f228b3d458a6ba79c63255c4626e,raw_cache\2049_113_02_list.json,9055672a63cf5bd3f4c38799f968fabaa3a4d204becb17a1380e76fcfc7cb1bf,cache_hit,,2026-07-30T02:10:43+00:00
2049,113,02,mops_api_t05st01_detail,https://mops.twse.com.tw/mops/#/web/t05st01,"{""companyId"": ""2049"", ""enterDate"": ""1130227"", ""marketKind"": ""sii"", ""serialNumber"": ""3""}",7e2e0f4adb61bd947d1e2802a0556defc82c088808e01d96a260f3128ba45da7,raw_cache\2049_113_02_2_detail.json,72559cc7e9a6c4833a5f5bf8e88373e594f888df42af485735be7a381c48dd60,cache_hit,,2026-07-30T02:10:43+00:00
2049,113,02,mops_api_t05st01_detail,https://mops.twse.com.tw/mops/#/web/t05st01,"{""companyId"": ""2049"", ""enterDate"": ""1130227"", ""marketKind"": ""sii"", ""serialNumber"": ""5""}",3526b133d9a4c05ba63fd2fed5dd72426d0bbdd6d1d12e9c45082b4ca9ae3081,raw_cache\2049_113_02_4_detail.json,ddf3b69f7491da7350ebecbf3b66f3a95632bfa176c671059f2d2b4afee8378f,cache_hit,,2026-07-30T02:10:43+00:00
2049,113,03,mops_api_t05st01,https://mops.twse.com.tw/mops/#/web/t05st01,"{""companyId"": ""2049"", ""firstDay"": """", ""lastDay"": """", ""month"": ""03"", ""year"": ""113""}",4fa8eee291297fb5b509091f5063fed1611f2f67ff03583280131d452754ed88,raw_cache\2049_113_03_list.json,52991985df41d1f8b647f9d5b3cd171d4d5ea6f486653608e12b8d4e7db54e34,cache_hit,,2026-07-30T02:10:43+00:00
2108,110,03,mops_api_t05st01,https://mops.twse.com.tw/mops/#/web/t05st01,"{""companyId"": ""2108"", ""firstDay"": """", ""lastDay"": """", ""month"": ""03"", ""year"": ""110""}",622ecd746500e2924adc1a4c898764ac4da81deabf539b878c3a2946645fbb2b,raw_cache\2108_110_03_list.json,403cc6f4686b290b6b615e1281adbc2c700eb5499e1a258c43f10bcac21dc923,cache_hit,,2026-07-30T02:10:43+00:00
2108,110,03,mops_api_t05st01_detail,https://mops.twse.com.tw/mops/#/web/t05st01,"{""companyId"": ""2108"", ""enterDate"": ""1100317"", ""marketKind"": ""sii"", ""serialNumber"": ""2""}",f82c9c84d36ecbb95527ad23c51a76a02a01d9f70862176e15e1f2f0b1a38eee,raw_cache\2108_110_03_1_detail.json,0a15f1929c41d6f14ad9862d1cdc2c6544788c91aa2ebd0d6b2e29816b73a51c,cache_hit,,2026-07-30T02:10:43+00:00
2108,110,03,mops_api_t05st01_detail,https://mops.twse.com.tw/mops/#/web/t05st01,"{""companyId"": ""2108"", ""enterDate"": ""1100317"", ""marketKind"": ""sii"", ""serialNumber"": ""3""}",73b91bb2550862fcb9d8b9c58e816cd9e196207e51fad637d802b2645d97d84d,raw_cache\2108_110_03_2_detail.json,325f8f3bd1e73f243b8cbb912b8360bf84009bbe66caded64966d3cf1b7a055e,cache_hit,,2026-07-30T02:10:43+00:00
2108,110,03,mops_api_t05st01_detail,https://mops.twse.com.tw/mops/#/web/t05st01,"{""companyId"": ""2108"", ""enterDate"": ""1100317"", ""marketKind"": ""sii"", ""serialNumber"": ""4""}",efa01ab6c506f2c2fa5c31f4e4c9ab0dcba4278bbc5a7bd5b6f9bd1b72247ac7,raw_cache\2108_110_03_3_detail.json,49e72a32a12835a2f57fa85c2eeaeea564382134ebf976bed3a1cf6b923e8a63,cache_hit,,2026-07-30T02:10:43+00:00
2108,110,03,mops_api_t05st01_detail,https://mops.twse.com.tw/mops/#/web/t05st01,"{""companyId"": ""2108"", ""enterDate"": ""1100317"", ""marketKind"": ""sii"", ""serialNumber"": ""5""}",c4af3de2294b628c4fb362bb66cfa01510a443c65af36bd1f9bba537bea343f2,raw_cache\2108_110_03_4_detail.json,6b3f0479932e61ad837040d3e573717b706d77c2b83db815e6f4f9785050362a,cache_hit,,2026-07-30T02:10:43+00:00
2108,110,04,mops_api_t05st01,https://mops.twse.com.tw/mops/#/web/t05st01,"{""companyId"": ""2108"", ""firstDay"": """", ""lastDay"": """", ""month"": ""04"", ""year"": ""110""}",1edc4894239b92f4613c4f7fd131f083c590b8927afe302730f16ea8ade1176f,raw_cache\2108_110_04_list.json,861727ac0377400e6db7e05b664e673b9a1cbd9a1dbd76ac899da90306b62636,cache_hit,,2026-07-30T02:10:43+00:00
2108,110,05,mops_api_t05st01,https://mops.twse.com.tw/mops/#/web/t05st01,"{""companyId"": ""2108"", ""firstDay"": """", ""lastDay"": """", ""month"": ""05"", ""year"": ""110""}",94665b01924d057ea609804bae5d237c14af8a344768846578c2bfaa9940384b,raw_cache\2108_110_05_list.json,1b48fd0f7eeca05d365706b52aacf70e9c0e1d61038d2404a5c4c4fe0c79aee8,cache_hit,,2026-07-30T02:10:43+00:00
2108,110,05,mops_api_t05st01_detail,https://mops.twse.com.tw/mops/#/web/t05st01,"{""companyId"": ""2108"", ""enterDate"": ""1100510"", ""marketKind"": ""sii"", ""serialNumber"": ""1""}",ef9ec77d113a7e1a6c943b8fd6197d1930b7f8667d626ab13ffba723395c7dd3,raw_cache\2108_110_05_0_detail.json,01ce8049fad2847e247869630e0ffe3996823ba18181eb4da01f27a2733461e6,cache_hit,,2026-07-30T02:10:43+00:00
2207,108,10,mops_api_t05st01,https://mops.twse.com.tw/mops/#/web/t05st01,"{""companyId"": ""2207"", ""firstDay"": """", ""lastDay"": """", ""month"": ""10"", ""year"": ""108""}",22fd6a17f6b2b4bf7c9c5986b8b8aee08fabb1dfe1468be61ca99f4017dede39,raw_cache\2207_108_10_list.json,87f1c1a28d816952ebd0be5fc7e6a08578bb694a2b6e0356baf37a8b83386377,cache_hit,,2026-07-30T02:10:43+00:00
2207,108,11,mops_api_t05st01,https://mops.twse.com.tw/mops/#/web/t05st01,"{""companyId"": ""2207"", ""firstDay"": """", ""lastDay"": """", ""month"": ""11"", ""year"": ""108""}",a28a4d3a89950f91feed5b082ce1ce035ed63fc9b9a408dd84ac6a9b654cd635,raw_cache\2207_108_11_list.json,8e77c9b98123347dfde7f8b6a23b7689f65736a91cea7873f55277fb47db6401,cache_hit,,2026-07-30T02:10:43+00:00
2207,108,12,mops_api_t05st01,https://mops.twse.com.tw/mops/#/web/t05st01,"{""companyId"": ""2207"", ""firstDay"": """", ""lastDay"": """", ""month"": ""12"", ""year"": ""108""}",80953b1990c411adc6ef4d64232e2dae4233771df20006e761e0aa3cbaf3f839,raw_cache\2207_108_12_list.json,455c75b3ac2c119753cd5b97a772820d947991fbf2afbf281e1ffd0a1028ef96,cache_hit,,2026-07-30T02:10:43+00:00
2207,109,01,mops_api_t05st01,https://mops.twse.com.tw/mops/#/web/t05st01,"{""companyId"": ""2207"", ""firstDay"": """", ""lastDay"": """", ""month"": ""01"", ""year"": ""109""}",886d5c518a6edd3ba989ebbaf8d811f40ad1e27695dd07b82b0fe28cbf929dbd,raw_cache\2207_109_01_list.json,fcdfe8aafefd036265aed623612cf27937ec86ce09ad3613c899f13f63b65510,cache_hit,,2026-07-30T02:10:43+00:00
2207,109,04,mops_api_t05st01,https://mops.twse.com.tw/mops/#/web/t05st01,"{""companyId"": ""2207"", ""firstDay"": """", ""lastDay"": """", ""month"": ""04"", ""year"": ""109""}",8e055d7314ce0809b686fa743356055d9505bad53ea5fd43c3625dec5708f4d8,raw_cache\2207_109_04_list.json,1c1870f0c56429626eb218c53d2d7c0fc0cca67de2da3b87f61c80e6fcfe2f36,cache_hit,,2026-07-30T02:10:43+00:00
2207,109,05,mops_api_t05st01,https://mops.twse.com.tw/mops/#/web/t05st01,"{""companyId"": ""2207"", ""firstDay"": """", ""lastDay"": """", ""month"": ""05"", ""year"": ""109""}",07293f3667e08b9dd5918fca8dc5b1b4bff6ccd0d32835d9decc24fa69d2651c,raw_cache\2207_109_05_list.json,74a1cd55f4252e923b683ea911f339ade46fa2171a16e365fb96161d4f57bda1,cache_hit,,2026-07-30T02:10:43+00:00
2207,109,05,mops_api_t05st01_detail,https://mops.twse.com.tw/mops/#/web/t05st01,"{""companyId"": ""2207"", ""enterDate"": ""1090507"", ""marketKind"": ""sii"", ""serialNumber"": ""1""}",e1d3698fc60c20fe8803a497d98337bf49798543cdc039d2bc1c5da7bc1c80cf,raw_cache\2207_109_05_0_detail.json,199108de65a7af78681312465c8ea8eb8ab5273c00d21c938d1522b069e5d6b4,cache_hit,,2026-07-30T02:10:43+00:00
2207,109,06,mops_api_t05st01,https://mops.twse.com.tw/mops/#/web/t05st01,"{""companyId"": ""2207"", ""firstDay"": """", ""lastDay"": """", ""month"": ""06"", ""year"": ""109""}",7b1b60e5319b9a1c447d224df0ec0990c9a15053ce69b3813a7c535d1da0063e,raw_cache\2207_109_06_list.json,f44221961c56af3a39b1b005031d2840b5acf074d95461bccbdd69103ef6e695,cache_hit,,2026-07-30T02:10:43+00:00
2207,109,06,mops_api_t05st01_detail,https://mops.twse.com.tw/mops/#/web/t05st01,"{""companyId"": ""2207"", ""enterDate"": ""1090615"", ""marketKind"": ""sii"", ""serialNumber"": ""1""}",5ca4137c6bebe65d0a5a6c24d9cee070e341a366a8de2e95bce8796d732b89ba,raw_cache\2207_109_06_7_detail.json,ae858403daee470bd1021ac16ccea7ea3575032ebd8501758459e6514c4d39c8,cache_hit,,2026-07-30T02:10:43+00:00
2207,109,06,mops_api_t05st01_detail,https://mops.twse.com.tw/mops/#/web/t05st01,"{""companyId"": ""2207"", ""enterDate"": ""1090622"", ""marketKind"": ""sii"", ""serialNumber"": ""1""}",84a5d7d847d9507cfd75fe48fd39c6e8d52280c794f54993524f3411ec5be424,raw_cache\2207_109_06_8_detail.json,e5b6d01b8cfab03a640854a38b103e7d311d83b5b1fbea0b9c5f476eff923d5b,cache_hit,,2026-07-30T02:10:43+00:00
2207,109,07,mops_api_t05st01,https://mops.twse.com.tw/mops/#/web/t05st01,"{""companyId"": ""2207"", ""firstDay"": """", ""lastDay"": """", ""month"": ""07"", ""year"": ""109""}",6c12756eed3cf36d59becfabe2adf85cd0a3a65ff8da37e9c860b45d76e27eec,raw_cache\2207_109_07_list.json,ee4792377dea0980f088da1e69fd1d10ef0ecfc2624590bcb7ee5f079e59b9af,cache_hit,,2026-07-30T02:10:43+00:00
2228,104,06,mops_api_t05st01,https://mops.twse.com.tw/mops/#/web/t05st01,"{""companyId"": ""2228"", ""firstDay"": """", ""lastDay"": """", ""month"": ""06"", ""year"": ""104""}",174ca3312b211a9d42bd0d991a3d54397221de902390c9992208f5aa73e70958,raw_cache\2228_104_06_list.json,098f1326fbd7b936574b5da47f3ed5dee504c2fa8d16d9160393cc223600df32,cache_hit,,2026-07-30T02:10:43+00:00
2228,104,06,mops_api_t05st01_detail,https://mops.twse.com.tw/mops/#/web/t05st01,"{""companyId"": ""2228"", ""enterDate"": ""1040602"", ""marketKind"": ""sii"", ""serialNumber"": ""7""}",158a114b7e4016e232e0b85bb93b2d38cc4e7e3f2bbb3a318bead16804c67493,raw_cache\2228_104_06_6_detail.json,d1a2c8a094f56841f94b6fa9e647ed284e5216ace7d6dcd50bcbc7ef9d3b834b,cache_hit,,2026-07-30T02:10:43+00:00
2228,104,07,mops_api_t05st01,https://mops.twse.com.tw/mops/#/web/t05st01,"{""companyId"": ""2228"", ""firstDay"": """", ""lastDay"": """", ""month"": ""07"", ""year"": ""104""}",7d71f893b8462260da067014ffc5337de66e82abb9fae8060ef4af380251030b,raw_cache\2228_104_07_list.json,596a3cc94050ee77f0896b98aed4b3e65742dc8c2f88310ed6d8e1ab53027f65,cache_hit,,2026-07-30T02:10:43+00:00
2228,104,08,mops_api_t05st01,https://mops.twse.com.tw/mops/#/web/t05st01,"{""companyId"": ""2228"", ""firstDay"": """", ""lastDay"": """", ""month"": ""08"", ""year"": ""104""}",a115b8cf6855b100d629205cece8e22ca7d6480e249b2003aedc5eeab7255cee,raw_cache\2228_104_08_list.json,750b63562bb2865ab8d75f9e21cff4ab93748a19b1bcf4aeec7f7d5233bd0281,cache_hit,,2026-07-30T02:10:43+00:00
2303,109,05,mops_api_t05st01,https://mops.twse.com.tw/mops/#/web/t05st01,"{""companyId"": ""2303"", ""firstDay"": """", ""lastDay"": """", ""month"": ""05"", ""year"": ""109""}",37ac67f07ffb4b8fbd34bd3bb83b09fa46a3677a130f671d2f7c0182a4d2d9d4,raw_cache\2303_109_05_list.json,e8f43160e5671f60165b57a5ec7097f5e0bf34f9151e685cb5c60803abb2a730,cache_hit,,2026-07-30T02:10:43+00:00
2303,109,06,mops_api_t05st01,https://mops.twse.com.tw/mops/#/web/t05st01,"{""companyId"": ""2303"", ""firstDay"": """", ""lastDay"": """", ""month"": ""06"", ""year"": ""109""}",5255966504c90ae9dbf12cbf921e68d9390c76bd796f24379b59d263c093431c,raw_cache\2303_109_06_list.json,9c3edb57f04d99728538d1f0a577f1b11eae237bfb1297ab6cfb1442d73e2a04,cache_hit,,2026-07-30T02:10:43+00:00
2303,109,06,mops_api_t05st01_detail,https://mops.twse.com.tw/mops/#/web/t05st01,"{""companyId"": ""2303"", ""enterDate"": ""1090629"", ""marketKind"": ""sii"", ""serialNumber"": ""1""}",02cda58478004668e972f659eed4bbacd01732aba9454a94b85b1440636450e4,raw_cache\2303_109_06_10_detail.json,2df82a3405bef6ea1a61d30cd6e67edb5236615f532dfdbbfa245813f4b34a8f,cache_hit,,2026-07-30T02:10:43+00:00
2303,109,06,mops_api_t05st01_detail,https://mops.twse.com.tw/mops/#/web/t05st01,"{""companyId"": ""2303"", ""enterDate"": ""1090629"", ""marketKind"": ""sii"", ""serialNumber"": ""2""}",bff5f0504f8c65751bd8b85dbefde6126903e122f347b8cbd6ddf1519e1dc4a4,raw_cache\2303_109_06_11_detail.json,00b9e6fd084c71b48c11a7c6be086b5d89bc25d315a76088416c6dbb29cd8b10,cache_hit,,2026-07-30T02:10:43+00:00
2303,109,07,mops_api_t05st01,https://mops.twse.com.tw/mops/#/web/t05st01,"{""companyId"": ""2303"", ""firstDay"": """", ""lastDay"": """", ""month"": ""07"", ""year"": ""109""}",f9b5ae012abb2c04535cd3756d6c702b4101897efba5ad7c1b0c7d990c669371,raw_cache\2303_109_07_list.json,caf85ee1150db3cf88c28196a347bcbced5e6b73eb3a10850546ef699e184700,cache_hit,,2026-07-30T02:10:43+00:00
2303,109,08,mops_api_t05st01,https://mops.twse.com.tw/mops/#/web/t05st01,"{""companyId"": ""2303"", ""firstDay"": """", ""lastDay"": """", ""month"": ""08"", ""year"": ""109""}",74994c5f7f1e43212a2e4c0c1b18831b7f5cffbbfe81afb59c23fb456d85bbe0,raw_cache\2303_109_08_list.json,404607e58ce6ccc81d2ebea0feb5c35b2fa4eb88629bf6def17326b2479cf83a,cache_hit,,2026-07-30T02:10:43+00:00
2303,109,09,mops_api_t05st01,https://mops.twse.com.tw/mops/#/web/t05st01,"{""companyId"": ""2303"", ""firstDay"": """", ""lastDay"": """", ""month"": ""09"", ""year"": ""109""}",fae2c12a96c4c1b6b1bad36562b1b1ea4d7e810ea45f593cba8bdd406d754d6f,raw_cache\2303_109_09_list.json,2f30e1d063119fe5b73279864d4f62ac076e70c3c7433db1720aa9fcc4bc3ba9,cache_hit,,2026-07-30T02:10:43+00:00
2303,109,09,mops_api_t05st01_detail,https://mops.twse.com.tw/mops/#/web/t05st01,"{""companyId"": ""2303"", ""enterDate"": ""1090929"", ""marketKind"": ""sii"", ""serialNumber"": ""1""}",c916bbd48142610c12ed85e22ae5c3fe84ef09cc57bf797a850e96249e1ab2dc,raw_cache\2303_109_09_1_detail.json,6bdb6e00b0999bda36bf641699a229973ba9f3a3403570e2a460f1c5967f338c,cache_hit,,2026-07-30T02:10:43+00:00
2303,109,10,mops_api_t05st01,https://mops.twse.com.tw/mops/#/web/t05st01,"{""companyId"": ""2303"", ""firstDay"": """", ""lastDay"": """", ""month"": ""10"", ""year"": ""109""}",08df5246f339936ea6bc10294d83828ba82b0d847325c8c765ee0d75a2326463,raw_cache\2303_109_10_list.json,e86874721c16b7b1924f861245cf4a38282b7a4d46c2f42a2a05c1e36dc3b41f,cache_hit,,2026-07-30T02:10:43+00:00
2303,109,10,mops_api_t05st01_detail,https://mops.twse.com.tw/mops/#/web/t05st01,"{""companyId"": ""2303"", ""enterDate"": ""1091029"", ""marketKind"": ""sii"", ""serialNumber"": ""3""}",d732d8326c0e6e0a0dcb23955c1e1f1249bff456c62f5b53e89df1b4c73e47ac,raw_cache\2303_109_10_4_detail.json,72c58888ac3e49c8f93d0960f6547f6edbd160e784be1fc1a5ec93ad8aea8473,cache_hit,,2026-07-30T02:10:43+00:00
2303,109,11,mops_api_t05st01,https://mops.twse.com.tw/mops/#/web/t05st01,"{""companyId"": ""2303"", ""firstDay"": """", ""lastDay"": """", ""month"": ""11"", ""year"": ""109""}",c0b8442f175eaf961931901fec81662c8b2460f23c9859c227420f1029e129a7,raw_cache\2303_109_11_list.json,a634f66b8aacccfdcfd241ac15354d8637b474967923dae3d04d392a6ac9abdb,cache_hit,,2026-07-30T02:10:43+00:00
2303,111,08,mops_api_t05st01,https://mops.twse.com.tw/mops/#/web/t05st01,"{""companyId"": ""2303"", ""firstDay"": """", ""lastDay"": """", ""month"": ""08"", ""year"": ""111""}",5a513bc0a55e31d9aa90b229bb860ab3c9f74315e6d0fb5305c49fa2094f3898,raw_cache\2303_111_08_list.json,5fffe6fc75437ee6968def73e8bd73b32455834ad08080d280d119be739545c0,cache_hit,,2026-07-30T02:10:43+00:00
2303,111,09,mops_api_t05st01,https://mops.twse.com.tw/mops/#/web/t05st01,"{""companyId"": ""2303"", ""firstDay"": """", ""lastDay"": """", ""month"": ""09"", ""year"": ""111""}",5a2a95e0849524b8c6492577d379db42282c9f5c3159e84af9b01e7e3b25d7cd,raw_cache\2303_111_09_list.json,6990a3fea0721a14bc7ecf28476d8178f8ac60b37e198c11082e5058e5940825,cache_hit,,2026-07-30T02:10:43+00:00
2303,111,10,mops_api_t05st01,https://mops.twse.com.tw/mops/#/web/t05st01,"{""companyId"": ""2303"", ""firstDay"": """", ""lastDay"": """", ""month"": ""10"", ""year"": ""111""}",8fb9f8aedec535679812e0a26ee1f5f09f3d780ffc82b1623f7aa16104d8ac13,raw_cache\2303_111_10_list.json,9f867caafaa8581db938a78a00ca46c946ca789d05929e29c5400beee307e887,cache_hit,,2026-07-30T02:10:43+00:00
2303,111,10,mops_api_t05st01_detail,https://mops.twse.com.tw/mops/#/web/t05st01,"{""companyId"": ""2303"", ""enterDate"": ""1111026"", ""marketKind"": ""sii"", ""serialNumber"": ""1""}",94ac0ed7e08c16e88cacdc9537d8027b344290912aa1804b7321fd1338c25d58,raw_cache\2303_111_10_2_detail.json,363f112fa58c5f8aea9a5a7c7e497738e70346f24c0c841f464b266f923a89d4,cache_hit,,2026-07-30T02:10:43+00:00
2303,111,10,mops_api_t05st01_detail,https://mops.twse.com.tw/mops/#/web/t05st01,"{""companyId"": ""2303"", ""enterDate"": ""1111026"", ""marketKind"": ""sii"", ""serialNumber"": ""3""}",9182dde7a3e60cf364e7edd9a7b998520f5a627dcde4cdd7e25a0a03b70a4d66,raw_cache\2303_111_10_4_detail.json,fe738a6c6be882ac19a9cb46063a17767437db55215a3c8f992e6c46b0549c9f,cache_hit,,2026-07-30T02:10:43+00:00
2303,111,11,mops_api_t05st01,https://mops.twse.com.tw/mops/#/web/t05st01,"{""companyId"": ""2303"", ""firstDay"": """", ""lastDay"": """", ""month"": ""11"", ""year"": ""111""}",635bdabaf80e0744d4449161522f03053f9ee2fa2f60696f45109da13d99925b,raw_cache\2303_111_11_list.json,b315dc18773626599561b557e1044324a28ac95eaf3ade239b1aec002ff2a3fe,cache_hit,,2026-07-30T02:10:43+00:00
2303,111,12,mops_api_t05st01,https://mops.twse.com.tw/mops/#/web/t05st01,"{""companyId"": ""2303"", ""firstDay"": """", ""lastDay"": """", ""month"": ""12"", ""year"": ""111""}",48f387c4d5851ae2af8945d5883819d12ce18f538dc19328baf051d763c97092,raw_cache\2303_111_12_list.json,bccb37cc69e1deb0359c3ad542a4dfba0b5cb713ecccd8e694e5eac1260c5a4e,cache_hit,,2026-07-30T02:10:43+00:00
2308,104,05,mops_api_t05st01,https://mops.twse.com.tw/mops/#/web/t05st01,"{""companyId"": ""2308"", ""firstDay"": """", ""lastDay"": """", ""month"": ""05"", ""year"": ""104""}",5e7d4f7d6d285276e787487119aad1772ebed1eeafb79d4c5da7ced369f9deaa,raw_cache\2308_104_05_list.json,ce9475f5f6e04005e209dff2ea52c134fec17afa13fdd3e7f533dfdc9b98ceb2,cache_hit,,2026-07-30T02:10:43+00:00
2308,104,05,mops_api_t05st01_detail,https://mops.twse.com.tw/mops/#/web/t05st01,"{""companyId"": ""2308"", ""enterDate"": ""1040504"", ""marketKind"": ""sii"", ""serialNumber"": ""1""}",9ae8f191e1502b4fcc214629f66516e65e4d6e8f31f01e52d46b3eada7ee709e,raw_cache\2308_104_05_0_detail.json,7dc7c3a856464aaf4bb15e9b08b7ba15ecfa18843e4b9f614fd2eb3c481b846e,cache_hit,,2026-07-30T02:10:43+00:00
2308,104,06,mops_api_t05st01,https://mops.twse.com.tw/mops/#/web/t05st01,"{""companyId"": ""2308"", ""firstDay"": """", ""lastDay"": """", ""month"": ""06"", ""year"": ""104""}",4f5cf1c67026c7d446d2bf563eb7c29423840dc3291924100dc157da858204d6,raw_cache\2308_104_06_list.json,52fe55272c6e8995d9570a66b9fae407fd05836336e6115692195ae66410706c,cache_hit,,2026-07-30T02:10:43+00:00
2308,104,06,mops_api_t05st01_detail,https://mops.twse.com.tw/mops/#/web/t05st01,"{""companyId"": ""2308"", ""enterDate"": ""1040612"", ""marketKind"": ""sii"", ""serialNumber"": ""4""}",b4d11f252452c558fdfdfb4c06dbd292a4e88f91f84e95e6120fa5d13f10f6fb,raw_cache\2308_104_06_7_detail.json,6226a9475db3ef624269afe70e07075809cdbf1fc0de8f6ceff2f41e2ac381cb,cache_hit,,2026-07-30T02:10:43+00:00
2308,104,06,mops_api_t05st01_detail,https://mops.twse.com.tw/mops/#/web/t05st01,"{""companyId"": ""2308"", ""enterDate"": ""1040612"", ""marketKind"": ""sii"", ""serialNumber"": ""2""}",45b19b9cc4bf071939a11b39bd435b5ff4f4cd4c079ed8d5028f465fbb905313,raw_cache\2308_104_06_8_detail.json,34715df2156633c691cd50b19d8747761a99a6716254d86e834bb9cb53854f2e,cache_hit,,2026-07-30T02:10:43+00:00
2308,104,07,mops_api_t05st01,https://mops.twse.com.tw/mops/#/web/t05st01,"{""companyId"": ""2308"", ""firstDay"": """", ""lastDay"": """", ""month"": ""07"", ""year"": ""104""}",0626e96ccce34652922b20cf728191cbc6e14ba14fff2fa31364388d2d1eb77a,raw_cache\2308_104_07_list.json,ed7b1b8c7574e25bcc26370b7e34f87d8c3dcf7a24d5bfafb6d0a3812af6b56f,cache_hit,,2026-07-30T02:10:43+00:00
2308,104,07,mops_api_t05st01_detail,https://mops.twse.com.tw/mops/#/web/t05st01,"{""companyId"": ""2308"", ""enterDate"": ""1040708"", ""marketKind"": ""sii"", ""serialNumber"": ""2""}",5b4c45ec188beb80c2cadeb9c672c67f759f24a1313b02250daefe5ed815c40b,raw_cache\2308_104_07_5_detail.json,980ce07414ff14d8f175d751720e1fe928f6b2c65a232ee6ffe117b2222ad8ef,cache_hit,,2026-07-30T02:10:43+00:00
2308,104,07,mops_api_t05st01_detail,https://mops.twse.com.tw/mops/#/web/t05st01,"{""companyId"": ""2308"", ""enterDate"": ""1040730"", ""marketKind"": ""sii"", ""serialNumber"": ""1""}",b49f89e63c8ecf647cd6e3fc4910399ca8507062fee44a2d053bbcc587fe276f,raw_cache\2308_104_07_10_detail.json,2734bbae31d289b6993a3e86832668fcad2b7e08b68d410115a8a1c76301dacd,cache_hit,,2026-07-30T02:10:43+00:00
2308,104,08,mops_api_t05st01,https://mops.twse.com.tw/mops/#/web/t05st01,"{""companyId"": ""2308"", ""firstDay"": """", ""lastDay"": """", ""month"": ""08"", ""year"": ""104""}",35dea8c4ba394868a287665f3824bb35487b78bdc0fe4f8906170487a48bdff0,raw_cache\2308_104_08_list.json,bd1c4487a0710eb12ee743ce8e32ceb6e54f4c29ae51976082d6aeb392f01a58,cache_hit,,2026-07-30T02:10:43+00:00
2308,105,05,mops_api_t05st01,https://mops.twse.com.tw/mops/#/web/t05st01,"{""companyId"": ""2308"", ""firstDay"": """", ""lastDay"": """", ""month"": ""05"", ""year"": ""105""}",6f268961fd5844ff62cc242ca4e5090e0a19a1a09a09d436bfc991d2c3c7a093,raw_cache\2308_105_05_list.json,28770a5fa5bfdc98bdf41a654b0ea1c75c37a0515a15714819263bfff8e8f4c1,cache_hit,,2026-07-30T02:10:43+00:00
2308,105,06,mops_api_t05st01,https://mops.twse.com.tw/mops/#/web/t05st01,"{""companyId"": ""2308"", ""firstDay"": """", ""lastDay"": """", ""month"": ""06"", ""year"": ""105""}",8f6d1ac1dd8979201f2e918f7fc8a77911f52565c69af25fede3d2b22781de63,raw_cache\2308_105_06_list.json,91f35db7a3863b303b4c56087109f89925bd30680baad564f71b874e0e5deb34,cache_hit,,2026-07-30T02:10:43+00:00
2308,105,06,mops_api_t05st01_detail,https://mops.twse.com.tw/mops/#/web/t05st01,"{""companyId"": ""2308"", ""enterDate"": ""1050601"", ""marketKind"": ""sii"", ""serialNumber"": ""1""}",cfb0b9ce2137532efb17f454295cf62dfca83e2f4c94021d9d4e7f4860c4b13e,raw_cache\2308_105_06_0_detail.json,6d3a509fc8f2f9e970f0ec9ddd2b190219b0d842259d8d62ca9e11587f15ec7b,cache_hit,,2026-07-30T02:10:43+00:00
2308,105,06,mops_api_t05st01_detail,https://mops.twse.com.tw/mops/#/web/t05st01,"{""companyId"": ""2308"", ""enterDate"": ""1050606"", ""marketKind"": ""sii"", ""serialNumber"": ""2""}",ae70d46d7bc351714d292cfa09121d054b5f3970d555327c9e7f9e3ea017cdab,raw_cache\2308_105_06_8_detail.json,e4c80444b1730156b009e3418f2c4ff203bffb4132d3265a9c0b7e26db2fafad,cache_hit,,2026-07-30T02:10:43+00:00
2308,105,06,mops_api_t05st01_detail,https://mops.twse.com.tw/mops/#/web/t05st01,"{""companyId"": ""2308"", ""enterDate"": ""1050617"", ""marketKind"": ""sii"", ""serialNumber"": ""1""}",5228071acaf62ccc92b70fbd2b31f3169fc824e14551e719884c96ea7f50fd2a,raw_cache\2308_105_06_9_detail.json,d14b0461dc719d94ae964777e9a28e42221137590cda0bd4ca0e6197aab27170,cache_hit,,2026-07-30T02:10:43+00:00
2308,105,07,mops_api_t05st01,https://mops.twse.com.tw/mops/#/web/t05st01,"{""companyId"": ""2308"", ""firstDay"": """", ""lastDay"": """", ""month"": ""07"", ""year"": ""105""}",1db5766a9c62b1854fe66cb18486a4f0d2a18dae6e0ba14e1852d39201b85b4a,raw_cache\2308_105_07_list.json,94931e43f9df58ff93bb198117cecdf067680ae63db34e38ab4adadf15979967,cache_hit,,2026-07-30T02:10:43+00:00
2308,105,08,mops_api_t05st01,https://mops.twse.com.tw/mops/#/web/t05st01,"{""companyId"": ""2308"", ""firstDay"": """", ""lastDay"": """", ""month"": ""08"", ""year"": ""105""}",11a89011e400290b0c15adbe5c4e48073e24cf9a83a92efbbb605d3afc902fbc,raw_cache\2308_105_08_list.json,35342279edc1c2c88f01bf434add08ea26769d3e163e978bf2439057cd06f5a6,cache_hit,,2026-07-30T02:10:43+00:00
2308,107,08,mops_api_t05st01,https://mops.twse.com.tw/mops/#/web/t05st01,"{""companyId"": ""2308"", ""firstDay"": """", ""lastDay"": """", ""month"": ""08"", ""year"": ""107""}",d06f272010920692be5a2acb2605f7bcf5ce3e2384320a09be6ff6e4be50d752,raw_cache\2308_107_08_list.json,486ede77fc8d64cc645d91fe0abae8d2ee16f301dde6e6e1d34c7e8743fdb58d,cache_hit,,2026-07-30T02:10:43+00:00
2308,107,08,mops_api_t05st01_detail,https://mops.twse.com.tw/mops/#/web/t05st01,"{""companyId"": ""2308"", ""enterDate"": ""1070828"", ""marketKind"": ""sii"", ""serialNumber"": ""2""}",d8939774d40342f14470e67c5558949f432e87ecf109a9770badfca02bbc291f,raw_cache\2308_107_08_5_detail.json,9d7b5922bb2b9c3e7d217f8b43696a08c819ebcdf0465f8e6f30fb7359a9a1aa,cache_hit,,2026-07-30T02:10:43+00:00
2308,107,09,mops_api_t05st01,https://mops.twse.com.tw/mops/#/web/t05st01,"{""companyId"": ""2308"", ""firstDay"": """", ""lastDay"": """", ""month"": ""09"", ""year"": ""107""}",2422f0a1409b12d7394f4f38389fe3851305024d72e401e3654ebcfba1378dfb,raw_cache\2308_107_09_list.json,27bf9e7d36906f97c86ea4e11acb26096cb531ad412861ca07642cbc590e7a37,cache_hit,,2026-07-30T02:10:43+00:00
2308,107,09,mops_api_t05st01_detail,https://mops.twse.com.tw/mops/#/web/t05st01,"{""companyId"": ""2308"", ""enterDate"": ""1070829"", ""marketKind"": ""sii"", ""serialNumber"": ""1""}",0f55e3f1c132da5bd4867ad82b4e567609cf4d8d90699e13a9c9a876a5fe6d8e,raw_cache\2308_107_09_0_detail.json,1936b2ad82d97d78dc40cd01b6ba6a246bfd3bde95bd5ea357b7ba1ceb1e2bd9,cache_hit,,2026-07-30T02:10:43+00:00
2308,107,10,mops_api_t05st01,https://mops.twse.com.tw/mops/#/web/t05st01,"{""companyId"": ""2308"", ""firstDay"": """", ""lastDay"": """", ""month"": ""10"", ""year"": ""107""}",cf19b1db55a41c919ab9c0908446ed3387cd86a1543d9a2e15f049947f24ab55,raw_cache\2308_107_10_list.json,0d0edd197dd7ee3dd051c66fb048a98a3af37a8c76c1a2aaba134dba5ca288ba,cache_hit,,2026-07-30T02:10:43+00:00
2308,107,10,mops_api_t05st01_detail,https://mops.twse.com.tw/mops/#/web/t05st01,"{""companyId"": ""2308"", ""enterDate"": ""1071025"", ""marketKind"": ""sii"", ""serialNumber"": ""1""}",47f02ab5216020650ff166a737be4fe49a53e605cc3b7471b51459633b257df3,raw_cache\2308_107_10_2_detail.json,65da20c08fd593c56da57d8e42f09477b91d7fda207f9b6bd628e78d80e5cebd,cache_hit,,2026-07-30T02:10:43+00:00
2308,107,11,mops_api_t05st01,https://mops.twse.com.tw/mops/#/web/t05st01,"{""companyId"": ""2308"", ""firstDay"": """", ""lastDay"": """", ""month"": ""11"", ""year"": ""107""}",4fc867ff33e2d044d2ad3f5c10150ac4fc49b4db438cfa3f98e30ec001250b47,raw_cache\2308_107_11_list.json,9f41f7740d2c7bad8dcbda59e716812f20e69dcb2a903259382c1c481bad84c8,cache_hit,,2026-07-30T02:10:43+00:00
2308,107,11,mops_api_t05st01_detail,https://mops.twse.com.tw/mops/#/web/t05st01,"{""companyId"": ""2308"", ""enterDate"": ""1071119"", ""marketKind"": ""sii"", ""serialNumber"": ""1""}",6707236652b3ef5ddec045f8938cadc863741a6788a61a14128199df279ba826,raw_cache\2308_107_11_10_detail.json,b1c051137c3a8aad2839c84c4c761a9ed901498f095a9b10c26d8e64b3b0d668,cache_hit,,2026-07-30T02:10:43+00:00
2308,107,12,mops_api_t05st01,https://mops.twse.com.tw/mops/#/web/t05st01,"{""companyId"": ""2308"", ""firstDay"": """", ""lastDay"": """", ""month"": ""12"", ""year"": ""107""}",abada19c927c1b6ab8db49f62fd6714a07fd17ebec20714dd1d944a39dd693f9,raw_cache\2308_107_12_list.json,35a7431083a910e4a82f9c241de96a6eced54dedd3e70d2a137ef703b63e545f,cache_hit,,2026-07-30T02:10:43+00:00
2308,108,01,mops_api_t05st01,https://mops.twse.com.tw/mops/#/web/t05st01,"{""companyId"": ""2308"", ""firstDay"": """", ""lastDay"": """", ""month"": ""01"", ""year"": ""108""}",77e02416604c827ef10a3c8a5b45c452e639e9091ea1e9ea245f8165dc0056cb,raw_cache\2308_108_01_list.json,bcf4c601cf48f3b622859445050df79a15097d99de19b63c2ab91cc35ddcae0e,cache_hit,,2026-07-30T02:10:43+00:00
2308,108,01,mops_api_t05st01_detail,https://mops.twse.com.tw/mops/#/web/t05st01,"{""companyId"": ""2308"", ""enterDate"": ""1080107"", ""marketKind"": ""sii"", ""serialNumber"": ""1""}",8adec8b4675823afb454104c57fe29af75ce7616d20ba39e30835d59227e2e59,raw_cache\2308_108_01_0_detail.json,46921192d1be2929b042fc88e786739d86240fd8116734eebaf59575abb395d3,cache_hit,,2026-07-30T02:10:43+00:00
2308,108,02,mops_api_t05st01,https://mops.twse.com.tw/mops/#/web/t05st01,"{""companyId"": ""2308"", ""firstDay"": """", ""lastDay"": """", ""month"": ""02"", ""year"": ""108""}",3e00f82349efb6e8ae404d6183000eaa5835d2853a896411ca101d6245816f50,raw_cache\2308_108_02_list.json,d99cb334ad80332d4a3e66fd5375a15f73070b87f897020d4460d7fae0705c30,cache_hit,,2026-07-30T02:10:43+00:00
2308,108,02,mops_api_t05st01_detail,https://mops.twse.com.tw/mops/#/web/t05st01,"{""companyId"": ""2308"", ""enterDate"": ""1080219"", ""marketKind"": ""sii"", ""serialNumber"": ""1""}",55a9a9845de8c56dd1bb34d2a75b7a7588a509253959b12ab037d46fd454eb10,raw_cache\2308_108_02_8_detail.json,0af7ed2460c90e0d0ea170db0ea1102168df7b1710e93e45ad81ccf34ec5676f,cache_hit,,2026-07-30T02:10:43+00:00
2308,108,02,mops_api_t05st01_detail,https://mops.twse.com.tw/mops/#/web/t05st01,"{""companyId"": ""2308"", ""enterDate"": ""1080219"", ""marketKind"": ""sii"", ""serialNumber"": ""5""}",2be767dd1f4221d19068998fc75fa2b89f43c3d417b05e5ecd22885dc6ba372d,raw_cache\2308_108_02_12_detail.json,35c47b6acca40fe7fd519a318f6e9dabd2350f5567a7f267e272f03fd9dfa13c,cache_hit,,2026-07-30T02:10:43+00:00
2308,108,03,mops_api_t05st01,https://mops.twse.com.tw/mops/#/web/t05st01,"{""companyId"": ""2308"", ""firstDay"": """", ""lastDay"": """", ""month"": ""03"", ""year"": ""108""}",8dfef3450006b7596d3c31d7f1ff992e51a7c71ce06b8e510be95ea5e3f5c5ef,raw_cache\2308_108_03_list.json,a465b22ebf6fe1ec23f1639103098cbf8dd3aacbfb73ed4a711d3d9d9edaaa88,cache_hit,,2026-07-30T02:10:43+00:00
2308,108,03,mops_api_t05st01_detail,https://mops.twse.com.tw/mops/#/web/t05st01,"{""companyId"": ""2308"", ""enterDate"": ""1080311"", ""marketKind"": ""sii"", ""serialNumber"": ""2""}",4bad535d72cc35c85677e49c9f0d403c47eea89747f0cfd54d8eea0e3705a7f0,raw_cache\2308_108_03_4_detail.json,629afbdfab02039bfb1ff3c422bdd05f885bdcefcfe74c039fe6bb4dab7f9d59,cache_hit,,2026-07-30T02:10:43+00:00
2308,108,04,mops_api_t05st01,https://mops.twse.com.tw/mops/#/web/t05st01,"{""companyId"": ""2308"", ""firstDay"": """", ""lastDay"": """", ""month"": ""04"", ""year"": ""108""}",87fa82358385c13c10939b3534eb046245ccaed00e2eaf758d9d2eeef674648c,raw_cache\2308_108_04_list.json,3ae2a881cef7811f004bef59acf274b6189616786f31ac9a9d14cb8d6a5e7329,cache_hit,,2026-07-30T02:10:43+00:00
2308,108,04,mops_api_t05st01_detail,https://mops.twse.com.tw/mops/#/web/t05st01,"{""companyId"": ""2308"", ""enterDate"": ""1080402"", ""marketKind"": ""sii"", ""serialNumber"": ""7""}",6a29d1c2ddf87e933eb932a137610db848451dff7450642a4603cf59fabfa15f,raw_cache\2308_108_04_2_detail.json,49a14483fe202b36cbf9cc94c30a8e047ddc37cbe0880b88f85f7793f8e2af5f,cache_hit,,2026-07-30T02:10:43+00:00
2308,108,05,mops_api_t05st01,https://mops.twse.com.tw/mops/#/web/t05st01,"{""companyId"": ""2308"", ""firstDay"": """", ""lastDay"": """", ""month"": ""05"", ""year"": ""108""}",36ca6252f07c8cff4f530e609a7e50a7aae2034c7691af18b2abaf0c9ab0d98e,raw_cache\2308_108_05_list.json,78c3a27aa5e6d1ae3935b7d28a7eaed3c4aaaf1598c690bae5b81ecac5c65157,cache_hit,,2026-07-30T02:10:43+00:00
2308,111,07,mops_api_t05st01,https://mops.twse.com.tw/mops/#/web/t05st01,"{""companyId"": ""2308"", ""firstDay"": """", ""lastDay"": """", ""month"": ""07"", ""year"": ""111""}",ef7a9c402468be4287913a76b6a1af075642091aaa261f3ff1cde4885145cfcc,raw_cache\2308_111_07_list.json,70c769458069d6ad1fdc87774a44e2482be5304b2d3033c9e8be6152387d0b98,cache_hit,,2026-07-30T02:10:43+00:00
2308,111,07,mops_api_t05st01_detail,https://mops.twse.com.tw/mops/#/web/t05st01,"{""companyId"": ""2308"", ""enterDate"": ""1110727"", ""marketKind"": ""sii"", ""serialNumber"": ""3""}",11d2188ef0ded848357cb75dcb8445a25fc88908d53b19d57540b65cd46defe8,raw_cache\2308_111_07_4_detail.json,abf4d90b05b308b02894203e91797e1aad9b259e86d02e7fbed6447220f3b989,cache_hit,,2026-07-30T02:10:43+00:00
2308,111,08,mops_api_t05st01,https://mops.twse.com.tw/mops/#/web/t05st01,"{""companyId"": ""2308"", ""firstDay"": """", ""lastDay"": """", ""month"": ""08"", ""year"": ""111""}",7ffc21c3d133da14c38384f916c79d44d6b6c10da2903b2d883112a9e3171c28,raw_cache\2308_111_08_list.json,1186dd4169dd49939d83b5a70fe2f50b40576a5fb4ade473b260e5b4cc1bb349,cache_hit,,2026-07-30T02:10:43+00:00
2308,111,09,mops_api_t05st01,https://mops.twse.com.tw/mops/#/web/t05st01,"{""companyId"": ""2308"", ""firstDay"": """", ""lastDay"": """", ""month"": ""09"", ""year"": ""111""}",e14772cc95b6f92cc40e6be6718af205c992e40930b1e72456a5fa69b06e5912,raw_cache\2308_111_09_list.json,9b5133b0c11866276636562e0d5bcf7da3d14938403b61fe830439e26297277f,cache_hit,,2026-07-30T02:10:43+00:00
2308,111,10,mops_api_t05st01,https://mops.twse.com.tw/mops/#/web/t05st01,"{""companyId"": ""2308"", ""firstDay"": """", ""lastDay"": """", ""month"": ""10"", ""year"": ""111""}",cab9993cacf8c5604dee732708fecee9cd7391a3e3b152c7f1882ea50b8d305a,raw_cache\2308_111_10_list.json,fa13a34653bfa98f3fe3fdfcbdb42194f89c488d1137b5c5d8789bc213824a04,cache_hit,,2026-07-30T02:10:43+00:00
2308,111,10,mops_api_t05st01_detail,https://mops.twse.com.tw/mops/#/web/t05st01,"{""companyId"": ""2308"", ""enterDate"": ""1111026"", ""marketKind"": ""sii"", ""serialNumber"": ""1""}",5d68e89a502149cd4b9b848c12c61cf42c4ec6877bcb1c59a14210f1f1a2f717,raw_cache\2308_111_10_3_detail.json,e7e0383b52db639f03213ab87527b2cc12b7c4de90e78f6c2def12bfb023f52b,cache_hit,,2026-07-30T02:10:43+00:00
2313,104,06,mops_api_t05st01,https://mops.twse.com.tw/mops/#/web/t05st01,"{""companyId"": ""2313"", ""firstDay"": """", ""lastDay"": """", ""month"": ""06"", ""year"": ""104""}",b9b6a078dce1de2894dcb53847c47077e1799367b1df5f9f8f775686a901474b,raw_cache\2313_104_06_list.json,b1b963331d0d95aee0519b73876938e21b039b2767c98f88099306ba9b35d650,cache_hit,,2026-07-30T02:10:43+00:00
2313,104,06,mops_api_t05st01_detail,https://mops.twse.com.tw/mops/#/web/t05st01,"{""companyId"": ""2313"", ""enterDate"": ""1040612"", ""marketKind"": ""sii"", ""serialNumber"": ""2""}",900672f63325fb742eb5aba7088d8d9d7e4e8db6c9090029314a7d1ca1cdacc1,raw_cache\2313_104_06_1_detail.json,00e87812713f88621a387bf0f6536f7eed25fe273fd12fb212d34cf1517cb449,cache_hit,,2026-07-30T02:10:43+00:00
2313,104,07,mops_api_t05st01,https://mops.twse.com.tw/mops/#/web/t05st01,"{""companyId"": ""2313"", ""firstDay"": """", ""lastDay"": """", ""month"": ""07"", ""year"": ""104""}",3965493a584aa9524ae7bf391b92371777e2e7c32cd30c64a782548ad7d9ee14,raw_cache\2313_104_07_list.json,6f57d2836d5543a4578b70ff0f3b32210b4e87e946572343d6ec186d715697e6,cache_hit,,2026-07-30T02:10:43+00:00
2313,104,08,mops_api_t05st01,https://mops.twse.com.tw/mops/#/web/t05st01,"{""companyId"": ""2313"", ""firstDay"": """", ""lastDay"": """", ""month"": ""08"", ""year"": ""104""}",7b703a0605f44b39104ac0c72d3e894c97fc6018af0316cdb3469d8a74d61fe6,raw_cache\2313_104_08_list.json,26d56b14f8fbf06e8483a296a0bc7a240b3eb0c050f9299a8661d1462f12f257,cache_hit,,2026-07-30T02:10:43+00:00
2313,104,09,mops_api_t05st01,https://mops.twse.com.tw/mops/#/web/t05st01,"{""companyId"": ""2313"", ""firstDay"": """", ""lastDay"": """", ""month"": ""09"", ""year"": ""104""}",212c3ee1114f2865b7cb1bc59da8e51407f82196da3e884836f5e220245f919f,raw_cache\2313_104_09_list.json,5d5b623cb8857b286df3547f95ca39c26c40aa05e9b67ed92af4029b7e4a350c,cache_hit,,2026-07-30T02:10:43+00:00
2313,104,09,mops_api_t05st01_detail,https://mops.twse.com.tw/mops/#/web/t05st01,"{""companyId"": ""2313"", ""enterDate"": ""1040917"", ""marketKind"": ""sii"", ""serialNumber"": ""2""}",85f21e0f0909d077d724b8fcbe846d8c0aed24681ee81304b21134cbf23d9b59,raw_cache\2313_104_09_1_detail.json,39c1d79970b74b39107b3f88bcffe182b678ee0803de8ca55c46a84fcb681bdf,cache_hit,,2026-07-30T02:10:43+00:00
2313,104,10,mops_api_t05st01,https://mops.twse.com.tw/mops/#/web/t05st01,"{""companyId"": ""2313"", ""firstDay"": """", ""lastDay"": """", ""month"": ""10"", ""year"": ""104""}",ab1663342c22ed2c6f32a2290c67e8a88281dedb7e4c5b781195c3a886679f3e,raw_cache\2313_104_10_list.json,ffdd67d13898946944ae6400331227312d698e36c0bb6a38e7a9a388ca677993,cache_hit,,2026-07-30T02:10:43+00:00
2313,109,06,mops_api_t05st01,https://mops.twse.com.tw/mops/#/web/t05st01,"{""companyId"": ""2313"", ""firstDay"": """", ""lastDay"": """", ""month"": ""06"", ""year"": ""109""}",0b06f4910b66c773c2876131cbb3917cacda50e4d4df15eb36c8d7eefa6b622f,raw_cache\2313_109_06_list.json,39038e285fc65e14ae60a135d0b440cee8018a2d9c71187475e725b1f749bf42,cache_hit,,2026-07-30T02:10:43+00:00
2313,109,07,mops_api_t05st01,https://mops.twse.com.tw/mops/#/web/t05st01,"{""companyId"": ""2313"", ""firstDay"": """", ""lastDay"": """", ""month"": ""07"", ""year"": ""109""}",e089aa60ec07038937faee78b445f92c3feaf62ba48771ce5d54b3a759c1e3db,raw_cache\2313_109_07_list.json,0b01cba933de4f0080f2d8234e9adeb20acc14afca260c4a9aa4137c4063c3ef,cache_hit,,2026-07-30T02:10:43+00:00
2313,109,07,mops_api_t05st01_detail,https://mops.twse.com.tw/mops/#/web/t05st01,"{""companyId"": ""2313"", ""enterDate"": ""1090702"", ""marketKind"": ""sii"", ""serialNumber"": ""2""}",c05fe243df2f12739129b6b5b6090b1fce130d40bc2650a603dc94b6a3903c42,raw_cache\2313_109_07_1_detail.json,6b572ba7fec9c2c8020b71ed4c7c62c594886e6112c9594d26ce93b24473817d,cache_hit,,2026-07-30T02:10:43+00:00
2313,109,08,mops_api_t05st01,https://mops.twse.com.tw/mops/#/web/t05st01,"{""companyId"": ""2313"", ""firstDay"": """", ""lastDay"": """", ""month"": ""08"", ""year"": ""109""}",9a5ffaccd2869f9a34b3b56de5fc4b84086010428badd2496233df71aee563b1,raw_cache\2313_109_08_list.json,07e70cad56cac9f0939db8e4935761e38758f65961af61f4e8d91d0ebf1e6825,cache_hit,,2026-07-30T02:10:43+00:00
2313,109,09,mops_api_t05st01,https://mops.twse.com.tw/mops/#/web/t05st01,"{""companyId"": ""2313"", ""firstDay"": """", ""lastDay"": """", ""month"": ""09"", ""year"": ""109""}",e6b07b8ba75af8d46428c5e98cf0d7d5f842d8c0d5e943128282998fb988ba8d,raw_cache\2313_109_09_list.json,7b05681ef351ec229236b0849a9cbaa18c6aff3f69f002208d86f7622115f1a8,cache_hit,,2026-07-30T02:10:43+00:00
2317,106,02,mops_api_t05st01,https://mops.twse.com.tw/mops/#/web/t05st01,"{""companyId"": ""2317"", ""firstDay"": """", ""lastDay"": """", ""month"": ""02"", ""year"": ""106""}",1e0bcd9ce2ed5999ab1d47432a79abcf9ddb0cf00c800d73d968fb89e5b14d54,raw_cache\2317_106_02_list.json,86c90d41d26956027d209c27d1e6832d930cccc3c76bf4a88bbe53415f725d11,cache_hit,,2026-07-30T02:10:43+00:00
2317,106,03,mops_api_t05st01,https://mops.twse.com.tw/mops/#/web/t05st01,"{""companyId"": ""2317"", ""firstDay"": """", ""lastDay"": """", ""month"": ""03"", ""year"": ""106""}",9d4388218385dbc74ae4dfe8761636e28b603b35f30d106666195988e652d2c2,raw_cache\2317_106_03_list.json,8640ffa5ec02efa6da83812c198d7a7227a8849462e99e02c2e3073fd52ce6a6,cache_hit,,2026-07-30T02:10:43+00:00
2317,106,03,mops_api_t05st01_detail,https://mops.twse.com.tw/mops/#/web/t05st01,"{""companyId"": ""2317"", ""enterDate"": ""1060331"", ""marketKind"": ""sii"", ""serialNumber"": ""1""}",599f9ad7abbd57992b48510de4f609cf9d405616a5d75881a167c6e5edffea12,raw_cache\2317_106_03_51_detail.json,6229d95bb63032b7e48590aab6be8003e5a6bda6404a8cd9ad1e98c47e9fbec5,cache_hit,,2026-07-30T02:10:43+00:00
2317,106,04,mops_api_t05st01,https://mops.twse.com.tw/mops/#/web/t05st01,"{""companyId"": ""2317"", ""firstDay"": """", ""lastDay"": """", ""month"": ""04"", ""year"": ""106""}",039538e8ee594b586a908c3cc0ca77844a7dcfa3308e15f161a3ea0707a5c27f,raw_cache\2317_106_04_list.json,0cefdf72c23f7e69ba05f065f1dc268023482686d828ce430db1b3482a6efaf4,cache_hit,,2026-07-30T02:10:43+00:00
2317,106,05,mops_api_t05st01,https://mops.twse.com.tw/mops/#/web/t05st01,"{""companyId"": ""2317"", ""firstDay"": """", ""lastDay"": """", ""month"": ""05"", ""year"": ""106""}",14ce7ca5cd90083469f3dd4618046b78f77472734726cab5a6456b257e2446ae,raw_cache\2317_106_05_list.json,18c23cf1441044c312a95255775e0643bb9a73909e51635c0b4ccd8b3877f5de,cache_hit,,2026-07-30T02:10:43+00:00
2317,106,05,mops_api_t05st01_detail,https://mops.twse.com.tw/mops/#/web/t05st01,"{""companyId"": ""2317"", ""enterDate"": ""1060511"", ""marketKind"": ""sii"", ""serialNumber"": ""1""}",3236063cb79e8b7169cfec80fc52c8ddb980c17405411c7f00a5f9faddf38b49,raw_cache\2317_106_05_18_detail.json,60909c491a533743fc86dbde7370d50841991034ad161ddd59bfc26e58c77c1b,cache_hit,,2026-07-30T02:10:43+00:00
2317,106,05,mops_api_t05st01_detail,https://mops.twse.com.tw/mops/#/web/t05st01,"{""companyId"": ""2317"", ""enterDate"": ""1060511"", ""marketKind"": ""sii"", ""serialNumber"": ""2""}",eb53b18ca01d687e9cc5f64a32967377695382a8fa396a3ee9921348331ec95c,raw_cache\2317_106_05_19_detail.json,d3e24acebc327fbdf945773cb0867b07bcba89d082d0b04ac0f2ab8170d58571,cache_hit,,2026-07-30T02:10:43+00:00
2317,106,06,mops_api_t05st01,https://mops.twse.com.tw/mops/#/web/t05st01,"{""companyId"": ""2317"", ""firstDay"": """", ""lastDay"": """", ""month"": ""06"", ""year"": ""106""}",ee9db2ce51d66c747a009a4402b83cbd7c3ba90108cb123866ea8e52c98197ec,raw_cache\2317_106_06_list.json,5488590da9e30aeabb042c3f58f93465348e30d4a16127ea7f7755fa588de6b7,cache_hit,,2026-07-30T02:10:43+00:00
2317,106,06,mops_api_t05st01_detail,https://mops.twse.com.tw/mops/#/web/t05st01,"{""companyId"": ""2317"", ""enterDate"": ""1060623"", ""marketKind"": ""sii"", ""serialNumber"": ""2""}",3ecce9dd4a07a1f4ae5f4db9951414d8802c82d3a844b3f3038691e1f0b93431,raw_cache\2317_106_06_61_detail.json,69d83e5bb7ca65027cc3b66e01f0eab7f93b232d2f65e2c3d1ea7763fc85d5fc,cache_hit,,2026-07-30T02:10:43+00:00
2317,108,02,mops_api_t05st01,https://mops.twse.com.tw/mops/#/web/t05st01,"{""companyId"": ""2317"", ""firstDay"": """", ""lastDay"": """", ""month"": ""02"", ""year"": ""108""}",7b6795e2ec941170543ec0c90416ecea0a9b90a23cffa70f9bf5ec19400c71db,raw_cache\2317_108_02_list.json,cb26682ac013eb5181e03dac06ec4cfb8b24b18f3d7695310070de240913926c,cache_hit,,2026-07-30T02:10:43+00:00
2317,108,03,mops_api_t05st01,https://mops.twse.com.tw/mops/#/web/t05st01,"{""companyId"": ""2317"", ""firstDay"": """", ""lastDay"": """", ""month"": ""03"", ""year"": ""108""}",0a803e5481adb02313c65deb0c56ccae0b213f697941fa0e1befc5e1de7a220c,raw_cache\2317_108_03_list.json,d32108786c2815cd1745d07f23d628cd8c0cf7db83ffc5dced69ceffa85bec60,cache_hit,,2026-07-30T02:10:43+00:00
2317,108,03,mops_api_t05st01_detail,https://mops.twse.com.tw/mops/#/web/t05st01,"{""companyId"": ""2317"", ""enterDate"": ""1080329"", ""marketKind"": ""sii"", ""serialNumber"": ""3""}",1b1bd715e32550a1c1e1790a781054465deae33d6dd467a449f39603f7346d6d,raw_cache\2317_108_03_13_detail.json,3614d84efa8c06e696e861112de593ed9bf06411e033454484d33bfd7cd82a73,cache_hit,,2026-07-30T02:10:43+00:00
2317,108,03,mops_api_t05st01_detail,https://mops.twse.com.tw/mops/#/web/t05st01,"{""companyId"": ""2317"", ""enterDate"": ""1080329"", ""marketKind"": ""sii"", ""serialNumber"": ""7""}",35ae2eaec5b3a8eb4fd9de8c93c44c8176ee5f3df35c56728bda365f967ffe46,raw_cache\2317_108_03_16_detail.json,db5713af3546b5e48625c7a3a2b2d4310f944bcb076e76e514ac7539515fb1e0,cache_hit,,2026-07-30T02:10:43+00:00
2317,108,03,mops_api_t05st01_detail,https://mops.twse.com.tw/mops/#/web/t05st01,"{""companyId"": ""2317"", ""enterDate"": ""1080329"", ""marketKind"": ""sii"", ""serialNumber"": ""9""}",9ac638d1928a3e72fe43b8a6479ecf1eab4b516590ba6b7453f5b7210fd3cdfd,raw_cache\2317_108_03_18_detail.json,1296e7ee023e61630efe3ad6f74f891f0b7435a229b2690e244c9f0999a9d0f1,cache_hit,,2026-07-30T02:10:43+00:00
2317,108,04,mops_api_t05st01,https://mops.twse.com.tw/mops/#/web/t05st01,"{""companyId"": ""2317"", ""firstDay"": """", ""lastDay"": """", ""month"": ""04"", ""year"": ""108""}",c7e89a376405766afe4acdc93d0368f19d4eda1f1cbfc9dccf67b51889a68a2c,raw_cache\2317_108_04_list.json,34904dc9dd5f8b9926eab9ad15dfb24022328679962289db867c008995a8e528,cache_hit,,2026-07-30T02:10:43+00:00
2317,108,05,mops_api_t05st01,https://mops.twse.com.tw/mops/#/web/t05st01,"{""companyId"": ""2317"", ""firstDay"": """", ""lastDay"": """", ""month"": ""05"", ""year"": ""108""}",f5732c04faef4d02de5d48e3665e491dec3d47bb14df02ab5b2a339e017a1ccd,raw_cache\2317_108_05_list.json,1985504f2672eb7f1da3bc471c5d68e97385f6947a0bd1a8eed2d9a4d3738518,cache_hit,,2026-07-30T02:10:43+00:00
2317,108,05,mops_api_t05st01_detail,https://mops.twse.com.tw/mops/#/web/t05st01,"{""companyId"": ""2317"", ""enterDate"": ""1080510"", ""marketKind"": ""sii"", ""serialNumber"": ""1""}",3d0ed85495bc417c420a142fe97914d0a85eb23b22663732e3773888e6b9d8c5,raw_cache\2317_108_05_3_detail.json,c8a744e10d1053513f3a008ae2f43d9e5f71ccdca5be2c3d65cc4aea19271927,cache_hit,,2026-07-30T02:10:43+00:00
2317,108,05,mops_api_t05st01_detail,https://mops.twse.com.tw/mops/#/web/t05st01,"{""companyId"": ""2317"", ""enterDate"": ""1080514"", ""marketKind"": ""sii"", ""serialNumber"": ""1""}",b88ddf874ad8e5a044520c5b7305b2f9a738d688ef17acab54643992397dc9ee,raw_cache\2317_108_05_4_detail.json,6d0ab3f4fb0ebc3e49733f820d9392f687a9ab1fb9bdb76c8f10e5cba2c7dd44,cache_hit,,2026-07-30T02:10:43+00:00
2317,108,08,mops_api_t05st01,https://mops.twse.com.tw/mops/#/web/t05st01,"{""companyId"": ""2317"", ""firstDay"": """", ""lastDay"": """", ""month"": ""08"", ""year"": ""108""}",f3f233e5532dbd73c029ed18dd033913a1f0190c2bca56cb07e2cd41c0267ca9,raw_cache\2317_108_08_list.json,433ff763bc8ac18fcd6ccf2ff72c6c4fecdee2988d0d524e3629be5ad44465b0,cache_hit,,2026-07-30T02:10:43+00:00
2317,108,08,mops_api_t05st01_detail,https://mops.twse.com.tw/mops/#/web/t05st01,"{""companyId"": ""2317"", ""enterDate"": ""1080813"", ""marketKind"": ""sii"", ""serialNumber"": ""2""}",c850619e507159f932bf6342357eb124fddcfb780c86873443dbd7b5249bfe00,raw_cache\2317_108_08_1_detail.json,a1af8e474c77a5d5d8df7a0008ff02a7b47e88197d81fd7b9b1a3c1db8e1aea3,cache_hit,,2026-07-30T02:10:43+00:00
2317,108,09,mops_api_t05st01,https://mops.twse.com.tw/mops/#/web/t05st01,"{""companyId"": ""2317"", ""firstDay"": """", ""lastDay"": """", ""month"": ""09"", ""year"": ""108""}",7ce01d67cb2f8aba9fb9c412f33f9e791a52fd6bf55205f3bbce2c969a57265a,raw_cache\2317_108_09_list.json,96dc870ca973944219d688841a815c61eda65ade46382614de732e4982f2af34,cache_hit,,2026-07-30T02:10:43+00:00
2317,108,10,mops_api_t05st01,https://mops.twse.com.tw/mops/#/web/t05st01,"{""companyId"": ""2317"", ""firstDay"": """", ""lastDay"": """", ""month"": ""10"", ""year"": ""108""}",26abff06247bd4a4e1b0381b1011af144a4912b6aaf378dd221ce98a1014964d,raw_cache\2317_108_10_list.json,de208f1ae525a29e5588892ab4379e0198d6a26318ec5e8327dd813983674f95,cache_hit,,2026-07-30T02:10:43+00:00
2317,108,11,mops_api_t05st01,https://mops.twse.com.tw/mops/#/web/t05st01,"{""companyId"": ""2317"", ""firstDay"": """", ""lastDay"": """", ""month"": ""11"", ""year"": ""108""}",e3f235f0e2171569b5eb047463d13c4a6f64526d7a731787f6b57b43f8e9c5ea,raw_cache\2317_108_11_list.json,3c1e5d2cdeca612fd108eb835df84ec2ff9ee712167a78b3c120fbd94888d4d6,cache_hit,,2026-07-30T02:10:43+00:00
2317,108,11,mops_api_t05st01_detail,https://mops.twse.com.tw/mops/#/web/t05st01,"{""companyId"": ""2317"", ""enterDate"": ""1081113"", ""marketKind"": ""sii"", ""serialNumber"": ""3""}",5faa0de7f712501b53dfed929a3a8fec063320ddc3889e9b33fc2dbc26277b3b,raw_cache\2317_108_11_9_detail.json,eaee4265c79b37fa26fc37e3d88565a45bf60ab84dfe592e7321f4daae4b1e99,cache_hit,,2026-07-30T02:10:43+00:00
2317,108,12,mops_api_t05st01,https://mops.twse.com.tw/mops/#/web/t05st01,"{""companyId"": ""2317"", ""firstDay"": """", ""lastDay"": """", ""month"": ""12"", ""year"": ""108""}",0a72bb5be4cc5d46641d50e4cb7ebd6e27a55b7a934daf9d641aec61b387d03a,raw_cache\2317_108_12_list.json,3ad805c1ac90b32248837ead12a4460936caaed4dfb8a8b8f487611bc85d0c54,cache_hit,,2026-07-30T02:10:43+00:00
2317,109,01,mops_api_t05st01,https://mops.twse.com.tw/mops/#/web/t05st01,"{""companyId"": ""2317"", ""firstDay"": """", ""lastDay"": """", ""month"": ""01"", ""year"": ""109""}",c090399f2491a9bd9db838ba6892eb9d333802ea008f2f8a603e55308ec83466,raw_cache\2317_109_01_list.json,8e65a6e388b70e334a3ade6dee1e4d77ba5be86581dd0819d96766ffbcf87ee3,cache_hit,,2026-07-30T02:10:43+00:00
2317,109,02,mops_api_t05st01,https://mops.twse.com.tw/mops/#/web/t05st01,"{""companyId"": ""2317"", ""firstDay"": """", ""lastDay"": """", ""month"": ""02"", ""year"": ""109""}",29932ad16fe03b3d8233d95e9030a04de6345feb47cf88e33703dc38e484e4a0,raw_cache\2317_109_02_list.json,6ce830b7c1b2b3ac47e7877290e9d71834fe698b41e20d58720d04139d7535f6,cache_hit,,2026-07-30T02:10:43+00:00
2317,113,01,mops_api_t05st01,https://mops.twse.com.tw/mops/#/web/t05st01,"{""companyId"": ""2317"", ""firstDay"": """", ""lastDay"": """", ""month"": ""01"", ""year"": ""113""}",7c0f10595529fddbc0843475160fda0dfb0f6c1a6698e8dcfacdfe720ec23fbc,raw_cache\2317_113_01_list.json,bac130392b114e5989a22a4201945453190c64335b847988fd8d091a78f8a956,cache_hit,,2026-07-30T02:10:43+00:00
2317,113,02,mops_api_t05st01,https://mops.twse.com.tw/mops/#/web/t05st01,"{""companyId"": ""2317"", ""firstDay"": """", ""lastDay"": """", ""month"": ""02"", ""year"": ""113""}",4002af0a180ffcb87384603fa4b6d4b8674017a79f49951431c2282ff914feb8,raw_cache\2317_113_02_list.json,67f429d6329063e9b6fad7112ef157d0d836f41b2ac3ee2496f9fd21a42e74e9,cache_hit,,2026-07-30T02:10:43+00:00
2317,113,03,mops_api_t05st01,https://mops.twse.com.tw/mops/#/web/t05st01,"{""companyId"": ""2317"", ""firstDay"": """", ""lastDay"": """", ""month"": ""03"", ""year"": ""113""}",82d466c2da77d7e1fd7c8adc58403094d6ddbc050d7c49706350acc9cf2d3a4d,raw_cache\2317_113_03_list.json,85ca28a76c648c72384612e309c372b18dbb6126ebae5073aa0d9dd65d97a79e,cache_hit,,2026-07-30T02:10:43+00:00
2317,113,03,mops_api_t05st01_detail,https://mops.twse.com.tw/mops/#/web/t05st01,"{""companyId"": ""2317"", ""enterDate"": ""1130314"", ""marketKind"": ""sii"", ""serialNumber"": ""1""}",8a3039f4cb16f5ba0a201c9ed27a5fda1169b79c4deb59afe9578e60908ec23d,raw_cache\2317_113_03_13_detail.json,c7eef06011e48bd948206079797f92d04471256a3673455b0e76bd1dc7d10476,cache_hit,,2026-07-30T02:10:43+00:00
2317,113,03,mops_api_t05st01_detail,https://mops.twse.com.tw/mops/#/web/t05st01,"{""companyId"": ""2317"", ""enterDate"": ""1130314"", ""marketKind"": ""sii"", ""serialNumber"": ""2""}",687e808c68b9cd27400945f34657834b0854fedbc0fe6bb0ae2673a22a6df5e5,raw_cache\2317_113_03_14_detail.json,c20cabfd505a24a38c9f40111352fd75d8f422a00f971ba2f63e7625989ef152,cache_hit,,2026-07-30T02:10:43+00:00
2317,113,03,mops_api_t05st01_detail,https://mops.twse.com.tw/mops/#/web/t05st01,"{""companyId"": ""2317"", ""enterDate"": ""1130314"", ""marketKind"": ""sii"", ""serialNumber"": ""9""}",c6a766dad0a7123a6c9c34847c05a5b5ba1a2edce453143eadc55cbfaeeb6b62,raw_cache\2317_113_03_21_detail.json,c96798495a72d35af77c628a22edf26d5913bf2bceba16ddaf7106810710ef0f,cache_hit,,2026-07-30T02:10:43+00:00
2317,113,04,mops_api_t05st01,https://mops.twse.com.tw/mops/#/web/t05st01,"{""companyId"": ""2317"", ""firstDay"": """", ""lastDay"": """", ""month"": ""04"", ""year"": ""113""}",9b2a28221c35e30da6007e53b81e53e0b25423da066c307c99aafc5e5e3465f4,raw_cache\2317_113_04_list.json,083359e42157b9891efb1ffe9f7a8458b4b5b164738c51e13a75ce5e9c36565f,cache_hit,,2026-07-30T02:10:43+00:00
2325,103,12,mops_api_t05st01,https://mops.twse.com.tw/mops/#/web/t05st01,"{""companyId"": ""2325"", ""firstDay"": """", ""lastDay"": """", ""month"": ""12"", ""year"": ""103""}",3d2206a06a7ee7d05fe862c12f7b14da8190141c27ba28b9dc3ccef4c386b04e,raw_cache\2325_103_12_list.json,56bc1c7098b59aad4b51c64445fe345c1f5410fc45b2622ad6b64c75c7695b7f,cache_hit,,2026-07-30T02:10:43+00:00
2325,104,01,mops_api_t05st01,https://mops.twse.com.tw/mops/#/web/t05st01,"{""companyId"": ""2325"", ""firstDay"": """", ""lastDay"": """", ""month"": ""01"", ""year"": ""104""}",dd7884c009c4fdd9825c13a448cc475cd8bb608d938748c016d1313a81be60a6,raw_cache\2325_104_01_list.json,644647526e2a51ebbea7455c9066fc7cd8c11faa933fb35ed8e2332e6d905bd9,cache_hit,,2026-07-30T02:10:43+00:00
2325,104,02,mops_api_t05st01,https://mops.twse.com.tw/mops/#/web/t05st01,"{""companyId"": ""2325"", ""firstDay"": """", ""lastDay"": """", ""month"": ""02"", ""year"": ""104""}",8ffdb7fa77357faa8e2ff07e65a395059f41e344c812b457fe72bf70755e520f,raw_cache\2325_104_02_list.json,68da41ad34a2c4cbc0c11aaa4ac4f40f2ae248eb2192d0b37129d7779389bf04,cache_hit,,2026-07-30T02:10:43+00:00
2325,104,03,mops_api_t05st01,https://mops.twse.com.tw/mops/#/web/t05st01,"{""companyId"": ""2325"", ""firstDay"": """", ""lastDay"": """", ""month"": ""03"", ""year"": ""104""}",1814b3c5e82550d57084d7de4aafe037b76698f63d1e5ad6d611d8a64aa678ce,raw_cache\2325_104_03_list.json,9b388fd5e40ae3892af98615cabb3f5a6190dd7ff2626aeaffa193c40f2eb796,cache_hit,,2026-07-30T02:10:43+00:00
2325,104,10,mops_api_t05st01,https://mops.twse.com.tw/mops/#/web/t05st01,"{""companyId"": ""2325"", ""firstDay"": """", ""lastDay"": """", ""month"": ""10"", ""year"": ""104""}",2ed1e270d7855bcf9b8261813874d2e669ab557fddfb9eb2eddcbfc6780f5500,raw_cache\2325_104_10_list.json,0969f8f4723d3649fc4e620c8afde3d00585049a6a12b3a215c2434e53b04da7,cache_hit,,2026-07-30T02:10:43+00:00
2325,104,11,mops_api_t05st01,https://mops.twse.com.tw/mops/#/web/t05st01,"{""companyId"": ""2325"", ""firstDay"": """", ""lastDay"": """", ""month"": ""11"", ""year"": ""104""}",7d2938156dba4d447518657299ffab825af3c6d171bdf0175c974430d0b510d4,raw_cache\2325_104_11_list.json,8d8ce40c758ff8cbaae4df445908c567cf37a7c4838729d881fe8d90404e27ab,cache_hit,,2026-07-30T02:10:43+00:00
2325,104,12,mops_api_t05st01,https://mops.twse.com.tw/mops/#/web/t05st01,"{""companyId"": ""2325"", ""firstDay"": """", ""lastDay"": """", ""month"": ""12"", ""year"": ""104""}",7d51b2f80b2ec9bcf8b88477b75d9e60909446ec455262eb1b026da5cdfb8be7,raw_cache\2325_104_12_list.json,b066d61e98c69b0fb748573fb8d672b8def35d0b709e47551021ed290659bdfd,cache_hit,,2026-07-30T02:10:43+00:00
2325,105,01,mops_api_t05st01,https://mops.twse.com.tw/mops/#/web/t05st01,"{""companyId"": ""2325"", ""firstDay"": """", ""lastDay"": """", ""month"": ""01"", ""year"": ""105""}",b438ce588c99fd44746f41eaa1647305bf1e35e9121d214b897b6f43bd2c3197,raw_cache\2325_105_01_list.json,44cda925f3c3b29301f5f72fd140cd8b2b8cfd16ed12bca45a59baca93d5d234,cache_hit,,2026-07-30T02:10:43+00:00
2327,109,09,mops_api_t05st01,https://mops.twse.com.tw/mops/#/web/t05st01,"{""companyId"": ""2327"", ""firstDay"": """", ""lastDay"": """", ""month"": ""09"", ""year"": ""109""}",42418d28b14022eafd34eabe2c8bdba35d4beb3b2ea0ecb48cf115b6b6988a2f,raw_cache\2327_109_09_list.json,4e4cb7aaed88775b73061b573360abbd48684d796386cff097ab3ac030e9e5d8,cache_hit,,2026-07-30T02:10:43+00:00
2327,109,09,mops_api_t05st01_detail,https://mops.twse.com.tw/mops/#/web/t05st01,"{""companyId"": ""2327"", ""enterDate"": ""1090907"", ""marketKind"": ""sii"", ""serialNumber"": ""1""}",6a40522bc968688aad0df83e677d4fc12edbcb98472aec2cd10e7738621decaf,raw_cache\2327_109_09_0_detail.json,45f4c28825030b22cb95250e7836a1dd3e545d9fa82a837a6dd22c1fb2213f4e,cache_hit,,2026-07-30T02:10:43+00:00
2327,109,10,mops_api_t05st01,https://mops.twse.com.tw/mops/#/web/t05st01,"{""companyId"": ""2327"", ""firstDay"": """", ""lastDay"": """", ""month"": ""10"", ""year"": ""109""}",d2ac3de0d594a28b7358c20c610e4a19bf88eaa3caad0bc56e16f6672df1a732,raw_cache\2327_109_10_list.json,6fa4c1e986a8fdd28af4a086c9d20097ba454c6c45bc78ad5d592bf653112a47,cache_hit,,2026-07-30T02:10:43+00:00
2327,109,10,mops_api_t05st01_detail,https://mops.twse.com.tw/mops/#/web/t05st01,"{""companyId"": ""2327"", ""enterDate"": ""1091007"", ""marketKind"": ""sii"", ""serialNumber"": ""1""}",2c78868a3b4ae504d23e2fb08edc96e61ff91c13938f60e7e8e459cb1838261b,raw_cache\2327_109_10_0_detail.json,e254b8b76be082e84220790afd5767504c6105fd21ed3865d06efd91d54cf567,cache_hit,,2026-07-30T02:10:43+00:00
2327,109,11,mops_api_t05st01,https://mops.twse.com.tw/mops/#/web/t05st01,"{""companyId"": ""2327"", ""firstDay"": """", ""lastDay"": """", ""month"": ""11"", ""year"": ""109""}",708ec553c8ba352558f83d2139fa1f51045ff5358cace1c85cd8df34bfac661f,raw_cache\2327_109_11_list.json,8aa286553164ec87fe65b70a8c2223d40e21683e4ea18b994084aa8443fcb690,cache_hit,,2026-07-30T02:10:43+00:00
2327,109,11,mops_api_t05st01_detail,https://mops.twse.com.tw/mops/#/web/t05st01,"{""companyId"": ""2327"", ""enterDate"": ""1091106"", ""marketKind"": ""sii"", ""serialNumber"": ""1""}",41ae93a4860701fa0604dcb0a5227b958e8908e7864fb249cff2f89756e196c3,raw_cache\2327_109_11_0_detail.json,7576431033ee2b55110e3e3321a00315dfb1bb84411392d1be157f67d8692125,cache_hit,,2026-07-30T02:10:43+00:00
2327,109,12,mops_api_t05st01,https://mops.twse.com.tw/mops/#/web/t05st01,"{""companyId"": ""2327"", ""firstDay"": """", ""lastDay"": """", ""month"": ""12"", ""year"": ""109""}",1f297236b525cc2b66e61988f4e9346d776e750aa0894274d6c7025ff4cf6549,raw_cache\2327_109_12_list.json,82bb3475ca88827fe65175f7084a649a52810a9ce4b5a2a1dfc2ff7ef4c7db9c,cache_hit,,2026-07-30T02:10:43+00:00
2327,109,12,mops_api_t05st01_detail,https://mops.twse.com.tw/mops/#/web/t05st01,"{""companyId"": ""2327"", ""enterDate"": ""1091207"", ""marketKind"": ""sii"", ""serialNumber"": ""1""}",8d01611e6a99360e5dc34d58125082f84d2f8655cb6259b93d44586028938562,raw_cache\2327_109_12_1_detail.json,13ff8b16e8813cdda7333549a91e9b101b8a74f5c2ee77d165735b1a2e53243a,cache_hit,,2026-07-30T02:10:43+00:00
2327,110,01,mops_api_t05st01,https://mops.twse.com.tw/mops/#/web/t05st01,"{""companyId"": ""2327"", ""firstDay"": """", ""lastDay"": """", ""month"": ""01"", ""year"": ""110""}",70b0ccadd62c8c39af89392a709244ce19439dbd952f0f7f44b767161a19c45d,raw_cache\2327_110_01_list.json,0ecd055ac409c6b13029374ef34a65c556c1cbbcdbba6ef8bf429b1f2dd98d6b,cache_hit,,2026-07-30T02:10:43+00:00
2327,110,01,mops_api_t05st01_detail,https://mops.twse.com.tw/mops/#/web/t05st01,"{""companyId"": ""2327"", ""enterDate"": ""1100107"", ""marketKind"": ""sii"", ""serialNumber"": ""1""}",c8c7f328716c3d3cef552bd83fef72c34f707930fa69ec03b404a32e5fcbac55,raw_cache\2327_110_01_1_detail.json,bb82ea0cce6967de3ebcd66a6e6ecc7f5509d7c4ed50103e07966ff2f749cfb8,cache_hit,,2026-07-30T02:10:43+00:00
2327,110,02,mops_api_t05st01,https://mops.twse.com.tw/mops/#/web/t05st01,"{""companyId"": ""2327"", ""firstDay"": """", ""lastDay"": """", ""month"": ""02"", ""year"": ""110""}",e94ccb9be1b3b6461d6a47438a54ccf5af447e8b52c29b4466381b8f6f7d94c9,raw_cache\2327_110_02_list.json,3f274a7d3b668a8688da471e0da561a9c1fb0fe440010c17bc8e9b3ef13bd397,cache_hit,,2026-07-30T02:10:43+00:00
2327,110,02,mops_api_t05st01_detail,https://mops.twse.com.tw/mops/#/web/t05st01,"{""companyId"": ""2327"", ""enterDate"": ""1100204"", ""marketKind"": ""sii"", ""serialNumber"": ""1""}",698fa2d294449a7195fed43afbfcb601fa3aec677cc10850d7c8a6f4d8380c31,raw_cache\2327_110_02_0_detail.json,d606dcd78d5b1278858612df8595ef5733b827632d8f98b75ac9f24732b443d7,cache_hit,,2026-07-30T02:10:43+00:00
2327,110,11,mops_api_t05st01,https://mops.twse.com.tw/mops/#/web/t05st01,"{""companyId"": ""2327"", ""firstDay"": """", ""lastDay"": """", ""month"": ""11"", ""year"": ""110""}",963e9ad35bffdb5c29874fa723644dd148d7affe6d8efa604e3799961075c723,raw_cache\2327_110_11_list.json,032ffa901d6f1d2a7bb220d9e0770480545d8a1bc7d93f5fc025d4c6f5d8a77c,cache_hit,,2026-07-30T02:10:44+00:00
2327,110,11,mops_api_t05st01_detail,https://mops.twse.com.tw/mops/#/web/t05st01,"{""companyId"": ""2327"", ""enterDate"": ""1101105"", ""marketKind"": ""sii"", ""serialNumber"": ""1""}",5330c64a655fb78f1dd9059c740d605e184d823eb5542f58d3b4e96c5b5f6f6d,raw_cache\2327_110_11_0_detail.json,a92f57df47eccbd50a41c21fc00bf39a3dc237fc25b458360c30554730e6cff5,cache_hit,,2026-07-30T02:10:44+00:00
2327,110,11,mops_api_t05st01_detail,https://mops.twse.com.tw/mops/#/web/t05st01,"{""companyId"": ""2327"", ""enterDate"": ""1101111"", ""marketKind"": ""sii"", ""serialNumber"": ""1""}",f9b6c187b3c3e691a183ec287e530e04616fb85d77f8c3bf2237eea073e6000c,raw_cache\2327_110_11_1_detail.json,ce05bd81821b96eff709348ed20255628c0de212d9ce1f0bc441c91d249b9310,cache_hit,,2026-07-30T02:10:44+00:00
2327,110,11,mops_api_t05st01_detail,https://mops.twse.com.tw/mops/#/web/t05st01,"{""companyId"": ""2327"", ""enterDate"": ""1101111"", ""marketKind"": ""sii"", ""serialNumber"": ""2""}",ac81bad3bebf23f240dfdbe6573c922b9af71267fc1fc9f2813664a802681705,raw_cache\2327_110_11_2_detail.json,d8c7e909ee2f6fd55b7f3c070e458cd989f4189712cf1b45a6a0d6189c614f74,cache_hit,,2026-07-30T02:10:44+00:00
2327,110,12,mops_api_t05st01,https://mops.twse.com.tw/mops/#/web/t05st01,"{""companyId"": ""2327"", ""firstDay"": """", ""lastDay"": """", ""month"": ""12"", ""year"": ""110""}",1204925116a9f4c27950ff877aae3efe9c24ddaa34e8528adb0b878b091604f8,raw_cache\2327_110_12_list.json,215aa93c84baa3f5a3773e431a239c843e4a5fd000d1c6174579ad0053b49b95,cache_hit,,2026-07-30T02:10:44+00:00
2327,110,12,mops_api_t05st01_detail,https://mops.twse.com.tw/mops/#/web/t05st01,"{""companyId"": ""2327"", ""enterDate"": ""1101202"", ""marketKind"": ""sii"", ""serialNumber"": ""1""}",9799d803967371c8f008529b84978059eda83fb1494464a5ce279a03c3955846,raw_cache\2327_110_12_0_detail.json,c4f0b9f231c30c32a37bca761617307c3981a6699fe058a71c9cd04ea71dcef3,cache_hit,,2026-07-30T02:10:44+00:00
2327,110,12,mops_api_t05st01_detail,https://mops.twse.com.tw/mops/#/web/t05st01,"{""companyId"": ""2327"", ""enterDate"": ""1101209"", ""marketKind"": ""sii"", ""serialNumber"": ""1""}",6c19a26a9a209b089862ab9d3880f15475f1b8d82b86340833856378bfcc9ad3,raw_cache\2327_110_12_1_detail.json,e3b3f2cd4ed78eaa0aaeeda7388298f18eed18780a883b03b07018bee00af9d7,cache_hit,,2026-07-30T02:10:44+00:00
2327,111,01,mops_api_t05st01,https://mops.twse.com.tw/mops/#/web/t05st01,"{""companyId"": ""2327"", ""firstDay"": """", ""lastDay"": """", ""month"": ""01"", ""year"": ""111""}",bcaef48abbdbc741f71dda4b2437171586759c765511af6e1fb9855447c60e0f,raw_cache\2327_111_01_list.json,cd2e9e683f4b3be4c8dd11cd83759d9152f6820144c2ee79f11da895553c52ad,cache_hit,,2026-07-30T02:10:44+00:00
2327,111,01,mops_api_t05st01_detail,https://mops.twse.com.tw/mops/#/web/t05st01,"{""companyId"": ""2327"", ""enterDate"": ""1110104"", ""marketKind"": ""sii"", ""serialNumber"": ""2""}",8ea3d2eba1a6373435b91f1ba61d524f02b67b34a6121776ece657f5beeb4c44,raw_cache\2327_111_01_2_detail.json,3a23d99ebc927e6394e6eee113b6516cca83fcb1776dd7c5df16956ceba12568,cache_hit,,2026-07-30T02:10:44+00:00
2327,111,01,mops_api_t05st01_detail,https://mops.twse.com.tw/mops/#/web/t05st01,"{""companyId"": ""2327"", ""enterDate"": ""1110105"", ""marketKind"": ""sii"", ""serialNumber"": ""5""}",5bedcc64398b84090c2d5d8af92b7b95210504009664823547e0dc13999b0020,raw_cache\2327_111_01_7_detail.json,2573af185fd86818f52af118c6c77a0d2d58e25b456d2c4de848d6741352bcad,cache_hit,,2026-07-30T02:10:44+00:00
2327,111,01,mops_api_t05st01_detail,https://mops.twse.com.tw/mops/#/web/t05st01,"{""companyId"": ""2327"", ""enterDate"": ""1110107"", ""marketKind"": ""sii"", ""serialNumber"": ""1""}",4f90a67c27b3ae4630198e77c21e79e24cf13885fa690fd303cba052257fdc8d,raw_cache\2327_111_01_8_detail.json,f50b996a4bc7fecb087f6130092f57f744abd3d235bbbf44fe6a051f4dd8bbe5,cache_hit,,2026-07-30T02:10:44+00:00
2327,112,10,mops_api_t05st01,https://mops.twse.com.tw/mops/#/web/t05st01,"{""companyId"": ""2327"", ""firstDay"": """", ""lastDay"": """", ""month"": ""10"", ""year"": ""112""}",34040c79132d0f0479c607722d7300f3ebbe2b1adf99bcff7e19adc7d4f48ca2,raw_cache\2327_112_10_list.json,b7a6b66de81868fa7be44447af2e33e34a8bc123b56c59a9fc488bf9036cb600,cache_hit,,2026-07-30T02:10:44+00:00
2327,112,10,mops_api_t05st01_detail,https://mops.twse.com.tw/mops/#/web/t05st01,"{""companyId"": ""2327"", ""enterDate"": ""1121005"", ""marketKind"": ""sii"", ""serialNumber"": ""1""}",6ce39025936db70e6080c8cea729b0ff97c4208691e969bf28c272b5e636a09a,raw_cache\2327_112_10_1_detail.json,7e4e38352e50b76363ca61b76dad9c302535626c8cdfe63b26af92fe189ac0cc,cache_hit,,2026-07-30T02:10:44+00:00
2327,112,10,mops_api_t05st01_detail,https://mops.twse.com.tw/mops/#/web/t05st01,"{""companyId"": ""2327"", ""enterDate"": ""1121026"", ""marketKind"": ""sii"", ""serialNumber"": ""1""}",675a0f9f8b1c5aaf285ff721632d96af1d7b4d3f6c6e099b61649e8bb0c83cbf,raw_cache\2327_112_10_8_detail.json,5671464ffb87876bc07be361a338fbdc563c159bf56230f48a3b91112e1e4241,cache_hit,,2026-07-30T02:10:44+00:00
2327,112,11,mops_api_t05st01,https://mops.twse.com.tw/mops/#/web/t05st01,"{""companyId"": ""2327"", ""firstDay"": """", ""lastDay"": """", ""month"": ""11"", ""year"": ""112""}",d09de627f3767b4ba6505549ed839a7fce8c82ec70743930e7ec1df624715cc5,raw_cache\2327_112_11_list.json,00db7b92f8b2d375cb04b87540f6f8271fd8536efc38d3cc140cd49df2733f7c,cache_hit,,2026-07-30T02:10:44+00:00
2327,112,11,mops_api_t05st01_detail,https://mops.twse.com.tw/mops/#/web/t05st01,"{""companyId"": ""2327"", ""enterDate"": ""1121109"", ""marketKind"": ""sii"", ""serialNumber"": ""1""}",e0cb70aa4e0a2bd33424c42bb644a370c6cfdbc6b9724867feef5f93bf8a5ea3,raw_cache\2327_112_11_0_detail.json,e49724bd547b9f4d5a73350d71678a6af660ae02f5ee0fe57df54e0bd446919b,cache_hit,,2026-07-30T02:10:44+00:00
2327,112,12,mops_api_t05st01,https://mops.twse.com.tw/mops/#/web/t05st01,"{""companyId"": ""2327"", ""firstDay"": """", ""lastDay"": """", ""month"": ""12"", ""year"": ""112""}",7c6c60af2845bdd42da3c180148890e0ae16e6520b15fcc8fd043c34dc800631,raw_cache\2327_112_12_list.json,eac18eb9891de414943a459660362237cb12324a3b51955635a2a589834fcb5d,cache_hit,,2026-07-30T02:10:44+00:00
2327,112,12,mops_api_t05st01_detail,https://mops.twse.com.tw/mops/#/web/t05st01,"{""companyId"": ""2327"", ""enterDate"": ""1121207"", ""marketKind"": ""sii"", ""serialNumber"": ""1""}",e7dacc4edecfa347fea46978664b7f983449d7a35a00a07af7f5f975de759db5,raw_cache\2327_112_12_1_detail.json,a8ac163e180bea0817a36edfe379bc469b47ba87a009e2ce829f985f2392e0ae,cache_hit,,2026-07-30T02:10:44+00:00
2328,106,07,mops_api_t05st01,https://mops.twse.com.tw/mops/#/web/t05st01,"{""companyId"": ""2328"", ""firstDay"": """", ""lastDay"": """", ""month"": ""07"", ""year"": ""106""}",382cbecad7d27ace82acb62a1cd36b563e7c1823b87ed937a09ffd2b3c690a80,raw_cache\2328_106_07_list.json,478c8bc66b166c7ca5ac063c067da666759af3a6dfa26f0e253cef21b9bf7bc4,cache_hit,,2026-07-30T02:10:44+00:00
2328,106,08,mops_api_t05st01,https://mops.twse.com.tw/mops/#/web/t05st01,"{""companyId"": ""2328"", ""firstDay"": """", ""lastDay"": """", ""month"": ""08"", ""year"": ""106""}",191f3106671d3fa4fcf53aabb2dfd540938b7316051731eac3890bb56a2f4b37,raw_cache\2328_106_08_list.json,6dae3a61c8b3e02cbcbfbc3593638794b764f2f955111b7e89a5a339685a660a,cache_hit,,2026-07-30T02:10:44+00:00
2328,106,08,mops_api_t05st01_detail,https://mops.twse.com.tw/mops/#/web/t05st01,"{""companyId"": ""2328"", ""enterDate"": ""1060811"", ""marketKind"": ""sii"", ""serialNumber"": ""1""}",76d0ae49473a41f14f0ee67bf86fcb23834a7a1b76df4eeeb1d01906d0823703,raw_cache\2328_106_08_0_detail.json,12be5480a09a480c1bdf64bb5825ba5bb895a39c4817aabfda0bee6982b3464c,cache_hit,,2026-07-30T02:10:44+00:00
2328,106,09,mops_api_t05st01,https://mops.twse.com.tw/mops/#/web/t05st01,"{""companyId"": ""2328"", ""firstDay"": """", ""lastDay"": """", ""month"": ""09"", ""year"": ""106""}",05e096e5cc351adc2b18694beda4b6d3b6171f8e8f7eb4e342095abd3c202c57,raw_cache\2328_106_09_list.json,2f0f62542ac10cfcf3b88b7ae67dfddcb55ca463ee8e8b3f0536318a42888a1d,cache_hit,,2026-07-30T02:10:44+00:00
2330,104,10,mops_api_t05st01,https://mops.twse.com.tw/mops/#/web/t05st01,"{""companyId"": ""2330"", ""firstDay"": """", ""lastDay"": """", ""month"": ""10"", ""year"": ""104""}",5e27874b83da998c7819a98b7690f10b202861e452c520a29c16c37917bd19f6,raw_cache\2330_104_10_list.json,26726e771497cfa452f6cd0538491bbd8eae2539ca43fa4c018a0dda1a539207,cache_hit,,2026-07-30T02:10:44+00:00
2330,104,11,mops_api_t05st01,https://mops.twse.com.tw/mops/#/web/t05st01,"{""companyId"": ""2330"", ""firstDay"": """", ""lastDay"": """", ""month"": ""11"", ""year"": ""104""}",6a20ddcfeac6bdf3ca07a444b822c949e0a532b18d0e4703ff5738bd1bd3f21e,raw_cache\2330_104_11_list.json,119dba160c84eda72a09bf4f836009e76372788858a33eb6414ac35bc1fd09c1,cache_hit,,2026-07-30T02:10:44+00:00
2330,104,11,mops_api_t05st01_detail,https://mops.twse.com.tw/mops/#/web/t05st01,"{""companyId"": ""2330"", ""enterDate"": ""1041110"", ""marketKind"": ""sii"", ""serialNumber"": ""6""}",a69869e81dc478bcdd2410811bbb082b25c83631ea236cb92bcf70dc799afa30,raw_cache\2330_104_11_13_detail.json,e84f7cf3eb7de3db8d72fe292cf5c2e5b6ef5dd65ae63e17b039c43b8dc39bb5,cache_hit,,2026-07-30T02:10:44+00:00
2330,104,12,mops_api_t05st01,https://mops.twse.com.tw/mops/#/web/t05st01,"{""companyId"": ""2330"", ""firstDay"": """", ""lastDay"": """", ""month"": ""12"", ""year"": ""104""}",fbc8da8b46a4162938665119094ef6762b8b10704884901329e77090d6e5add6,raw_cache\2330_104_12_list.json,32389263622d3c9b4b355fbc95d0747fab1aa19fe8f55cfba0d0dce82e35d0d9,cache_hit,,2026-07-30T02:10:44+00:00
2337,108,12,mops_api_t05st01,https://mops.twse.com.tw/mops/#/web/t05st01,"{""companyId"": ""2337"", ""firstDay"": """", ""lastDay"": """", ""month"": ""12"", ""year"": ""108""}",676fe77998b98d64be606f46e5fb27f068474fc627cb9a6313dc2410833fc8d4,raw_cache\2337_108_12_list.json,da9cd4860a5f52321772385fd8f7d1001092494e984b6a927774cfd966d92834,cache_hit,,2026-07-30T02:10:44+00:00
2337,109,01,mops_api_t05st01,https://mops.twse.com.tw/mops/#/web/t05st01,"{""companyId"": ""2337"", ""firstDay"": """", ""lastDay"": """", ""month"": ""01"", ""year"": ""109""}",37a134bbd45341b02c7d29d577f5bd2a0c0adad991b523089d98e2bfdf773fd6,raw_cache\2337_109_01_list.json,3054b0e47f1a25278ed5090b018721c6e6a4be1ad709bbfb87dff07a67543dde,cache_hit,,2026-07-30T02:10:44+00:00
2337,109,02,mops_api_t05st01,https://mops.twse.com.tw/mops/#/web/t05st01,"{""companyId"": ""2337"", ""firstDay"": """", ""lastDay"": """", ""month"": ""02"", ""year"": ""109""}",4650c9b71774dc815a3abef3bde87d9815871d8a6a1c6af5de5e1cd25699c4d5,raw_cache\2337_109_02_list.json,441f382486c2786a3524c07fc0335e8f8e0df3cfc60f793db22282583b798b1e,cache_hit,,2026-07-30T02:10:44+00:00
2337,109,02,mops_api_t05st01_detail,https://mops.twse.com.tw/mops/#/web/t05st01,"{""companyId"": ""2337"", ""enterDate"": ""1090217"", ""marketKind"": ""sii"", ""serialNumber"": ""1""}",0fd337a71787cb3e3ae282911f605163bdbb5617f774fa2a56db53c57d27c97c,raw_cache\2337_109_02_1_detail.json,1127096320ffd3cea104057d2babfc113e75b82f0c168dcbc6573e30006235bd,cache_hit,,2026-07-30T02:10:44+00:00
2352,106,09,mops_api_t05st01,https://mops.twse.com.tw/mops/#/web/t05st01,"{""companyId"": ""2352"", ""firstDay"": """", ""lastDay"": """", ""month"": ""09"", ""year"": ""106""}",8e9a5c0f13bb3fc8172204c6c7f719cbd9623336843a917dfb54316a94579ec1,raw_cache\2352_106_09_list.json,464e1a234e6050d85ea7fa590a901dc65699d4903a55632e481e8a5039f72864,cache_hit,,2026-07-30T02:10:44+00:00
2352,106,09,mops_api_t05st01_detail,https://mops.twse.com.tw/mops/#/web/t05st01,"{""companyId"": ""2352"", ""enterDate"": ""1060907"", ""marketKind"": ""sii"", ""serialNumber"": ""1""}",b38a3990407303b338c6a69d00cd64e1054bdd599cf687cd1062961e57a3b88d,raw_cache\2352_106_09_3_detail.json,b71d7d02548ef88b5c7e2c026f1311655914d25a6f655ba87eadaac383fa5367,cache_hit,,2026-07-30T02:10:44+00:00
2352,106,10,mops_api_t05st01,https://mops.twse.com.tw/mops/#/web/t05st01,"{""companyId"": ""2352"", ""firstDay"": """", ""lastDay"": """", ""month"": ""10"", ""year"": ""106""}",6ef847b5900809a78ca8036e7813228dded3fe5d76d885555af29b3131f0443a,raw_cache\2352_106_10_list.json,318900ced91eb13cce26b5befc0e8d51570290dfa27c1164888166b54feb7c54,cache_hit,,2026-07-30T02:10:44+00:00
2352,106,10,mops_api_t05st01_detail,https://mops.twse.com.tw/mops/#/web/t05st01,"{""companyId"": ""2352"", ""enterDate"": ""1061006"", ""marketKind"": ""sii"", ""serialNumber"": ""1""}",44cc1eb99f635e46f1687102cfd77d0c4cc1d2f5791a533c95e2efbdc138120c,raw_cache\2352_106_10_0_detail.json,7cb40a66656269564821a9cb658842b82b1c66a1224588b03df2b6821f68614a,cache_hit,,2026-07-30T02:10:44+00:00
2352,106,11,mops_api_t05st01,https://mops.twse.com.tw/mops/#/web/t05st01,"{""companyId"": ""2352"", ""firstDay"": """", ""lastDay"": """", ""month"": ""11"", ""year"": ""106""}",b17eef8f24249bd2155ac5e86fd215f31ae908713d74e32d12c4dc679ca24214,raw_cache\2352_106_11_list.json,b68b24d514423b5523bf75fc2fd138889e42bf3dfc3172fce783d45c52086cc6,cache_hit,,2026-07-30T02:10:44+00:00
2352,106,11,mops_api_t05st01_detail,https://mops.twse.com.tw/mops/#/web/t05st01,"{""companyId"": ""2352"", ""enterDate"": ""1061101"", ""marketKind"": ""sii"", ""serialNumber"": ""1""}",9e25dafdbd82612dd490d58eb1f9ca1be3ffb1aebd97bac33ed9d0f899292372,raw_cache\2352_106_11_0_detail.json,1cd3959a0bebf472818f25b8d446c812caf22c44f70d9893e7ed88eb391fedf5,cache_hit,,2026-07-30T02:10:44+00:00
2352,106,11,mops_api_t05st01_detail,https://mops.twse.com.tw/mops/#/web/t05st01,"{""companyId"": ""2352"", ""enterDate"": ""1061107"", ""marketKind"": ""sii"", ""serialNumber"": ""3""}",207f9a6bf23b696f1dff96866ae102e122c0e2c10b4090a376dd004f72ff5fe4,raw_cache\2352_106_11_2_detail.json,e6e76bd4ff4b32970618b936c84556a7f4a6b7de590285ea51f63403ddea302e,cache_hit,,2026-07-30T02:10:44+00:00
2352,106,11,mops_api_t05st01_detail,https://mops.twse.com.tw/mops/#/web/t05st01,"{""companyId"": ""2352"", ""enterDate"": ""1061107"", ""marketKind"": ""sii"", ""serialNumber"": ""2""}",b8c2ba6dab44d72687e96ffd0b04f0610c288ba96e92e5d16afab71b83c92913,raw_cache\2352_106_11_4_detail.json,9d11e445e951672fe663096a789119ed78090484df855668d7578095f8a14d7c,cache_hit,,2026-07-30T02:10:44+00:00
2352,106,12,mops_api_t05st01,https://mops.twse.com.tw/mops/#/web/t05st01,"{""companyId"": ""2352"", ""firstDay"": """", ""lastDay"": """", ""month"": ""12"", ""year"": ""106""}",8f2ce04d5af58674fd2a2db4166d11acb68393099b2f7d43dfb4e8ec4fd76c3e,raw_cache\2352_106_12_list.json,0a2a7207e2f27aebe9c5b72e19a22a107a1c29a9906f76ca527a341578054c25,cache_hit,,2026-07-30T02:10:44+00:00
2352,106,12,mops_api_t05st01_detail,https://mops.twse.com.tw/mops/#/web/t05st01,"{""companyId"": ""2352"", ""enterDate"": ""1061207"", ""marketKind"": ""sii"", ""serialNumber"": ""1""}",676fd8ade4c064c79000e4cf46b250befc8d9a0f871513c389bd90c7ab4e7a7d,raw_cache\2352_106_12_0_detail.json,2f775e9bdabd00d28a31b93655488731f2237c253245c8dfc0fc219e79462f89,cache_hit,,2026-07-30T02:10:44+00:00
2360,107,07,mops_api_t05st01,https://mops.twse.com.tw/mops/#/web/t05st01,"{""companyId"": ""2360"", ""firstDay"": """", ""lastDay"": """", ""month"": ""07"", ""year"": ""107""}",5ef9687135aa38014178fb82f9c7cd11ffe7207128d8a4fb26268dbea793b1b7,raw_cache\2360_107_07_list.json,cbc25b61c2da4a5040f908c5f82c5ff0c4379a3b829921c6a51c645c23a02325,cache_hit,,2026-07-30T02:10:44+00:00
2360,107,07,mops_api_t05st01_detail,https://mops.twse.com.tw/mops/#/web/t05st01,"{""companyId"": ""2360"", ""enterDate"": ""1070731"", ""marketKind"": ""sii"", ""serialNumber"": ""1""}",ce249c32dfff7e9f601abc13bb32b0e9050977d756907b5cb6ac018f2ddd756d,raw_cache\2360_107_07_1_detail.json,9aaee723b84c79fead7cd3fe0b5bd9cf4eb79495479c423f68d0cdee89e6b9b5,cache_hit,,2026-07-30T02:10:44+00:00
2360,107,08,mops_api_t05st01,https://mops.twse.com.tw/mops/#/web/t05st01,"{""companyId"": ""2360"", ""firstDay"": """", ""lastDay"": """", ""month"": ""08"", ""year"": ""107""}",6fc82c6ad2c10d179ce805568544343fa8daf1f2f72f05da0dd9c0b5e5a6c51d,raw_cache\2360_107_08_list.json,44c3ef01aee9693f378c2f1ead5ee5cd172bcfe1551f37c38f673502c21170f1,cache_hit,,2026-07-30T02:10:44+00:00
2360,107,09,mops_api_t05st01,https://mops.twse.com.tw/mops/#/web/t05st01,"{""companyId"": ""2360"", ""firstDay"": """", ""lastDay"": """", ""month"": ""09"", ""year"": ""107""}",28a2e646bd4a5b7df92ea8fcb5c680ac115bb392e6c614c4235a3c4440065531,raw_cache\2360_107_09_list.json,c81a3bec3117a608dcb8f5bfd45942b5676d459ddb5fa4a91a0259cf087cba87,cache_hit,,2026-07-30T02:10:44+00:00
2360,107,09,mops_api_t05st01_detail,https://mops.twse.com.tw/mops/#/web/t05st01,"{""companyId"": ""2360"", ""enterDate"": ""1070910"", ""marketKind"": ""sii"", ""serialNumber"": ""1""}",badc8bf0a4fc0e5d00c95d3840dbb21909fa8fad873da0dbe9e1630087974542,raw_cache\2360_107_09_1_detail.json,ccb2e748c06d86115badb99230b1ba4be1a4e9eef2ce5206df998209b3fa0434,cache_hit,,2026-07-30T02:10:44+00:00
2368,111,01,mops_api_t05st01,https://mops.twse.com.tw/mops/#/web/t05st01,"{""companyId"": ""2368"", ""firstDay"": """", ""lastDay"": """", ""month"": ""01"", ""year"": ""111""}",1b912cfe56fc302c601ef12d0cd7273415a075bdb32fc8becc50de412d879eec,raw_cache\2368_111_01_list.json,1d6b39476f6464811e9151681c1f5f54947376dbf48fb59b3fb944afb7ae6d84,cache_hit,,2026-07-30T02:10:44+00:00
2368,111,02,mops_api_t05st01,https://mops.twse.com.tw/mops/#/web/t05st01,"{""companyId"": ""2368"", ""firstDay"": """", ""lastDay"": """", ""month"": ""02"", ""year"": ""111""}",976518bc039224aa1658ede8a3b4514b9ccf3e7e2ac3dedd38e5e23c054133c7,raw_cache\2368_111_02_list.json,34d8940c2f1180e01cb28968b665813b6877207f32056111b991687db8ab4559,cache_hit,,2026-07-30T02:10:44+00:00
2368,111,03,mops_api_t05st01,https://mops.twse.com.tw/mops/#/web/t05st01,"{""companyId"": ""2368"", ""firstDay"": """", ""lastDay"": """", ""month"": ""03"", ""year"": ""111""}",60251a0c30ec23aa9ce75c808b7a16a7350d150442197204fa5162b5b8edb892,raw_cache\2368_111_03_list.json,54df2a3b5778747d9eb9b39b0c3069967207f19b2aaf272d16e7f4b8c3a5e6bf,cache_hit,,2026-07-30T02:10:44+00:00
2368,111,03,mops_api_t05st01_detail,https://mops.twse.com.tw/mops/#/web/t05st01,"{""companyId"": ""2368"", ""enterDate"": ""1110321"", ""marketKind"": ""sii"", ""serialNumber"": ""2""}",a8d79cdba3d86b5abaeece97151f9e27fe57a7cce89f4a034142a9315f5687c8,raw_cache\2368_111_03_2_detail.json,2fa56348d2fed676ce956f354a628a2dcf0c51a5daad52b807cc6543ee721122,cache_hit,,2026-07-30T02:10:44+00:00
2368,111,03,mops_api_t05st01_detail,https://mops.twse.com.tw/mops/#/web/t05st01,"{""companyId"": ""2368"", ""enterDate"": ""1110321"", ""marketKind"": ""sii"", ""serialNumber"": ""6""}",699215e9c7227d45638db1cfa3400700558a272fdedc6c2a7e09189346740ede,raw_cache\2368_111_03_3_detail.json,0c2a1579117a633fa73414a75ba68b53c4344fc2408831bd3ee86a7176869648,cache_hit,,2026-07-30T02:10:44+00:00
2368,111,03,mops_api_t05st01_detail,https://mops.twse.com.tw/mops/#/web/t05st01,"{""companyId"": ""2368"", ""enterDate"": ""1110321"", ""marketKind"": ""sii"", ""serialNumber"": ""3""}",a6408cbe75f0b9bf0ccd313f897eabd170986e3c715110b5e1a1281365d17c6c,raw_cache\2368_111_03_4_detail.json,942d8c0aa917764450ebd9ce6482bf457e74e57064c38b0245494eadd799ad20,cache_hit,,2026-07-30T02:10:44+00:00
2368,111,03,mops_api_t05st01_detail,https://mops.twse.com.tw/mops/#/web/t05st01,"{""companyId"": ""2368"", ""enterDate"": ""1110321"", ""marketKind"": ""sii"", ""serialNumber"": ""4""}",dd2d7556e71c68cc221e48adfe608b6b55c7642713c1ca21553967668494d312,raw_cache\2368_111_03_6_detail.json,f70eac5a5cb2d726eec7059b4aa77662875d63655456f31ec77f26028521cb9a,cache_hit,,2026-07-30T02:10:44+00:00
2379,105,04,mops_api_t05st01,https://mops.twse.com.tw/mops/#/web/t05st01,"{""companyId"": ""2379"", ""firstDay"": """", ""lastDay"": """", ""month"": ""04"", ""year"": ""105""}",8aaa68ba98f7873d6a56ff2f0c8e634e9eb5ac0b84820aa26cd61900c7b78382,raw_cache\2379_105_04_list.json,620e594deb915ae39a9f960e6df092ece38bb5769e9a4a9a7730cc41115ac923,cache_hit,,2026-07-30T02:10:44+00:00
2379,105,04,mops_api_t05st01_detail,https://mops.twse.com.tw/mops/#/web/t05st01,"{""companyId"": ""2379"", ""enterDate"": ""1050425"", ""marketKind"": ""sii"", ""serialNumber"": ""2""}",7602fc08c0b9c57343d62b99c59c012b922c2ec5c55406fe4ce26f2fa65afdeb,raw_cache\2379_105_04_2_detail.json,dd09309ad610b46825f2f0431f8f409a7c2272d2df9f9a5d71969adcd77f75d3,cache_hit,,2026-07-30T02:10:44+00:00
2379,105,05,mops_api_t05st01,https://mops.twse.com.tw/mops/#/web/t05st01,"{""companyId"": ""2379"", ""firstDay"": """", ""lastDay"": """", ""month"": ""05"", ""year"": ""105""}",fcca63fe31709ec93c4b88cb3df02754a146fa23c50e8f3080f8cb46f77a98df,raw_cache\2379_105_05_list.json,75e76e1255ebb2e99d2887b824e48cacb1b247a3b97106a534a8d4e99cdb660c,cache_hit,,2026-07-30T02:10:44+00:00
2379,105,06,mops_api_t05st01,https://mops.twse.com.tw/mops/#/web/t05st01,"{""companyId"": ""2379"", ""firstDay"": """", ""lastDay"": """", ""month"": ""06"", ""year"": ""105""}",f5adb3c7777da28544867d58f47b0de0350843417a8a4105f48b9acbcc97cbcb,raw_cache\2379_105_06_list.json,eaa944d35b98324ee82b4b830a03581e7daafb5e35cc91dd5372703832865e05,cache_hit,,2026-07-30T02:10:44+00:00
2379,105,07,mops_api_t05st01,https://mops.twse.com.tw/mops/#/web/t05st01,"{""companyId"": ""2379"", ""firstDay"": """", ""lastDay"": """", ""month"": ""07"", ""year"": ""105""}",a3af68effc096042c9bfece885011828e021e963f7ddfd7337df8e7d650eae29,raw_cache\2379_105_07_list.json,5c68fa7c91a3b61ea2094ced97d6b98be512402cc07bd542a43bef9825ebb02e,cache_hit,,2026-07-30T02:10:44+00:00
2379,105,07,mops_api_t05st01_detail,https://mops.twse.com.tw/mops/#/web/t05st01,"{""companyId"": ""2379"", ""enterDate"": ""1050729"", ""marketKind"": ""sii"", ""serialNumber"": ""1""}",e5eba4e2ea8d5220a6dc879a1aa3a41cee5c3b6b83a99fc41bc36ba7a7ae86e8,raw_cache\2379_105_07_2_detail.json,6194681f14b768bc00ef9fafb2405fff05116e2fc240d3a25852ecae0edb0c81,cache_hit,,2026-07-30T02:10:44+00:00
2379,105,08,mops_api_t05st01,https://mops.twse.com.tw/mops/#/web/t05st01,"{""companyId"": ""2379"", ""firstDay"": """", ""lastDay"": """", ""month"": ""08"", ""year"": ""105""}",320d3d18b00831782ff56fdf79ff6911656a6d0a79e11836f6573bef44c87110,raw_cache\2379_105_08_list.json,c8205a5278860664071bb7ad15e2cba624cd4b8168760ef30abd951313c5b847,cache_hit,,2026-07-30T02:10:44+00:00
2379,105,09,mops_api_t05st01,https://mops.twse.com.tw/mops/#/web/t05st01,"{""companyId"": ""2379"", ""firstDay"": """", ""lastDay"": """", ""month"": ""09"", ""year"": ""105""}",a4375e69a451468ea99048d7f6c7cb3db0b8943112d539108643afd279b31fd5,raw_cache\2379_105_09_list.json,d247134ef54bb070201726203959e9fd8d94a4f647a849cc7568986fe7e1f97b,cache_hit,,2026-07-30T02:10:44+00:00
2379,110,05,mops_api_t05st01,https://mops.twse.com.tw/mops/#/web/t05st01,"{""companyId"": ""2379"", ""firstDay"": """", ""lastDay"": """", ""month"": ""05"", ""year"": ""110""}",96bb302f71166e8083c3d9c1f16ed3b743bf6ecb32e6ec7c61359584b90ce3c2,raw_cache\2379_110_05_list.json,371454d1fd86182d63b0728ec10835c411069ddcc9de0cafaed00d688d18900f,cache_hit,,2026-07-30T02:10:44+00:00
2379,110,06,mops_api_t05st01,https://mops.twse.com.tw/mops/#/web/t05st01,"{""companyId"": ""2379"", ""firstDay"": """", ""lastDay"": """", ""month"": ""06"", ""year"": ""110""}",4b91f5f57c1ada848396faf12d86076ac0ffc4a4d5ad4e6aea3c05de043d23dc,raw_cache\2379_110_06_list.json,694c736b6cbf3d3a6d390b044c6556606fbab6620a533200f62e17b5313640e4,cache_hit,,2026-07-30T02:10:44+00:00
2379,110,07,mops_api_t05st01,https://mops.twse.com.tw/mops/#/web/t05st01,"{""companyId"": ""2379"", ""firstDay"": """", ""lastDay"": """", ""month"": ""07"", ""year"": ""110""}",e517a0ca4700c32a2678642a533761ebdde3208627b22ee9f9439d9895d34763,raw_cache\2379_110_07_list.json,ae5c7c98f48dbb0eb46f29cfd390abdf704777696e634b58545ceee12fdf1b05,cache_hit,,2026-07-30T02:10:44+00:00
2379,110,07,mops_api_t05st01_detail,https://mops.twse.com.tw/mops/#/web/t05st01,"{""companyId"": ""2379"", ""enterDate"": ""1100722"", ""marketKind"": ""sii"", ""serialNumber"": ""1""}",1270ab5144141df215eeedb634eb4ff9e7e3df0d9947a8d48c2c52a97c66df88,raw_cache\2379_110_07_1_detail.json,faf28d886414eb05e3038ef5bfbfaf088ab09cf1ee74663762800076ccbb64aa,cache_hit,,2026-07-30T02:10:44+00:00
2379,110,08,mops_api_t05st01,https://mops.twse.com.tw/mops/#/web/t05st01,"{""companyId"": ""2379"", ""firstDay"": """", ""lastDay"": """", ""month"": ""08"", ""year"": ""110""}",211a07f2cc54fad1c86132e95c97d01d58d7d970dc9b8437d22d766a148d213c,raw_cache\2379_110_08_list.json,935fc491c0024ff2207c9b2e154b4961a011c9c6fd76df65033697f0bc5ba481,cache_hit,,2026-07-30T02:10:44+00:00
2379,110,08,mops_api_t05st01_detail,https://mops.twse.com.tw/mops/#/web/t05st01,"{""companyId"": ""2379"", ""enterDate"": ""1100819"", ""marketKind"": ""sii"", ""serialNumber"": ""1""}",46e2f7142416dd9b33bfb6db5287731b2311f10f385eeb37459a9026e39d26e0,raw_cache\2379_110_08_7_detail.json,a27adf6a50dd2e5cae8027ff64dc897288be0270e2e2e60a643e9b494740136b,cache_hit,,2026-07-30T02:10:44+00:00
2379,111,03,mops_api_t05st01,https://mops.twse.com.tw/mops/#/web/t05st01,"{""companyId"": ""2379"", ""firstDay"": """", ""lastDay"": """", ""month"": ""03"", ""year"": ""111""}",4fcdeda857bcde001488158b27b804073c45586195c77e622cd2773bdf3ab497,raw_cache\2379_111_03_list.json,30ee3e60f0929211f49ed09249dec469068f22c8b1d751de2a3f6e1ad5cc0b9c,cache_hit,,2026-07-30T02:10:44+00:00
2379,111,03,mops_api_t05st01_detail,https://mops.twse.com.tw/mops/#/web/t05st01,"{""companyId"": ""2379"", ""enterDate"": ""1110316"", ""marketKind"": ""sii"", ""serialNumber"": ""2""}",9bed5c5cb669767caab3fbfd43f8de61dae31418565de71066632915622eb927,raw_cache\2379_111_03_1_detail.json,c14251a97ef2622f0b6bad66ecb907968692d936aed4613967b2f1aacd83eaca,cache_hit,,2026-07-30T02:10:44+00:00
2379,111,04,mops_api_t05st01,https://mops.twse.com.tw/mops/#/web/t05st01,"{""companyId"": ""2379"", ""firstDay"": """", ""lastDay"": """", ""month"": ""04"", ""year"": ""111""}",17524342ed160b9029cb4f5770d232133b7395c38cb79e884675c34f06d67dd7,raw_cache\2379_111_04_list.json,70c8a65a5a21aad473c4ab3d6058565aff8f1c27b9daffd2503cff09e6451669,cache_hit,,2026-07-30T02:10:44+00:00
2379,111,04,mops_api_t05st01_detail,https://mops.twse.com.tw/mops/#/web/t05st01,"{""companyId"": ""2379"", ""enterDate"": ""1110421"", ""marketKind"": ""sii"", ""serialNumber"": ""1""}",80d6c92668f5febc140730904b8771223caec91b1d244680c7d36e5ba7cdfb39,raw_cache\2379_111_04_2_detail.json,6dee7251a705a43c38c0d0d29d3ea1ee6ee710cb16940f2582efb0cafc01ccb0,cache_hit,,2026-07-30T02:10:44+00:00
2379,111,04,mops_api_t05st01_detail,https://mops.twse.com.tw/mops/#/web/t05st01,"{""companyId"": ""2379"", ""enterDate"": ""1110422"", ""marketKind"": ""sii"", ""serialNumber"": ""4""}",a9417984f8e538dd240c61d30b842443308dcaa490c626071390c7a1f791b61d,raw_cache\2379_111_04_3_detail.json,c65a223fdab27a33e1b9f539cd97160b22ab6348c9cec5757337a8b79a6e4697,cache_hit,,2026-07-30T02:10:44+00:00
2379,111,05,mops_api_t05st01,https://mops.twse.com.tw/mops/#/web/t05st01,"{""companyId"": ""2379"", ""firstDay"": """", ""lastDay"": """", ""month"": ""05"", ""year"": ""111""}",ca942de1bd4075203077c3ac17e1cbb812fabf3a9f022c55ca0ef10fcf669c60,raw_cache\2379_111_05_list.json,761039447e57effe39ecbb5e77bfc4f3ca7a2252a204faca73121d711b284265,cache_hit,,2026-07-30T02:10:44+00:00
2379,111,06,mops_api_t05st01,https://mops.twse.com.tw/mops/#/web/t05st01,"{""companyId"": ""2379"", ""firstDay"": """", ""lastDay"": """", ""month"": ""06"", ""year"": ""111""}",be0e270f2fc92c0308883bed29c2bf22fb2b8982dce914f862fe65cc20e6040f,raw_cache\2379_111_06_list.json,fced9b0be1bb30ec29299b42ce283ef206d6e439401626f03b9f4641e1710513,cache_hit,,2026-07-30T02:10:44+00:00
2379,113,01,mops_api_t05st01,https://mops.twse.com.tw/mops/#/web/t05st01,"{""companyId"": ""2379"", ""firstDay"": """", ""lastDay"": """", ""month"": ""01"", ""year"": ""113""}",0fab5c4aec97159908743fa78a736d081066f27dfe1e271c22f735d70edfabef,raw_cache\2379_113_01_list.json,5ede5e629d466dead97a875f36ffd06734898d8abc616c2c568ce3954cb2035c,cache_hit,,2026-07-30T02:10:44+00:00
2379,113,02,mops_api_t05st01,https://mops.twse.com.tw/mops/#/web/t05st01,"{""companyId"": ""2379"", ""firstDay"": """", ""lastDay"": """", ""month"": ""02"", ""year"": ""113""}",759a46878e052f2e4c3bce18180127dd3955eaceef009fe94b4e054d157f0a4e,raw_cache\2379_113_02_list.json,4b89feecf59946af34b17ebea9082135786d79bd8c1be35961cf4e71dfba2b0e,cache_hit,,2026-07-30T02:10:44+00:00
2379,113,02,mops_api_t05st01_detail,https://mops.twse.com.tw/mops/#/web/t05st01,"{""companyId"": ""2379"", ""enterDate"": ""1130223"", ""marketKind"": ""sii"", ""serialNumber"": ""1""}",00ccbb60a23aead80e4755389476166f82fcbe317845b5719344d0c965b4d70a,raw_cache\2379_113_02_1_detail.json,c9a7c0ca2cd80783094c3db7d34a0a2ecbd51e25ed0d61b9ef40d32dc1809889,cache_hit,,2026-07-30T02:10:44+00:00
2379,113,03,mops_api_t05st01,https://mops.twse.com.tw/mops/#/web/t05st01,"{""companyId"": ""2379"", ""firstDay"": """", ""lastDay"": """", ""month"": ""03"", ""year"": ""113""}",c8a5fe81c8acd40dce4611f8af407ec88e0674d9ed2d11ce2fa9e66dba6a5a6e,raw_cache\2379_113_03_list.json,a351c0729c81cbce968a4d350b60803176efea1049a8a1bf6d0dc868f6072637,cache_hit,,2026-07-30T02:10:44+00:00
2382,106,05,mops_api_t05st01,https://mops.twse.com.tw/mops/#/web/t05st01,"{""companyId"": ""2382"", ""firstDay"": """", ""lastDay"": """", ""month"": ""05"", ""year"": ""106""}",b091184993dd943784531fb7adf498a0879a98947d50960379ce0d45a996ca44,raw_cache\2382_106_05_list.json,cb9724759856d57ddf1564003c9c7e5d5c3fc9c1dc6a4f4533cba31026473527,cache_hit,,2026-07-30T02:10:44+00:00
2382,106,06,mops_api_t05st01,https://mops.twse.com.tw/mops/#/web/t05st01,"{""companyId"": ""2382"", ""firstDay"": """", ""lastDay"": """", ""month"": ""06"", ""year"": ""106""}",370bdec2a24a612fa0e8dad858a232cb63e4aee910a49d357cbcac753bbd3092,raw_cache\2382_106_06_list.json,75d536e4d6beae2b3c359c4ba66705651c486051b1d531b952219de5cc5e9656,cache_hit,,2026-07-30T02:10:44+00:00
2382,106,07,mops_api_t05st01,https://mops.twse.com.tw/mops/#/web/t05st01,"{""companyId"": ""2382"", ""firstDay"": """", ""lastDay"": """", ""month"": ""07"", ""year"": ""106""}",4aae79004b2a9d5b8bdf991bbe4b4b368983ff49b4aeb662fe5958c4779f4eee,raw_cache\2382_106_07_list.json,bdcd6681954ec70cfcd0d5c4e943d8eeddb6eda0483a0733b077219237be8ded,cache_hit,,2026-07-30T02:10:44+00:00
2382,106,07,mops_api_t05st01_detail,https://mops.twse.com.tw/mops/#/web/t05st01,"{""companyId"": ""2382"", ""enterDate"": ""1060712"", ""marketKind"": ""sii"", ""serialNumber"": ""3""}",5b0fa5dd693c6d78a4d24e4208ee2e13caa0d96ac0d9fa5a85b3b3fa54964b1d,raw_cache\2382_106_07_2_detail.json,b732f02bbcdb406dd06535cfc9177e5847e2a9846aa3cef102b7723b954d5f4b,cache_hit,,2026-07-30T02:10:44+00:00
2382,106,08,mops_api_t05st01,https://mops.twse.com.tw/mops/#/web/t05st01,"{""companyId"": ""2382"", ""firstDay"": """", ""lastDay"": """", ""month"": ""08"", ""year"": ""106""}",719c74031ba337b73d1fee6496a0eb5151a279234cc500cee11b2aaa6ebe83c6,raw_cache\2382_106_08_list.json,1c88e312606c8bf1eaea5bbe134263112707c57bd735316f24e342c65b826385,cache_hit,,2026-07-30T02:10:44+00:00
2382,108,09,mops_api_t05st01,https://mops.twse.com.tw/mops/#/web/t05st01,"{""companyId"": ""2382"", ""firstDay"": """", ""lastDay"": """", ""month"": ""09"", ""year"": ""108""}",986d5ccfea9d2c85667fed825916e7e17d67c41f68ba70a1a2d498cf72e5fd35,raw_cache\2382_108_09_list.json,8af75e72fd96cecb0646b951e8b3a6a4ddd85e9e5ea4d14c79bfd4ade84d7e71,cache_hit,,2026-07-30T02:10:44+00:00
2382,108,10,mops_api_t05st01,https://mops.twse.com.tw/mops/#/web/t05st01,"{""companyId"": ""2382"", ""firstDay"": """", ""lastDay"": """", ""month"": ""10"", ""year"": ""108""}",aeabcae9eca1aaf8491725b6b97f0967b7eb765deb8cd89c0c50c1f8f002bbd6,raw_cache\2382_108_10_list.json,091786e67426fc325f8b7607f55dd9898cb679359ddd1c8c754247280a05811c,cache_hit,,2026-07-30T02:10:44+00:00
2382,108,11,mops_api_t05st01,https://mops.twse.com.tw/mops/#/web/t05st01,"{""companyId"": ""2382"", ""firstDay"": """", ""lastDay"": """", ""month"": ""11"", ""year"": ""108""}",e341d01b83bc0cbf0af7570561ab3c9e14293d690d52c68e18a5f5689e8594df,raw_cache\2382_108_11_list.json,db4c1f1f16a4981a338800f055d565e0beb50b52722e8347d948cc355e39be19,cache_hit,,2026-07-30T02:10:44+00:00
2382,109,01,mops_api_t05st01,https://mops.twse.com.tw/mops/#/web/t05st01,"{""companyId"": ""2382"", ""firstDay"": """", ""lastDay"": """", ""month"": ""01"", ""year"": ""109""}",4aaac450feca67bffb3074e753a4a39c2b80f6fb75877a90ddf0bb2f23e5fd45,raw_cache\2382_109_01_list.json,757ebf38955d0a3abb0b643dccab27d4fc06b72e6ffdaba715523696ef670740,cache_hit,,2026-07-30T02:10:44+00:00
2382,109,02,mops_api_t05st01,https://mops.twse.com.tw/mops/#/web/t05st01,"{""companyId"": ""2382"", ""firstDay"": """", ""lastDay"": """", ""month"": ""02"", ""year"": ""109""}",37a16b1b4dcecebfebbadfc67c18e1d8e4bed364b236b76156b52cdfa663d9b4,raw_cache\2382_109_02_list.json,99ad591345dc409d55b52f4b3743946c81514a3e37d78eba6aa2bbb3d35ca68a,cache_hit,,2026-07-30T02:10:44+00:00
2382,109,03,mops_api_t05st01,https://mops.twse.com.tw/mops/#/web/t05st01,"{""companyId"": ""2382"", ""firstDay"": """", ""lastDay"": """", ""month"": ""03"", ""year"": ""109""}",ae13eb9d4ff8fccb283a6e5b40dfcdcda435bcae16d733db75d9c41c093c2686,raw_cache\2382_109_03_list.json,4370194750f96b4a900020baa7fd4cc8663aa99d10aeb134a0903f82781ba0fd,cache_hit,,2026-07-30T02:10:44+00:00
2382,109,04,mops_api_t05st01,https://mops.twse.com.tw/mops/#/web/t05st01,"{""companyId"": ""2382"", ""firstDay"": """", ""lastDay"": """", ""month"": ""04"", ""year"": ""109""}",a2d7d3f984df4834702de8de66539704123f88a6be7d3c380c49c3adc2fc4f1d,raw_cache\2382_109_04_list.json,7484b5980f1b7af79fb7c27fe749dfae2d2b417307866619a1ebe4adeea36668,cache_hit,,2026-07-30T02:10:44+00:00
2382,109,05,mops_api_t05st01,https://mops.twse.com.tw/mops/#/web/t05st01,"{""companyId"": ""2382"", ""firstDay"": """", ""lastDay"": """", ""month"": ""05"", ""year"": ""109""}",6ab7d888a631ba5d270befdefc6bfba28ad20b26096146b3d0de55b445996661,raw_cache\2382_109_05_list.json,542cd00487ed35d1734887e63c730843a497d77dfdf97000e4b778d68a3d5356,cache_hit,,2026-07-30T02:10:44+00:00
2382,109,06,mops_api_t05st01,https://mops.twse.com.tw/mops/#/web/t05st01,"{""companyId"": ""2382"", ""firstDay"": """", ""lastDay"": """", ""month"": ""06"", ""year"": ""109""}",6f4c8030bdc96736ef77c2fd6e659e2ed4358469554d7cf274c0201ef83cede0,raw_cache\2382_109_06_list.json,1fa89466948f98b35479231d97bd7b5831fa5783f851e16a635cd516abae8b8b,cache_hit,,2026-07-30T02:10:44+00:00
2382,110,11,mops_api_t05st01,https://mops.twse.com.tw/mops/#/web/t05st01,"{""companyId"": ""2382"", ""firstDay"": """", ""lastDay"": """", ""month"": ""11"", ""year"": ""110""}",249f5f6443127c7ca00be6a9a4cc810aeac15bbacf8498dfdd303dd51a2fbedd,raw_cache\2382_110_11_list.json,1c0711ff74d5a8c36a5c560b0b4c5d70069359838b835b605b39c57f8f1c9930,cache_hit,,2026-07-30T02:10:44+00:00
2382,110,12,mops_api_t05st01,https://mops.twse.com.tw/mops/#/web/t05st01,"{""companyId"": ""2382"", ""firstDay"": """", ""lastDay"": """", ""month"": ""12"", ""year"": ""110""}",7986af68c78ae38336679abbd08c1b753edd22730df8ff632cd186791614b8b4,raw_cache\2382_110_12_list.json,ed0a2f093d7860a5557a217bb92dbbabc54535b1aa84a40d4213a06af0e1261d,cache_hit,,2026-07-30T02:10:44+00:00
2382,111,01,mops_api_t05st01,https://mops.twse.com.tw/mops/#/web/t05st01,"{""companyId"": ""2382"", ""firstDay"": """", ""lastDay"": """", ""month"": ""01"", ""year"": ""111""}",cdbb0f6c0b1bca427a12e176a3bb514762b730f567f349f6d735ff55f176bd2c,raw_cache\2382_111_01_list.json,d0ef8d2d0d075cd0a9ba7f41c4729e602740615d17c9e9ad16743c4703a62ac5,cache_hit,,2026-07-30T02:10:44+00:00
2382,111,02,mops_api_t05st01,https://mops.twse.com.tw/mops/#/web/t05st01,"{""companyId"": ""2382"", ""firstDay"": """", ""lastDay"": """", ""month"": ""02"", ""year"": ""111""}",77099092ad66a6d4768037ad47cf879554dba8e85ab3e843b14a7814377b276c,raw_cache\2382_111_02_list.json,e09d5bb93e521768ddeb4cdb73cc3f7e7bdb8bf2a7f38bc59a75f4f4955de145,cache_hit,,2026-07-30T02:10:44+00:00
2382,111,07,mops_api_t05st01,https://mops.twse.com.tw/mops/#/web/t05st01,"{""companyId"": ""2382"", ""firstDay"": """", ""lastDay"": """", ""month"": ""07"", ""year"": ""111""}",b1d8f4240e6d5dc6ffb1cfba758b8990480a62002344936490e2b6dc63143793,raw_cache\2382_111_07_list.json,80274c076384065f6e58bfaf869512c8c41ed546bfe84d154a6bbc09addc82ef,cache_hit,,2026-07-30T02:10:44+00:00
2382,111,07,mops_api_t05st01_detail,https://mops.twse.com.tw/mops/#/web/t05st01,"{""companyId"": ""2382"", ""enterDate"": ""1110707"", ""marketKind"": ""sii"", ""serialNumber"": ""1""}",25fba0ef8fb11576f0d69415ac4fd65f492fbf563d413492c3c28d08cbc0cefb,raw_cache\2382_111_07_1_detail.json,c57deb85627ec98ef24fa3d4b4b3dd1ee9227c36243d000797eae33dd9aabf23,cache_hit,,2026-07-30T02:10:44+00:00
2382,111,08,mops_api_t05st01,https://mops.twse.com.tw/mops/#/web/t05st01,"{""companyId"": ""2382"", ""firstDay"": """", ""lastDay"": """", ""month"": ""08"", ""year"": ""111""}",8b34fefb55064ea6e8e46a4233f64aff03327d5eb68d6ca2b8120d6b9c2dceef,raw_cache\2382_111_08_list.json,1b49d14a4723cb789c66c1384fe54bdf88fc83e4a68a2b24186f316588b0be69,cache_hit,,2026-07-30T02:10:44+00:00
2382,111,09,mops_api_t05st01,https://mops.twse.com.tw/mops/#/web/t05st01,"{""companyId"": ""2382"", ""firstDay"": """", ""lastDay"": """", ""month"": ""09"", ""year"": ""111""}",3012f3262d67fe242f94eb01027c76f0a06649960a231edc055623cee16eede5,raw_cache\2382_111_09_list.json,5c27ddf1fb22dd29bbd94b31ed86f22928d1bb94797cbd2d1fee98776cccda6c,cache_hit,,2026-07-30T02:10:44+00:00
2382,112,03,mops_api_t05st01,https://mops.twse.com.tw/mops/#/web/t05st01,"{""companyId"": ""2382"", ""firstDay"": """", ""lastDay"": """", ""month"": ""03"", ""year"": ""112""}",fa11932767df3d06fd69f12eba36898b45f92a3b52df3dedfbc5dfb2bd39df85,raw_cache\2382_112_03_list.json,e15cfb498ce81e059477dff04b0b6c3f19f7171e2975ccd99e2e0db2a3ede484,cache_hit,,2026-07-30T02:10:44+00:00
2382,112,03,mops_api_t05st01_detail,https://mops.twse.com.tw/mops/#/web/t05st01,"{""companyId"": ""2382"", ""enterDate"": ""1120325"", ""marketKind"": ""sii"", ""serialNumber"": ""1""}",852aff6719ad803fc1a85e2a2cd2db0c51ab2abd6ea72a074e006480a6e53a75,raw_cache\2382_112_03_8_detail.json,d10ae0e514048596ee10a1c717f8974c4303150cd80196e5406baef404708fbf,cache_hit,,2026-07-30T02:10:44+00:00
2382,112,04,mops_api_t05st01,https://mops.twse.com.tw/mops/#/web/t05st01,"{""companyId"": ""2382"", ""firstDay"": """", ""lastDay"": """", ""month"": ""04"", ""year"": ""112""}",c991b6a67a1b87a860eea89acc81e57da3bd9830bf46733696c39640eb4ad8da,raw_cache\2382_112_04_list.json,1b6d4368d36857e6cc2a6836c14dcc29862c160472ba9693141099b4e886f774,cache_hit,,2026-07-30T02:10:44+00:00
2382,112,05,mops_api_t05st01,https://mops.twse.com.tw/mops/#/web/t05st01,"{""companyId"": ""2382"", ""firstDay"": """", ""lastDay"": """", ""month"": ""05"", ""year"": ""112""}",9499c98097b3372c639b8ad3fc245088c3e581c0aecb6648b91cc7e87ad63515,raw_cache\2382_112_05_list.json,341a7a80f1c5e728e17bc97aff9acea3231dd388c9ee354d4c0f1e494b54cafe,cache_hit,,2026-07-30T02:10:44+00:00
2382,112,06,mops_api_t05st01,https://mops.twse.com.tw/mops/#/web/t05st01,"{""companyId"": ""2382"", ""firstDay"": """", ""lastDay"": """", ""month"": ""06"", ""year"": ""112""}",a889a3668a818f8203f61dce3b4858fd0e1d6f5e28c47702a40939d7b2856ce6,raw_cache\2382_112_06_list.json,cf2b4e16d5eb29c607a542c858a40f9515341b667ccea0bde09f6d3e36737dbf,cache_hit,,2026-07-30T02:10:44+00:00
2382,112,07,mops_api_t05st01,https://mops.twse.com.tw/mops/#/web/t05st01,"{""companyId"": ""2382"", ""firstDay"": """", ""lastDay"": """", ""month"": ""07"", ""year"": ""112""}",fc9423fe6a658b67c22d6c32ce0710de44af66d944ee97328988a163169e4012,raw_cache\2382_112_07_list.json,8ef8c392ff32090621d6fdedccc7c581784c531d848b78618a34d2ad866a64d9,cache_hit,,2026-07-30T02:10:44+00:00
2382,112,08,mops_api_t05st01,https://mops.twse.com.tw/mops/#/web/t05st01,"{""companyId"": ""2382"", ""firstDay"": """", ""lastDay"": """", ""month"": ""08"", ""year"": ""112""}",272116eac41daffb9c6ac5855de3b0345a2380cd44b65edc0e3630e71d07e227,raw_cache\2382_112_08_list.json,d3a19e1120be420bb3b0463d26ffec6956c1589b1518799e498d32bf37b3ce20,cache_hit,,2026-07-30T02:10:44+00:00
2385,114,02,mops_api_t05st01,https://mops.twse.com.tw/mops/#/web/t05st01,"{""companyId"": ""2385"", ""firstDay"": """", ""lastDay"": """", ""month"": ""02"", ""year"": ""114""}",93a56918078a04fddffd8973c95613c064614db4ba9d9cf62aefe225beecdc3b,raw_cache\2385_114_02_list.json,64deab841df4071b73b03efd4e355a4566d28c24af7287df7f5c7691471369ad,cache_hit,,2026-07-30T02:10:44+00:00
2385,114,03,mops_api_t05st01,https://mops.twse.com.tw/mops/#/web/t05st01,"{""companyId"": ""2385"", ""firstDay"": """", ""lastDay"": """", ""month"": ""03"", ""year"": ""114""}",ec3dbd98356ee9233c1b7380f9dd0ee3f5dcbd71aea6043fd285edad0799c86e,raw_cache\2385_114_03_list.json,f10f3eba408a9e0d7f349746bdda5b796e65310afb864618aad6a51186dcd90a,cache_hit,,2026-07-30T02:10:44+00:00
2385,114,03,mops_api_t05st01_detail,https://mops.twse.com.tw/mops/#/web/t05st01,"{""companyId"": ""2385"", ""enterDate"": ""1140305"", ""marketKind"": ""sii"", ""serialNumber"": ""1""}",0705dc9530a7a2b298bb09c030e6599475688f0b6c616462410f0488f3ff2428,raw_cache\2385_114_03_0_detail.json,d628b6d4c7933462c8580e50dd6e28e9001c3eabc68fa5012e74f78f210598a8,cache_hit,,2026-07-30T02:10:44+00:00
2385,114,03,mops_api_t05st01_detail,https://mops.twse.com.tw/mops/#/web/t05st01,"{""companyId"": ""2385"", ""enterDate"": ""1140305"", ""marketKind"": ""sii"", ""serialNumber"": ""3""}",d60d0708c48098be487b88d75f0c0783170e6b848ed6f83919caef9f91218da4,raw_cache\2385_114_03_2_detail.json,46d554d34f18b9cf649a56c7fc03ced43007784e503b7adc7de92a69e8d4913c,cache_hit,,2026-07-30T02:10:44+00:00
2385,114,03,mops_api_t05st01_detail,https://mops.twse.com.tw/mops/#/web/t05st01,"{""companyId"": ""2385"", ""enterDate"": ""1140305"", ""marketKind"": ""sii"", ""serialNumber"": ""6""}",8a895c3f7348eb4e11f0072e54d75905be7a9f8e396156a592bd7a93d7a9fe6e,raw_cache\2385_114_03_5_detail.json,5ef7e060b04c2c6c074672025d40241c797f41bd705bf074a98ad87811e344fc,cache_hit,,2026-07-30T02:10:44+00:00
2385,114,04,mops_api_t05st01,https://mops.twse.com.tw/mops/#/web/t05st01,"{""companyId"": ""2385"", ""firstDay"": """", ""lastDay"": """", ""month"": ""04"", ""year"": ""114""}",c38726fcce62a8118b71ae0dc6aae6b72659be39e44abbc518ca4e9bbf3237a7,raw_cache\2385_114_04_list.json,4382623d1dd3ebef6888d3ebf139cf6379e64e41661256a9ca43e5822c5ca2be,cache_hit,,2026-07-30T02:10:44+00:00
2385,114,04,mops_api_t05st01_detail,https://mops.twse.com.tw/mops/#/web/t05st01,"{""companyId"": ""2385"", ""enterDate"": ""1140410"", ""marketKind"": ""sii"", ""serialNumber"": ""2""}",ec7712b88d7cc93cb810bd0a58841246c2c672578bdfae878d5b926c680a0f3b,raw_cache\2385_114_04_1_detail.json,99c180c6929dd4c1e02153ce7366947c70cbbb9f452c695eb934318768dbe2be,cache_hit,,2026-07-30T02:10:44+00:00
2385,114,04,mops_api_t05st01_detail,https://mops.twse.com.tw/mops/#/web/t05st01,"{""companyId"": ""2385"", ""enterDate"": ""1140410"", ""marketKind"": ""sii"", ""serialNumber"": ""3""}",598594bc651402b359abce0c3953f547d9b6b9188fb607496ebb17cc323d4be9,raw_cache\2385_114_04_2_detail.json,3af70bed830b16c7c947008c1f1ac09e5208d8b312532fec0ae551587b1842d5,cache_hit,,2026-07-30T02:10:44+00:00
2385,114,04,mops_api_t05st01_detail,https://mops.twse.com.tw/mops/#/web/t05st01,"{""companyId"": ""2385"", ""enterDate"": ""1140428"", ""marketKind"": ""sii"", ""serialNumber"": ""1""}",59c7df47dded3187f4f0edb180dae3bfeb9bff8269f8c713a74bb7b1847d6b3c,raw_cache\2385_114_04_3_detail.json,8293317391af5b49aa1f0ff3f5449896888a45981b3a68c27893a5f9e92bd032,cache_hit,,2026-07-30T02:10:44+00:00
2395,106,05,mops_api_t05st01,https://mops.twse.com.tw/mops/#/web/t05st01,"{""companyId"": ""2395"", ""firstDay"": """", ""lastDay"": """", ""month"": ""05"", ""year"": ""106""}",7119c5fa77999106d82c231aa466a196e2947db2a30ed732480ce47eaa923375,raw_cache\2395_106_05_list.json,f31eb4da14d0645622c445f7cdae0fe1ab01c59eacdeb88b8c30ed93d11f05f2,cache_hit,,2026-07-30T02:10:44+00:00
2395,106,05,mops_api_t05st01_detail,https://mops.twse.com.tw/mops/#/web/t05st01,"{""companyId"": ""2395"", ""enterDate"": ""1060516"", ""marketKind"": ""sii"", ""serialNumber"": ""1""}",611532c2e4d9bd27ed51f8e5e3cd9219075a119e7829e6c7b2674e4dfd5036fc,raw_cache\2395_106_05_0_detail.json,2eb94696fe523fff4c019a20f4193a8143fdd05bfd27a3f43a761f65f84a790e,cache_hit,,2026-07-30T02:10:44+00:00
2395,106,05,mops_api_t05st01_detail,https://mops.twse.com.tw/mops/#/web/t05st01,"{""companyId"": ""2395"", ""enterDate"": ""1060526"", ""marketKind"": ""sii"", ""serialNumber"": ""10""}",b1c1ca546a733cea05b34cd88669b7e6adf18816c639b72f6ab497de9461f56a,raw_cache\2395_106_05_8_detail.json,67a569ab46c58b6fe9235e4d2bd1fcca857546191e05ef850356fd422d3d0c94,cache_hit,,2026-07-30T02:10:44+00:00
2395,106,06,mops_api_t05st01,https://mops.twse.com.tw/mops/#/web/t05st01,"{""companyId"": ""2395"", ""firstDay"": """", ""lastDay"": """", ""month"": ""06"", ""year"": ""106""}",6fef028b1c2a6ca1ad30303d5f386d22f873532047f314393c0dd75c0b364bac,raw_cache\2395_106_06_list.json,b1727716017a4d5344cab9a801b99fbf6f36852d13bcfa063e23bbe97476ac67,cache_hit,,2026-07-30T02:10:44+00:00
2395,106,06,mops_api_t05st01_detail,https://mops.twse.com.tw/mops/#/web/t05st01,"{""companyId"": ""2395"", ""enterDate"": ""1060609"", ""marketKind"": ""sii"", ""serialNumber"": ""1""}",526f979c2d672f4ade9e5bd55d298311d818b967604a31a65ca0be68e21b99cd,raw_cache\2395_106_06_0_detail.json,1e406a736ef1f645f91ec284606545c9d60bfca771f75e32ae043bb6fce1b4c4,cache_hit,,2026-07-30T02:10:44+00:00
2395,106,07,mops_api_t05st01,https://mops.twse.com.tw/mops/#/web/t05st01,"{""companyId"": ""2395"", ""firstDay"": """", ""lastDay"": """", ""month"": ""07"", ""year"": ""106""}",f2c208d052ca59a7f7c394522f535c3c4adb8203ecdf2eaafbe95d21d11e2c89,raw_cache\2395_106_07_list.json,4abcd241c7eae986883a7d33bc1c2179ae8b248703e4c94cc7ff99356912b189,cache_hit,,2026-07-30T02:10:44+00:00
2395,106,08,mops_api_t05st01,https://mops.twse.com.tw/mops/#/web/t05st01,"{""companyId"": ""2395"", ""firstDay"": """", ""lastDay"": """", ""month"": ""08"", ""year"": ""106""}",823f669ecd890a0ce38205179e9cd4ea89013a4b76036996a0ec96761d37e93d,raw_cache\2395_106_08_list.json,446a834236e199fcee4c10613fb2cf0fd7ec59ed2268f6a672e8f5a85605d2f1,cache_hit,,2026-07-30T02:10:44+00:00
2408,112,07,mops_api_t05st01,https://mops.twse.com.tw/mops/#/web/t05st01,"{""companyId"": ""2408"", ""firstDay"": """", ""lastDay"": """", ""month"": ""07"", ""year"": ""112""}",7e23ffb01ff66dd5df7376bbca2a65ec5ffb163b1cc2cb38580b9ac5326036b0,raw_cache\2408_112_07_list.json,c30c72a82aa7bc7bc11474e8780daa8c5185bc1d0977eac5d716563f7bc3b55c,cache_hit,,2026-07-30T02:10:44+00:00
2408,112,08,mops_api_t05st01,https://mops.twse.com.tw/mops/#/web/t05st01,"{""companyId"": ""2408"", ""firstDay"": """", ""lastDay"": """", ""month"": ""08"", ""year"": ""112""}",7ffcd48d26351d25d8ae52470b763fdc626deec3fff485ad1bc6bed1b68a14f6,raw_cache\2408_112_08_list.json,057ef73b09057b92129145b45e41eec7a669c4d85410c5087307fcddb868351e,cache_hit,,2026-07-30T02:10:44+00:00
2408,112,08,mops_api_t05st01_detail,https://mops.twse.com.tw/mops/#/web/t05st01,"{""companyId"": ""2408"", ""enterDate"": ""1120802"", ""marketKind"": ""sii"", ""serialNumber"": ""1""}",cb6f82c2abaf46200723722dac48b3b6f2d8584eff172e9683dacbdea23d5cd6,raw_cache\2408_112_08_0_detail.json,aaeea85776aab0f154916d2354ad51198f88f45edea7ae8fe2839a576bc193f0,cache_hit,,2026-07-30T02:10:44+00:00
2408,112,09,mops_api_t05st01,https://mops.twse.com.tw/mops/#/web/t05st01,"{""companyId"": ""2408"", ""firstDay"": """", ""lastDay"": """", ""month"": ""09"", ""year"": ""112""}",d08b9edae8181a0b9f7bba27c575741ff933acde237a83d22c6a65dc8414e32c,raw_cache\2408_112_09_list.json,83013392361c265a77203485ddf076173b149f3fe513f7778127c75ffcd9851a,cache_hit,,2026-07-30T02:10:44+00:00
2408,112,10,mops_api_t05st01,https://mops.twse.com.tw/mops/#/web/t05st01,"{""companyId"": ""2408"", ""firstDay"": """", ""lastDay"": """", ""month"": ""10"", ""year"": ""112""}",2d43d4a5aa26c4db4cac6dbfc6a2effa7ad2e0f170787d9c9a6a91b4486f7ab6,raw_cache\2408_112_10_list.json,c948d637a41684ce60a0d3f2e8a2fde70450d061d0da40b39c79e64d765d5d62,cache_hit,,2026-07-30T02:10:44+00:00
2409,103,11,mops_api_t05st01,https://mops.twse.com.tw/mops/#/web/t05st01,"{""companyId"": ""2409"", ""firstDay"": """", ""lastDay"": """", ""month"": ""11"", ""year"": ""103""}",32f6e17f06ca1108193fbeefa6bfcec6703dfb76487d775b2cdaa330437163a7,raw_cache\2409_103_11_list.json,09bf7aa1a24fa43eeb10f5cc754adba0e034fe828f33655d9105bc37c09efdad,cache_hit,,2026-07-30T02:10:44+00:00
2409,103,12,mops_api_t05st01,https://mops.twse.com.tw/mops/#/web/t05st01,"{""companyId"": ""2409"", ""firstDay"": """", ""lastDay"": """", ""month"": ""12"", ""year"": ""103""}",0cd923d89f2414d3878126885524c833e0b7e207a14a0fd25d5222169aca309c,raw_cache\2409_103_12_list.json,fe4e071ccf974d2fcbbf166cd70c90362650de47911e25b638e80a05a5e51f1b,cache_hit,,2026-07-30T02:10:44+00:00
2409,104,01,mops_api_t05st01,https://mops.twse.com.tw/mops/#/web/t05st01,"{""companyId"": ""2409"", ""firstDay"": """", ""lastDay"": """", ""month"": ""01"", ""year"": ""104""}",f1451949d024e59bbdd29f1b65ffca955d4a89f0d0b2d6042daa68ded4d181a0,raw_cache\2409_104_01_list.json,1b2fd8912e22e34acb270f88afb7b37042c953fb676bf32d3620e7f449bb8aa5,cache_hit,,2026-07-30T02:10:44+00:00
2409,104,02,mops_api_t05st01,https://mops.twse.com.tw/mops/#/web/t05st01,"{""companyId"": ""2409"", ""firstDay"": """", ""lastDay"": """", ""month"": ""02"", ""year"": ""104""}",94a2a8c0cd75b675d241c7e06372ff483bb455b72b76356bf6fab5d702ef8c67,raw_cache\2409_104_02_list.json,54d1d33e62193c74af4e2a5f1663c08d1076f2bb809be8cd060cc90d7917aa45,cache_hit,,2026-07-30T02:10:44+00:00
2409,105,12,mops_api_t05st01,https://mops.twse.com.tw/mops/#/web/t05st01,"{""companyId"": ""2409"", ""firstDay"": """", ""lastDay"": """", ""month"": ""12"", ""year"": ""105""}",789d71f3c79ddc2e5a25e7fb83b86afb3cb940e7a6729693e0de6bc20c5b0d40,raw_cache\2409_105_12_list.json,05240b0508081568ee75142de5b027a42a7e3bd919092aba2e0e381f74f12cee,cache_hit,,2026-07-30T02:10:44+00:00
2409,106,01,mops_api_t05st01,https://mops.twse.com.tw/mops/#/web/t05st01,"{""companyId"": ""2409"", ""firstDay"": """", ""lastDay"": """", ""month"": ""01"", ""year"": ""106""}",c722cc75a43685e6d0e56e316bd895b329bfe5631d51df6edafed63885497231,raw_cache\2409_106_01_list.json,0629cfec675411f269faf0498046e4817430f4bf15462d0de899f77f8cf649db,cache_hit,,2026-07-30T02:10:44+00:00
2409,106,02,mops_api_t05st01,https://mops.twse.com.tw/mops/#/web/t05st01,"{""companyId"": ""2409"", ""firstDay"": """", ""lastDay"": """", ""month"": ""02"", ""year"": ""106""}",cee2521b12068d41118d1fb8c4261fb4fbe0afaa09c5930a76081fba4863d26e,raw_cache\2409_106_02_list.json,52f0c1d2688d5bf5002f4d4a8b7108cffd021b0ba40b2262a78eae3f0765037f,cache_hit,,2026-07-30T02:10:44+00:00
2409,106,03,mops_api_t05st01,https://mops.twse.com.tw/mops/#/web/t05st01,"{""companyId"": ""2409"", ""firstDay"": """", ""lastDay"": """", ""month"": ""03"", ""year"": ""106""}",d5ca40a906d3ac5fca510b269ef312b51b10b36169209291e152ab7c137599e7,raw_cache\2409_106_03_list.json,1c587df21e61886dbb6f72a4ea6aeb3f2f12ca284dff867f9b36327fcaa47dad,cache_hit,,2026-07-30T02:10:44+00:00
2409,106,03,mops_api_t05st01_detail,https://mops.twse.com.tw/mops/#/web/t05st01,"{""companyId"": ""2409"", ""enterDate"": ""1060322"", ""marketKind"": ""sii"", ""serialNumber"": ""2""}",bb45b9b77f445fbf8cb891db5cb0a93733df3841f9ef2c637e49e66ec9ca5779,raw_cache\2409_106_03_2_detail.json,66d6a76ec5263e69a531cd5a6c4239c8ab02e91133351d6ac5d8e3b0a7382aae,cache_hit,,2026-07-30T02:10:44+00:00
2409,106,03,mops_api_t05st01_detail,https://mops.twse.com.tw/mops/#/web/t05st01,"{""companyId"": ""2409"", ""enterDate"": ""1060330"", ""marketKind"": ""sii"", ""serialNumber"": ""1""}",b1ecd023a8aca1a0ede4f02285060b165c69279698d695e3f64ba0ee70feba26,raw_cache\2409_106_03_9_detail.json,b37e6699c9ac0f921e591c353a765f1ee12b784f6db3b1e1799017f1161fa1ca,cache_hit,,2026-07-30T02:10:44+00:00
2409,106,04,mops_api_t05st01,https://mops.twse.com.tw/mops/#/web/t05st01,"{""companyId"": ""2409"", ""firstDay"": """", ""lastDay"": """", ""month"": ""04"", ""year"": ""106""}",17aa6b639ff87405e631eeabffd1404c818c7d56269cb24174abd685bab30b34,raw_cache\2409_106_04_list.json,8eda4156e7dece72386d2caad675810352cb26e93c6add5e6a618aa96e446321,cache_hit,,2026-07-30T02:10:44+00:00
2412,107,10,mops_api_t05st01,https://mops.twse.com.tw/mops/#/web/t05st01,"{""companyId"": ""2412"", ""firstDay"": """", ""lastDay"": """", ""month"": ""10"", ""year"": ""107""}",b8d334d6336c144ea470cde1222767680272ee80c1dac80925a3bd39bef828f1,raw_cache\2412_107_10_list.json,ca2cd8b855b53de601cfeb50f0548c796dec169320c5430100fbd79fa2b21717,cache_hit,,2026-07-30T02:10:44+00:00
2412,107,11,mops_api_t05st01,https://mops.twse.com.tw/mops/#/web/t05st01,"{""companyId"": ""2412"", ""firstDay"": """", ""lastDay"": """", ""month"": ""11"", ""year"": ""107""}",c8b7fb8f09b05e905767f52a7e74d2d20c99548721f53bf0343d4ef196bdabba,raw_cache\2412_107_11_list.json,dd0fbd9d5035a19068d0bf92a35d3ae8cb63a5b677685fe1079a401a858530c4,cache_hit,,2026-07-30T02:10:44+00:00
2412,107,12,mops_api_t05st01,https://mops.twse.com.tw/mops/#/web/t05st01,"{""companyId"": ""2412"", ""firstDay"": """", ""lastDay"": """", ""month"": ""12"", ""year"": ""107""}",214bd24064899632236357c25645276ae45a8b013073e999b59dca2c74f7736c,raw_cache\2412_107_12_list.json,608d827a38128e31dc6f4d245385e686e3071000597dc4af0795f17fb09bb4ce,cache_hit,,2026-07-30T02:10:44+00:00
2412,109,01,mops_api_t05st01,https://mops.twse.com.tw/mops/#/web/t05st01,"{""companyId"": ""2412"", ""firstDay"": """", ""lastDay"": """", ""month"": ""01"", ""year"": ""109""}",1b5950caed4cd1a7850f8bdde204a8510499ff7343734e24f8aa4ee12c856ed8,raw_cache\2412_109_01_list.json,b199582e9f307c3cbbe18d8ef0c8313fca64375562503eac3e9edab5f320748e,cache_hit,,2026-07-30T02:10:44+00:00
2412,109,01,mops_api_t05st01_detail,https://mops.twse.com.tw/mops/#/web/t05st01,"{""companyId"": ""2412"", ""enterDate"": ""1090121"", ""marketKind"": ""sii"", ""serialNumber"": ""1""}",66058a9f011c5c20d881faf07110bc30d145977f6ec9510b537993cfe1fded72,raw_cache\2412_109_01_2_detail.json,a2221648ab66012db0bac08b572c32c8cd72ffaccfbef534c96545a43cadf238,cache_hit,,2026-07-30T02:10:44+00:00
2412,109,02,mops_api_t05st01,https://mops.twse.com.tw/mops/#/web/t05st01,"{""companyId"": ""2412"", ""firstDay"": """", ""lastDay"": """", ""month"": ""02"", ""year"": ""109""}",1560e5e6b9e88ec909f10457af58d3798f9f5119115e3a45ee28738aec2566ef,raw_cache\2412_109_02_list.json,d1cde850042253b467f56435d4420f3b1dfdf15ffc5432294c8971189b3471ca,cache_hit,,2026-07-30T02:10:44+00:00
2412,109,03,mops_api_t05st01,https://mops.twse.com.tw/mops/#/web/t05st01,"{""companyId"": ""2412"", ""firstDay"": """", ""lastDay"": """", ""month"": ""03"", ""year"": ""109""}",0f6112ea9988b9cb452361f0b31fd36e1e2c24ee134ad3499c35d99a2eb42bff,raw_cache\2412_109_03_list.json,4da6c756c1ed9533a2d18428de14b1e7376858f4b9b24f0b078408eb017971c5,cache_hit,,2026-07-30T02:10:44+00:00
2436,112,10,mops_api_t05st01,https://mops.twse.com.tw/mops/#/web/t05st01,"{""companyId"": ""2436"", ""firstDay"": """", ""lastDay"": """", ""month"": ""10"", ""year"": ""112""}",a91d98d2cc03012379c1b5dd0b732d1cc954e3c743755bdad4062ac0841ebb7c,raw_cache\2436_112_10_list.json,74301e35749912551f4cdb2f0503462c2ee58f81391d47235b8da23870adfdf5,cache_hit,,2026-07-30T02:10:44+00:00
2436,112,11,mops_api_t05st01,https://mops.twse.com.tw/mops/#/web/t05st01,"{""companyId"": ""2436"", ""firstDay"": """", ""lastDay"": """", ""month"": ""11"", ""year"": ""112""}",6a66db83af209d63fb49c9aaa0d3f03e724edf4fef85b170e154eb10b3cc33fd,raw_cache\2436_112_11_list.json,d663ca983936043c670d2aa47f0b5024cd9614604a7f3eb56b051e42d9d9c028,cache_hit,,2026-07-30T02:10:44+00:00
2436,112,11,mops_api_t05st01_detail,https://mops.twse.com.tw/mops/#/web/t05st01,"{""companyId"": ""2436"", ""enterDate"": ""1121108"", ""marketKind"": ""sii"", ""serialNumber"": ""4""}",9a339b58882b3d0ecd38dbc7812949550e99b3ec491402455d946941a35cd0e5,raw_cache\2436_112_11_3_detail.json,190e092e4cba54da64ec3e4048ac84f7335360b4d7bb40f45a3de83d75fca7b0,cache_hit,,2026-07-30T02:10:44+00:00
2436,112,12,mops_api_t05st01,https://mops.twse.com.tw/mops/#/web/t05st01,"{""companyId"": ""2436"", ""firstDay"": """", ""lastDay"": """", ""month"": ""12"", ""year"": ""112""}",fad1bb9b0c8ed725c7ee0e2f0013456ab5908fa87e2b2cfc417143106889ae24,raw_cache\2436_112_12_list.json,334c700b86c9f10a51c17290bab322c59d5c40e215b3c385baeccac5ab0e4a37,cache_hit,,2026-07-30T02:10:44+00:00
2436,113,01,mops_api_t05st01,https://mops.twse.com.tw/mops/#/web/t05st01,"{""companyId"": ""2436"", ""firstDay"": """", ""lastDay"": """", ""month"": ""01"", ""year"": ""113""}",9c5ae4a51bdc68496d93da9a6b3736595dd608175d8e5bff92e296b39ed65767,raw_cache\2436_113_01_list.json,334c700b86c9f10a51c17290bab322c59d5c40e215b3c385baeccac5ab0e4a37,cache_hit,,2026-07-30T02:10:44+00:00
2453,112,05,mops_api_t05st01,https://mops.twse.com.tw/mops/#/web/t05st01,"{""companyId"": ""2453"", ""firstDay"": """", ""lastDay"": """", ""month"": ""05"", ""year"": ""112""}",377fd2600b9b53a988e393a75449236717456e40bf4121e22ef5a7f4d1452923,raw_cache\2453_112_05_list.json,76161ce6a9183b41ff3e54b0da8323629bfa7e7239aadb4bf2659d59db39d100,cache_hit,,2026-07-30T02:10:44+00:00
2453,112,05,mops_api_t05st01_detail,https://mops.twse.com.tw/mops/#/web/t05st01,"{""companyId"": ""2453"", ""enterDate"": ""1120511"", ""marketKind"": ""sii"", ""serialNumber"": ""1""}",f4c28e122fe0621ea1964de10eded671a0968332c67834469f5ac4decd3c045f,raw_cache\2453_112_05_0_detail.json,1f107be63cec788f854f7e9680a5336ed0c2cffdb06a62f9ea737bc5c0b64569,cache_hit,,2026-07-30T02:10:44+00:00
2453,112,06,mops_api_t05st01,https://mops.twse.com.tw/mops/#/web/t05st01,"{""companyId"": ""2453"", ""firstDay"": """", ""lastDay"": """", ""month"": ""06"", ""year"": ""112""}",51a1642f5530b505d4ea37a0a21f977f9f48930594f9973120f334d3114d3b5d,raw_cache\2453_112_06_list.json,7bcc809623c182b4cb119d4e5804499b86c214ef02b51fe0fe79d1beccfa78b6,cache_hit,,2026-07-30T02:10:44+00:00
2453,112,06,mops_api_t05st01_detail,https://mops.twse.com.tw/mops/#/web/t05st01,"{""companyId"": ""2453"", ""enterDate"": ""1120613"", ""marketKind"": ""sii"", ""serialNumber"": ""2""}",05ee9149443fa98c6129ebda1f4a315f3264adcb269a06e0baa3ec0267d25054,raw_cache\2453_112_06_1_detail.json,b64e3d00d2016016dc7d05fe88a0c1ce986f91efc720efed6372e70898a81b2b,cache_hit,,2026-07-30T02:10:44+00:00
2453,112,07,mops_api_t05st01,https://mops.twse.com.tw/mops/#/web/t05st01,"{""companyId"": ""2453"", ""firstDay"": """", ""lastDay"": """", ""month"": ""07"", ""year"": ""112""}",eb17e00b8f55110663feddd2290ff29dffede99a46b0a700e3b9f59fc00fa002,raw_cache\2453_112_07_list.json,43072198ee889d513ea1d1cfa617f1f5c282961067f8bf093cfd9abc0f4b2c74,cache_hit,,2026-07-30T02:10:44+00:00
2454,105,01,mops_api_t05st01,https://mops.twse.com.tw/mops/#/web/t05st01,"{""companyId"": ""2454"", ""firstDay"": """", ""lastDay"": """", ""month"": ""01"", ""year"": ""105""}",966375b997b850944cfa522e27cf8661e26ee194531f29d2fb1bc013f7174736,raw_cache\2454_105_01_list.json,4088dc280f02dd658d8819baf0c8ee737121e8b211c3de9b229c8923d5527d26,cache_hit,,2026-07-30T02:10:44+00:00
2454,105,01,mops_api_t05st01_detail,https://mops.twse.com.tw/mops/#/web/t05st01,"{""companyId"": ""2454"", ""enterDate"": ""1050108"", ""marketKind"": ""sii"", ""serialNumber"": ""1""}",18c339433ec4b9a738d3eec4233a9149ed94cc3e5d58a46d2113beef53453cb1,raw_cache\2454_105_01_0_detail.json,3c6b734d92ba92651291e6aa6b72808e7be82fc590aec4389906829f0b6b4787,cache_hit,,2026-07-30T02:10:44+00:00
2454,105,02,mops_api_t05st01,https://mops.twse.com.tw/mops/#/web/t05st01,"{""companyId"": ""2454"", ""firstDay"": """", ""lastDay"": """", ""month"": ""02"", ""year"": ""105""}",2153a3b4ce0bcd5cab16f0ba799cdd812e70f6298a8b878b4a185e41fa69af6b,raw_cache\2454_105_02_list.json,740ac415bf1b017e3b95dd9f12cd983d0a0fe64cc96a85c5aa925fe5b9149cd5,cache_hit,,2026-07-30T02:10:44+00:00
2454,105,02,mops_api_t05st01_detail,https://mops.twse.com.tw/mops/#/web/t05st01,"{""companyId"": ""2454"", ""enterDate"": ""1050129"", ""marketKind"": ""sii"", ""serialNumber"": ""1""}",90593ed64b7b5c9b8379d58416203e907b6338879919403c8cfce7393a24a423,raw_cache\2454_105_02_1_detail.json,1f0130d290640b69af2e956dd4bdd24a3c5a401769ffd5c382e211a49a78116b,cache_hit,,2026-07-30T02:10:44+00:00
2454,105,02,mops_api_t05st01_detail,https://mops.twse.com.tw/mops/#/web/t05st01,"{""companyId"": ""2454"", ""enterDate"": ""1050201"", ""marketKind"": ""sii"", ""serialNumber"": ""2""}",02a983d34b6121b9fd7df4607598640f55101ef260b65f18f9d1f914f6557148,raw_cache\2454_105_02_2_detail.json,fca2ea785a154adc2910af2276d0ef1145c28739c497ba48d9217636016d6aca,cache_hit,,2026-07-30T02:10:44+00:00
2454,105,02,mops_api_t05st01_detail,https://mops.twse.com.tw/mops/#/web/t05st01,"{""companyId"": ""2454"", ""enterDate"": ""1050205"", ""marketKind"": ""sii"", ""serialNumber"": ""1""}",8840b19fbc3270a95bafd9dd74c82c115cf2b0b9fac414afcd1cf96725e49ac4,raw_cache\2454_105_02_5_detail.json,ebb5faa232b8ebae9d8079665a400b8feba3888abe6e04c2d5a14c9a8fe206b2,cache_hit,,2026-07-30T02:10:44+00:00
2454,105,03,mops_api_t05st01,https://mops.twse.com.tw/mops/#/web/t05st01,"{""companyId"": ""2454"", ""firstDay"": """", ""lastDay"": """", ""month"": ""03"", ""year"": ""105""}",efed56565ab3bf3ad694cd3226d5bcb4ecacb24f961bdd86cd247ae0374e445f,raw_cache\2454_105_03_list.json,41c539ed6e23f61f72598e24c8657c6de3bd67a5766d06850d483e5cd26fb4ca,cache_hit,,2026-07-30T02:10:44+00:00
2454,105,03,mops_api_t05st01_detail,https://mops.twse.com.tw/mops/#/web/t05st01,"{""companyId"": ""2454"", ""enterDate"": ""1050307"", ""marketKind"": ""sii"", ""serialNumber"": ""1""}",1398fe450fd25b2991759bf8cdc7433320de9fdecca1fdee21797efa55480b57,raw_cache\2454_105_03_1_detail.json,77c5fcbf73801e958b194d2be60e8c8683fef716f9b4b17d625a89388016e4e4,cache_hit,,2026-07-30T02:10:44+00:00
2454,105,04,mops_api_t05st01,https://mops.twse.com.tw/mops/#/web/t05st01,"{""companyId"": ""2454"", ""firstDay"": """", ""lastDay"": """", ""month"": ""04"", ""year"": ""105""}",ecdf515ed752addac0bc6d02f70b73e61234825e08439f8a9d840d1d47abe18e,raw_cache\2454_105_04_list.json,cb444f2526aa122ae880267a16bf5698b61a7348b7d6093bf24daa18ac4d55d0,cache_hit,,2026-07-30T02:10:44+00:00
2454,105,04,mops_api_t05st01_detail,https://mops.twse.com.tw/mops/#/web/t05st01,"{""companyId"": ""2454"", ""enterDate"": ""1050408"", ""marketKind"": ""sii"", ""serialNumber"": ""1""}",6f5efa807c8fbde77ee2c50213800f4f4ac94a5fa0c61012a0f59caf96b90da2,raw_cache\2454_105_04_2_detail.json,47fa59e4f90ba0dbbe3bede640de41e3a414975d4d484cf777c843b9ad7e3716,cache_hit,,2026-07-30T02:10:44+00:00
2454,105,04,mops_api_t05st01_detail,https://mops.twse.com.tw/mops/#/web/t05st01,"{""companyId"": ""2454"", ""enterDate"": ""1050408"", ""marketKind"": ""sii"", ""serialNumber"": ""3""}",9794d843a46732aaca663c73ceacf8629ceeb751e6959205ae204e5c4d6ca4aa,raw_cache\2454_105_04_3_detail.json,cd28477c711ec4da1e348980b2bca81ff9d8a054fed13a2192b3eba58dbe5419,cache_hit,,2026-07-30T02:10:44+00:00
2454,105,04,mops_api_t05st01_detail,https://mops.twse.com.tw/mops/#/web/t05st01,"{""companyId"": ""2454"", ""enterDate"": ""1050414"", ""marketKind"": ""sii"", ""serialNumber"": ""2""}",2b8f39bf8ad1781efe4f1bc2804425e33530e04de58d0a5102bfa5e09d49fe52,raw_cache\2454_105_04_4_detail.json,feb9c6b56bc5d691f0417ce2540abaf08cb2e2e70e9dd18346bfbdda83041bfa,cache_hit,,2026-07-30T02:10:44+00:00
2454,105,04,mops_api_t05st01_detail,https://mops.twse.com.tw/mops/#/web/t05st01,"{""companyId"": ""2454"", ""enterDate"": ""1050429"", ""marketKind"": ""sii"", ""serialNumber"": ""7""}",bf1ed9d19cc69378bd571d4a472e390e96a96a2f41e65faf108b7f76c48a79bf,raw_cache\2454_105_04_6_detail.json,3c1e628267177d9c3923ad6152f19f0cabd5168f6b0bfe6f910aac79671384d2,cache_hit,,2026-07-30T02:10:44+00:00
2454,105,04,mops_api_t05st01_detail,https://mops.twse.com.tw/mops/#/web/t05st01,"{""companyId"": ""2454"", ""enterDate"": ""1050429"", ""marketKind"": ""sii"", ""serialNumber"": ""9""}",39637a05ac11a7f3c5f692981d4536122870280ea3d0a53977afcf5817d4278a,raw_cache\2454_105_04_7_detail.json,e9ae8db97bb89f562bd082c611c3004ff362ed3c77f842a321452ebef4e1ad0e,cache_hit,,2026-07-30T02:10:44+00:00
2454,105,04,mops_api_t05st01_detail,https://mops.twse.com.tw/mops/#/web/t05st01,"{""companyId"": ""2454"", ""enterDate"": ""1050429"", ""marketKind"": ""sii"", ""serialNumber"": ""10""}",5885352964cc55164a2464066fb3b2ea5eda85d85811667afacab1eb1b38c7d0,raw_cache\2454_105_04_10_detail.json,429b16073eb690dd0658536cfcdd66114d3358369cd620a4182fd0bcb68624b8,cache_hit,,2026-07-30T02:10:44+00:00
2454,107,09,mops_api_t05st01,https://mops.twse.com.tw/mops/#/web/t05st01,"{""companyId"": ""2454"", ""firstDay"": """", ""lastDay"": """", ""month"": ""09"", ""year"": ""107""}",24812d2c20d66e449716f38e23c218b7d7f150190aee65dfb843ec077b3aa97a,raw_cache\2454_107_09_list.json,6e4812f66302de38ee7b91495cab87866c671ca8f980f30d76f112029a532dcc,cache_hit,,2026-07-30T02:10:44+00:00
2454,107,09,mops_api_t05st01_detail,https://mops.twse.com.tw/mops/#/web/t05st01,"{""companyId"": ""2454"", ""enterDate"": ""1070910"", ""marketKind"": ""sii"", ""serialNumber"": ""1""}",91c99e85cd601b2ec3eb69adc62fd3c6dee5fe0bafa3d77175f81764d39ac40a,raw_cache\2454_107_09_1_detail.json,437f936ad27de45ade74a6930e870c35cbe4a6fd42f86ed739f85684b55bb140,cache_hit,,2026-07-30T02:10:44+00:00
2454,107,10,mops_api_t05st01,https://mops.twse.com.tw/mops/#/web/t05st01,"{""companyId"": ""2454"", ""firstDay"": """", ""lastDay"": """", ""month"": ""10"", ""year"": ""107""}",a9de0b8d4574ee9bce74bac322c67643d059be0c0bb24e59c8ab22d84128b3fd,raw_cache\2454_107_10_list.json,908554aee727a7a732520208f4b0ca8ac9fb154e7979cfcc806ef02b30ef473e,cache_hit,,2026-07-30T02:10:44+00:00
2454,107,10,mops_api_t05st01_detail,https://mops.twse.com.tw/mops/#/web/t05st01,"{""companyId"": ""2454"", ""enterDate"": ""1071009"", ""marketKind"": ""sii"", ""serialNumber"": ""1""}",0a2f33400610579a57a5c852093397081c038eb14fda42e244710a60bc5907cb,raw_cache\2454_107_10_0_detail.json,6df3608d27fad15c34e41b66daec792b2bff4b9634bf39693b93517140bd62c1,cache_hit,,2026-07-30T02:10:44+00:00
2454,107,10,mops_api_t05st01_detail,https://mops.twse.com.tw/mops/#/web/t05st01,"{""companyId"": ""2454"", ""enterDate"": ""1071008"", ""marketKind"": ""sii"", ""serialNumber"": ""1""}",b8298500070c34145d550120f4851c7073a6512c1390a8dc69e14b0ebab240e5,raw_cache\2454_107_10_1_detail.json,21a22bf5461ef1a2aac1d7e20ad66392588ca91be6dc3178ccb4fbeb7b85c7ca,cache_hit,,2026-07-30T02:10:44+00:00
2454,107,10,mops_api_t05st01_detail,https://mops.twse.com.tw/mops/#/web/t05st01,"{""companyId"": ""2454"", ""enterDate"": ""1071031"", ""marketKind"": ""sii"", ""serialNumber"": ""1""}",79c5feab7ae5c8cf465a09a6262d668269b775463bf99babcce214d48f5b46b5,raw_cache\2454_107_10_4_detail.json,7cd2f4cf4194ba3b60d47284e2163a9aa1d694bfa7975c99f0f6ea0f3cb538ba,cache_hit,,2026-07-30T02:10:44+00:00
2454,107,10,mops_api_t05st01_detail,https://mops.twse.com.tw/mops/#/web/t05st01,"{""companyId"": ""2454"", ""enterDate"": ""1071031"", ""marketKind"": ""sii"", ""serialNumber"": ""3""}",dd5c478ac366fe6492770864b6274aefeda22fa76a3f76e1ad9d3cc1a412bc99,raw_cache\2454_107_10_5_detail.json,685aea58cb42213b9db24a019401770ce514bf22155dccee9462813c45fe8b4a,cache_hit,,2026-07-30T02:10:44+00:00
2454,107,10,mops_api_t05st01_detail,https://mops.twse.com.tw/mops/#/web/t05st01,"{""companyId"": ""2454"", ""enterDate"": ""1071031"", ""marketKind"": ""sii"", ""serialNumber"": ""5""}",791250c2322f94938b841f3a9454d4060dcdd20b53062db50a5b03329454d7ac,raw_cache\2454_107_10_7_detail.json,737528eb2fe5dd86df6c7e51682151d49bba2c11d1273cab878e452ba3810130,cache_hit,,2026-07-30T02:10:44+00:00
2454,107,11,mops_api_t05st01,https://mops.twse.com.tw/mops/#/web/t05st01,"{""companyId"": ""2454"", ""firstDay"": """", ""lastDay"": """", ""month"": ""11"", ""year"": ""107""}",f4d84c82be132cb73fe1fa743b958f1a25ddebe3ea3dad2f3c66e875fe0f813b,raw_cache\2454_107_11_list.json,6273c674cafa8e39ff4e2196330515b26ceca3665f17a68ca421e7ae834162b5,cache_hit,,2026-07-30T02:10:44+00:00
2454,107,11,mops_api_t05st01_detail,https://mops.twse.com.tw/mops/#/web/t05st01,"{""companyId"": ""2454"", ""enterDate"": ""1071109"", ""marketKind"": ""sii"", ""serialNumber"": ""1""}",d476e1f5b5b8cfc3ef04eb39c229af2845a9cce1e3fe10533f02db7b1f8bec68,raw_cache\2454_107_11_1_detail.json,e60a228fc8312b751ddf02d3c36c64adef63b63e5cc0b0927a7b297a10ad9b13,cache_hit,,2026-07-30T02:10:44+00:00
2454,108,06,mops_api_t05st01,https://mops.twse.com.tw/mops/#/web/t05st01,"{""companyId"": ""2454"", ""firstDay"": """", ""lastDay"": """", ""month"": ""06"", ""year"": ""108""}",5c79704a1968f4f0192088da640360567528b807d8fdd28a8e4dcb2eeb70141e,raw_cache\2454_108_06_list.json,51a7afc203f5bbd1ebbb034c352aed5f8959b87338e6c516cf805b6d2a31523d,cache_hit,,2026-07-30T02:10:44+00:00
2454,108,06,mops_api_t05st01_detail,https://mops.twse.com.tw/mops/#/web/t05st01,"{""companyId"": ""2454"", ""enterDate"": ""1080610"", ""marketKind"": ""sii"", ""serialNumber"": ""1""}",f82baf9afd7b6de2ff3c3496eebc602e3e2e8df44d2361673fcbef2eb81ca847,raw_cache\2454_108_06_0_detail.json,189b2dc884b4df13d3b78e4ceef007f67cf7b6e36969798801c62b5ed537fc20,cache_hit,,2026-07-30T02:10:44+00:00
2454,108,06,mops_api_t05st01_detail,https://mops.twse.com.tw/mops/#/web/t05st01,"{""companyId"": ""2454"", ""enterDate"": ""1080612"", ""marketKind"": ""sii"", ""serialNumber"": ""1""}",774e58f0db022960f250184f52fbcbe9bfaf9429c352cd3d10df4e03f0147214,raw_cache\2454_108_06_1_detail.json,a9e27f843ec4c52b71f4972ae7259c26e30672c037fbd8c3f179db10e0c352d0,cache_hit,,2026-07-30T02:10:44+00:00
2454,108,06,mops_api_t05st01_detail,https://mops.twse.com.tw/mops/#/web/t05st01,"{""companyId"": ""2454"", ""enterDate"": ""1080612"", ""marketKind"": ""sii"", ""serialNumber"": ""2""}",b51e41b571c390c1aa642a8d250bd7129330368ac02c26f51f26771d738e530c,raw_cache\2454_108_06_2_detail.json,002a2e12c5dacd192c313d5a807278feec4ecc4fca3febec9345d24cf7238b78,cache_hit,,2026-07-30T02:10:44+00:00
2454,108,06,mops_api_t05st01_detail,https://mops.twse.com.tw/mops/#/web/t05st01,"{""companyId"": ""2454"", ""enterDate"": ""1080613"", ""marketKind"": ""sii"", ""serialNumber"": ""1""}",5a2d3a706f1ffe0a263c63e95b77305678c8c90dff8307bdda34b3782727db51,raw_cache\2454_108_06_4_detail.json,bdac436d569e2711f43627a08d8ee583595a32a57ac7aba61e300d6b3d92da08,cache_hit,,2026-07-30T02:10:44+00:00
2454,108,07,mops_api_t05st01,https://mops.twse.com.tw/mops/#/web/t05st01,"{""companyId"": ""2454"", ""firstDay"": """", ""lastDay"": """", ""month"": ""07"", ""year"": ""108""}",85bd10c813c518630791d73d7f262427eef73c3048ca0129add1f2f7b4f50bcc,raw_cache\2454_108_07_list.json,ffd925d99f1794b85bc9f824f08e9f24fbed68e0231a7b762240f0b944c12b02,cache_hit,,2026-07-30T02:10:44+00:00
2454,108,07,mops_api_t05st01_detail,https://mops.twse.com.tw/mops/#/web/t05st01,"{""companyId"": ""2454"", ""enterDate"": ""1080710"", ""marketKind"": ""sii"", ""serialNumber"": ""1""}",57eca5beefce7ddf682a2729d50779605e501b38eb1c8c68f7c18b219ccea95d,raw_cache\2454_108_07_0_detail.json,109f9aa2b3c40361de0555bdf50fd6791aa14c7529cf697839c84042b4963da6,cache_hit,,2026-07-30T02:10:44+00:00
2454,108,07,mops_api_t05st01_detail,https://mops.twse.com.tw/mops/#/web/t05st01,"{""companyId"": ""2454"", ""enterDate"": ""1080730"", ""marketKind"": ""sii"", ""serialNumber"": ""1""}",58814ca4e171cf8a4a16c8b20dc29b1fede30444a8c90f0cc21c96fa7753bfd4,raw_cache\2454_108_07_3_detail.json,29d49b2f5ce37408c0f68f75504bbceb38163de0feef00cdc8b1120d534daa89,cache_hit,,2026-07-30T02:10:44+00:00
2454,108,07,mops_api_t05st01_detail,https://mops.twse.com.tw/mops/#/web/t05st01,"{""companyId"": ""2454"", ""enterDate"": ""1080731"", ""marketKind"": ""sii"", ""serialNumber"": ""1""}",fb128ab7923f197ae9ed794b671178edcf733978356c51c5417c65e7d271a285,raw_cache\2454_108_07_4_detail.json,4deb75c8dbcdffe51003d8aad67e9377f1a28f694e9683d17db8e8f34c117f8a,cache_hit,,2026-07-30T02:10:44+00:00
2454,108,07,mops_api_t05st01_detail,https://mops.twse.com.tw/mops/#/web/t05st01,"{""companyId"": ""2454"", ""enterDate"": ""1080731"", ""marketKind"": ""sii"", ""serialNumber"": ""2""}",ad0cec8c21e06cdc5b16c4be4676a6c179d2d406c9fe2a8c124b7b060438783b,raw_cache\2454_108_07_5_detail.json,ec0c64a49a50e6f6116bec8bc76b0b8cd3f5565f09235be5cddbb38e4856a135,cache_hit,,2026-07-30T02:10:44+00:00
2454,108,08,mops_api_t05st01,https://mops.twse.com.tw/mops/#/web/t05st01,"{""companyId"": ""2454"", ""firstDay"": """", ""lastDay"": """", ""month"": ""08"", ""year"": ""108""}",1fdbe37f17e6c10fd765c7b9bea33ba27ec401e4e5bd24e478d4b1209cbcfe38,raw_cache\2454_108_08_list.json,f57a2d4535dd6750b04217ab4eefe78c3e966cd410efabea04d62fd9d07eb20b,cache_hit,,2026-07-30T02:10:44+00:00
2454,108,08,mops_api_t05st01_detail,https://mops.twse.com.tw/mops/#/web/t05st01,"{""companyId"": ""2454"", ""enterDate"": ""1080812"", ""marketKind"": ""sii"", ""serialNumber"": ""1""}",656bb9addbfaa4db0b09f3fdba12e0310e6b87bb8c3b572ee75ce2c849ecdbb3,raw_cache\2454_108_08_0_detail.json,0243ddcbd835d40501490d31012708169c86e50a7e2b98430c1702e621a808de,cache_hit,,2026-07-30T02:10:44+00:00
2454,108,09,mops_api_t05st01,https://mops.twse.com.tw/mops/#/web/t05st01,"{""companyId"": ""2454"", ""firstDay"": """", ""lastDay"": """", ""month"": ""09"", ""year"": ""108""}",672b598f0ab699c44469b7dc879ba655c878ed4d0a356aa514f658a567e269ab,raw_cache\2454_108_09_list.json,1479aa114eef36382f665ffcb8d4eaff6f182ffa199bff957f213e6673b6a8e8,cache_hit,,2026-07-30T02:10:44+00:00
2454,108,09,mops_api_t05st01_detail,https://mops.twse.com.tw/mops/#/web/t05st01,"{""companyId"": ""2454"", ""enterDate"": ""1080910"", ""marketKind"": ""sii"", ""serialNumber"": ""1""}",fb541f4f61838cd3d2a25be9c7078fa6a73e3a6f3c818c026386404667ab6827,raw_cache\2454_108_09_1_detail.json,85560e7ecbf7f4052d70517761534fd6f38f05273ab63480f2e4cc7828e3ec86,cache_hit,,2026-07-30T02:10:44+00:00
2454,108,09,mops_api_t05st01_detail,https://mops.twse.com.tw/mops/#/web/t05st01,"{""companyId"": ""2454"", ""enterDate"": ""1080920"", ""marketKind"": ""sii"", ""serialNumber"": ""1""}",dc80c6e3f93f93e93e68c61619a9ac366d9058f2a7ec9f6fba4840eaed935310,raw_cache\2454_108_09_2_detail.json,e882da46dcf5b57256e63111601c9bb1f7d4e5602a4358712879ec78d8cbc4d7,cache_hit,,2026-07-30T02:10:44+00:00
2454,108,10,mops_api_t05st01,https://mops.twse.com.tw/mops/#/web/t05st01,"{""companyId"": ""2454"", ""firstDay"": """", ""lastDay"": """", ""month"": ""10"", ""year"": ""108""}",c287f7315a61bc794e0718a71ee1d8473b711677094395a998cb576a90d68534,raw_cache\2454_108_10_list.json,2476862980dac816dc791c081329f1d1247696a6d81035f79377c74c67f38843,cache_hit,,2026-07-30T02:10:44+00:00
2454,108,10,mops_api_t05st01_detail,https://mops.twse.com.tw/mops/#/web/t05st01,"{""companyId"": ""2454"", ""enterDate"": ""1081009"", ""marketKind"": ""sii"", ""serialNumber"": ""1""}",8cf1e323df51d8f86f95e332797813794a941ecb61c125419ca7ef047140a3a9,raw_cache\2454_108_10_0_detail.json,c70f322d65bafd9951adb66d82660f946df79401bca8485aa9bd0eec022343bc,cache_hit,,2026-07-30T02:10:44+00:00
2454,108,10,mops_api_t05st01_detail,https://mops.twse.com.tw/mops/#/web/t05st01,"{""companyId"": ""2454"", ""enterDate"": ""1081009"", ""marketKind"": ""sii"", ""serialNumber"": ""2""}",8ebf4e60d19d2f06eeaa38d9279260e1d382bb610ba2f3f8fbed9c177c199b17,raw_cache\2454_108_10_1_detail.json,e665704cb6d7aa436b13863f0800aa06b72e4e8924f7a385017dd5969aaff136,cache_hit,,2026-07-30T02:10:44+00:00
2454,108,10,mops_api_t05st01_detail,https://mops.twse.com.tw/mops/#/web/t05st01,"{""companyId"": ""2454"", ""enterDate"": ""1081025"", ""marketKind"": ""sii"", ""serialNumber"": ""1""}",f536a99b8a64596442bc5f99672a785163b6b68914943e36a19f78bc9d503b03,raw_cache\2454_108_10_3_detail.json,372cd8d2ca5565adc4098864e35d55a107aa69ec9d38d9323473455e74eb3383,cache_hit,,2026-07-30T02:10:44+00:00
2454,108,10,mops_api_t05st01_detail,https://mops.twse.com.tw/mops/#/web/t05st01,"{""companyId"": ""2454"", ""enterDate"": ""1081023"", ""marketKind"": ""sii"", ""serialNumber"": ""1""}",e70c3d015ec70726b981ffe38d178d9d95d5c8484f8499312f4546183e8185d1,raw_cache\2454_108_10_4_detail.json,daeafd34d1a546027062c442af0318b412f9500ebb2be04ddb7dd832a5df3304,cache_hit,,2026-07-30T02:10:44+00:00
2454,108,10,mops_api_t05st01_detail,https://mops.twse.com.tw/mops/#/web/t05st01,"{""companyId"": ""2454"", ""enterDate"": ""1081030"", ""marketKind"": ""sii"", ""serialNumber"": ""3""}",092ff8df9fa7eb9751fb8030bb69ee2f1876e4daf4f63cd29bbc7c3d321c8677,raw_cache\2454_108_10_8_detail.json,e39987ce08e8fc4e86dc946ab675a9f7e0009c811668b602d6a2d04e697a0de8,cache_hit,,2026-07-30T02:10:44+00:00
2454,108,10,mops_api_t05st01_detail,https://mops.twse.com.tw/mops/#/web/t05st01,"{""companyId"": ""2454"", ""enterDate"": ""1081030"", ""marketKind"": ""sii"", ""serialNumber"": ""4""}",356d66ac0ecfe1a77ae66dc17cc7cdcef44b4450b29da0ffca07f88696c3ca47,raw_cache\2454_108_10_9_detail.json,1adeb40edcb3ccae80832ed626c9618619ce98ef974f24e65201a17897a25ac5,cache_hit,,2026-07-30T02:10:44+00:00
2454,108,10,mops_api_t05st01_detail,https://mops.twse.com.tw/mops/#/web/t05st01,"{""companyId"": ""2454"", ""enterDate"": ""1081030"", ""marketKind"": ""sii"", ""serialNumber"": ""1""}",6796b6519d9cf32499529668d6c37bb3b0b2082b6445839f11ebb9dce2106dfd,raw_cache\2454_108_10_10_detail.json,981b019035ca18518360fdcc47bdf6f55167115a3b121bcaa4fd835fa59fadae,cache_hit,,2026-07-30T02:10:44+00:00
2454,115,03,mops_api_t05st01,https://mops.twse.com.tw/mops/#/web/t05st01,"{""companyId"": ""2454"", ""firstDay"": """", ""lastDay"": """", ""month"": ""03"", ""year"": ""115""}",1576f7e1bfc0283d5f055cf321eb56be28f7f9cea6f4de1dc037cd11c120f952,raw_cache\2454_115_03_list.json,9af6bd4631f4583341197de56880b73898116eae527d0f0613c0e9b6e690ba5c,cache_hit,,2026-07-30T02:10:44+00:00
2454,115,03,mops_api_t05st01_detail,https://mops.twse.com.tw/mops/#/web/t05st01,"{""companyId"": ""2454"", ""enterDate"": ""1150310"", ""marketKind"": ""sii"", ""serialNumber"": ""1""}",a6a38ea4fd4b5e98a52a047294966f64611d41649426e5ee492707c985fcc88c,raw_cache\2454_115_03_1_detail.json,19cdb1ea066bb2cf6d3ad4d75a537649b3f1399cb8c44d80cc15790d0004d4f9,cache_hit,,2026-07-30T02:10:44+00:00
2454,115,04,mops_api_t05st01,https://mops.twse.com.tw/mops/#/web/t05st01,"{""companyId"": ""2454"", ""firstDay"": """", ""lastDay"": """", ""month"": ""04"", ""year"": ""115""}",231bca09411cdcd2db69a2cdd3458fbda3ec644f2dc77a49ed240370cbd6cf7e,raw_cache\2454_115_04_list.json,5f5ef1ca3bc62ed7675b020ca7e5b255cfdc84da6f27e5ce711e6fce456399bf,cache_hit,,2026-07-30T02:10:44+00:00
2454,115,04,mops_api_t05st01_detail,https://mops.twse.com.tw/mops/#/web/t05st01,"{""companyId"": ""2454"", ""enterDate"": ""1150410"", ""marketKind"": ""sii"", ""serialNumber"": ""1""}",6f39d453b459ed8ec0f4ec816996ae0eb35bcf8d19bdcf333babde52bd386eae,raw_cache\2454_115_04_0_detail.json,1620dcd4dc265603f73ff0becdf46522b6cce3abcda9e940c9bf6bd2264b4d21,cache_hit,,2026-07-30T02:10:44+00:00
2454,115,04,mops_api_t05st01_detail,https://mops.twse.com.tw/mops/#/web/t05st01,"{""companyId"": ""2454"", ""enterDate"": ""1150415"", ""marketKind"": ""sii"", ""serialNumber"": ""2""}",da6702fff79749a01944d427803fb0695f781522c425efcf22fcc9e6134430d5,raw_cache\2454_115_04_3_detail.json,effe1046892cbc5febfd475a69031ab02fa110d7ff47ec22ee76cedf074ad186,cache_hit,,2026-07-30T02:10:44+00:00
2454,115,04,mops_api_t05st01_detail,https://mops.twse.com.tw/mops/#/web/t05st01,"{""companyId"": ""2454"", ""enterDate"": ""1150416"", ""marketKind"": ""sii"", ""serialNumber"": ""1""}",b1a19125992c80b2155788db083cd02a7449aee3e464623990de9e7e40c9b245,raw_cache\2454_115_04_5_detail.json,6d26c99c2d5be99ae1bd71e39e1c212280259905976e11d3edc2d270b446db5c,cache_hit,,2026-07-30T02:10:44+00:00
2454,115,04,mops_api_t05st01_detail,https://mops.twse.com.tw/mops/#/web/t05st01,"{""companyId"": ""2454"", ""enterDate"": ""1150420"", ""marketKind"": ""sii"", ""serialNumber"": ""1""}",7f257ec133d16f6ae2dee0a515a5a71ade140b1837e9a18a59439321c36d9380,raw_cache\2454_115_04_8_detail.json,e3c00b6af15da9d31dce2f9fdaab91ea9ab7491dc0dd3f15fa7b54a22d70edc9,cache_hit,,2026-07-30T02:10:44+00:00
2454,115,04,mops_api_t05st01_detail,https://mops.twse.com.tw/mops/#/web/t05st01,"{""companyId"": ""2454"", ""enterDate"": ""1150428"", ""marketKind"": ""sii"", ""serialNumber"": ""1""}",e356610d0fb5235fe903cb1596f94a2b9a8a7b09f7fb245a4011a010ec030523,raw_cache\2454_115_04_10_detail.json,692fffd17c955d8ea6e92d353e5f53913274ebdcfd077f0c51c998166a0bf2ec,cache_hit,,2026-07-30T02:10:44+00:00
2454,115,04,mops_api_t05st01_detail,https://mops.twse.com.tw/mops/#/web/t05st01,"{""companyId"": ""2454"", ""enterDate"": ""1150430"", ""marketKind"": ""sii"", ""serialNumber"": ""1""}",6a0169627d116ea3de3b978d45f5569c7ca97cc59a55130b2487c0d1e5d7dae8,raw_cache\2454_115_04_11_detail.json,dc2d47bf22c5841975817f2c9e8f5ee5cd0b34c6717d54fec44f815c81669cac,cache_hit,,2026-07-30T02:10:44+00:00
2454,115,04,mops_api_t05st01_detail,https://mops.twse.com.tw/mops/#/web/t05st01,"{""companyId"": ""2454"", ""enterDate"": ""1150430"", ""marketKind"": ""sii"", ""serialNumber"": ""2""}",dba2b6fdcadbb858da443023197357495307d271af658eccec52039e2d76250d,raw_cache\2454_115_04_12_detail.json,b9ec91fcc3fc2c69bedb5dd27e37b095e1472ef130be16e93249173eed29704b,cache_hit,,2026-07-30T02:10:44+00:00
2454,115,04,mops_api_t05st01_detail,https://mops.twse.com.tw/mops/#/web/t05st01,"{""companyId"": ""2454"", ""enterDate"": ""1150430"", ""marketKind"": ""sii"", ""serialNumber"": ""5""}",eb66798a7bd6c3f0ad1a9ca482e4a9d95cbc5381cf9f207d414cfd507c1cd28c,raw_cache\2454_115_04_13_detail.json,58cf570ed250707f6357651df9d672753db7423cd03b19000ef52a6b5c44b713,cache_hit,,2026-07-30T02:10:44+00:00
2454,115,05,mops_api_t05st01,https://mops.twse.com.tw/mops/#/web/t05st01,"{""companyId"": ""2454"", ""firstDay"": """", ""lastDay"": """", ""month"": ""05"", ""year"": ""115""}",cfbaa1a5103c037457bacc301fa2331e83b0797c3d531832a7e925f16235ac10,raw_cache\2454_115_05_list.json,0118ee9615f182ea8f8bdc4bf8b3bfdca86ece73d581bb6b0272c6b37c9b4a1f,cache_hit,,2026-07-30T02:10:44+00:00
2454,115,05,mops_api_t05st01_detail,https://mops.twse.com.tw/mops/#/web/t05st01,"{""companyId"": ""2454"", ""enterDate"": ""1150428"", ""marketKind"": ""sii"", ""serialNumber"": ""2""}",15d92d42e48e3c86e2132773344a4c993be58836548301c88887122eb2a9d824,raw_cache\2454_115_05_0_detail.json,fe1dd18b30b7fcdc86d8ebb42ddbae24a5f80c05f9377316b463b3b3097197b3,cache_hit,,2026-07-30T02:10:44+00:00
2454,115,05,mops_api_t05st01_detail,https://mops.twse.com.tw/mops/#/web/t05st01,"{""companyId"": ""2454"", ""enterDate"": ""1150508"", ""marketKind"": ""sii"", ""serialNumber"": ""1""}",0eac30cb94c44ee951f52837c9800d49d2bea21baf4ca1847473e3ed08aebd4e,raw_cache\2454_115_05_3_detail.json,919b86507df1328da650dc284ce1c3088ea32c0702a30ebc1fc65deecfddb0ed,cache_hit,,2026-07-30T02:10:44+00:00
2454,115,05,mops_api_t05st01_detail,https://mops.twse.com.tw/mops/#/web/t05st01,"{""companyId"": ""2454"", ""enterDate"": ""1150428"", ""marketKind"": ""sii"", ""serialNumber"": ""3""}",889562bb9d555ff00be3f3df95f3aeff6d5b3e5e1be3b0b837fd25527256fd7d,raw_cache\2454_115_05_7_detail.json,da9eec44a77beb737535e1f1fc699814c4297cbd5133f3bfc55b9bc38d707f5a,cache_hit,,2026-07-30T02:10:44+00:00
2454,115,05,mops_api_t05st01_detail,https://mops.twse.com.tw/mops/#/web/t05st01,"{""companyId"": ""2454"", ""enterDate"": ""1150529"", ""marketKind"": ""sii"", ""serialNumber"": ""3""}",ec43d2979dfd49b1a11a0ab1c0f71a98ef624a0a1ec4e1aa6c62072b9b3c9f9d,raw_cache\2454_115_05_13_detail.json,5cd57292465f8c462f24bdce0aea761b3f29b199ef5559b122c1b85b828b58b3,cache_hit,,2026-07-30T02:10:44+00:00
2454,115,05,mops_api_t05st01_detail,https://mops.twse.com.tw/mops/#/web/t05st01,"{""companyId"": ""2454"", ""enterDate"": ""1150527"", ""marketKind"": ""sii"", ""serialNumber"": ""1""}",cacd63dabecde0c64c8d42a041fe846d56a69795d248af6a7e9e49184f7701c7,raw_cache\2454_115_05_14_detail.json,f514cc6b9d2506c5c50cbb508189df8b77a17636f39e66fd1caabcb9307adf24,cache_hit,,2026-07-30T02:10:44+00:00
2454,115,06,mops_api_t05st01,https://mops.twse.com.tw/mops/#/web/t05st01,"{""companyId"": ""2454"", ""firstDay"": """", ""lastDay"": """", ""month"": ""06"", ""year"": ""115""}",5f0549839781f1cb2fba2c35e50be02044f54c9498a1a5082cfe889b424e71ad,raw_cache\2454_115_06_list.json,a54f9e4ea6fb3210ec0b6d910daa09f0672af3e3aea216274aa60ac0d298b3bc,cache_hit,,2026-07-30T02:10:44+00:00
2454,115,06,mops_api_t05st01_detail,https://mops.twse.com.tw/mops/#/web/t05st01,"{""companyId"": ""2454"", ""enterDate"": ""1150602"", ""marketKind"": ""sii"", ""serialNumber"": ""1""}",0d7f41d29c8dcb30dd57a89b65701dc5709d4f87f3f54642e4cd2771b2b3f579,raw_cache\2454_115_06_0_detail.json,f26b9b8e0fb700bee13a270586b10949f8d5eda7c113cd3c70e9ef5720bff22a,cache_hit,,2026-07-30T02:10:44+00:00
2454,115,06,mops_api_t05st01_detail,https://mops.twse.com.tw/mops/#/web/t05st01,"{""companyId"": ""2454"", ""enterDate"": ""1150610"", ""marketKind"": ""sii"", ""serialNumber"": ""1""}",b647f76d8ff53e24ec3559a6b5a4b4479fb13b53205657f152145c9a321f6a11,raw_cache\2454_115_06_1_detail.json,0d7b5c472c3786a5191a54c04c2a7d228f0abc0c9d7b41ade5aa0c3351275930,cache_hit,,2026-07-30T02:10:44+00:00
2454,115,06,mops_api_t05st01_detail,https://mops.twse.com.tw/mops/#/web/t05st01,"{""companyId"": ""2454"", ""enterDate"": ""1150610"", ""marketKind"": ""sii"", ""serialNumber"": ""2""}",d6a2f3e1e731cab765471e0df73286ef53f9788960cc54d810ebd0a7888129e2,raw_cache\2454_115_06_2_detail.json,fa6de45e4bcd00c8e88f3bcd0d81fa7871f94d40b11ee0d709f02f92c70e3809,cache_hit,,2026-07-30T02:10:44+00:00
2454,115,06,mops_api_t05st01_detail,https://mops.twse.com.tw/mops/#/web/t05st01,"{""companyId"": ""2454"", ""enterDate"": ""1150622"", ""marketKind"": ""sii"", ""serialNumber"": ""1""}",336d62e7856085c31da5fc5bfea68b283060a6802de1a179f5b9613596d39efd,raw_cache\2454_115_06_4_detail.json,ebdf3f1a28ea94e629fb97da59b81c89b1b057cd0c4895022a6655fd70d638ce,cache_hit,,2026-07-30T02:10:44+00:00
2474,106,04,mops_api_t05st01,https://mops.twse.com.tw/mops/#/web/t05st01,"{""companyId"": ""2474"", ""firstDay"": """", ""lastDay"": """", ""month"": ""04"", ""year"": ""106""}",afa150736d2f57c82bd786d21e97eabf6b7e1886ee51e57bdb8a01f9753f323e,raw_cache\2474_106_04_list.json,77fb539955fc4074537fa18e56833c8c497df6584c6c3c7cda2869356d8fba6e,cache_hit,,2026-07-30T02:10:44+00:00
2474,106,05,mops_api_t05st01,https://mops.twse.com.tw/mops/#/web/t05st01,"{""companyId"": ""2474"", ""firstDay"": """", ""lastDay"": """", ""month"": ""05"", ""year"": ""106""}",2bddc480bfb7f2a2b6d77386cabb4f119e89bb470470f7c28f998033c188755b,raw_cache\2474_106_05_list.json,b53f54991c24813683a71951869027e8bc5accfa2899c3d71ea75f8da1333a39,cache_hit,,2026-07-30T02:10:44+00:00
2474,106,05,mops_api_t05st01_detail,https://mops.twse.com.tw/mops/#/web/t05st01,"{""companyId"": ""2474"", ""enterDate"": ""1060505"", ""marketKind"": ""sii"", ""serialNumber"": ""1""}",6ea2bff8f3ca191f714e10e91fcef048e1894e9e8349bcf4a4528df4a1da2c0e,raw_cache\2474_106_05_3_detail.json,0dc7a4daedd2cd223dcfccaa391c28ffb17ffe620f8ae8e93a9c84e095d84a5b,cache_hit,,2026-07-30T02:10:44+00:00
2474,106,05,mops_api_t05st01_detail,https://mops.twse.com.tw/mops/#/web/t05st01,"{""companyId"": ""2474"", ""enterDate"": ""1060505"", ""marketKind"": ""sii"", ""serialNumber"": ""2""}",d266ec40a07ce9ce525e1a409f9baaa92fa80a6d8f0dccc5eaf622fce77db75f,raw_cache\2474_106_05_4_detail.json,6eac079497cc89f98862398b35b71dc24b19ef575e850611588f411dfb2abdd8,cache_hit,,2026-07-30T02:10:44+00:00
2474,106,06,mops_api_t05st01,https://mops.twse.com.tw/mops/#/web/t05st01,"{""companyId"": ""2474"", ""firstDay"": """", ""lastDay"": """", ""month"": ""06"", ""year"": ""106""}",942ee99acab850d19348272cbfd84a4ba98c12d2ee6f570a3f7fe8bc086c314a,raw_cache\2474_106_06_list.json,d91b9da188b87907bfcfa49c396b2c01dee84af2ab59a90e29bf59f023f8eaa8,cache_hit,,2026-07-30T02:10:44+00:00
2474,106,07,mops_api_t05st01,https://mops.twse.com.tw/mops/#/web/t05st01,"{""companyId"": ""2474"", ""firstDay"": """", ""lastDay"": """", ""month"": ""07"", ""year"": ""106""}",176d95945afd842dc9a660bbcb64d7d237ebe27b0a85e67720296f59e8dc560b,raw_cache\2474_106_07_list.json,de8cdaa547464ad7d5f3f991e216679c06e1415ae0e42be3b29e4a61de05ba1b,cache_hit,,2026-07-30T02:10:44+00:00
2474,106,07,mops_api_t05st01_detail,https://mops.twse.com.tw/mops/#/web/t05st01,"{""companyId"": ""2474"", ""enterDate"": ""1060712"", ""marketKind"": ""sii"", ""serialNumber"": ""2""}",d82230d085f429e4fc3af3685356c8bc496b8ba7ccebebb3f2c1ee8701bd4bde,raw_cache\2474_106_07_3_detail.json,ce904de781da425bd8f3f443f5838e3559cb1beef296471322375df4065c8053,cache_hit,,2026-07-30T02:10:44+00:00
2474,106,12,mops_api_t05st01,https://mops.twse.com.tw/mops/#/web/t05st01,"{""companyId"": ""2474"", ""firstDay"": """", ""lastDay"": """", ""month"": ""12"", ""year"": ""106""}",73cf07530706c5d7adf05ccc145cddfa0a4171d03ec5854cd7034f54860959ae,raw_cache\2474_106_12_list.json,4a6f6791f4f9600576c95f92d3b28ac06bc579965e9070db5bd26187c5871ec6,cache_hit,,2026-07-30T02:10:44+00:00
2474,107,01,mops_api_t05st01,https://mops.twse.com.tw/mops/#/web/t05st01,"{""companyId"": ""2474"", ""firstDay"": """", ""lastDay"": """", ""month"": ""01"", ""year"": ""107""}",346968ff219e9432b0142daffc3b3347eb6cf8b6f2f5d8fc50d62619dbb195be,raw_cache\2474_107_01_list.json,9df6bba350d58342a7f4a994948c444d2e4ffd84c432448217d0e713766ccb48,cache_hit,,2026-07-30T02:10:44+00:00
2474,107,02,mops_api_t05st01,https://mops.twse.com.tw/mops/#/web/t05st01,"{""companyId"": ""2474"", ""firstDay"": """", ""lastDay"": """", ""month"": ""02"", ""year"": ""107""}",7e30b72dc35194e16141d7b885edfa974a7d2f598fba67401dbfc02b3acf80d6,raw_cache\2474_107_02_list.json,fdc81424c4f9320b18057c65b98bc0285f85e5958a148a8bc00a8029493e8e7a,cache_hit,,2026-07-30T02:10:44+00:00
2474,107,03,mops_api_t05st01,https://mops.twse.com.tw/mops/#/web/t05st01,"{""companyId"": ""2474"", ""firstDay"": """", ""lastDay"": """", ""month"": ""03"", ""year"": ""107""}",573cc4234137cebd343f88157d56927a5c1f0a3ef737999773edc1da4d34135d,raw_cache\2474_107_03_list.json,5de464fa31cb81ceb137946e65fac078e0871c20e7e40f617ba462a5ccb40021,cache_hit,,2026-07-30T02:10:44+00:00
2474,107,03,mops_api_t05st01_detail,https://mops.twse.com.tw/mops/#/web/t05st01,"{""companyId"": ""2474"", ""enterDate"": ""1070305"", ""marketKind"": ""sii"", ""serialNumber"": ""1""}",563be541f9f5adae4a6083f7bc674f8aeab9e15de4ba5d71682259a3ca4105d0,raw_cache\2474_107_03_0_detail.json,f3d72ae5ab2e632b910794bc2f651360ae28f9d5952559cec6e358b7ce1bfe5d,cache_hit,,2026-07-30T02:10:44+00:00
2474,107,03,mops_api_t05st01_detail,https://mops.twse.com.tw/mops/#/web/t05st01,"{""companyId"": ""2474"", ""enterDate"": ""1070305"", ""marketKind"": ""sii"", ""serialNumber"": ""2""}",3fd74edcca4b91471289dde453c5d764257610fdd258583b928c727fe626573e,raw_cache\2474_107_03_1_detail.json,40f7c4d63c74526ca75ef4785f1abd8fdd2a9049b6ef1a7cb19a1e4d91d293fc,cache_hit,,2026-07-30T02:10:44+00:00
2474,107,04,mops_api_t05st01,https://mops.twse.com.tw/mops/#/web/t05st01,"{""companyId"": ""2474"", ""firstDay"": """", ""lastDay"": """", ""month"": ""04"", ""year"": ""107""}",92b842793650f458c9cbe976ebd06c3250c5084eff8cdf5f86ffa7fe06bc88ca,raw_cache\2474_107_04_list.json,63297a3f48b44e2f9d80effb991e5bf21e8486f3d6d2bcf2a3c51b947e062f60,cache_hit,,2026-07-30T02:10:44+00:00
2474,108,04,mops_api_t05st01,https://mops.twse.com.tw/mops/#/web/t05st01,"{""companyId"": ""2474"", ""firstDay"": """", ""lastDay"": """", ""month"": ""04"", ""year"": ""108""}",0168297ea164225d103784d8283a9c8e5d273b9991c0cfed9b94a8be702c4808,raw_cache\2474_108_04_list.json,08c03327e5a87f0d78408099025ab7559514ada5416efbc203dad9e5d0638250,cache_hit,,2026-07-30T02:10:44+00:00
2474,108,04,mops_api_t05st01_detail,https://mops.twse.com.tw/mops/#/web/t05st01,"{""companyId"": ""2474"", ""enterDate"": ""1080429"", ""marketKind"": ""sii"", ""serialNumber"": ""1""}",75e5e2f97dbc0d6d0a34d14bed853a8bca3cc702c078209a56483b0b695e1fa2,raw_cache\2474_108_04_1_detail.json,01fde21df3f2fd50d162610298a0b61e2ebc0bdee837b2fce1a90551bf09668d,cache_hit,,2026-07-30T02:10:44+00:00
2474,108,05,mops_api_t05st01,https://mops.twse.com.tw/mops/#/web/t05st01,"{""companyId"": ""2474"", ""firstDay"": """", ""lastDay"": """", ""month"": ""05"", ""year"": ""108""}",c2d0c36e964df291537db770737e0ebd375aa6852d07a78fe1b91498ae8928f9,raw_cache\2474_108_05_list.json,c2c860c799f304be40500c461d03016037bc92139817d02fffa0745fa71f1c1d,cache_hit,,2026-07-30T02:10:44+00:00
2474,108,06,mops_api_t05st01,https://mops.twse.com.tw/mops/#/web/t05st01,"{""companyId"": ""2474"", ""firstDay"": """", ""lastDay"": """", ""month"": ""06"", ""year"": ""108""}",44523faf1ae427f3d897f363192f9dd81471bb59a104401e8d36c5eb43fd80d0,raw_cache\2474_108_06_list.json,7704b79c5de576f7829109469dfc8113d113c62d908271646a064c83de04b653,cache_hit,,2026-07-30T02:10:44+00:00
2474,108,07,mops_api_t05st01,https://mops.twse.com.tw/mops/#/web/t05st01,"{""companyId"": ""2474"", ""firstDay"": """", ""lastDay"": """", ""month"": ""07"", ""year"": ""108""}",dd0bb619814539c8a18fc898723f4936b985b5d40fe6293bcceca75f5b57c598,raw_cache\2474_108_07_list.json,f557c88ad5d5391a499378460a4cef5bf02fa1e8a8cdcda75227e1856edadc9f,cache_hit,,2026-07-30T02:10:44+00:00
2474,108,08,mops_api_t05st01,https://mops.twse.com.tw/mops/#/web/t05st01,"{""companyId"": ""2474"", ""firstDay"": """", ""lastDay"": """", ""month"": ""08"", ""year"": ""108""}",a64f6d5112933572d5e4198547d332265f8692a2635e2e5e0b65ec52928f8956,raw_cache\2474_108_08_list.json,e511b66c73b37472ef74c478ac70569b7caf1296bb54ff7125ce58cf377bd33b,cache_hit,,2026-07-30T02:10:44+00:00
2474,108,08,mops_api_t05st01_detail,https://mops.twse.com.tw/mops/#/web/t05st01,"{""companyId"": ""2474"", ""enterDate"": ""1080809"", ""marketKind"": ""sii"", ""serialNumber"": ""1""}",6abd39c7c49bc2b5e377f558a1da32d5b7d6405fd115e631a5ba7789d95ec1b8,raw_cache\2474_108_08_0_detail.json,484e8a7e6d0bf1033ecc69f769bb04d980f55677079a39cdce94eb628d9fe8a1,cache_hit,,2026-07-30T02:10:44+00:00
2474,108,08,mops_api_t05st01_detail,https://mops.twse.com.tw/mops/#/web/t05st01,"{""companyId"": ""2474"", ""enterDate"": ""1080809"", ""marketKind"": ""sii"", ""serialNumber"": ""3""}",1c39ea558f5a658a20e6297b20d43f31aab58887cdf98c054198594e67f6da26,raw_cache\2474_108_08_2_detail.json,9749d264bee4021c67499b9f7da78e83f3d2b0292eef6d1523b13618d57bc8e8,cache_hit,,2026-07-30T02:10:44+00:00
2474,108,09,mops_api_t05st01,https://mops.twse.com.tw/mops/#/web/t05st01,"{""companyId"": ""2474"", ""firstDay"": """", ""lastDay"": """", ""month"": ""09"", ""year"": ""108""}",a6b3ce01b4a09621f66b663fb734ebe4646afb32cd1f59e8f2690379a682983e,raw_cache\2474_108_09_list.json,16e7ee20b25c7c1e66f4adccb80179e976e8a0b829b56039544cbf5d0e2c5c1b,cache_hit,,2026-07-30T02:10:44+00:00
2474,108,10,mops_api_t05st01,https://mops.twse.com.tw/mops/#/web/t05st01,"{""companyId"": ""2474"", ""firstDay"": """", ""lastDay"": """", ""month"": ""10"", ""year"": ""108""}",44440b84d7bf2b974b49973c52a6f4dad1c28c8d5aa37e59d436698b327236b4,raw_cache\2474_108_10_list.json,f6bec99547e45dde6c91f75defa84dec496e4e371c7e06c70dda2e89d8bf5294,cache_hit,,2026-07-30T02:10:44+00:00
2474,108,11,mops_api_t05st01,https://mops.twse.com.tw/mops/#/web/t05st01,"{""companyId"": ""2474"", ""firstDay"": """", ""lastDay"": """", ""month"": ""11"", ""year"": ""108""}",ee2dfc714fd432f88f8bd145d4d34b43a6a6858d854ca84e00f2ed823e8c2cbd,raw_cache\2474_108_11_list.json,caff1ab1d3892dbc725629aa01a529415d9b9003b704ed223339dcf7a25d2244,cache_hit,,2026-07-30T02:10:44+00:00
2474,108,11,mops_api_t05st01_detail,https://mops.twse.com.tw/mops/#/web/t05st01,"{""companyId"": ""2474"", ""enterDate"": ""1081109"", ""marketKind"": ""sii"", ""serialNumber"": ""1""}",16d12bf0bf3766d0b8620b04e29d17dbf4e6dad1a9b2c13ffc21a6765f875665,raw_cache\2474_108_11_1_detail.json,c86cf34dc780d89b044834877548b5ccc0b395d56bbd05bc384ea6c998313a4f,cache_hit,,2026-07-30T02:10:44+00:00
2474,108,11,mops_api_t05st01_detail,https://mops.twse.com.tw/mops/#/web/t05st01,"{""companyId"": ""2474"", ""enterDate"": ""1081109"", ""marketKind"": ""sii"", ""serialNumber"": ""3""}",573705650d014f57bc3c6cd3a9bb74bc2e447e6fdf8caf318f1e4a82da5b1bf3,raw_cache\2474_108_11_3_detail.json,1a70a8637c002a86c544eabbe68760bfa6c3b7d4abf1dd57dbb5e23b76c5c1b7,cache_hit,,2026-07-30T02:10:44+00:00
2486,112,11,mops_api_t05st01,https://mops.twse.com.tw/mops/#/web/t05st01,"{""companyId"": ""2486"", ""firstDay"": """", ""lastDay"": """", ""month"": ""11"", ""year"": ""112""}",4d3ede8c1e3e2fc61119ad961dab6629d3f02d36dad0f926002797590cb5026a,raw_cache\2486_112_11_list.json,f66395e023b6c7d3e7010f4d600ca8c3c93027c36a1800188ff6617f2f22ae10,cache_hit,,2026-07-30T02:10:44+00:00
2486,112,11,mops_api_t05st01_detail,https://mops.twse.com.tw/mops/#/web/t05st01,"{""companyId"": ""2486"", ""enterDate"": ""1121106"", ""marketKind"": ""sii"", ""serialNumber"": ""1""}",7174c9cac598a26ec78cc83991ad31e98f051301a8e5ba386829a193cbf2b0c2,raw_cache\2486_112_11_0_detail.json,595e253e63feec55802ece71a95535c6b1e7b61403727b2b130eec39a19b9c53,cache_hit,,2026-07-30T02:10:44+00:00
2486,112,12,mops_api_t05st01,https://mops.twse.com.tw/mops/#/web/t05st01,"{""companyId"": ""2486"", ""firstDay"": """", ""lastDay"": """", ""month"": ""12"", ""year"": ""112""}",687a4d00aa2e351c051c3b2eb556d2a91d4fe67f0120c35e4d751b338207204f,raw_cache\2486_112_12_list.json,27d9cbe17ab1f47802c5e3a3f46d818a55d7d10c1d14c63da298d325ef22c824,cache_hit,,2026-07-30T02:10:44+00:00
2486,113,01,mops_api_t05st01,https://mops.twse.com.tw/mops/#/web/t05st01,"{""companyId"": ""2486"", ""firstDay"": """", ""lastDay"": """", ""month"": ""01"", ""year"": ""113""}",2295c404a40d46aa2b61468c26b35301c83003b83acbbe64995203edef0055ae,raw_cache\2486_113_01_list.json,955c4ae31c593121c985c6fe8375426b1dab7f06875b1bd915e02a7040d9d77d,cache_hit,,2026-07-30T02:10:44+00:00
2486,113,02,mops_api_t05st01,https://mops.twse.com.tw/mops/#/web/t05st01,"{""companyId"": ""2486"", ""firstDay"": """", ""lastDay"": """", ""month"": ""02"", ""year"": ""113""}",9e6abafb494811e4235179e95705852ba906a5011b57d947fd5754283830e476,raw_cache\2486_113_02_list.json,536556556000862d4c808f95f62333d95565aa5ce6b5b9f5aa982b11f24ad4fe,cache_hit,,2026-07-30T02:10:44+00:00
2603,110,12,mops_api_t05st01,https://mops.twse.com.tw/mops/#/web/t05st01,"{""companyId"": ""2603"", ""firstDay"": """", ""lastDay"": """", ""month"": ""12"", ""year"": ""110""}",94f396697cbcc75d3ec6d243289fa6f3f303ed87a853b21aaa595f34b15a255e,raw_cache\2603_110_12_list.json,67718a4054a31678cf2925c906dd1a2bb4f0c484d4caa5cee87fe2c81cc543ef,cache_hit,,2026-07-30T02:10:44+00:00
2603,111,01,mops_api_t05st01,https://mops.twse.com.tw/mops/#/web/t05st01,"{""companyId"": ""2603"", ""firstDay"": """", ""lastDay"": """", ""month"": ""01"", ""year"": ""111""}",dca1f810d209cfb6445f9f00fc7e28c1c3b986b648bbe9d3a181a039a0b38798,raw_cache\2603_111_01_list.json,fb0d3ffb88a4a370187c9236cf30822ff9555a9a99dfd64f5238a086f75fb2d6,cache_hit,,2026-07-30T02:10:44+00:00
2603,111,02,mops_api_t05st01,https://mops.twse.com.tw/mops/#/web/t05st01,"{""companyId"": ""2603"", ""firstDay"": """", ""lastDay"": """", ""month"": ""02"", ""year"": ""111""}",da4e86681bdc20e302145997c4e821e902f58ed0bd5e0eb9a01e2306b0d7f8b0,raw_cache\2603_111_02_list.json,e14d89e050fe5ec1bc4590fadf2402e058521e8c05417cc3e82302952c8faf6a,cache_hit,,2026-07-30T02:10:44+00:00
2603,111,02,mops_api_t05st01_detail,https://mops.twse.com.tw/mops/#/web/t05st01,"{""companyId"": ""2603"", ""enterDate"": ""1110222"", ""marketKind"": ""sii"", ""serialNumber"": ""1""}",746b263ed637964f1b8b3319c3d64f163e7b9edd0da7075119d7da91a10ba97d,raw_cache\2603_111_02_0_detail.json,a4a3946af2ad0223c748aba60469671268d7cd39091d16e6a7efb450c302028c,cache_hit,,2026-07-30T02:10:44+00:00
2603,111,02,mops_api_t05st01_detail,https://mops.twse.com.tw/mops/#/web/t05st01,"{""companyId"": ""2603"", ""enterDate"": ""1110222"", ""marketKind"": ""sii"", ""serialNumber"": ""2""}",63b0ee5f2b104700ac9cca5466e9535c2bf42f0c404dc27d05cd37a9c813c87f,raw_cache\2603_111_02_1_detail.json,f6ffe45118047ed169f8c6906f14a994a273110bfd5cfddff741532e33bc17cb,cache_hit,,2026-07-30T02:10:44+00:00
2603,111,02,mops_api_t05st01_detail,https://mops.twse.com.tw/mops/#/web/t05st01,"{""companyId"": ""2603"", ""enterDate"": ""1110225"", ""marketKind"": ""sii"", ""serialNumber"": ""1""}",3235eb4e7c84aa5a67d74ccdbae643a07d3ca95bab244f2ebfa017a186409967,raw_cache\2603_111_02_2_detail.json,d725d3f4d22511b7551e8ce3f3271e67ddee38d9d9044b19c8723b61a5e8c759,cache_hit,,2026-07-30T02:10:44+00:00
2603,111,03,mops_api_t05st01,https://mops.twse.com.tw/mops/#/web/t05st01,"{""companyId"": ""2603"", ""firstDay"": """", ""lastDay"": """", ""month"": ""03"", ""year"": ""111""}",3e6c5c42ba686c3407e3c72ddc68a9d8a12c58d5cbdc36dbf7a5c7e1174ff89d,raw_cache\2603_111_03_list.json,849761eaddefbfa83478cc9c89cd29c477845be461837b8fc6e5d234af3d1a27,cache_hit,,2026-07-30T02:10:44+00:00
2603,111,03,mops_api_t05st01_detail,https://mops.twse.com.tw/mops/#/web/t05st01,"{""companyId"": ""2603"", ""enterDate"": ""1110315"", ""marketKind"": ""sii"", ""serialNumber"": ""6""}",edea7c0adbd3d51901b9d2d1382b1e7f14fa3257ea0ce441ebcffa20d1f7c2ef,raw_cache\2603_111_03_5_detail.json,d1ff0607ee1bbb8beea0463577228d2416780b88f45192b2c53aaa111f36441c,cache_hit,,2026-07-30T02:10:44+00:00
2603,111,03,mops_api_t05st01_detail,https://mops.twse.com.tw/mops/#/web/t05st01,"{""companyId"": ""2603"", ""enterDate"": ""1110315"", ""marketKind"": ""sii"", ""serialNumber"": ""15""}",22f8ff789aa7e8f5aaa475d034111b33eddce40c0050acd8cdbb435afac4f074,raw_cache\2603_111_03_14_detail.json,7c143170b907c5642fee5e201011a1016c58de1a6f1863c541252359e43022ea,cache_hit,,2026-07-30T02:10:44+00:00
2603,111,03,mops_api_t05st01_detail,https://mops.twse.com.tw/mops/#/web/t05st01,"{""companyId"": ""2603"", ""enterDate"": ""1110315"", ""marketKind"": ""sii"", ""serialNumber"": ""16""}",760c7101c95f2afbd5846b34e8e2efa322118d39b68cba489ae40ba72d612dc4,raw_cache\2603_111_03_15_detail.json,a86ab1a85faf2f2d8c506b9094e41fad44731e8cfaf76aff050f1758cdfa8681,cache_hit,,2026-07-30T02:10:44+00:00
2603,111,04,mops_api_t05st01,https://mops.twse.com.tw/mops/#/web/t05st01,"{""companyId"": ""2603"", ""firstDay"": """", ""lastDay"": """", ""month"": ""04"", ""year"": ""111""}",07431269e694283da8ec46ab724af0bd60842319dc286cee817b7a110b82890a,raw_cache\2603_111_04_list.json,1aabb20ce4f52332cae602446fd9885d62098c47fbe05014d83d635f0238b66b,cache_hit,,2026-07-30T02:10:44+00:00
2603,111,04,mops_api_t05st01_detail,https://mops.twse.com.tw/mops/#/web/t05st01,"{""companyId"": ""2603"", ""enterDate"": ""1110401"", ""marketKind"": ""sii"", ""serialNumber"": ""1""}",8fb0431b0f9ff84bedaecb2d135728f2aacd61fd7534bd229c746373d2ac6011,raw_cache\2603_111_04_0_detail.json,144544daad6f91fe188492f7fed603dc95c520ce3f81988cc4601941783594f8,cache_hit,,2026-07-30T02:10:44+00:00
2603,111,05,mops_api_t05st01,https://mops.twse.com.tw/mops/#/web/t05st01,"{""companyId"": ""2603"", ""firstDay"": """", ""lastDay"": """", ""month"": ""05"", ""year"": ""111""}",42377c5829fff1812ef0ae7c43c781107550883acd442084b64dbcdd09a0a5ad,raw_cache\2603_111_05_list.json,e4700ea5323ad98dfc9c9fbce0e75cc690e22a8ae1058a2975597130a820ee8b,cache_hit,,2026-07-30T02:10:44+00:00
2603,111,05,mops_api_t05st01_detail,https://mops.twse.com.tw/mops/#/web/t05st01,"{""companyId"": ""2603"", ""enterDate"": ""1110506"", ""marketKind"": ""sii"", ""serialNumber"": ""1""}",f73105a978d4d58b5fc8c329b6855fd2c49eb728a4569423aeea7b179f0ca372,raw_cache\2603_111_05_0_detail.json,e4313a46c329a3241957f2a592e6b189a64398c7a98f62b1f341bcd31b51e80b,cache_hit,,2026-07-30T02:10:44+00:00
2603,111,05,mops_api_t05st01_detail,https://mops.twse.com.tw/mops/#/web/t05st01,"{""companyId"": ""2603"", ""enterDate"": ""1110530"", ""marketKind"": ""sii"", ""serialNumber"": ""2""}",ec8979d8755215b9c412f4f99588117fa378d9744fb826de4431e71a7667c3a1,raw_cache\2603_111_05_8_detail.json,89ab92fb142cc7da53e71c217b535c21a56e8c0e0d38bb0baee0f117a69ad3f5,cache_hit,,2026-07-30T02:10:44+00:00
2603,111,05,mops_api_t05st01_detail,https://mops.twse.com.tw/mops/#/web/t05st01,"{""companyId"": ""2603"", ""enterDate"": ""1110531"", ""marketKind"": ""sii"", ""serialNumber"": ""1""}",55b3841f30d64d7728bc3599e3a042ecb028e3ebba9c877c93a3a32a1a38df96,raw_cache\2603_111_05_9_detail.json,6bcf5dbc02893630467f54b3c5a196f7433f12d66e6f8a0fddc0ba020985edc2,cache_hit,,2026-07-30T02:10:44+00:00
2603,111,05,mops_api_t05st01_detail,https://mops.twse.com.tw/mops/#/web/t05st01,"{""companyId"": ""2603"", ""enterDate"": ""1110531"", ""marketKind"": ""sii"", ""serialNumber"": ""2""}",65f746aa816aa4ebbc0ff547766109e675e457c5e6d2bb45ac1809703f2bfb7d,raw_cache\2603_111_05_10_detail.json,8ca11c060e478eef0f73bcbead57f8d665898a1171779ab95235df7c82ba7c77,cache_hit,,2026-07-30T02:10:44+00:00
2603,113,09,mops_api_t05st01,https://mops.twse.com.tw/mops/#/web/t05st01,"{""companyId"": ""2603"", ""firstDay"": """", ""lastDay"": """", ""month"": ""09"", ""year"": ""113""}",e7e358e816ea95a349327a59b0cad9e572d85c7f03e49493ee8e3d3df1451ccf,raw_cache\2603_113_09_list.json,6ce6b07fc17480bfb685ce25fd2a171afbb83445608633e00ee71d4677907d3f,cache_hit,,2026-07-30T02:10:44+00:00
2603,113,09,mops_api_t05st01_detail,https://mops.twse.com.tw/mops/#/web/t05st01,"{""companyId"": ""2603"", ""enterDate"": ""1130930"", ""marketKind"": ""sii"", ""serialNumber"": ""1""}",c7f5f33c89e028b75540344a0a89ba9b3aa51a235af17a979c7e9537226a8571,raw_cache\2603_113_09_2_detail.json,9adf03cbf51579ce8c3c43e48be9f177d3319654ce89be7cdbfdbb7d2ad59e5a,cache_hit,,2026-07-30T02:10:44+00:00
2603,113,10,mops_api_t05st01,https://mops.twse.com.tw/mops/#/web/t05st01,"{""companyId"": ""2603"", ""firstDay"": """", ""lastDay"": """", ""month"": ""10"", ""year"": ""113""}",e4736a1a1702e1310cbcc84714f7f71709cdc8b95d096086d1c07a377843627b,raw_cache\2603_113_10_list.json,e69d7d0e75fd2d35489f3bc4cb813497438530f5bd7bad1e54caeddf852c1dfd,cache_hit,,2026-07-30T02:10:44+00:00
2603,113,11,mops_api_t05st01,https://mops.twse.com.tw/mops/#/web/t05st01,"{""companyId"": ""2603"", ""firstDay"": """", ""lastDay"": """", ""month"": ""11"", ""year"": ""113""}",6bd8a6568d69f86d0d2718b67b6c79f8d64fa8b60a8690a3e2968bec9f077e58,raw_cache\2603_113_11_list.json,ceb5753c13ebfcd42350d3f389e05de5833c065ff8950ea2102cb4aba1ef7060,cache_hit,,2026-07-30T02:10:44+00:00
2603,113,11,mops_api_t05st01_detail,https://mops.twse.com.tw/mops/#/web/t05st01,"{""companyId"": ""2603"", ""enterDate"": ""1131105"", ""marketKind"": ""sii"", ""serialNumber"": ""1""}",5e6467e371e685331994ca79df552556d9fa497f72183102a8a2dffedab0d62e,raw_cache\2603_113_11_0_detail.json,180f21142d112af5421043eb27b1c4159a66bdd5cc44dd803cb011e507690259,cache_hit,,2026-07-30T02:10:44+00:00
2603,113,11,mops_api_t05st01_detail,https://mops.twse.com.tw/mops/#/web/t05st01,"{""companyId"": ""2603"", ""enterDate"": ""1131113"", ""marketKind"": ""sii"", ""serialNumber"": ""1""}",c4ef98819137b0e76914ab2d968366ddfb65277148e3a107c0c2536ad652fee4,raw_cache\2603_113_11_1_detail.json,7d6e34eb86e6727fa794bcb7625c10ef3d1313484b234adbcc80ae8ffeb058fa,cache_hit,,2026-07-30T02:10:44+00:00
2603,113,12,mops_api_t05st01,https://mops.twse.com.tw/mops/#/web/t05st01,"{""companyId"": ""2603"", ""firstDay"": """", ""lastDay"": """", ""month"": ""12"", ""year"": ""113""}",d069945662d40089952eeead929b04de91297004d203fa9479367d37e62c9428,raw_cache\2603_113_12_list.json,0cee23a4d1bccf8fa0c7ea1e6aa2bb4ba0dd770246818977f26170e2da3b189a,cache_hit,,2026-07-30T02:10:44+00:00
2603,113,12,mops_api_t05st01_detail,https://mops.twse.com.tw/mops/#/web/t05st01,"{""companyId"": ""2603"", ""enterDate"": ""1131210"", ""marketKind"": ""sii"", ""serialNumber"": ""1""}",af7aec5e973dc35efa6d8f18721d35bc59ef1ba1a672ffccb7c44461d8f1b58a,raw_cache\2603_113_12_0_detail.json,fb24dfd39569e629badbd2fbda5f46ac67b54f9733bb6c264a2c61222c40546b,cache_hit,,2026-07-30T02:10:44+00:00
2634,111,05,mops_api_t05st01,https://mops.twse.com.tw/mops/#/web/t05st01,"{""companyId"": ""2634"", ""firstDay"": """", ""lastDay"": """", ""month"": ""05"", ""year"": ""111""}",f7b1ed1bfb02f7d97556708bd439a383d1737f1004899bbb1f9779a642397347,raw_cache\2634_111_05_list.json,798cef09d5a6f5f5f5f4ce049f753da14f53ac367349cc8b418455942d2184d3,cache_hit,,2026-07-30T02:10:44+00:00
2634,111,05,mops_api_t05st01_detail,https://mops.twse.com.tw/mops/#/web/t05st01,"{""companyId"": ""2634"", ""enterDate"": ""1110428"", ""marketKind"": ""sii"", ""serialNumber"": ""1""}",23abcd6004788a3bfcfff822d75465325a8a4d55a3d96d0d69794560600a30dc,raw_cache\2634_111_05_0_detail.json,8b1a538786d6c670c183b72b27c60a5e702e85246a752d5249e3e95b59f7b249,cache_hit,,2026-07-30T02:10:44+00:00
2634,111,06,mops_api_t05st01,https://mops.twse.com.tw/mops/#/web/t05st01,"{""companyId"": ""2634"", ""firstDay"": """", ""lastDay"": """", ""month"": ""06"", ""year"": ""111""}",8019385c6bc2c5f10e4014a1d51d66a3a289eb6ca49dedcc2a9c56783a5e2749,raw_cache\2634_111_06_list.json,9d6be3c5cf70c7d825e11af57028348270930aab5bd5573d085b5b486bfdebfc,cache_hit,,2026-07-30T02:10:44+00:00
2634,111,06,mops_api_t05st01_detail,https://mops.twse.com.tw/mops/#/web/t05st01,"{""companyId"": ""2634"", ""enterDate"": ""1110613"", ""marketKind"": ""sii"", ""serialNumber"": ""1""}",77ca08026453b19dd1597daa5d08098cd2a9a7c1cf64fed6fb4d9612aaa998a2,raw_cache\2634_111_06_0_detail.json,d9bda5b09bb1686ea564886d1946fe27804468ee7531093fcaf8437753f02b2f,cache_hit,,2026-07-30T02:10:44+00:00
2634,111,07,mops_api_t05st01,https://mops.twse.com.tw/mops/#/web/t05st01,"{""companyId"": ""2634"", ""firstDay"": """", ""lastDay"": """", ""month"": ""07"", ""year"": ""111""}",ba0bda36908732fe0d6af100c37db262f6850e2cde9014216a394bb6e6d20120,raw_cache\2634_111_07_list.json,213da5e58489c464178d6ad0e6c55264a494883c4f9de27d6ab527ed286d5bd0,cache_hit,,2026-07-30T02:10:45+00:00
2637,110,06,mops_api_t05st01,https://mops.twse.com.tw/mops/#/web/t05st01,"{""companyId"": ""2637"", ""firstDay"": """", ""lastDay"": """", ""month"": ""06"", ""year"": ""110""}",8cc9b61dd791d34e5f6432cf3f6612285a895b951bab1ed0e49703824a590a50,raw_cache\2637_110_06_list.json,c70dadf63b39a0df65e39cac33d490591b44c06f4a16a30f7f84875517f00394,cache_hit,,2026-07-30T02:10:45+00:00
2637,110,07,mops_api_t05st01,https://mops.twse.com.tw/mops/#/web/t05st01,"{""companyId"": ""2637"", ""firstDay"": """", ""lastDay"": """", ""month"": ""07"", ""year"": ""110""}",fd421056c0e4637f35dfb7c21b171a93eb33e44490d53b291165cb5d2b511083,raw_cache\2637_110_07_list.json,6a6e01060fb7c034bb06407ba70485a2995cc27fa8e101fe8c30c02e0243ca65,cache_hit,,2026-07-30T02:10:45+00:00
2637,110,07,mops_api_t05st01_detail,https://mops.twse.com.tw/mops/#/web/t05st01,"{""companyId"": ""2637"", ""enterDate"": ""1100705"", ""marketKind"": ""sii"", ""serialNumber"": ""1""}",987fd1dec7e81ce913b54e8c8ae379cf10a4ca27f22aadb73c4a8c4f9755e001,raw_cache\2637_110_07_0_detail.json,70e20728ef8608c05a1c0f204d34376220a33b531f3a0f9edb9f5d0aa523f557,cache_hit,,2026-07-30T02:10:45+00:00
2637,110,08,mops_api_t05st01,https://mops.twse.com.tw/mops/#/web/t05st01,"{""companyId"": ""2637"", ""firstDay"": """", ""lastDay"": """", ""month"": ""08"", ""year"": ""110""}",9b35575eb603c6596446387c415dbe5e1b66ceee4b16e36aecbbeca8e5fe9170,raw_cache\2637_110_08_list.json,f44cbf4fc891f754ce992cf914105d8ec1a92b8afa5a61579f9d14343c2e6375,cache_hit,,2026-07-30T02:10:45+00:00
2637,110,08,mops_api_t05st01_detail,https://mops.twse.com.tw/mops/#/web/t05st01,"{""companyId"": ""2637"", ""enterDate"": ""1100827"", ""marketKind"": ""sii"", ""serialNumber"": ""1""}",726c736dbe65b4f167a76ad4eecc6adca0520352fbd4bc3af1cf6f488c759a5d,raw_cache\2637_110_08_1_detail.json,cf9ca389ac739b4d2ff9e8d92fa1df0ee334c430d15029f0761354fcd42f25b4,cache_hit,,2026-07-30T02:10:45+00:00
2637,114,10,mops_api_t05st01,https://mops.twse.com.tw/mops/#/web/t05st01,"{""companyId"": ""2637"", ""firstDay"": """", ""lastDay"": """", ""month"": ""10"", ""year"": ""114""}",a111194dac1cb3783d5a8c5d0053d2dcbcabe27045e668bcd13693972e933baa,raw_cache\2637_114_10_list.json,4e3c315efbe8cd8565f20621f845576b47b5f6681b256d527056512a7f50b718,cache_hit,,2026-07-30T02:10:45+00:00
2637,114,11,mops_api_t05st01,https://mops.twse.com.tw/mops/#/web/t05st01,"{""companyId"": ""2637"", ""firstDay"": """", ""lastDay"": """", ""month"": ""11"", ""year"": ""114""}",2f26ff08930f864f0c8138a91ce48d09f438527ab6b42ffb6afcd4aa89ccf5d6,raw_cache\2637_114_11_list.json,c932e825d3d01cbfaa19ac2e59ae593def52b025c71bc90f5828f073c857c31a,cache_hit,,2026-07-30T02:10:45+00:00
2637,114,11,mops_api_t05st01_detail,https://mops.twse.com.tw/mops/#/web/t05st01,"{""companyId"": ""2637"", ""enterDate"": ""1141114"", ""marketKind"": ""sii"", ""serialNumber"": ""1""}",10d56b36bf79b9c6cad7570bde97151df4d7e62663dd354886c84ccec749367d,raw_cache\2637_114_11_1_detail.json,c6a19b59130a54567920ba84399469f873954548cd2b46dda69d6c330e086e0a,cache_hit,,2026-07-30T02:10:45+00:00
2637,114,12,mops_api_t05st01,https://mops.twse.com.tw/mops/#/web/t05st01,"{""companyId"": ""2637"", ""firstDay"": """", ""lastDay"": """", ""month"": ""12"", ""year"": ""114""}",a71cd416c49aab6796eb06186f71baa2bad4cd6d4a89cd21961391fc0daca785,raw_cache\2637_114_12_list.json,e674f5fee96c5c644ec28e68cb8fc0b5e4e93dc6dd13cebdaca0c941c0df57d9,cache_hit,,2026-07-30T02:10:45+00:00
2637,115,01,mops_api_t05st01,https://mops.twse.com.tw/mops/#/web/t05st01,"{""companyId"": ""2637"", ""firstDay"": """", ""lastDay"": """", ""month"": ""01"", ""year"": ""115""}",b7b6979e416bf231565d738809dc9032f8a69ced1da7559b4c2755bf2eb804aa,raw_cache\2637_115_01_list.json,3174f186cadfb46d030620d2019c1414979a509f5b375788984a01dd10704fbd,cache_hit,,2026-07-30T02:10:45+00:00
2732,111,08,mops_api_t05st01,https://mops.twse.com.tw/mops/#/web/t05st01,"{""companyId"": ""2732"", ""firstDay"": """", ""lastDay"": """", ""month"": ""08"", ""year"": ""111""}",eb4a6f0cdc2f38b0b57241ac3de66fd77701cbebcd93e02603b101dfd7353809,raw_cache\2732_111_08_list.json,f8706579a9f79fda5496a1229a1060d09ce6a234ae89e3d1b328e65d23ed8f8b,cache_hit,,2026-07-30T02:10:45+00:00
2732,111,08,mops_api_t05st01_detail,https://mops.twse.com.tw/mops/#/web/t05st01,"{""companyId"": ""2732"", ""enterDate"": ""1110810"", ""marketKind"": ""otc"", ""serialNumber"": ""1""}",6994258e5b7df038e2ac8d5b0ebf211606cffa319e5e7c634c9ffe397eca3a95,raw_cache\2732_111_08_2_detail.json,1b173683bf0b98aeaad2fed76423f5977705544f5eb46dbd5c507854c3210ea6,cache_hit,,2026-07-30T02:10:45+00:00
2732,111,08,mops_api_t05st01_detail,https://mops.twse.com.tw/mops/#/web/t05st01,"{""companyId"": ""2732"", ""enterDate"": ""1110810"", ""marketKind"": ""otc"", ""serialNumber"": ""3""}",753bf8a678b279af956abf1f8a6dc7e9079d43afd62cf8bedca64bb22e56982a,raw_cache\2732_111_08_3_detail.json,18f62e2d8ca6f8f645ac3ea9a97c34325834a33481a7fee765deb0abccc6a6b8,cache_hit,,2026-07-30T02:10:45+00:00
2732,111,08,mops_api_t05st01_detail,https://mops.twse.com.tw/mops/#/web/t05st01,"{""companyId"": ""2732"", ""enterDate"": ""1110815"", ""marketKind"": ""otc"", ""serialNumber"": ""1""}",6594438ca3e308582837ba67a4c1a6962b16d93b3a72ef010b1067c0756ddc8b,raw_cache\2732_111_08_4_detail.json,9341240bf5940c01a46d529225d620bc9879af87b22f081373e39bc1d62af4f6,cache_hit,,2026-07-30T02:10:45+00:00
2732,111,08,mops_api_t05st01_detail,https://mops.twse.com.tw/mops/#/web/t05st01,"{""companyId"": ""2732"", ""enterDate"": ""1110815"", ""marketKind"": ""otc"", ""serialNumber"": ""2""}",5b4ba78c50b19f1df56a2249009a59880e11b541305ab5d323c6efc5bc67b38f,raw_cache\2732_111_08_5_detail.json,5f6220f00d6508c8ef4b78830e84ae972bf266015e38919675eefba365e8968e,cache_hit,,2026-07-30T02:10:45+00:00
2732,111,09,mops_api_t05st01,https://mops.twse.com.tw/mops/#/web/t05st01,"{""companyId"": ""2732"", ""firstDay"": """", ""lastDay"": """", ""month"": ""09"", ""year"": ""111""}",419c06c556beb14c415259f0c057bfea82c24c1544bbc96911b338a2d9734381,raw_cache\2732_111_09_list.json,5c43713792d0e28d35e6c9c44e9cc31407c3bab536616182fdddc2ea7cb64df9,cache_hit,,2026-07-30T02:10:45+00:00
2732,111,10,mops_api_t05st01,https://mops.twse.com.tw/mops/#/web/t05st01,"{""companyId"": ""2732"", ""firstDay"": """", ""lastDay"": """", ""month"": ""10"", ""year"": ""111""}",9b756a51257958f6eae811df6f4cd5038a18dab5dbac96a51d5736900a08e7be,raw_cache\2732_111_10_list.json,03b17e0df923ec9a7d24dff7e093911150f0c9faf902a677aa93bbfc886bef99,cache_hit,,2026-07-30T02:10:45+00:00
2732,111,11,mops_api_t05st01,https://mops.twse.com.tw/mops/#/web/t05st01,"{""companyId"": ""2732"", ""firstDay"": """", ""lastDay"": """", ""month"": ""11"", ""year"": ""111""}",c51675b742b70df5f263f3c55ae951dd85a5b2e8758b7f56c6539775236d9cf4,raw_cache\2732_111_11_list.json,e3986ccd69c564d11e4e546f2f97f468f53eda9f3d49f2a8883703a7aca5bfd5,cache_hit,,2026-07-30T02:10:45+00:00
2732,111,11,mops_api_t05st01_detail,https://mops.twse.com.tw/mops/#/web/t05st01,"{""companyId"": ""2732"", ""enterDate"": ""1111109"", ""marketKind"": ""otc"", ""serialNumber"": ""1""}",57375b394f0add08bc323e8c1ef8721510cdeedeecffefac564475172ca01af2,raw_cache\2732_111_11_1_detail.json,c96785b3f8e45fcee11719b9174affd65673a0756ce7b1f51de436bfcee1bc07,cache_hit,,2026-07-30T02:10:45+00:00
2732,111,11,mops_api_t05st01_detail,https://mops.twse.com.tw/mops/#/web/t05st01,"{""companyId"": ""2732"", ""enterDate"": ""1111109"", ""marketKind"": ""otc"", ""serialNumber"": ""4""}",4082c48ef802a688f5aed86a5749dc0e99959796e567e77a38f26beaed35e9bd,raw_cache\2732_111_11_5_detail.json,7e714403665e59d09de46fdefc7dcf250ae7e526a593d9de9435cf3008fb63b0,cache_hit,,2026-07-30T02:10:45+00:00
2732,111,12,mops_api_t05st01,https://mops.twse.com.tw/mops/#/web/t05st01,"{""companyId"": ""2732"", ""firstDay"": """", ""lastDay"": """", ""month"": ""12"", ""year"": ""111""}",56de33330cc66c00556011a8a16c2f5d3eb7ccdaa599b2150f5de46cf32f4e1d,raw_cache\2732_111_12_list.json,c0b78ab1b8f397d12ab01dea392d49e3fe33729d348e595f6091cdc56eb1decd,cache_hit,,2026-07-30T02:10:45+00:00
2834,112,01,mops_api_t05st01,https://mops.twse.com.tw/mops/#/web/t05st01,"{""companyId"": ""2834"", ""firstDay"": """", ""lastDay"": """", ""month"": ""01"", ""year"": ""112""}",a1dbe88adc59ebd37391e723ba5b1589ec1c09c156b640f404e5eefe294a2fa1,raw_cache\2834_112_01_list.json,c19e7cace26fda5cb7bef0bd56845454af012b1e52c749207477f28b6ab3e2c6,cache_hit,,2026-07-30T02:10:45+00:00
2834,112,01,mops_api_t05st01_detail,https://mops.twse.com.tw/mops/#/web/t05st01,"{""companyId"": ""2834"", ""enterDate"": ""1120109"", ""marketKind"": ""sii"", ""serialNumber"": ""1""}",e2d7e5db3d2b90aea9c24d75894675958252da6b4af0edbc04a42992d95b8ae6,raw_cache\2834_112_01_0_detail.json,03ae0f6f07fa9ea7d2f33a796ef3e4402b164d60d5c3fd2c39e7fc4165d5c744,cache_hit,,2026-07-30T02:10:45+00:00
2834,112,02,mops_api_t05st01,https://mops.twse.com.tw/mops/#/web/t05st01,"{""companyId"": ""2834"", ""firstDay"": """", ""lastDay"": """", ""month"": ""02"", ""year"": ""112""}",43713ca9f252933f4b8b372413f8267430975c664200fd215f4323f107964303,raw_cache\2834_112_02_list.json,a79d2105d42b088f4b1adb0c3fd4bbbb7a839d556f62cce8b328b9ced8a1967c,cache_hit,,2026-07-30T02:10:45+00:00
2834,112,02,mops_api_t05st01_detail,https://mops.twse.com.tw/mops/#/web/t05st01,"{""companyId"": ""2834"", ""enterDate"": ""1120206"", ""marketKind"": ""sii"", ""serialNumber"": ""1""}",dcf79040ba35bbe3b32f325940aea46f27b2e3f97eded47217282969b39d1679,raw_cache\2834_112_02_0_detail.json,68a6172e86aa04705f5ca1e6e62a49030f276dabcfd25f720fb8a86f8c560af6,cache_hit,,2026-07-30T02:10:45+00:00
2834,112,02,mops_api_t05st01_detail,https://mops.twse.com.tw/mops/#/web/t05st01,"{""companyId"": ""2834"", ""enterDate"": ""1120222"", ""marketKind"": ""sii"", ""serialNumber"": ""1""}",26a2469a4a102924584c784e699576d6d203b0e2722967e48f0396e0c57125b7,raw_cache\2834_112_02_1_detail.json,d02f38851018a364672dcb3f7d96638aaaeb61dd614aee2c9f72f76883ddf3a8,cache_hit,,2026-07-30T02:10:45+00:00
2834,112,03,mops_api_t05st01,https://mops.twse.com.tw/mops/#/web/t05st01,"{""companyId"": ""2834"", ""firstDay"": """", ""lastDay"": """", ""month"": ""03"", ""year"": ""112""}",f1146f9a180affce294fc689875072ae4aa507c5e8b69a48db26d60c130df62e,raw_cache\2834_112_03_list.json,3825f5a6a70ca29ca31d4050525237b0579ab7adf9ca12c736a7973ba22c23c2,cache_hit,,2026-07-30T02:10:45+00:00
2834,112,03,mops_api_t05st01_detail,https://mops.twse.com.tw/mops/#/web/t05st01,"{""companyId"": ""2834"", ""enterDate"": ""1120308"", ""marketKind"": ""sii"", ""serialNumber"": ""1""}",214cd943aaa5342c9e33899d29b4f7c1341ed17b4c2530111d5021bd83b7fd7e,raw_cache\2834_112_03_1_detail.json,426b40525ffdc6a15ae95ccf247e4c4b417b471757aa200ab287386672678822,cache_hit,,2026-07-30T02:10:45+00:00
2834,112,03,mops_api_t05st01_detail,https://mops.twse.com.tw/mops/#/web/t05st01,"{""companyId"": ""2834"", ""enterDate"": ""1120315"", ""marketKind"": ""sii"", ""serialNumber"": ""3""}",ae106fee6dd13a9084942b972557a472711a6e83c2468aac4611c5c20d0acad3,raw_cache\2834_112_03_4_detail.json,7fc39aa429fe2fc35825fe64725fef00a994fcc8fbcac817672ced273841a779,cache_hit,,2026-07-30T02:10:45+00:00
2834,112,04,mops_api_t05st01,https://mops.twse.com.tw/mops/#/web/t05st01,"{""companyId"": ""2834"", ""firstDay"": """", ""lastDay"": """", ""month"": ""04"", ""year"": ""112""}",9f14a7b7b549e7dd6b2d0be7d3160d5aa4d4812038c49b6cf85ba9673b5104ee,raw_cache\2834_112_04_list.json,74729c4c125a3de637b74055058cd36243b7566afd73023e15736d71887fe50d,cache_hit,,2026-07-30T02:10:45+00:00
2834,112,04,mops_api_t05st01_detail,https://mops.twse.com.tw/mops/#/web/t05st01,"{""companyId"": ""2834"", ""enterDate"": ""1120410"", ""marketKind"": ""sii"", ""serialNumber"": ""1""}",c987766fbae1b2c52caf41ccd04003f94431d0e66c09e5388d7d7114b8130b9a,raw_cache\2834_112_04_0_detail.json,57b4878e91d48ed0ef3d3bc9012b2eb99c51f2a9d2f6b85a96244cb053520864,cache_hit,,2026-07-30T02:10:45+00:00
2880,106,12,mops_api_t05st01,https://mops.twse.com.tw/mops/#/web/t05st01,"{""companyId"": ""2880"", ""firstDay"": """", ""lastDay"": """", ""month"": ""12"", ""year"": ""106""}",ad053874e1ebcacbb71dbd7d39ec932f45f4b0bae088b94ee66ae3854a856223,raw_cache\2880_106_12_list.json,104f2d3b119c12fab6b86b724c9f9b681af8a098e815072051c7610db9356562,cache_hit,,2026-07-30T02:10:45+00:00
2880,106,12,mops_api_t05st01_detail,https://mops.twse.com.tw/mops/#/web/t05st01,"{""companyId"": ""2880"", ""enterDate"": ""1061208"", ""marketKind"": ""sii"", ""serialNumber"": ""2""}",e4212fd0274d34ca764d881ddce7d8f136034a926677563404b6a9a819ee4eab,raw_cache\2880_106_12_1_detail.json,66c168c923bdbd3ac7465fee676b7c9aca2c12098ea8dded0c2449d0a3726930,cache_hit,,2026-07-30T02:10:45+00:00
2880,107,01,mops_api_t05st01,https://mops.twse.com.tw/mops/#/web/t05st01,"{""companyId"": ""2880"", ""firstDay"": """", ""lastDay"": """", ""month"": ""01"", ""year"": ""107""}",fac798f6d0647ad0404043859777655f62387ccb0a520c06ccb3065fc21c1861,raw_cache\2880_107_01_list.json,678509c3ae22ec8013aef2bc3a7ee84811cae07ee5fec1d2c49d96fb55ba2e9f,cache_hit,,2026-07-30T02:10:45+00:00
2880,107,01,mops_api_t05st01_detail,https://mops.twse.com.tw/mops/#/web/t05st01,"{""companyId"": ""2880"", ""enterDate"": ""1070110"", ""marketKind"": ""sii"", ""serialNumber"": ""2""}",bfabc4fbab5c0f5e2905690f44fd950acbca27785992353377355783f007358a,raw_cache\2880_107_01_1_detail.json,13acf5529f5c40263df8bff5250994ed666d696c205aef3deb90c2518ee4d60b,cache_hit,,2026-07-30T02:10:45+00:00
2880,107,02,mops_api_t05st01,https://mops.twse.com.tw/mops/#/web/t05st01,"{""companyId"": ""2880"", ""firstDay"": """", ""lastDay"": """", ""month"": ""02"", ""year"": ""107""}",eab7b16508d1f28b30f0d9f2d00536346fe92b81020c750817b82fcffa3f1b55,raw_cache\2880_107_02_list.json,52bd41c1a8a469abc23f2a71b597e6630b6680226df4e947f30be3a56478f9c9,cache_hit,,2026-07-30T02:10:45+00:00
2880,107,02,mops_api_t05st01_detail,https://mops.twse.com.tw/mops/#/web/t05st01,"{""companyId"": ""2880"", ""enterDate"": ""1070209"", ""marketKind"": ""sii"", ""serialNumber"": ""3""}",b727f97d09f0686693268dcde9638c7a193856df40424b0cfba1acb19c36ce64,raw_cache\2880_107_02_3_detail.json,df5f5b79f8185c4ac56ccd9650f5513341b82592d422cb0b46fef32a647441b0,cache_hit,,2026-07-30T02:10:45+00:00
2880,107,03,mops_api_t05st01,https://mops.twse.com.tw/mops/#/web/t05st01,"{""companyId"": ""2880"", ""firstDay"": """", ""lastDay"": """", ""month"": ""03"", ""year"": ""107""}",b8290e8bb638ad1606fce226f1c13f2600de377f8e761045e9818a7d92aca6ee,raw_cache\2880_107_03_list.json,482df3f5e96bc2b7d4c219f7b54270d0cafe40ecb24999f7a6b8332502996f00,cache_hit,,2026-07-30T02:10:45+00:00
2880,107,03,mops_api_t05st01_detail,https://mops.twse.com.tw/mops/#/web/t05st01,"{""companyId"": ""2880"", ""enterDate"": ""1070309"", ""marketKind"": ""sii"", ""serialNumber"": ""3""}",84165c563315be2529e144272a6d958e69f66af2827a958af969b7de7d7a27e3,raw_cache\2880_107_03_1_detail.json,2270100b6577d53769328ed03220059d74194362b300d804d13c2248c328695d,cache_hit,,2026-07-30T02:10:45+00:00
2880,107,03,mops_api_t05st01_detail,https://mops.twse.com.tw/mops/#/web/t05st01,"{""companyId"": ""2880"", ""enterDate"": ""1070326"", ""marketKind"": ""sii"", ""serialNumber"": ""2""}",6bfc18b736757c158b09b682c732aff549daa029ff404f28fbb4c95a8413edf9,raw_cache\2880_107_03_6_detail.json,532ef38850d91c812a57956651e8bee45ef02d65c3e41d52882a7f75a60f35bf,cache_hit,,2026-07-30T02:10:45+00:00
2880,115,01,mops_api_t05st01,https://mops.twse.com.tw/mops/#/web/t05st01,"{""companyId"": ""2880"", ""firstDay"": """", ""lastDay"": """", ""month"": ""01"", ""year"": ""115""}",26f8c6ec93aaae8ec9c8bb736e7ec681eae60c36d51ac055e82344f27637d24e,raw_cache\2880_115_01_list.json,314e077b02d0ecaa4389e5a607903622083c8ee2f582ef91323e287fedbee054,cache_hit,,2026-07-30T02:10:45+00:00
2880,115,02,mops_api_t05st01,https://mops.twse.com.tw/mops/#/web/t05st01,"{""companyId"": ""2880"", ""firstDay"": """", ""lastDay"": """", ""month"": ""02"", ""year"": ""115""}",38b110603df2e11ffa087507bb6c7172dde696e1663882376f4f04febd15ec5b,raw_cache\2880_115_02_list.json,6f72b0e435cb0f61fb2ac50016382a9e83384332c15b8bea303e35e7b2d04c1e,cache_hit,,2026-07-30T02:10:45+00:00
2880,115,03,mops_api_t05st01,https://mops.twse.com.tw/mops/#/web/t05st01,"{""companyId"": ""2880"", ""firstDay"": """", ""lastDay"": """", ""month"": ""03"", ""year"": ""115""}",0484d7f0fb851c58f0b34b03a473149e80515890aef325add47e4420fdc79b35,raw_cache\2880_115_03_list.json,cc324999d3fc946e7fe1bac4f78831661ccf4b20aa7177f2ffc82f648b6f8a6b,cache_hit,,2026-07-30T02:10:45+00:00
2880,115,03,mops_api_t05st01_detail,https://mops.twse.com.tw/mops/#/web/t05st01,"{""companyId"": ""2880"", ""enterDate"": ""1150306"", ""marketKind"": ""sii"", ""serialNumber"": ""1""}",653a3054d812821ce9a77b1970ce614de5d13b19290a009e742c84fc4b39edd4,raw_cache\2880_115_03_2_detail.json,cce9ba48a3bec55b401506d9952e2f775cf6a76e0758f968e333dddc7d2a081c,cache_hit,,2026-07-30T02:10:45+00:00
2880,115,03,mops_api_t05st01_detail,https://mops.twse.com.tw/mops/#/web/t05st01,"{""companyId"": ""2880"", ""enterDate"": ""1150326"", ""marketKind"": ""sii"", ""serialNumber"": ""1""}",04647b72576411260847405bc86205f5ceb337a0e7da62a3fd9d383837ddc346,raw_cache\2880_115_03_8_detail.json,7c8694b40b75fdf931ccae2b204d1e07d8ebdf831d17dd3c3d915b53033fcae5,cache_hit,,2026-07-30T02:10:45+00:00
2880,115,04,mops_api_t05st01,https://mops.twse.com.tw/mops/#/web/t05st01,"{""companyId"": ""2880"", ""firstDay"": """", ""lastDay"": """", ""month"": ""04"", ""year"": ""115""}",26247f988abd74d1b1ffff02f500168426fd34e6e7d1902f061c60d662d9f283,raw_cache\2880_115_04_list.json,34964182908f7751afd8e4daa915603242cc58ff8717f64721cf3105124e7b0f,cache_hit,,2026-07-30T02:10:45+00:00
2880,115,04,mops_api_t05st01_detail,https://mops.twse.com.tw/mops/#/web/t05st01,"{""companyId"": ""2880"", ""enterDate"": ""1150427"", ""marketKind"": ""sii"", ""serialNumber"": ""1""}",f4f58c7432fa07255b5504f972edbb294970f5dcc7ae21714e6b96eb132818dd,raw_cache\2880_115_04_12_detail.json,a0e60860667fce54b196aa432feb5dbc46eec00928a0f194e294999160c17286,cache_hit,,2026-07-30T02:10:45+00:00
2881,104,03,mops_api_t05st01,https://mops.twse.com.tw/mops/#/web/t05st01,"{""companyId"": ""2881"", ""firstDay"": """", ""lastDay"": """", ""month"": ""03"", ""year"": ""104""}",3149e47a541e3aec93e0a9740cc2387496fb9e68410bce6f6fa48d697ff667a2,raw_cache\2881_104_03_list.json,9f1c5a36911e3366f4fce9b19bc54884d49419b6658406b4e0e9f4af1b2019a0,cache_hit,,2026-07-30T02:10:45+00:00
2881,104,03,mops_api_t05st01_detail,https://mops.twse.com.tw/mops/#/web/t05st01,"{""companyId"": ""2881"", ""enterDate"": ""1040309"", ""marketKind"": ""sii"", ""serialNumber"": ""1""}",35f86118fbac9e832e83bdacfbedaeb97903ad3021a75be4e969226a510fcfea,raw_cache\2881_104_03_1_detail.json,5816003c549d5390413954777cb82d4d7c4439dc84ed12f0f7fd0eb266597fb1,cache_hit,,2026-07-30T02:10:45+00:00
2881,104,03,mops_api_t05st01_detail,https://mops.twse.com.tw/mops/#/web/t05st01,"{""companyId"": ""2881"", ""enterDate"": ""1040309"", ""marketKind"": ""sii"", ""serialNumber"": ""2""}",c3835712a945be1ed0702d7ed58793172ad266241f744a48ef9ba874753269fe,raw_cache\2881_104_03_2_detail.json,d1a86146813873410ecfd55d19adde654d42d41bc106c31a53abd141889eeeaa,cache_hit,,2026-07-30T02:10:45+00:00
2881,104,03,mops_api_t05st01_detail,https://mops.twse.com.tw/mops/#/web/t05st01,"{""companyId"": ""2881"", ""enterDate"": ""1040312"", ""marketKind"": ""sii"", ""serialNumber"": ""1""}",639bfaf60b4356478560be932771953f0440f53259ea616d8c939a50a43075e5,raw_cache\2881_104_03_6_detail.json,3903ecd0d4ef253f8d3065a2620a49e286da0a425aa5aae5059d9c6e6fd576c7,cache_hit,,2026-07-30T02:10:45+00:00
2881,104,03,mops_api_t05st01_detail,https://mops.twse.com.tw/mops/#/web/t05st01,"{""companyId"": ""2881"", ""enterDate"": ""1040316"", ""marketKind"": ""sii"", ""serialNumber"": ""1""}",215a8ff9c5719c8f07dfdd563d2cf02005ba5cc9308028fcabbe030d464cbb93,raw_cache\2881_104_03_10_detail.json,0f73d635978c64048bd3e38f984f21f2cefd3df0bb905eec4828cab6303133d8,cache_hit,,2026-07-30T02:10:45+00:00
2881,104,03,mops_api_t05st01_detail,https://mops.twse.com.tw/mops/#/web/t05st01,"{""companyId"": ""2881"", ""enterDate"": ""1040316"", ""marketKind"": ""sii"", ""serialNumber"": ""2""}",5df6dd93ae1e83c91472e38d7185e2bec8a5f0a1eef666454d45327390c28970,raw_cache\2881_104_03_11_detail.json,975bd34912a795a0f358647a395d58c23f709a4fa7e29d69c0d4ffd0673f56ae,cache_hit,,2026-07-30T02:10:45+00:00
2881,104,03,mops_api_t05st01_detail,https://mops.twse.com.tw/mops/#/web/t05st01,"{""companyId"": ""2881"", ""enterDate"": ""1040316"", ""marketKind"": ""sii"", ""serialNumber"": ""3""}",4067657016e1694ebdeedab2973c1980b75337f6e35a2e13c28632a6babba7d4,raw_cache\2881_104_03_12_detail.json,8821d0fdd7e0fb09105253f3794ae5c072c07dcb2ac304dd85034f2921db9a4b,cache_hit,,2026-07-30T02:10:45+00:00
2881,104,03,mops_api_t05st01_detail,https://mops.twse.com.tw/mops/#/web/t05st01,"{""companyId"": ""2881"", ""enterDate"": ""1040318"", ""marketKind"": ""sii"", ""serialNumber"": ""2""}",4f602cb6c46d4798f946eb67cc028575c623e2536bf7d0765fd3de5ee14ca3f4,raw_cache\2881_104_03_17_detail.json,e065d03d9fa6ddca8bdf70294e6306380dd01024e99848fade5df258949fbe7b,cache_hit,,2026-07-30T02:10:45+00:00
2881,104,03,mops_api_t05st01_detail,https://mops.twse.com.tw/mops/#/web/t05st01,"{""companyId"": ""2881"", ""enterDate"": ""1040319"", ""marketKind"": ""sii"", ""serialNumber"": ""4""}",e1b85485ca016a2f250515ae193d4a9621e4cacb12f09073e9c5c04d685dcd07,raw_cache\2881_104_03_30_detail.json,0cba163f6d202e45f4e5c73399152e725545b17f9538d4cddc66f1c1a7d4dd8c,cache_hit,,2026-07-30T02:10:45+00:00
2881,104,03,mops_api_t05st01_detail,https://mops.twse.com.tw/mops/#/web/t05st01,"{""companyId"": ""2881"", ""enterDate"": ""1040319"", ""marketKind"": ""sii"", ""serialNumber"": ""1""}",958fad9bbe887ae8bea6437b43874c97bf19572691a7d120bcd4a426cc3f8099,raw_cache\2881_104_03_31_detail.json,39aa2c6c33e058f5da8be58e71d05c3490eaa48860945f382567c37e871fbf8b,cache_hit,,2026-07-30T02:10:45+00:00
2881,104,03,mops_api_t05st01_detail,https://mops.twse.com.tw/mops/#/web/t05st01,"{""companyId"": ""2881"", ""enterDate"": ""1040320"", ""marketKind"": ""sii"", ""serialNumber"": ""2""}",500240519d3533c203805c5aabd309baeafaa5f0d7ff635a3c947f1bc171315d,raw_cache\2881_104_03_37_detail.json,224db081b0fe96b2df0b3c5697ac673d1fd0737ab657ffd033334853b708f545,cache_hit,,2026-07-30T02:10:45+00:00
2881,104,03,mops_api_t05st01_detail,https://mops.twse.com.tw/mops/#/web/t05st01,"{""companyId"": ""2881"", ""enterDate"": ""1040320"", ""marketKind"": ""sii"", ""serialNumber"": ""3""}",90ab819b45de78dafeaf9800282ef234f06ffbf61cd9fbf0c977616e1604bc49,raw_cache\2881_104_03_38_detail.json,a78e59f036420c84f062b88b1f2216c0ccc6fc505c8307b319248d9151cf48a0,cache_hit,,2026-07-30T02:10:45+00:00
2881,104,03,mops_api_t05st01_detail,https://mops.twse.com.tw/mops/#/web/t05st01,"{""companyId"": ""2881"", ""enterDate"": ""1040320"", ""marketKind"": ""sii"", ""serialNumber"": ""4""}",4e96350d379ddd5fee81a8cdaacc7deec80384552a4138d59dff184dea9ee28e,raw_cache\2881_104_03_39_detail.json,6ece5f91be693aeea7e507b33761fda16554759213b65066c2e5f6bb926fd438,cache_hit,,2026-07-30T02:10:45+00:00
2881,104,04,mops_api_t05st01,https://mops.twse.com.tw/mops/#/web/t05st01,"{""companyId"": ""2881"", ""firstDay"": """", ""lastDay"": """", ""month"": ""04"", ""year"": ""104""}",694b6001ac32cb4f0777fd8021ae0cd1cf1770699d4d1253dddb9b647574abda,raw_cache\2881_104_04_list.json,a991db70f6ca76ddec86613da5fb14bd3a05e2351367bdc6a547034fc45ec881,cache_hit,,2026-07-30T02:10:45+00:00
2881,104,04,mops_api_t05st01_detail,https://mops.twse.com.tw/mops/#/web/t05st01,"{""companyId"": ""2881"", ""enterDate"": ""1040401"", ""marketKind"": ""sii"", ""serialNumber"": ""1""}",776f2591f378b6b611700572a67a52049b07ac0867d992626e49b9102c53ad0e,raw_cache\2881_104_04_0_detail.json,9932f6602bd1b86e7f6decd560c9bb2823ad14cc88ce5dd6d5ed79d55cd333a6,cache_hit,,2026-07-30T02:10:45+00:00
2881,104,04,mops_api_t05st01_detail,https://mops.twse.com.tw/mops/#/web/t05st01,"{""companyId"": ""2881"", ""enterDate"": ""1040409"", ""marketKind"": ""sii"", ""serialNumber"": ""1""}",e843d2508596db52df380deb8fc663b01e7d15d3ea5db3010d4a66e20719fd13,raw_cache\2881_104_04_5_detail.json,a4b4e08f187f549e2635350ce9709091db5e3d6bbfe264475545d5e66cea8800,cache_hit,,2026-07-30T02:10:45+00:00
2881,104,04,mops_api_t05st01_detail,https://mops.twse.com.tw/mops/#/web/t05st01,"{""companyId"": ""2881"", ""enterDate"": ""1040410"", ""marketKind"": ""sii"", ""serialNumber"": ""2""}",5905de7bfeb9f3f93254cb8dcf640badeed3bbed72209a99bf770a48c08f5cd9,raw_cache\2881_104_04_7_detail.json,6bc052abdb76ad90ed27d7bdb2e8482955c8a0c8b7b6207ddf71d3a1521c975b,cache_hit,,2026-07-30T02:10:45+00:00
2881,104,04,mops_api_t05st01_detail,https://mops.twse.com.tw/mops/#/web/t05st01,"{""companyId"": ""2881"", ""enterDate"": ""1040415"", ""marketKind"": ""sii"", ""serialNumber"": ""1""}",8aa0d9cc2db8ea78e2488f911233756844dc34e4ff315652c79afc1645adadbf,raw_cache\2881_104_04_11_detail.json,cc0949e68750bc8690f1c16b38dbddd72b961df760d2bdda504188aa87504e9a,cache_hit,,2026-07-30T02:10:45+00:00
2881,104,04,mops_api_t05st01_detail,https://mops.twse.com.tw/mops/#/web/t05st01,"{""companyId"": ""2881"", ""enterDate"": ""1040417"", ""marketKind"": ""sii"", ""serialNumber"": ""3""}",c8f88be6ecd8be89904d90c224fef1eeaf8fd53141f02b3c3c26461cd759e5d6,raw_cache\2881_104_04_15_detail.json,24ae51fbbd8fc9ff8bb2b62984a65e6c79a700d61eb77f305c1bb5bbf6d05c01,cache_hit,,2026-07-30T02:10:45+00:00
2881,104,04,mops_api_t05st01_detail,https://mops.twse.com.tw/mops/#/web/t05st01,"{""companyId"": ""2881"", ""enterDate"": ""1040417"", ""marketKind"": ""sii"", ""serialNumber"": ""4""}",bf4c553386a9bc2c3cf5de27bf735143f0f0d5420ca2c74c37423aeb7fad2c4d,raw_cache\2881_104_04_16_detail.json,7995a68c7c65014fa28b8fa617e7016987e79dc6eec7b5ca9cb7b116714ed312,cache_hit,,2026-07-30T02:10:45+00:00
2881,104,04,mops_api_t05st01_detail,https://mops.twse.com.tw/mops/#/web/t05st01,"{""companyId"": ""2881"", ""enterDate"": ""1040417"", ""marketKind"": ""sii"", ""serialNumber"": ""6""}",64d07ece846a4ba6b16c340bff4c468dc927680d00e6463302b16d00de14683c,raw_cache\2881_104_04_17_detail.json,398c74a459418a2055b366590b1f823a47bf9fa6adb56eb4876ffa42bf8c79e0,cache_hit,,2026-07-30T02:10:45+00:00
2881,104,04,mops_api_t05st01_detail,https://mops.twse.com.tw/mops/#/web/t05st01,"{""companyId"": ""2881"", ""enterDate"": ""1040420"", ""marketKind"": ""sii"", ""serialNumber"": ""3""}",a36a9bd8a684efadd5b970c348657367533ec4f9501e0dd209e1641807225bf6,raw_cache\2881_104_04_21_detail.json,f7cb5426299ad4d418126c12bbc93137ed0d4da80363f3c71f1ed4d408153603,cache_hit,,2026-07-30T02:10:45+00:00
2881,104,04,mops_api_t05st01_detail,https://mops.twse.com.tw/mops/#/web/t05st01,"{""companyId"": ""2881"", ""enterDate"": ""1040420"", ""marketKind"": ""sii"", ""serialNumber"": ""1""}",3cbf75a6d3ac21ab802286efdf89a4f262fa5e18ace0eaf7cbf44f70a572bbb9,raw_cache\2881_104_04_24_detail.json,6e5298c8731fed21731c5eed7728af8612efc0063c011b9b94c636b95b0db0c9,cache_hit,,2026-07-30T02:10:45+00:00
2881,104,04,mops_api_t05st01_detail,https://mops.twse.com.tw/mops/#/web/t05st01,"{""companyId"": ""2881"", ""enterDate"": ""1040427"", ""marketKind"": ""sii"", ""serialNumber"": ""2""}",94aa81be98de5fdd83dce376c9dd737083e3a20625bfaafa8d59023120fe69af,raw_cache\2881_104_04_40_detail.json,86e21d7407c427b4cb295c3f2f1ba0a75879ee489535d1925caf26c4a7cafee7,cache_hit,,2026-07-30T02:10:45+00:00
2881,104,04,mops_api_t05st01_detail,https://mops.twse.com.tw/mops/#/web/t05st01,"{""companyId"": ""2881"", ""enterDate"": ""1040427"", ""marketKind"": ""sii"", ""serialNumber"": ""4""}",99a58f4bb430762ffa225d9cece73824e27791f53651f8db1458597715032850,raw_cache\2881_104_04_43_detail.json,a6034bf3e9e31ad172a0c8127b6645abf331a9ed37b56a8979c500c551dda666,cache_hit,,2026-07-30T02:10:45+00:00
2881,104,04,mops_api_t05st01_detail,https://mops.twse.com.tw/mops/#/web/t05st01,"{""companyId"": ""2881"", ""enterDate"": ""1040428"", ""marketKind"": ""sii"", ""serialNumber"": ""5""}",77645995a3ae3ef43366f32588f7c94cbe0cd8414174ee6cfc98012602118933,raw_cache\2881_104_04_45_detail.json,70f92216ad216dd5fc70f7130c22a801dacf208ff7bfc97f2e05df312d97b509,cache_hit,,2026-07-30T02:10:45+00:00
2881,104,04,mops_api_t05st01_detail,https://mops.twse.com.tw/mops/#/web/t05st01,"{""companyId"": ""2881"", ""enterDate"": ""1040429"", ""marketKind"": ""sii"", ""serialNumber"": ""4""}",9027d5ca4c203602875e8585d084d754468cf2975c3efea85aee188ce6a3c298,raw_cache\2881_104_04_52_detail.json,0b4d83455ffcba5f1496d3cccc4b840df1a9055a1bdab1792a5b4ad7aca2575c,cache_hit,,2026-07-30T02:10:45+00:00
2881,104,05,mops_api_t05st01,https://mops.twse.com.tw/mops/#/web/t05st01,"{""companyId"": ""2881"", ""firstDay"": """", ""lastDay"": """", ""month"": ""05"", ""year"": ""104""}",525557fb950b9d8225c9ac83202a37db7e8e9d8f6c3a6079913956ae925e130f,raw_cache\2881_104_05_list.json,06d00c58f713dd4a16ccb2cb00ff864978fade5b4b8043c870a3e4d4222dfe14,cache_hit,,2026-07-30T02:10:45+00:00
2881,104,05,mops_api_t05st01_detail,https://mops.twse.com.tw/mops/#/web/t05st01,"{""companyId"": ""2881"", ""enterDate"": ""1040508"", ""marketKind"": ""sii"", ""serialNumber"": ""3""}",dddc60a6bcdf2193be06b61711ca15fecc1921eb378979e8a11f37e000d2a1b0,raw_cache\2881_104_05_0_detail.json,48113891f6b90c70cc195c7f34ee9f29316908b5228452d65fef06ce3ad8efd6,cache_hit,,2026-07-30T02:10:45+00:00
2881,104,05,mops_api_t05st01_detail,https://mops.twse.com.tw/mops/#/web/t05st01,"{""companyId"": ""2881"", ""enterDate"": ""1040520"", ""marketKind"": ""sii"", ""serialNumber"": ""2""}",244eb61203a88551d571d31220a911ae1aadb08397efe47cc56a2dbabbf65b0c,raw_cache\2881_104_05_17_detail.json,d07d74e94bb60c5ddcfb262edc4efef1aa328730fc6db8de9a526e47273eff29,cache_hit,,2026-07-30T02:10:45+00:00
2881,104,05,mops_api_t05st01_detail,https://mops.twse.com.tw/mops/#/web/t05st01,"{""companyId"": ""2881"", ""enterDate"": ""1040521"", ""marketKind"": ""sii"", ""serialNumber"": ""2""}",b65bfff05ff3fa5241d4ef4ccc74e2608f9a08504f018410186e48000d57e20b,raw_cache\2881_104_05_19_detail.json,0a33ade892569414309472985554e5e7551c2cf3f8d0a2c38549d7017f5f9641,cache_hit,,2026-07-30T02:10:45+00:00
2881,104,05,mops_api_t05st01_detail,https://mops.twse.com.tw/mops/#/web/t05st01,"{""companyId"": ""2881"", ""enterDate"": ""1040522"", ""marketKind"": ""sii"", ""serialNumber"": ""2""}",5d3389ef7d3935e590868d8b9bf783aa6a2a81cd42516400fd11f0fe7bc51069,raw_cache\2881_104_05_22_detail.json,ad1049cd10a8b6e5d38ca131ea1804a2150a90d0e23b691879846f06f982da77,cache_hit,,2026-07-30T02:10:45+00:00
2881,104,05,mops_api_t05st01_detail,https://mops.twse.com.tw/mops/#/web/t05st01,"{""companyId"": ""2881"", ""enterDate"": ""1040522"", ""marketKind"": ""sii"", ""serialNumber"": ""4""}",bae2e0cb9e36fb87dc64618b775125b274095f60cd5c88d1faff0cbd7cb9165a,raw_cache\2881_104_05_24_detail.json,16eaf036775812b0bf6660c3bb0c9955fc85b1f448885813a68744f11a36c94f,cache_hit,,2026-07-30T02:10:45+00:00
2881,104,05,mops_api_t05st01_detail,https://mops.twse.com.tw/mops/#/web/t05st01,"{""companyId"": ""2881"", ""enterDate"": ""1040522"", ""marketKind"": ""sii"", ""serialNumber"": ""8""}",4ea57f4e2ae18737c62afd33cb232d1b7bf5887a5b16b8ed6c57254eda36b07f,raw_cache\2881_104_05_28_detail.json,e65c331fac8fd2a4f35924acd931b89e62ef385031aedba7f8f65f0707134408,cache_hit,,2026-07-30T02:10:45+00:00
2881,104,05,mops_api_t05st01_detail,https://mops.twse.com.tw/mops/#/web/t05st01,"{""companyId"": ""2881"", ""enterDate"": ""1040526"", ""marketKind"": ""sii"", ""serialNumber"": ""1""}",1fd1be92ce717a512c1b1add415509a854989e3f83765965e03349efb75bfbaa,raw_cache\2881_104_05_33_detail.json,6b93d017b393f58a2d52284472ab53459b2d8e0f85d5416e1900d52cf4e174da,cache_hit,,2026-07-30T02:10:45+00:00
2882,105,06,mops_api_t05st01,https://mops.twse.com.tw/mops/#/web/t05st01,"{""companyId"": ""2882"", ""firstDay"": """", ""lastDay"": """", ""month"": ""06"", ""year"": ""105""}",cb36bd1b82c5af23aa6076d90142574fc81c8125c11fea8bde00c6cff803fd99,raw_cache\2882_105_06_list.json,f02660a4a79ec5822d3da3f09fbd824424f25fd7ddd0e4b2f716abe33860382e,cache_hit,,2026-07-30T02:10:45+00:00
2882,105,06,mops_api_t05st01_detail,https://mops.twse.com.tw/mops/#/web/t05st01,"{""companyId"": ""2882"", ""enterDate"": ""1050607"", ""marketKind"": ""sii"", ""serialNumber"": ""4""}",1c65feeed49a98cb57b97b0b12b7c44510ffd2c83f6654027b5c1d6f9341ca0f,raw_cache\2882_105_06_1_detail.json,cdf57409bc10593f93c6d6baf1de3d6b09eb055b93c066423fb776b626c0e373,cache_hit,,2026-07-30T02:10:45+00:00
2882,105,06,mops_api_t05st01_detail,https://mops.twse.com.tw/mops/#/web/t05st01,"{""companyId"": ""2882"", ""enterDate"": ""1050607"", ""marketKind"": ""sii"", ""serialNumber"": ""9""}",ff1db210a3b005d8efc67b252da177fd3374643943c25d7609bd53d9561b7725,raw_cache\2882_105_06_9_detail.json,61ed98f9e130cdf5686c7987c32d810ab31e021d1ab324a935e7a2473d3fad7d,cache_hit,,2026-07-30T02:10:45+00:00
2882,105,06,mops_api_t05st01_detail,https://mops.twse.com.tw/mops/#/web/t05st01,"{""companyId"": ""2882"", ""enterDate"": ""1050614"", ""marketKind"": ""sii"", ""serialNumber"": ""1""}",688fe60b8d0f134173f03fee77a8993a2b20abec5802a2473d42b0967c628aa3,raw_cache\2882_105_06_11_detail.json,32eacb0210aaadc328b15ecf048b8f4654ebfcb2f8bcc287d7d204abada42e23,cache_hit,,2026-07-30T02:10:45+00:00
2882,105,06,mops_api_t05st01_detail,https://mops.twse.com.tw/mops/#/web/t05st01,"{""companyId"": ""2882"", ""enterDate"": ""1050616"", ""marketKind"": ""sii"", ""serialNumber"": ""3""}",4e9259a548330282e050a4052db3512636410641410ee4f3e3d12429158293f8,raw_cache\2882_105_06_12_detail.json,b1480a6172b0defb08df488ef0368c5d2066921b0dfcf982c35d3950bf83743e,cache_hit,,2026-07-30T02:10:45+00:00
2882,105,07,mops_api_t05st01,https://mops.twse.com.tw/mops/#/web/t05st01,"{""companyId"": ""2882"", ""firstDay"": """", ""lastDay"": """", ""month"": ""07"", ""year"": ""105""}",f8bb3c3bcc8cbd6af79684c243ff84d0fa564581771724d2d7627d684b16a8d7,raw_cache\2882_105_07_list.json,eb5c2e8830a236aca93a31541e15296d343f6691f539802a8535425c2299ef83,cache_hit,,2026-07-30T02:10:45+00:00
2882,105,07,mops_api_t05st01_detail,https://mops.twse.com.tw/mops/#/web/t05st01,"{""companyId"": ""2882"", ""enterDate"": ""1050701"", ""marketKind"": ""sii"", ""serialNumber"": ""2""}",ab5f481dfe54f2b25d519ca66716058837b3d6c60115bfde06938c2962b0312d,raw_cache\2882_105_07_0_detail.json,543259f6d831786734b549ab1b89dfaf86da7f8b3b0a7ad1468bcb79435f4b58,cache_hit,,2026-07-30T02:10:45+00:00
2882,105,07,mops_api_t05st01_detail,https://mops.twse.com.tw/mops/#/web/t05st01,"{""companyId"": ""2882"", ""enterDate"": ""1050707"", ""marketKind"": ""sii"", ""serialNumber"": ""1""}",daec201cb8e6575130d9e8d508b5a294a018daf96988749a193a9aa6ec5ad336,raw_cache\2882_105_07_2_detail.json,000112f9fa3259839f23f41e6c1f1246a8081b96c2a8fe77f4c1efb2d903a648,cache_hit,,2026-07-30T02:10:45+00:00
2882,105,08,mops_api_t05st01,https://mops.twse.com.tw/mops/#/web/t05st01,"{""companyId"": ""2882"", ""firstDay"": """", ""lastDay"": """", ""month"": ""08"", ""year"": ""105""}",a9dbd4ec924bb87816c96faa1cd9c382b3119e1fb886517e981b9af44ab7ee84,raw_cache\2882_105_08_list.json,f071e0b589cfa9d69e1874991d5de9e674fe4c63d4f5f44388895aadb1352c7a,cache_hit,,2026-07-30T02:10:45+00:00
2882,105,08,mops_api_t05st01_detail,https://mops.twse.com.tw/mops/#/web/t05st01,"{""companyId"": ""2882"", ""enterDate"": ""1050805"", ""marketKind"": ""sii"", ""serialNumber"": ""2""}",6bb694cbf35217a9494c0799229bf45f9cd6176ebedba37663345fe68294ea43,raw_cache\2882_105_08_1_detail.json,a2f4ce0f71f4644779d59795d27075c12e0b85d099ba28cfe2e8f7b38e428a68,cache_hit,,2026-07-30T02:10:45+00:00
2882,105,08,mops_api_t05st01_detail,https://mops.twse.com.tw/mops/#/web/t05st01,"{""companyId"": ""2882"", ""enterDate"": ""1050808"", ""marketKind"": ""sii"", ""serialNumber"": ""1""}",c99d0c830f2577dfaf6765b8ca973684352167dabe5c771f8885acad91deba31,raw_cache\2882_105_08_2_detail.json,7ee0643608b45eec80678c60464ea6572dfd7d407c4c0e4559ce05753f64c392,cache_hit,,2026-07-30T02:10:45+00:00
2882,105,08,mops_api_t05st01_detail,https://mops.twse.com.tw/mops/#/web/t05st01,"{""companyId"": ""2882"", ""enterDate"": ""1050808"", ""marketKind"": ""sii"", ""serialNumber"": ""2""}",884ec79f27347331f962bd231541cebfd654c15e081b45644496c0f610767832,raw_cache\2882_105_08_3_detail.json,3757af32c21cb907a8ef2afb91e10e5928175fc2928adf8b70cb54eac45d6f20,cache_hit,,2026-07-30T02:10:45+00:00
2882,105,08,mops_api_t05st01_detail,https://mops.twse.com.tw/mops/#/web/t05st01,"{""companyId"": ""2882"", ""enterDate"": ""1050816"", ""marketKind"": ""sii"", ""serialNumber"": ""1""}",92d9435848c90393f5e81300636ea4fdc4604c73c863f35ae1c14b57aa196f97,raw_cache\2882_105_08_27_detail.json,8183ad85172d63b990f6ae943caf2c2b806d513a4e083c398cfa419d115d9192,cache_hit,,2026-07-30T02:10:45+00:00
2882,105,09,mops_api_t05st01,https://mops.twse.com.tw/mops/#/web/t05st01,"{""companyId"": ""2882"", ""firstDay"": """", ""lastDay"": """", ""month"": ""09"", ""year"": ""105""}",c163073110019ca7b520068d8f527c0fde63f22b75b727161c43221a829ee63e,raw_cache\2882_105_09_list.json,c43773cb01f0a0b4b383d74bf18f62cd14a2e6202eecd5794b61cd45806b6ca6,cache_hit,,2026-07-30T02:10:45+00:00
2882,105,09,mops_api_t05st01_detail,https://mops.twse.com.tw/mops/#/web/t05st01,"{""companyId"": ""2882"", ""enterDate"": ""1050908"", ""marketKind"": ""sii"", ""serialNumber"": ""2""}",ba50034ee4d46ed7443cba966254978403c45cfdba70df8d5a9cc9bba2a290d5,raw_cache\2882_105_09_3_detail.json,6542fea2dc66fbc9d08ca70d0a5ef146781ea2ece4709802daf6621340c5c11e,cache_hit,,2026-07-30T02:10:45+00:00
2882,105,10,mops_api_t05st01,https://mops.twse.com.tw/mops/#/web/t05st01,"{""companyId"": ""2882"", ""firstDay"": """", ""lastDay"": """", ""month"": ""10"", ""year"": ""105""}",69dd24442cbb469dab23af89e517a78bcd768b1efd88ccd1f651113a08d22484,raw_cache\2882_105_10_list.json,836d289f0c8e7afd14d4ec4e81738e0138cc5dd9ac36cdd5be705d020da1d341,cache_hit,,2026-07-30T02:10:45+00:00
2882,105,10,mops_api_t05st01_detail,https://mops.twse.com.tw/mops/#/web/t05st01,"{""companyId"": ""2882"", ""enterDate"": ""1051005"", ""marketKind"": ""sii"", ""serialNumber"": ""1""}",f8d7f59caf3fb1f11352911cf2ea8fc7d51c36d4fbb1ab05619a89991271491c,raw_cache\2882_105_10_4_detail.json,8973ee0e20faea251a6364582f9194f0b04f38be32df62bbf62b6c82908f126a,cache_hit,,2026-07-30T02:10:45+00:00
2882,105,10,mops_api_t05st01_detail,https://mops.twse.com.tw/mops/#/web/t05st01,"{""companyId"": ""2882"", ""enterDate"": ""1051006"", ""marketKind"": ""sii"", ""serialNumber"": ""1""}",bd69cacaf4a0557a6d3083be95559314df57f8b7af6bf434367159d389dbcf27,raw_cache\2882_105_10_5_detail.json,98230103c410d4be7d23153faabfd8833619f1460bc7117d92d9fa86cc2773e1,cache_hit,,2026-07-30T02:10:45+00:00
2882,105,11,mops_api_t05st01,https://mops.twse.com.tw/mops/#/web/t05st01,"{""companyId"": ""2882"", ""firstDay"": """", ""lastDay"": """", ""month"": ""11"", ""year"": ""105""}",1ff6deca04b10a2e9cb91b7b8136796143c6397daaff0f4bdc52bc5b824bf5fc,raw_cache\2882_105_11_list.json,11963c0675a116945acedd3f5a396bad08ca1bc5274710d57de83d4413ffb075,cache_hit,,2026-07-30T02:10:45+00:00
2882,105,11,mops_api_t05st01_detail,https://mops.twse.com.tw/mops/#/web/t05st01,"{""companyId"": ""2882"", ""enterDate"": ""1051108"", ""marketKind"": ""sii"", ""serialNumber"": ""2""}",1c3824c2f7d74da5b036f16b3dbda7ad22d924f48d9e915d0d9965279ede282a,raw_cache\2882_105_11_7_detail.json,4ca1ddd629b43f017ee479b6975199b57882a7420ce982022ae98bdd59edcc6b,cache_hit,,2026-07-30T02:10:45+00:00
2882,105,11,mops_api_t05st01_detail,https://mops.twse.com.tw/mops/#/web/t05st01,"{""companyId"": ""2882"", ""enterDate"": ""1051109"", ""marketKind"": ""sii"", ""serialNumber"": ""2""}",8c4e284dda46dff0a2987c5a7e3ffc0c49852abe9ab5f977aed41da5c7a25bda,raw_cache\2882_105_11_18_detail.json,4c178c4c032550195cde0dc4d562f330f51e280f6fa6616d4ce1103b73d132a9,cache_hit,,2026-07-30T02:10:45+00:00
2882,105,12,mops_api_t05st01,https://mops.twse.com.tw/mops/#/web/t05st01,"{""companyId"": ""2882"", ""firstDay"": """", ""lastDay"": """", ""month"": ""12"", ""year"": ""105""}",a61df0c8ed78fdf89008ec607341221dc2eb93b22779cd35e9dcd30a1d465220,raw_cache\2882_105_12_list.json,208b8e28c33284160018786a2556df970cfb14f24c0f4bc5e977dc62e2e5f9b9,cache_hit,,2026-07-30T02:10:45+00:00
2882,105,12,mops_api_t05st01_detail,https://mops.twse.com.tw/mops/#/web/t05st01,"{""companyId"": ""2882"", ""enterDate"": ""1051208"", ""marketKind"": ""sii"", ""serialNumber"": ""1""}",d95a0baa46188dcbfba939cf7c180e60dadbc308b24f989c5b3a39640e8c89a2,raw_cache\2882_105_12_4_detail.json,95f919efa41c4a6bce51a2aed027898bc3bc7e81e8a0583fe8191a8e0a0571f3,cache_hit,,2026-07-30T02:10:45+00:00
2882,105,12,mops_api_t05st01_detail,https://mops.twse.com.tw/mops/#/web/t05st01,"{""companyId"": ""2882"", ""enterDate"": ""1051213"", ""marketKind"": ""sii"", ""serialNumber"": ""1""}",118d93fabe5cb9b38c9003d676af9db084afa9d43a6cb7f517ea8101330fcfc0,raw_cache\2882_105_12_9_detail.json,52962ff41eb0d30fb0852bfd4887b3b9b759ebfc5d71aa7ae95853dd7007e245,cache_hit,,2026-07-30T02:10:45+00:00
2882,113,03,mops_api_t05st01,https://mops.twse.com.tw/mops/#/web/t05st01,"{""companyId"": ""2882"", ""firstDay"": """", ""lastDay"": """", ""month"": ""03"", ""year"": ""113""}",22049624f2bc86d332d4dbff5a6b4973657a370cd0404e6e103a8724503e109c,raw_cache\2882_113_03_list.json,4dfa48449452a0f1e1adaf07459edfa62e85fdf81fc52e75e17d19d3e78cccbb,cache_hit,,2026-07-30T02:10:45+00:00
2882,113,03,mops_api_t05st01_detail,https://mops.twse.com.tw/mops/#/web/t05st01,"{""companyId"": ""2882"", ""enterDate"": ""1130301"", ""marketKind"": ""sii"", ""serialNumber"": ""5""}",e3d9d4552ab37779973dd122f80ca7aab822f572a2bcc2aafecb6e6bd99600e1,raw_cache\2882_113_03_9_detail.json,3d8022d2a150b619959080ce28a186436b752957b97ef8db84616ee63bba06ee,cache_hit,,2026-07-30T02:10:45+00:00
2882,113,03,mops_api_t05st01_detail,https://mops.twse.com.tw/mops/#/web/t05st01,"{""companyId"": ""2882"", ""enterDate"": ""1130301"", ""marketKind"": ""sii"", ""serialNumber"": ""7""}",b5bf3524db967e91345f2c2419d328cfb82fc84d966409692893724e16a31090,raw_cache\2882_113_03_11_detail.json,0c664d12e0be3aa60faca88afb88125fa23f16079e38322fc3bc4dda1372ca8c,cache_hit,,2026-07-30T02:10:45+00:00
2882,113,03,mops_api_t05st01_detail,https://mops.twse.com.tw/mops/#/web/t05st01,"{""companyId"": ""2882"", ""enterDate"": ""1130306"", ""marketKind"": ""sii"", ""serialNumber"": ""1""}",8f7512c178c424a63d21df4db86189e770b8101487a99dbb4b10345d6ac264b4,raw_cache\2882_113_03_20_detail.json,209aa02f47b7f6ae560c3646404c1016a68206c59e73c8440be5d5a07ffcad12,cache_hit,,2026-07-30T02:10:45+00:00
2882,113,03,mops_api_t05st01_detail,https://mops.twse.com.tw/mops/#/web/t05st01,"{""companyId"": ""2882"", ""enterDate"": ""1130308"", ""marketKind"": ""sii"", ""serialNumber"": ""1""}",6bf77c118a491370216a180c522e482744ef7d58e24b1428c9c5e29fbed32a0c,raw_cache\2882_113_03_22_detail.json,8cff23f4ff7630e3333e2b17680cbcd85cf483789eac116ae0382cdb1769155b,cache_hit,,2026-07-30T02:10:45+00:00
2882,113,03,mops_api_t05st01_detail,https://mops.twse.com.tw/mops/#/web/t05st01,"{""companyId"": ""2882"", ""enterDate"": ""1130329"", ""marketKind"": ""sii"", ""serialNumber"": ""1""}",f9c8aa9e17e3007c8fe2d1bb346c1afd78d53c58490668c0e816b5afd7f2f9e3,raw_cache\2882_113_03_33_detail.json,aff7196efbbff8819826a76d94a496d2835903d2bde6f283e562f93c68240806,cache_hit,,2026-07-30T02:10:45+00:00
2882,113,04,mops_api_t05st01,https://mops.twse.com.tw/mops/#/web/t05st01,"{""companyId"": ""2882"", ""firstDay"": """", ""lastDay"": """", ""month"": ""04"", ""year"": ""113""}",899af614b0e137dd2334e7b5112db3d06d7a93f2a1f50b0da714c8faa5d17a57,raw_cache\2882_113_04_list.json,116d233861ccdc8834c3024b45b2a72222b4de335c6cb9da6461ef5f0f331ea6,cache_hit,,2026-07-30T02:10:45+00:00
2882,113,04,mops_api_t05st01_detail,https://mops.twse.com.tw/mops/#/web/t05st01,"{""companyId"": ""2882"", ""enterDate"": ""1130410"", ""marketKind"": ""sii"", ""serialNumber"": ""2""}",940314fde5f9502bbfaa6ca14564eccce24361b34ef0d69b27ebdf5f550ea9da,raw_cache\2882_113_04_4_detail.json,55a4192014b5236b3e50e7140fbbdaad6d85180268680317f60e2e55fd4753c5,cache_hit,,2026-07-30T02:10:45+00:00
2882,113,04,mops_api_t05st01_detail,https://mops.twse.com.tw/mops/#/web/t05st01,"{""companyId"": ""2882"", ""enterDate"": ""1130430"", ""marketKind"": ""sii"", ""serialNumber"": ""7""}",cd775a464cdbe2b99ed0b4f37cf971e5e602595cfdbe5adc1d6e8a8d190ef72a,raw_cache\2882_113_04_15_detail.json,97825cd96d7885ebd240cd26f01e77d65497fd5aa3b96ff1e7a3662560283662,cache_hit,,2026-07-30T02:10:45+00:00
2882,113,04,mops_api_t05st01_detail,https://mops.twse.com.tw/mops/#/web/t05st01,"{""companyId"": ""2882"", ""enterDate"": ""1130430"", ""marketKind"": ""sii"", ""serialNumber"": ""8""}",bf008a76713d16d7ff1f0a9edcf69d469b51aa14f819a1edcb8147302ea43e28,raw_cache\2882_113_04_16_detail.json,f983d266499ac9eacc27250906f42af937e32558173738e4c046e30930336b26,cache_hit,,2026-07-30T02:10:45+00:00
2882,113,04,mops_api_t05st01_detail,https://mops.twse.com.tw/mops/#/web/t05st01,"{""companyId"": ""2882"", ""enterDate"": ""1130430"", ""marketKind"": ""sii"", ""serialNumber"": ""9""}",9cf6a86131e84a3f4607e124f1d92b4e5b3561bec3b1cba36167311ca595069c,raw_cache\2882_113_04_17_detail.json,ca3e7b898645a396bb5ee19fd57ae879a130af5ff60aceba7c760eab301953c2,cache_hit,,2026-07-30T02:10:45+00:00
2882,113,05,mops_api_t05st01,https://mops.twse.com.tw/mops/#/web/t05st01,"{""companyId"": ""2882"", ""firstDay"": """", ""lastDay"": """", ""month"": ""05"", ""year"": ""113""}",7548ff3f5e7cd1cd1c4e73f20ef47749eb3f0720eaf2870b906da7983fe4b9cf,raw_cache\2882_113_05_list.json,9f88a915820bd67b8103b5a2892839f046611881edf8c31d87a3549aee8c1d13,cache_hit,,2026-07-30T02:10:45+00:00
2882,113,05,mops_api_t05st01_detail,https://mops.twse.com.tw/mops/#/web/t05st01,"{""companyId"": ""2882"", ""enterDate"": ""1130509"", ""marketKind"": ""sii"", ""serialNumber"": ""2""}",aa7300c5c21b85db583ae59e0719903bc73ea7a440460a65af77a721145061fe,raw_cache\2882_113_05_2_detail.json,6a30297f90cb72b20f808f9a699fbb8fe65731aa0a67074021cb6ae90bd7a43e,cache_hit,,2026-07-30T02:10:45+00:00
2882,113,05,mops_api_t05st01_detail,https://mops.twse.com.tw/mops/#/web/t05st01,"{""companyId"": ""2882"", ""enterDate"": ""1130527"", ""marketKind"": ""sii"", ""serialNumber"": ""1""}",031ce8a8d84f6f7ea47bb286eb651ec59eac6a42b6da64f951b176f8512089df,raw_cache\2882_113_05_16_detail.json,ab96e42d392d2328a588e29e986f078c64b73bf002f32923c93ac2ec13ee3131,cache_hit,,2026-07-30T02:10:45+00:00
2882,113,06,mops_api_t05st01,https://mops.twse.com.tw/mops/#/web/t05st01,"{""companyId"": ""2882"", ""firstDay"": """", ""lastDay"": """", ""month"": ""06"", ""year"": ""113""}",d46e1c29e7f0dc083c2f70818db164b39e4f2eb6248acd334218810d7fbb46a4,raw_cache\2882_113_06_list.json,9aeac7cbb70f06dae3c5a44a6a435df645a476142597d6454c856b5bd5441baf,cache_hit,,2026-07-30T02:10:45+00:00
2882,113,06,mops_api_t05st01_detail,https://mops.twse.com.tw/mops/#/web/t05st01,"{""companyId"": ""2882"", ""enterDate"": ""1130610"", ""marketKind"": ""sii"", ""serialNumber"": ""1""}",6acf430da0fa44c8520bf40aab2d0a15f83ef229d2f25e7a6e0bc967e8a494aa,raw_cache\2882_113_06_7_detail.json,df88db3d6da0915ea63920f2a70825d46892aa4ea12c0f683e28985ad2eef372,cache_hit,,2026-07-30T02:10:45+00:00
2882,113,06,mops_api_t05st01_detail,https://mops.twse.com.tw/mops/#/web/t05st01,"{""companyId"": ""2882"", ""enterDate"": ""1130614"", ""marketKind"": ""sii"", ""serialNumber"": ""1""}",f8a4dd076dd80d3694105015afca79d77a2fd7df893d743d85d2807239a2973b,raw_cache\2882_113_06_12_detail.json,1254bbc90e789e6babc41fef04d3b1bbf5d176a204d797028247f279f6f66891,cache_hit,,2026-07-30T02:10:45+00:00
2882,113,06,mops_api_t05st01_detail,https://mops.twse.com.tw/mops/#/web/t05st01,"{""companyId"": ""2882"", ""enterDate"": ""1130614"", ""marketKind"": ""sii"", ""serialNumber"": ""2""}",c9764ddc56a58e0b096504a79b0a3539c90a49addd905aec8c5fa118ee5bacfa,raw_cache\2882_113_06_13_detail.json,3cfd3caf4c76848b28bac6e30082771167a32cb718007dc7d60eb0dd2444c349,cache_hit,,2026-07-30T02:10:45+00:00
2882,113,06,mops_api_t05st01_detail,https://mops.twse.com.tw/mops/#/web/t05st01,"{""companyId"": ""2882"", ""enterDate"": ""1130614"", ""marketKind"": ""sii"", ""serialNumber"": ""3""}",49dae79ac4c308dececaf9caa51ba9a834c03dda347ba8716e99385ba86106e9,raw_cache\2882_113_06_14_detail.json,6aa5a917c15e627b221568d8c2092d7665718333ec218c476be3f276dd3e3baa,cache_hit,,2026-07-30T02:10:45+00:00
2882,113,06,mops_api_t05st01_detail,https://mops.twse.com.tw/mops/#/web/t05st01,"{""companyId"": ""2882"", ""enterDate"": ""1130617"", ""marketKind"": ""sii"", ""serialNumber"": ""1""}",16eeccd25760d33b5697616d70da5a41cc392fedc25c7a45ebbcb980fce3bed9,raw_cache\2882_113_06_17_detail.json,8d2abe76f34471bff47c247cd8d5d18da8f8a8a74e19b8c84e8fae00534b797f,cache_hit,,2026-07-30T02:10:45+00:00
2882,113,06,mops_api_t05st01_detail,https://mops.twse.com.tw/mops/#/web/t05st01,"{""companyId"": ""2882"", ""enterDate"": ""1130628"", ""marketKind"": ""sii"", ""serialNumber"": ""1""}",fb8daf45f29175c636798b307a3e9c9cc691aeaf48c0519d1a9dd49c5bbf6bb7,raw_cache\2882_113_06_28_detail.json,098f526d37015dc69fbfde4784716d567abec6d0b3519729425f4622106ac808,cache_hit,,2026-07-30T02:10:45+00:00
2882,113,07,mops_api_t05st01,https://mops.twse.com.tw/mops/#/web/t05st01,"{""companyId"": ""2882"", ""firstDay"": """", ""lastDay"": """", ""month"": ""07"", ""year"": ""113""}",caa3b2f2769bf58134b5bfa1bc7da2b4341adf7b5a57d9ea8945b7d4b4d6eadb,raw_cache\2882_113_07_list.json,c038d51611d0299f8d172fc3dd3d4afa82efb6c86b78d233fce3745b0a10c857,cache_hit,,2026-07-30T02:10:45+00:00
2882,113,07,mops_api_t05st01_detail,https://mops.twse.com.tw/mops/#/web/t05st01,"{""companyId"": ""2882"", ""enterDate"": ""1130703"", ""marketKind"": ""sii"", ""serialNumber"": ""2""}",a6e8e71ee39b92df708c3efa2f9f8c5198dba4c24b6a9de189cf220bce870687,raw_cache\2882_113_07_0_detail.json,a6548c19af28c2e031c95ab5d443b3e2ae24ab2172fd9196c18bc18f54229260,cache_hit,,2026-07-30T02:10:45+00:00
2882,113,07,mops_api_t05st01_detail,https://mops.twse.com.tw/mops/#/web/t05st01,"{""companyId"": ""2882"", ""enterDate"": ""1130704"", ""marketKind"": ""sii"", ""serialNumber"": ""1""}",c22f1a99a8374f37284007cdd84460083d3d2ff2968e457e06cf6f9513e4fff5,raw_cache\2882_113_07_2_detail.json,bf3ee02cf1543d6851ffcc553d19aabee19a89d5673a73fd5e2383094faffd1b,cache_hit,,2026-07-30T02:10:45+00:00
2882,113,07,mops_api_t05st01_detail,https://mops.twse.com.tw/mops/#/web/t05st01,"{""companyId"": ""2882"", ""enterDate"": ""1130705"", ""marketKind"": ""sii"", ""serialNumber"": ""1""}",f8e5baad6a0f32325f9eb17c9e6b3fbea17dd34412db133f30b26340d8d141fd,raw_cache\2882_113_07_3_detail.json,cac74ae09323ee5bf789123b7e7ade350ab95401281e833738edfa6fdf8e1890,cache_hit,,2026-07-30T02:10:45+00:00
2882,113,07,mops_api_t05st01_detail,https://mops.twse.com.tw/mops/#/web/t05st01,"{""companyId"": ""2882"", ""enterDate"": ""1130709"", ""marketKind"": ""sii"", ""serialNumber"": ""1""}",8270defc37d1fff96a6a2da47298630187bdac59dab8de485b84a9bf9c9baaff,raw_cache\2882_113_07_4_detail.json,9568dc5a82125c0fafdf1439ca9904b1d62b0e37ef935d38aca3eea19e7ceb29,cache_hit,,2026-07-30T02:10:45+00:00
2882,113,08,mops_api_t05st01,https://mops.twse.com.tw/mops/#/web/t05st01,"{""companyId"": ""2882"", ""firstDay"": """", ""lastDay"": """", ""month"": ""08"", ""year"": ""113""}",9c688b5337d3520ceaf219f666cb421aa02e60141ee00a3063093e779bf7c2d0,raw_cache\2882_113_08_list.json,a6740b135e08798abd7640511cdc9abdd19ba4dbec43eeba16a396210b2648f5,cache_hit,,2026-07-30T02:10:45+00:00
2882,113,08,mops_api_t05st01_detail,https://mops.twse.com.tw/mops/#/web/t05st01,"{""companyId"": ""2882"", ""enterDate"": ""1130723"", ""marketKind"": ""sii"", ""serialNumber"": ""1""}",4a8b52318c3d90f95f3d15c2764c8a19adea503f4f178a5998f744903d27f42d,raw_cache\2882_113_08_3_detail.json,31ecbb0de50b827d2ea77697a59882f90879ab64c4b64a9074f6d18a4bba1736,cache_hit,,2026-07-30T02:10:45+00:00
2882,113,08,mops_api_t05st01_detail,https://mops.twse.com.tw/mops/#/web/t05st01,"{""companyId"": ""2882"", ""enterDate"": ""1130808"", ""marketKind"": ""sii"", ""serialNumber"": ""2""}",bd24d24a4895e43f19d47d8c2eb2141ed46e0fa77ab4479966b70b6622498591,raw_cache\2882_113_08_6_detail.json,10470283fc20758e83127a9a5e7665bd1723aad171edd3ece0390e6e2b7303be,cache_hit,,2026-07-30T02:10:45+00:00
2883,106,10,mops_api_t05st01,https://mops.twse.com.tw/mops/#/web/t05st01,"{""companyId"": ""2883"", ""firstDay"": """", ""lastDay"": """", ""month"": ""10"", ""year"": ""106""}",d0563d00a21cb1daa67875de33a9478df8bfd03d1cc06b6c7cd18c0b40f58f11,raw_cache\2883_106_10_list.json,435565adecf186efe830aa078b3964ea3b398331b4d403ee2c482a642210b457,cache_hit,,2026-07-30T02:10:45+00:00
2883,106,10,mops_api_t05st01_detail,https://mops.twse.com.tw/mops/#/web/t05st01,"{""companyId"": ""2883"", ""enterDate"": ""1061011"", ""marketKind"": ""sii"", ""serialNumber"": ""1""}",74b476f89db250ea105974f38cda12c7509f19042dd6efe1383a682f107c8fec,raw_cache\2883_106_10_1_detail.json,20d518c795ce14dfa3002aa68e2bad9f7df7973e78a645eda6057a46fc36df80,cache_hit,,2026-07-30T02:10:45+00:00
2883,106,11,mops_api_t05st01,https://mops.twse.com.tw/mops/#/web/t05st01,"{""companyId"": ""2883"", ""firstDay"": """", ""lastDay"": """", ""month"": ""11"", ""year"": ""106""}",c34b08397d21c62dbc3f3fca2739f9938ee6c56340041c42ecfa749189969090,raw_cache\2883_106_11_list.json,ec60ff97384d3b0ddaf82dae0436be00dd36af781927d1a6040119c9a74593f9,cache_hit,,2026-07-30T02:10:45+00:00
2883,106,11,mops_api_t05st01_detail,https://mops.twse.com.tw/mops/#/web/t05st01,"{""companyId"": ""2883"", ""enterDate"": ""1061110"", ""marketKind"": ""sii"", ""serialNumber"": ""1""}",d9fe6fa0d998f81e89a98b4fb5ea5280124252ecb6b05785621c1abff61ba5bf,raw_cache\2883_106_11_2_detail.json,693ab59d4e59b8bd71c1bbb0abd769a085345c62d500f19d98e3ddb4e2298c0c,cache_hit,,2026-07-30T02:10:45+00:00
2883,106,12,mops_api_t05st01,https://mops.twse.com.tw/mops/#/web/t05st01,"{""companyId"": ""2883"", ""firstDay"": """", ""lastDay"": """", ""month"": ""12"", ""year"": ""106""}",674f5fc7e087b011fca87cdd2c5c3cb7c7b4619bbda3ee9c23c937b933041859,raw_cache\2883_106_12_list.json,f1e2128844bc2442d1f37c186641591bc09e49c1c5f16cc4e6fb802008bae992,cache_hit,,2026-07-30T02:10:45+00:00
2883,106,12,mops_api_t05st01_detail,https://mops.twse.com.tw/mops/#/web/t05st01,"{""companyId"": ""2883"", ""enterDate"": ""1061211"", ""marketKind"": ""sii"", ""serialNumber"": ""2""}",d110fd8a326951a2d3e0dee14be58af7ea8efb1039b1d9bfddcd55a55c236cf6,raw_cache\2883_106_12_2_detail.json,9cc0897586cd3f798d837dcc2290fd3f9f7809f7b396a2ba356607d7234e47e9,cache_hit,,2026-07-30T02:10:45+00:00
2883,106,12,mops_api_t05st01_detail,https://mops.twse.com.tw/mops/#/web/t05st01,"{""companyId"": ""2883"", ""enterDate"": ""1061226"", ""marketKind"": ""sii"", ""serialNumber"": ""1""}",2edfe4f20ba721de21cfe546d9e46d23a1e3526b8e42892154a5c4fb35495a4b,raw_cache\2883_106_12_6_detail.json,c858745130d6e3d63d40780539874e9dfcb395660893b12c278fc81e65486030,cache_hit,,2026-07-30T02:10:45+00:00
2883,106,12,mops_api_t05st01_detail,https://mops.twse.com.tw/mops/#/web/t05st01,"{""companyId"": ""2883"", ""enterDate"": ""1061226"", ""marketKind"": ""sii"", ""serialNumber"": ""2""}",45a3c1a2207d58a85eca6625bbda8005219c688e067048c5e6c707311efc43e8,raw_cache\2883_106_12_7_detail.json,954398edb447cc8b32b6677679520d9594cedabb6895a58f0cc3d12bf124e0e1,cache_hit,,2026-07-30T02:10:45+00:00
2883,106,12,mops_api_t05st01_detail,https://mops.twse.com.tw/mops/#/web/t05st01,"{""companyId"": ""2883"", ""enterDate"": ""1061229"", ""marketKind"": ""sii"", ""serialNumber"": ""1""}",ea60cb61d93183f002eb74f36a23bc6c03dcefbf1dbd5e7a7b793cd1d7397828,raw_cache\2883_106_12_8_detail.json,d9849131a7ad45edc75218ebb98ddea72dadd92a3e389ceb5825c93a6d8a5fd0,cache_hit,,2026-07-30T02:10:45+00:00
2883,107,01,mops_api_t05st01,https://mops.twse.com.tw/mops/#/web/t05st01,"{""companyId"": ""2883"", ""firstDay"": """", ""lastDay"": """", ""month"": ""01"", ""year"": ""107""}",82dab55408313c15520f73169861c3913ceecaedb5982f5ea02a29272ac6b7fc,raw_cache\2883_107_01_list.json,25cda4ee2ea19c5703c2af7187b8a9904a15e8c30dc4b6b7eaf5b674e32c64ac,cache_hit,,2026-07-30T02:10:45+00:00
2883,107,01,mops_api_t05st01_detail,https://mops.twse.com.tw/mops/#/web/t05st01,"{""companyId"": ""2883"", ""enterDate"": ""1070109"", ""marketKind"": ""sii"", ""serialNumber"": ""1""}",5ab5e3454378c4d0072bb8bb851a9938073217599733965b5f497646dcd10af9,raw_cache\2883_107_01_0_detail.json,156e974b5150c5c79413cad0fda2011ac8f3708172522ca1a27d4bc61fbe064e,cache_hit,,2026-07-30T02:10:45+00:00
2883,107,01,mops_api_t05st01_detail,https://mops.twse.com.tw/mops/#/web/t05st01,"{""companyId"": ""2883"", ""enterDate"": ""1070110"", ""marketKind"": ""sii"", ""serialNumber"": ""1""}",5a4b8f10966b5933faa607ca78bc1fd6d83f4118655cf6cb7b2691f9125f89c2,raw_cache\2883_107_01_2_detail.json,aea8154c8dd40a8902f2c42974906016b723151c2f9182c5b26c3822f1229ac9,cache_hit,,2026-07-30T02:10:45+00:00
2883,107,01,mops_api_t05st01_detail,https://mops.twse.com.tw/mops/#/web/t05st01,"{""companyId"": ""2883"", ""enterDate"": ""1070126"", ""marketKind"": ""sii"", ""serialNumber"": ""1""}",19ad41d799c7dc3a81d03e915bcd7d604825abc2e30632b9923b7ce9c66f3af8,raw_cache\2883_107_01_9_detail.json,af707a8b18ad83208b06cfa8620bec1c11b162c581cbab092ef43d5ce32f9fcc,cache_hit,,2026-07-30T02:10:45+00:00
2883,107,02,mops_api_t05st01,https://mops.twse.com.tw/mops/#/web/t05st01,"{""companyId"": ""2883"", ""firstDay"": """", ""lastDay"": """", ""month"": ""02"", ""year"": ""107""}",aef55e184c5ff086bca5181787b31841ea4168dc7f44ce71b668847a60b7c502,raw_cache\2883_107_02_list.json,8ea04e703a4d60e4ca2efc2a6e066d26ff88c9be75916ee72293284e74bc8b80,cache_hit,,2026-07-30T02:10:45+00:00
2883,107,02,mops_api_t05st01_detail,https://mops.twse.com.tw/mops/#/web/t05st01,"{""companyId"": ""2883"", ""enterDate"": ""1070208"", ""marketKind"": ""sii"", ""serialNumber"": ""1""}",51fca54c37fdee3a6f2ef36b87536b2e04d13769df84955022ccb2db5d1d57d1,raw_cache\2883_107_02_10_detail.json,a9d53481a3df9852f8be4b057ba3faa1a9711cca5519f9772a0d8af7c2cbb41f,cache_hit,,2026-07-30T02:10:45+00:00
2883,111,01,mops_api_t05st01,https://mops.twse.com.tw/mops/#/web/t05st01,"{""companyId"": ""2883"", ""firstDay"": """", ""lastDay"": """", ""month"": ""01"", ""year"": ""111""}",620f60d3524db2e3b5a4cadeeb1b64b845b12cfc59724b1334b26b75d1f08950,raw_cache\2883_111_01_list.json,5b689b4331dedfc36fc8efd17b43792c3fed74ed1d8378bc9f5196e46531d472,cache_hit,,2026-07-30T02:10:45+00:00
2883,111,01,mops_api_t05st01_detail,https://mops.twse.com.tw/mops/#/web/t05st01,"{""companyId"": ""2883"", ""enterDate"": ""1110110"", ""marketKind"": ""sii"", ""serialNumber"": ""1""}",22a3e04bf0c5de5bf4cef09b15f020152222db45bd31483c48d8ba2ec43612df,raw_cache\2883_111_01_0_detail.json,e685c3a59b31213d76b05d1c13b2383c2e100396d88f0613436a4faab4e78b22,cache_hit,,2026-07-30T02:10:45+00:00
2883,111,01,mops_api_t05st01_detail,https://mops.twse.com.tw/mops/#/web/t05st01,"{""companyId"": ""2883"", ""enterDate"": ""1110121"", ""marketKind"": ""sii"", ""serialNumber"": ""1""}",d2e82600403a73d54edbe3e6b7b9efbfdcfe6204433dd81aa666a4b92bb1759b,raw_cache\2883_111_01_6_detail.json,3c7f4641883f46c9d6ae09bf4cb86dd72101014e82f79a1c839ef844b1fc4b5c,cache_hit,,2026-07-30T02:10:45+00:00
2883,111,01,mops_api_t05st01_detail,https://mops.twse.com.tw/mops/#/web/t05st01,"{""companyId"": ""2883"", ""enterDate"": ""1110121"", ""marketKind"": ""sii"", ""serialNumber"": ""2""}",2a9a2d1feb585bb80fb0f8d3e813f5e5facb62149faa9cf9a19b44f53a4ff500,raw_cache\2883_111_01_7_detail.json,5b27006fd556116ee89a17b43d8a90b0f6ee0bb9c149eb4ac844dc1bfb681841,cache_hit,,2026-07-30T02:10:45+00:00
2883,111,01,mops_api_t05st01_detail,https://mops.twse.com.tw/mops/#/web/t05st01,"{""companyId"": ""2883"", ""enterDate"": ""1110121"", ""marketKind"": ""sii"", ""serialNumber"": ""3""}",9cac3d3b6403a4538ce262191ab3d6aabcce40a0a04955488976274a84fb6bca,raw_cache\2883_111_01_8_detail.json,8398d3cba170e13486054ab97ebca077f8815579f3ca980b980d662fef3c3bb4,cache_hit,,2026-07-30T02:10:45+00:00
2883,111,02,mops_api_t05st01,https://mops.twse.com.tw/mops/#/web/t05st01,"{""companyId"": ""2883"", ""firstDay"": """", ""lastDay"": """", ""month"": ""02"", ""year"": ""111""}",1a5f34dca6e4d396c50f934d6f171d007c2dd78e2e5d8830b504c50ab39c912d,raw_cache\2883_111_02_list.json,3c471cf96be5e36534e71c57593f632f6da78207579433b8277454253ab6a434,cache_hit,,2026-07-30T02:10:45+00:00
2883,111,02,mops_api_t05st01_detail,https://mops.twse.com.tw/mops/#/web/t05st01,"{""companyId"": ""2883"", ""enterDate"": ""1110211"", ""marketKind"": ""sii"", ""serialNumber"": ""1""}",047c0020eb73892882ce36a640d40b8eb114dda3470794803dd8c4ff765f5cec,raw_cache\2883_111_02_0_detail.json,5f8483593bfc1479a1b393aa080273aff2039dc8630ceafe4758e25175779f96,cache_hit,,2026-07-30T02:10:45+00:00
2883,111,02,mops_api_t05st01_detail,https://mops.twse.com.tw/mops/#/web/t05st01,"{""companyId"": ""2883"", ""enterDate"": ""1110218"", ""marketKind"": ""sii"", ""serialNumber"": ""3""}",9bf2b89a2cd365c5910c6e7867c8c785a554cda16a235533435a52bb73ce6d3f,raw_cache\2883_111_02_4_detail.json,a34a0a931e92eb2c150abaacce4543ab0916252b9aea4d3dcafde5e121902b3e,cache_hit,,2026-07-30T02:10:45+00:00
2883,111,02,mops_api_t05st01_detail,https://mops.twse.com.tw/mops/#/web/t05st01,"{""companyId"": ""2883"", ""enterDate"": ""1110224"", ""marketKind"": ""sii"", ""serialNumber"": ""1""}",49b17e95f57e602892e680a83007407da1454d94ac627ae68f504855f9be8dfe,raw_cache\2883_111_02_7_detail.json,bef6b42e620319cf51f628902811104bbac2adae7c2b309189dd9c787296c101,cache_hit,,2026-07-30T02:10:45+00:00
2883,111,03,mops_api_t05st01,https://mops.twse.com.tw/mops/#/web/t05st01,"{""companyId"": ""2883"", ""firstDay"": """", ""lastDay"": """", ""month"": ""03"", ""year"": ""111""}",5c2172e6076438f390aa7623cbd0d89063bc27d8f9bd40679fae7f9ac62384c0,raw_cache\2883_111_03_list.json,aeec807f77b0fc00584d0981a86c9476d8c2499a52c4b8134537e6f0b1ade444,cache_hit,,2026-07-30T02:10:45+00:00
2883,111,03,mops_api_t05st01_detail,https://mops.twse.com.tw/mops/#/web/t05st01,"{""companyId"": ""2883"", ""enterDate"": ""1110309"", ""marketKind"": ""sii"", ""serialNumber"": ""1""}",d647b0733abf4886d74c239681cfe5db802867802ec6b3c2a7c577c08b74a432,raw_cache\2883_111_03_1_detail.json,187c64d96ff2ed1fa343d1a61e9d3c95f0586503f0995016060d88c241d369eb,cache_hit,,2026-07-30T02:10:45+00:00
2883,111,03,mops_api_t05st01_detail,https://mops.twse.com.tw/mops/#/web/t05st01,"{""companyId"": ""2883"", ""enterDate"": ""1110309"", ""marketKind"": ""sii"", ""serialNumber"": ""2""}",1cf0f21d942c0ed5a8efeef1ef0f40799ceace88ef914262cbd04677e63a745b,raw_cache\2883_111_03_2_detail.json,3734d1571e35af3bf177673353c70567a23e6b8f5122b7f535b63fa5edb28ef1,cache_hit,,2026-07-30T02:10:45+00:00
2883,111,03,mops_api_t05st01_detail,https://mops.twse.com.tw/mops/#/web/t05st01,"{""companyId"": ""2883"", ""enterDate"": ""1110309"", ""marketKind"": ""sii"", ""serialNumber"": ""3""}",4278df921c1576f0502da0548eecf589d263849d920589f700cabc7c08b80675,raw_cache\2883_111_03_3_detail.json,c17009968ff3116ab69b32bba4f4056b019bc1fd3be8a3c16db81fe51dcac705,cache_hit,,2026-07-30T02:10:45+00:00
2883,111,03,mops_api_t05st01_detail,https://mops.twse.com.tw/mops/#/web/t05st01,"{""companyId"": ""2883"", ""enterDate"": ""1110314"", ""marketKind"": ""sii"", ""serialNumber"": ""4""}",710541219f6cdea32831b5f9590b2dbeab0a148312e6491abfbb51e5081c5d8f,raw_cache\2883_111_03_5_detail.json,08dda54b9a21beca2f6e436f0c9bafa447652ad5140221772b456d6a4d3d42dd,cache_hit,,2026-07-30T02:10:45+00:00
2883,111,03,mops_api_t05st01_detail,https://mops.twse.com.tw/mops/#/web/t05st01,"{""companyId"": ""2883"", ""enterDate"": ""1110314"", ""marketKind"": ""sii"", ""serialNumber"": ""3""}",75d2c6f8890bd1e65c5c3fd024e1cd9bb0c1dc894cceb81ab7c4961fba3364b1,raw_cache\2883_111_03_9_detail.json,5866e8624a99e96dcaf278d5c568d3c7174a8379277cf2e4a362eac070d8002c,cache_hit,,2026-07-30T02:10:45+00:00
2883,111,04,mops_api_t05st01,https://mops.twse.com.tw/mops/#/web/t05st01,"{""companyId"": ""2883"", ""firstDay"": """", ""lastDay"": """", ""month"": ""04"", ""year"": ""111""}",80789e7647d9804d2d548383942f0cd7a96bffd41e4beecb5ef67f4ae93937a6,raw_cache\2883_111_04_list.json,d5b14dc209b1407f49e2c804b4752ef8a3f2834cf810bdc48b84fbd129098241,cache_hit,,2026-07-30T02:10:45+00:00
2883,111,04,mops_api_t05st01_detail,https://mops.twse.com.tw/mops/#/web/t05st01,"{""companyId"": ""2883"", ""enterDate"": ""1110408"", ""marketKind"": ""sii"", ""serialNumber"": ""1""}",298fd88ec9f205b2aadbca54daf03121baa76ff4659fe082fe89aa464f79b5eb,raw_cache\2883_111_04_0_detail.json,8edd032262ebb25197c59753624b1d3dd1890d1dde6a836f3ba0f46db304c722,cache_hit,,2026-07-30T02:10:45+00:00
2883,111,04,mops_api_t05st01_detail,https://mops.twse.com.tw/mops/#/web/t05st01,"{""companyId"": ""2883"", ""enterDate"": ""1110408"", ""marketKind"": ""sii"", ""serialNumber"": ""2""}",b88af2960889c6201174a33c2939c90a55b4b362f89a994edf53d3e75e365cb0,raw_cache\2883_111_04_1_detail.json,c61fdb3ac9e8d72f88c18fa08ab982db73071ba533a6b9177031511dde15ae40,cache_hit,,2026-07-30T02:10:45+00:00
2883,111,04,mops_api_t05st01_detail,https://mops.twse.com.tw/mops/#/web/t05st01,"{""companyId"": ""2883"", ""enterDate"": ""1110408"", ""marketKind"": ""sii"", ""serialNumber"": ""3""}",28a97959efeb3542945c2cac161eec3918eec15f4fbfbbe9e8a1a3efd69ec779,raw_cache\2883_111_04_2_detail.json,f7e55f050b7a75b0d1e5356055220f26ecea7feb5473ad7b541461b53d669738,cache_hit,,2026-07-30T02:10:45+00:00
2883,111,04,mops_api_t05st01_detail,https://mops.twse.com.tw/mops/#/web/t05st01,"{""companyId"": ""2883"", ""enterDate"": ""1110414"", ""marketKind"": ""sii"", ""serialNumber"": ""1""}",62dd59979091a53c7516be17d035d8d8e0310897df3822c8e6ae328e488f35da,raw_cache\2883_111_04_3_detail.json,ea653c6f2ae47ad630530dbf4e70593a3efe9cb2e0cba54628a691957e756e11,cache_hit,,2026-07-30T02:10:45+00:00
2883,111,04,mops_api_t05st01_detail,https://mops.twse.com.tw/mops/#/web/t05st01,"{""companyId"": ""2883"", ""enterDate"": ""1110415"", ""marketKind"": ""sii"", ""serialNumber"": ""1""}",a3c1e2712bf840ce67f57b898432cbe9c65c65bcbe303eeb915bdb82e27b947e,raw_cache\2883_111_04_4_detail.json,58311ab6535565a27a1f351a537b94959b042252b48395604f1e8df8255fa274,cache_hit,,2026-07-30T02:10:45+00:00
2883,111,04,mops_api_t05st01_detail,https://mops.twse.com.tw/mops/#/web/t05st01,"{""companyId"": ""2883"", ""enterDate"": ""1110419"", ""marketKind"": ""sii"", ""serialNumber"": ""1""}",b6cfc134a44169536619080aaddf426aaf16c71e997b011fd2a76cbd61b74fa3,raw_cache\2883_111_04_5_detail.json,6a9c6d5ea899f3b33495c15e15e41b3be5b17819d921db8e97c9b44ba568bb1f,cache_hit,,2026-07-30T02:10:45+00:00
2883,111,04,mops_api_t05st01_detail,https://mops.twse.com.tw/mops/#/web/t05st01,"{""companyId"": ""2883"", ""enterDate"": ""1110419"", ""marketKind"": ""sii"", ""serialNumber"": ""2""}",a02471af2beb79d562c99b3078004135aad7dea6564ad6de922cdfc31dd8b93a,raw_cache\2883_111_04_6_detail.json,495268c60ee10efb157027e093d583463f1679e4c2a55c5a8a351e3a279c8a9d,cache_hit,,2026-07-30T02:10:45+00:00
2883,111,04,mops_api_t05st01_detail,https://mops.twse.com.tw/mops/#/web/t05st01,"{""companyId"": ""2883"", ""enterDate"": ""1110419"", ""marketKind"": ""sii"", ""serialNumber"": ""4""}",77af5b7cbc4950bc66593e51f7c884a40feecdef7344528fa94bc14ffe27b531,raw_cache\2883_111_04_8_detail.json,f22b9c578a3fb7231091c6ac8a0f3f187f7bd45bb36fe22afc34cee92c57f408,cache_hit,,2026-07-30T02:10:45+00:00
2883,111,04,mops_api_t05st01_detail,https://mops.twse.com.tw/mops/#/web/t05st01,"{""companyId"": ""2883"", ""enterDate"": ""1110419"", ""marketKind"": ""sii"", ""serialNumber"": ""5""}",1a6c81549099280a3fd547656cba5a4819b741e68c07b9a1d4661b9f60567240,raw_cache\2883_111_04_9_detail.json,ced8ba375d346e911d43f93e2787ea6e6ef4c7ee574041ccb0601fb91db38b47,cache_hit,,2026-07-30T02:10:45+00:00
2883,111,04,mops_api_t05st01_detail,https://mops.twse.com.tw/mops/#/web/t05st01,"{""companyId"": ""2883"", ""enterDate"": ""1110420"", ""marketKind"": ""sii"", ""serialNumber"": ""1""}",8929c24f0da7732cabd050b6baf12936c6100fb312cb11c91d6d2ae546c9a139,raw_cache\2883_111_04_11_detail.json,9ef94bcc951fdfe220366e372537e9c766734e67d553678afe4a4dbb61c775e3,cache_hit,,2026-07-30T02:10:45+00:00
2883,111,04,mops_api_t05st01_detail,https://mops.twse.com.tw/mops/#/web/t05st01,"{""companyId"": ""2883"", ""enterDate"": ""1110420"", ""marketKind"": ""sii"", ""serialNumber"": ""4""}",6459c4c8541e102a789f8de49c56c2756284a456e887235f54f747c67025b661,raw_cache\2883_111_04_13_detail.json,1e4ed7f2e4dbc7ec117d044ae7bdd2ab747bebfaa068993d01c3b79443981527,cache_hit,,2026-07-30T02:10:45+00:00
2883,111,04,mops_api_t05st01_detail,https://mops.twse.com.tw/mops/#/web/t05st01,"{""companyId"": ""2883"", ""enterDate"": ""1110421"", ""marketKind"": ""sii"", ""serialNumber"": ""3""}",1b2c0801d4ed80716b9327727d7b1bf2edf93c72ec290a06990c0e16d6ff0de1,raw_cache\2883_111_04_19_detail.json,c61c0948ad290048a47f56625e6fcbce9fef93ff182f673f44d6cc03dd8db421,cache_hit,,2026-07-30T02:10:45+00:00
2883,111,04,mops_api_t05st01_detail,https://mops.twse.com.tw/mops/#/web/t05st01,"{""companyId"": ""2883"", ""enterDate"": ""1110425"", ""marketKind"": ""sii"", ""serialNumber"": ""3""}",22d7c7126ddd3d42a94bfc281bdd7880853271f5035ed44fa349d5834f76dca8,raw_cache\2883_111_04_24_detail.json,16a0752de9c0383795c2e4631c480a8d891666f169f2489d9818869aeab3ebe1,cache_hit,,2026-07-30T02:10:45+00:00
2883,111,04,mops_api_t05st01_detail,https://mops.twse.com.tw/mops/#/web/t05st01,"{""companyId"": ""2883"", ""enterDate"": ""1110425"", ""marketKind"": ""sii"", ""serialNumber"": ""4""}",44cc3334c4bd033cc266b0000569f06912a260e319dca0965533adec4c9151db,raw_cache\2883_111_04_25_detail.json,8e705e075e5269b148989c461a70abfa500ea454ee8fa37ab85efdea8d391aa4,cache_hit,,2026-07-30T02:10:45+00:00
2883,111,04,mops_api_t05st01_detail,https://mops.twse.com.tw/mops/#/web/t05st01,"{""companyId"": ""2883"", ""enterDate"": ""1110429"", ""marketKind"": ""sii"", ""serialNumber"": ""1""}",2d7e0f8efe9306cec8d6e75f18b0c60566b4cdf1652e1b7de53e200e4cfc8cff,raw_cache\2883_111_04_30_detail.json,7fc8277850e3c60fb9ad673056c64b3eba5de7c82e16f5b7efa9918cf235ed8f,cache_hit,,2026-07-30T02:10:45+00:00
2884,106,01,mops_api_t05st01,https://mops.twse.com.tw/mops/#/web/t05st01,"{""companyId"": ""2884"", ""firstDay"": """", ""lastDay"": """", ""month"": ""01"", ""year"": ""106""}",38660e0dd71182752a773291193f713dda9df79bd80d8db1cffc549c1757ab4d,raw_cache\2884_106_01_list.json,04773b183ed5143610676522e20f74647e281a89c5641e7d00185d143f21846b,cache_hit,,2026-07-30T02:10:45+00:00
2884,106,02,mops_api_t05st01,https://mops.twse.com.tw/mops/#/web/t05st01,"{""companyId"": ""2884"", ""firstDay"": """", ""lastDay"": """", ""month"": ""02"", ""year"": ""106""}",46ae8b1c38b92817ecac64812d534720d0ee33d6c8f86ff57f47555eaf7a7933,raw_cache\2884_106_02_list.json,7be37db29651fc40aa3b50f8e1a770430d98df958ffa219e70cf5aea66752ee3,cache_hit,,2026-07-30T02:10:45+00:00
2884,106,03,mops_api_t05st01,https://mops.twse.com.tw/mops/#/web/t05st01,"{""companyId"": ""2884"", ""firstDay"": """", ""lastDay"": """", ""month"": ""03"", ""year"": ""106""}",c78141bb5da0cc18ed0656fc20393cbaf6a567072aac818f06209514a0a75c6c,raw_cache\2884_106_03_list.json,b8b946af11af0276fe61994ba68f405b3898bc1b18798f2d20c942f05088350e,cache_hit,,2026-07-30T02:10:45+00:00
2884,106,03,mops_api_t05st01_detail,https://mops.twse.com.tw/mops/#/web/t05st01,"{""companyId"": ""2884"", ""enterDate"": ""1060301"", ""marketKind"": ""sii"", ""serialNumber"": ""1""}",df7da18e22cc92783c12d0f94e8c793a05b5e337206060d88e466178e6fc8c72,raw_cache\2884_106_03_0_detail.json,003c4ce2e0bfda8c4133d1fe8af8b2b972c12e261fb78e7d7324e5775aca691f,cache_hit,,2026-07-30T02:10:45+00:00
2884,106,03,mops_api_t05st01_detail,https://mops.twse.com.tw/mops/#/web/t05st01,"{""companyId"": ""2884"", ""enterDate"": ""1060306"", ""marketKind"": ""sii"", ""serialNumber"": ""1""}",8be580cb7b0d7e43a94fbabe3e5c04973e5b655234cb04bc983da2452f49f587,raw_cache\2884_106_03_7_detail.json,c8325c522e4e2a5fe2b19d602080df1ac174f6b18151bd436ee6a69485afcab9,cache_hit,,2026-07-30T02:10:45+00:00
2884,106,03,mops_api_t05st01_detail,https://mops.twse.com.tw/mops/#/web/t05st01,"{""companyId"": ""2884"", ""enterDate"": ""1060329"", ""marketKind"": ""sii"", ""serialNumber"": ""3""}",24fd0e1145799a4b934ce90ad378c59e90f965a1bd542e14ce65bcf4c39b06e2,raw_cache\2884_106_03_13_detail.json,0119283e1a6262160690414e2104f9e11af6d2bd16f887a2fbb34cc586a03a59,cache_hit,,2026-07-30T02:10:45+00:00
2884,108,06,mops_api_t05st01,https://mops.twse.com.tw/mops/#/web/t05st01,"{""companyId"": ""2884"", ""firstDay"": """", ""lastDay"": """", ""month"": ""06"", ""year"": ""108""}",8f1e9a4cfaeb08cd8a320ec9c39df562cf3b30f16755cdbf835cb84a593e6a2c,raw_cache\2884_108_06_list.json,88527daaecb48f9dbf12e3f84fbb9b730937f89ad370f1521efdac0829b25492,cache_hit,,2026-07-30T02:10:45+00:00
2884,108,06,mops_api_t05st01_detail,https://mops.twse.com.tw/mops/#/web/t05st01,"{""companyId"": ""2884"", ""enterDate"": ""1080621"", ""marketKind"": ""sii"", ""serialNumber"": ""1""}",70220e46678862a33b17ca079ffc50ce2da5e2b94691c74c21e48fbbeeb97b7e,raw_cache\2884_108_06_4_detail.json,602415dac81b464183a9f92f83aed839b4ffe5b21259582fc81d49f6a4adb7aa,cache_hit,,2026-07-30T02:10:45+00:00
2884,108,07,mops_api_t05st01,https://mops.twse.com.tw/mops/#/web/t05st01,"{""companyId"": ""2884"", ""firstDay"": """", ""lastDay"": """", ""month"": ""07"", ""year"": ""108""}",9e12aa851011a7382c9cd2354c91ca31e1039e5d1ce7b5d78b7703f351f85d38,raw_cache\2884_108_07_list.json,b11de2d451b161678a98dbb333688c1ca212aee7690ca1508cd6fd22a513cbae,cache_hit,,2026-07-30T02:10:45+00:00
2884,108,07,mops_api_t05st01_detail,https://mops.twse.com.tw/mops/#/web/t05st01,"{""companyId"": ""2884"", ""enterDate"": ""1080709"", ""marketKind"": ""sii"", ""serialNumber"": ""1""}",85775213c62df302837512a2173a3055bed5e5da02116aed53ff46cea782c31a,raw_cache\2884_108_07_1_detail.json,13fab7324787f03542f3eff91fa40bad76faa88c03737aa0a263924f75ca13ad,cache_hit,,2026-07-30T02:10:45+00:00
2884,108,08,mops_api_t05st01,https://mops.twse.com.tw/mops/#/web/t05st01,"{""companyId"": ""2884"", ""firstDay"": """", ""lastDay"": """", ""month"": ""08"", ""year"": ""108""}",884422816afdb3120f6d26dc9fb3d3d051aa2379e60230981727b36dbd8caf11,raw_cache\2884_108_08_list.json,544d72d0908c73bf2e3193f671b8e3135078c462e95992a3c6c55dd2b49caf68,cache_hit,,2026-07-30T02:10:45+00:00
2884,108,09,mops_api_t05st01,https://mops.twse.com.tw/mops/#/web/t05st01,"{""companyId"": ""2884"", ""firstDay"": """", ""lastDay"": """", ""month"": ""09"", ""year"": ""108""}",c18ad80afb94a00eb9e953fd40639b9e0b55b9dbf6e8614d8889cdb6ffc39561,raw_cache\2884_108_09_list.json,206354b1267557603a390516c7571025bf7271fc046da019514647da5b41a128,cache_hit,,2026-07-30T02:10:45+00:00
2884,108,12,mops_api_t05st01,https://mops.twse.com.tw/mops/#/web/t05st01,"{""companyId"": ""2884"", ""firstDay"": """", ""lastDay"": """", ""month"": ""12"", ""year"": ""108""}",fceb9db64fe4320dc1d6f07c50afda8e247d9d081e943e78ef884ceebecff141,raw_cache\2884_108_12_list.json,4f243f8f1d8e551e0eefe6db39832b79fbeaddddc9729899a56a353361596886,cache_hit,,2026-07-30T02:10:45+00:00
2884,109,01,mops_api_t05st01,https://mops.twse.com.tw/mops/#/web/t05st01,"{""companyId"": ""2884"", ""firstDay"": """", ""lastDay"": """", ""month"": ""01"", ""year"": ""109""}",4122c03fbe77da1a3b8a468205540269913aea128c0046e85f19c3509bf730b8,raw_cache\2884_109_01_list.json,9c32d88402d4bbeb47ff6d884781b54501494939a50f13dd4692c873174417d2,cache_hit,,2026-07-30T02:10:45+00:00
2884,109,02,mops_api_t05st01,https://mops.twse.com.tw/mops/#/web/t05st01,"{""companyId"": ""2884"", ""firstDay"": """", ""lastDay"": """", ""month"": ""02"", ""year"": ""109""}",762faa8804b7d2e3c112c07f34a971d1d3e2cbe815d7331b6f9a878fc259cefb,raw_cache\2884_109_02_list.json,5313d2434ee1b05ba8767ffd5db8fb2e48049ca5947ce8d1cd99bf0c99486b3e,cache_hit,,2026-07-30T02:10:45+00:00
2884,109,03,mops_api_t05st01,https://mops.twse.com.tw/mops/#/web/t05st01,"{""companyId"": ""2884"", ""firstDay"": """", ""lastDay"": """", ""month"": ""03"", ""year"": ""109""}",669ece2f946803435389b3bc44fafccc3fa2a454bb44ffd96bef43918da33e5c,raw_cache\2884_109_03_list.json,e9cb0b87e11367650c7f546c6be41fda4136e3b8378cc5b05b9711ab51f8f4b3,cache_hit,,2026-07-30T02:10:45+00:00
2886,113,10,mops_api_t05st01,https://mops.twse.com.tw/mops/#/web/t05st01,"{""companyId"": ""2886"", ""firstDay"": """", ""lastDay"": """", ""month"": ""10"", ""year"": ""113""}",1dc2b0d7f7df90349105f8f289d2037f17dc46ffd1370fc73c7f1e1e25156795,raw_cache\2886_113_10_list.json,36b639a22b58d00ab88499bd852675a3cedf64fd1c39617fd158e7362b750589,cache_hit,,2026-07-30T02:10:45+00:00
2886,113,10,mops_api_t05st01_detail,https://mops.twse.com.tw/mops/#/web/t05st01,"{""companyId"": ""2886"", ""enterDate"": ""1131008"", ""marketKind"": ""sii"", ""serialNumber"": ""1""}",10bbd6e158018faca275da816135964ef329e5375ddb7f0cd078276573215161,raw_cache\2886_113_10_2_detail.json,5b7d58fa2ff9f824dcf5616e771c66f4376e3f7d486b9a65799bb6289334b80a,cache_hit,,2026-07-30T02:10:45+00:00
2886,113,11,mops_api_t05st01,https://mops.twse.com.tw/mops/#/web/t05st01,"{""companyId"": ""2886"", ""firstDay"": """", ""lastDay"": """", ""month"": ""11"", ""year"": ""113""}",f8134f7ace0d1509bb38dad3bd81b8f2f2c63dfe725c73cd10d67dc68e9ae90e,raw_cache\2886_113_11_list.json,085af514c773ab680678868e8de166dd705d224f6d336bf1de20547653878a97,cache_hit,,2026-07-30T02:10:45+00:00
2886,113,11,mops_api_t05st01_detail,https://mops.twse.com.tw/mops/#/web/t05st01,"{""companyId"": ""2886"", ""enterDate"": ""1131107"", ""marketKind"": ""sii"", ""serialNumber"": ""1""}",cb482e6ff56cd59cf54f178e8f53e53ed183ccf640c06142ce37bf59237f49e0,raw_cache\2886_113_11_1_detail.json,749ab1a26a1a12d03fbcb9cef4ca1f737599d50af2964717b353726c68cc42d8,cache_hit,,2026-07-30T02:10:45+00:00
2886,113,11,mops_api_t05st01_detail,https://mops.twse.com.tw/mops/#/web/t05st01,"{""companyId"": ""2886"", ""enterDate"": ""1131118"", ""marketKind"": ""sii"", ""serialNumber"": ""1""}",875cc79a2d38c5a0e58a830ea46647d1ed6cd84376f8eac400174c10a4b51d11,raw_cache\2886_113_11_5_detail.json,ba44bca0478275364017b3b92022b962caf500cd1a3abe7a241a8ca3fe822053,cache_hit,,2026-07-30T02:10:45+00:00
2886,113,11,mops_api_t05st01_detail,https://mops.twse.com.tw/mops/#/web/t05st01,"{""companyId"": ""2886"", ""enterDate"": ""1131126"", ""marketKind"": ""sii"", ""serialNumber"": ""1""}",b47077a73817893afd455b59c46901305e320024ce579e43f781a904623bd784,raw_cache\2886_113_11_7_detail.json,49a1a819fa243613644bbae5ad6f4e311d496fc9c7849ca176b1b978da91d465,cache_hit,,2026-07-30T02:10:45+00:00
2886,113,12,mops_api_t05st01,https://mops.twse.com.tw/mops/#/web/t05st01,"{""companyId"": ""2886"", ""firstDay"": """", ""lastDay"": """", ""month"": ""12"", ""year"": ""113""}",77d2843c1d845203fcf775b2c9d90f551db632caed47a3fd151e46c8eb48f3ee,raw_cache\2886_113_12_list.json,aafbd53ff0efaf619297ee1883039c6d942e72766f36fd16a0e2551bbd65b45c,cache_hit,,2026-07-30T02:10:45+00:00
2886,113,12,mops_api_t05st01_detail,https://mops.twse.com.tw/mops/#/web/t05st01,"{""companyId"": ""2886"", ""enterDate"": ""1131206"", ""marketKind"": ""sii"", ""serialNumber"": ""1""}",65caf707492be9af7a9e79c1002783c4a4bb11e937e5b715b0d5b7ed86eb93db,raw_cache\2886_113_12_2_detail.json,c2192263c3b0542040a4de9f33f9c0a7860e02d7a642a2ad11a8815bee00a02c,cache_hit,,2026-07-30T02:10:45+00:00
2886,114,01,mops_api_t05st01,https://mops.twse.com.tw/mops/#/web/t05st01,"{""companyId"": ""2886"", ""firstDay"": """", ""lastDay"": """", ""month"": ""01"", ""year"": ""114""}",d740dced32243eee84c3049f27d386a17227827ba202656f53b57b25595354b3,raw_cache\2886_114_01_list.json,590893b429e7f9b6444c79a024a5d9bf6ac609645a747d411ff8294ae220e32e,cache_hit,,2026-07-30T02:10:45+00:00
2886,114,01,mops_api_t05st01_detail,https://mops.twse.com.tw/mops/#/web/t05st01,"{""companyId"": ""2886"", ""enterDate"": ""1140107"", ""marketKind"": ""sii"", ""serialNumber"": ""1""}",e200c88682dfbc8b86cd9186c1897f329309a7a85d1823bc95b121ebcec45f8f,raw_cache\2886_114_01_1_detail.json,3a67177a9b96097f1a2a3180ba49b9232a15907d763d32e746e634c4004fe0ea,cache_hit,,2026-07-30T02:10:45+00:00
2892,105,03,mops_api_t05st01,https://mops.twse.com.tw/mops/#/web/t05st01,"{""companyId"": ""2892"", ""firstDay"": """", ""lastDay"": """", ""month"": ""03"", ""year"": ""105""}",09d0e80fd95074ef6839ed350cb904f52efc6992c5231f766fa0a1cc3f8689d5,raw_cache\2892_105_03_list.json,0943520c94de23b432d64dfc003c24ea59a1aed4a922043a8e89d0d182f50472,cache_hit,,2026-07-30T02:10:45+00:00
2892,105,03,mops_api_t05st01_detail,https://mops.twse.com.tw/mops/#/web/t05st01,"{""companyId"": ""2892"", ""enterDate"": ""1050308"", ""marketKind"": ""sii"", ""serialNumber"": ""1""}",fce4d28ad510a4ebb03eae75c6f2a56d5ee4e0623b295574011e6cb9c9352370,raw_cache\2892_105_03_0_detail.json,c743d3438102facd56bd7068575c242159dc67567b85991a9725600675c60d85,cache_hit,,2026-07-30T02:10:45+00:00
2892,105,03,mops_api_t05st01_detail,https://mops.twse.com.tw/mops/#/web/t05st01,"{""companyId"": ""2892"", ""enterDate"": ""1050308"", ""marketKind"": ""sii"", ""serialNumber"": ""2""}",0598844d85abb94d168ad9ff0aae809f8277839ccee9a7faddd799b9852046ee,raw_cache\2892_105_03_1_detail.json,2e6bd8e9d9453aaf60a116d9d87cf2cc2e647cffe2517be21aa8f282094b06ec,cache_hit,,2026-07-30T02:10:45+00:00
2892,105,03,mops_api_t05st01_detail,https://mops.twse.com.tw/mops/#/web/t05st01,"{""companyId"": ""2892"", ""enterDate"": ""1050310"", ""marketKind"": ""sii"", ""serialNumber"": ""1""}",17172d82f8aea78b7a49c381e6efb3c8ad83c760380fefaf8b83ca428dda1f78,raw_cache\2892_105_03_2_detail.json,1b2649cc07a1cd7690564a4f5633279c78714aa8be43a871acc9343affb3a0ff,cache_hit,,2026-07-30T02:10:45+00:00
2892,105,03,mops_api_t05st01_detail,https://mops.twse.com.tw/mops/#/web/t05st01,"{""companyId"": ""2892"", ""enterDate"": ""1050330"", ""marketKind"": ""sii"", ""serialNumber"": ""4""}",6e55ce50e2e75ecca7b994026c6c8bb8244959d3050dc8d7b58c2b8c611b9755,raw_cache\2892_105_03_7_detail.json,ea8340663d78df7c663acd4296996ee0681c3894722f4a18db3b4ae95dfb532b,cache_hit,,2026-07-30T02:10:45+00:00
2892,105,04,mops_api_t05st01,https://mops.twse.com.tw/mops/#/web/t05st01,"{""companyId"": ""2892"", ""firstDay"": """", ""lastDay"": """", ""month"": ""04"", ""year"": ""105""}",71eee77c53723ede70f67f8eca6bc5921b236588e3f1d80ad77c85c3e8e69973,raw_cache\2892_105_04_list.json,c1d7b06808b428a0502b0e19401414b52b5c7ce5e8028e13cca39cbb40a60c2e,cache_hit,,2026-07-30T02:10:45+00:00
2892,105,04,mops_api_t05st01_detail,https://mops.twse.com.tw/mops/#/web/t05st01,"{""companyId"": ""2892"", ""enterDate"": ""1050411"", ""marketKind"": ""sii"", ""serialNumber"": ""1""}",0c8eaaaf01798933ff5bb898f53b1dc8c8b78466b5ac5536e2ab196202734620,raw_cache\2892_105_04_0_detail.json,5033f7921ca166a2b0ae7e0d6510f9cd597a26b125ded3dec50f4f50a62400ec,cache_hit,,2026-07-30T02:10:45+00:00
2892,105,04,mops_api_t05st01_detail,https://mops.twse.com.tw/mops/#/web/t05st01,"{""companyId"": ""2892"", ""enterDate"": ""1050411"", ""marketKind"": ""sii"", ""serialNumber"": ""2""}",720d0dd0fdd754fe61835817a2ecca32a44afbd75ef4d2b4fdafa1dc41c445c0,raw_cache\2892_105_04_1_detail.json,502d302fa189131c9c7ed4d790bb647968fb7d96e45e988b85305071cfed9951,cache_hit,,2026-07-30T02:10:45+00:00
2892,105,04,mops_api_t05st01_detail,https://mops.twse.com.tw/mops/#/web/t05st01,"{""companyId"": ""2892"", ""enterDate"": ""1050429"", ""marketKind"": ""sii"", ""serialNumber"": ""2""}",58c358f0fe53f5f9255231d6236e4832e384a17baa2adc2c073c16bb9679633f,raw_cache\2892_105_04_22_detail.json,9525bddd0cfa97ec9fb1962a382bfc2224e13a740e01a6a9e5cb9f011373d817,cache_hit,,2026-07-30T02:10:45+00:00
2892,105,04,mops_api_t05st01_detail,https://mops.twse.com.tw/mops/#/web/t05st01,"{""companyId"": ""2892"", ""enterDate"": ""1050429"", ""marketKind"": ""sii"", ""serialNumber"": ""5""}",500d73f58ba235c844bec56b34d6d7e32105934ac02f6d711d576149a32f117b,raw_cache\2892_105_04_25_detail.json,32adf96a11073cd369b32ef28ba7779d1242977c0333e8cd9ba9e601fbc022bb,cache_hit,,2026-07-30T02:10:45+00:00
2892,105,04,mops_api_t05st01_detail,https://mops.twse.com.tw/mops/#/web/t05st01,"{""companyId"": ""2892"", ""enterDate"": ""1050429"", ""marketKind"": ""sii"", ""serialNumber"": ""6""}",6eb0444d5baa0b671aefc63be1768c42c6d8641befad9abbedbd3282046d8518,raw_cache\2892_105_04_26_detail.json,39688e5f4583a7d9fb8299ea781a322d64a8283881b23e1c673ebbcdb2730b83,cache_hit,,2026-07-30T02:10:45+00:00
2892,105,05,mops_api_t05st01,https://mops.twse.com.tw/mops/#/web/t05st01,"{""companyId"": ""2892"", ""firstDay"": """", ""lastDay"": """", ""month"": ""05"", ""year"": ""105""}",ad58d0f28aa73ae91c21983aca8ccf4e627f5c24e1eede5cf6de48f0090ae6d5,raw_cache\2892_105_05_list.json,b824bf2bf2f121af32f60c2b7fcbfce765953454ffa35b676448907b856eb889,cache_hit,,2026-07-30T02:10:45+00:00
2892,105,05,mops_api_t05st01_detail,https://mops.twse.com.tw/mops/#/web/t05st01,"{""companyId"": ""2892"", ""enterDate"": ""1050510"", ""marketKind"": ""sii"", ""serialNumber"": ""1""}",62a0a9ecfdba0aa5676ec7185267e16b377da4f781154248f780ac600a3285b6,raw_cache\2892_105_05_1_detail.json,70e0ef1a207c0855b1cb5a2af33ee0a25d8b3421f5f5a165aa86a46566191f33,cache_hit,,2026-07-30T02:10:45+00:00
2892,105,05,mops_api_t05st01_detail,https://mops.twse.com.tw/mops/#/web/t05st01,"{""companyId"": ""2892"", ""enterDate"": ""1050510"", ""marketKind"": ""sii"", ""serialNumber"": ""2""}",058701c44e3e535e284591999c2f5ed4a857441c7b202d20c2a36c53cd72e91c,raw_cache\2892_105_05_2_detail.json,1cca24b77298cc1c0e29deb7939502afd4a9c2832e1b2ae9a8ec81b3f2d59217,cache_hit,,2026-07-30T02:10:45+00:00
2892,105,05,mops_api_t05st01_detail,https://mops.twse.com.tw/mops/#/web/t05st01,"{""companyId"": ""2892"", ""enterDate"": ""1050531"", ""marketKind"": ""sii"", ""serialNumber"": ""1""}",72adc2f0ba8e7a7205d197e3e0f92b6053dfed63c395036790f002d6562da7d9,raw_cache\2892_105_05_9_detail.json,7f05958dfbe228fd363507a4fe1fa78388afa22e3c6f92d84ce04142620e073a,cache_hit,,2026-07-30T02:10:45+00:00
2892,111,06,mops_api_t05st01,https://mops.twse.com.tw/mops/#/web/t05st01,"{""companyId"": ""2892"", ""firstDay"": """", ""lastDay"": """", ""month"": ""06"", ""year"": ""111""}",46dae7636f87c4e4eee01eb33cd3517841e6bd7e26e80ca60d3a97c28b55bee5,raw_cache\2892_111_06_list.json,6f35300ca86c4a9ff640785e0a0f4be5626e6f14593a4a6cbac4d545f0d9d931,cache_hit,,2026-07-30T02:10:45+00:00
2892,111,06,mops_api_t05st01_detail,https://mops.twse.com.tw/mops/#/web/t05st01,"{""companyId"": ""2892"", ""enterDate"": ""1110609"", ""marketKind"": ""sii"", ""serialNumber"": ""1""}",e90bffefdcec7ac9efa3508951ab125bee6c234b634a58e02b225451ed644542,raw_cache\2892_111_06_1_detail.json,bb2c659c1dd8f971a06978c0bc63289157ed0319149ce723303b6be029d2a723,cache_hit,,2026-07-30T02:10:45+00:00
2892,111,06,mops_api_t05st01_detail,https://mops.twse.com.tw/mops/#/web/t05st01,"{""companyId"": ""2892"", ""enterDate"": ""1110614"", ""marketKind"": ""sii"", ""serialNumber"": ""2""}",72e2fd9c58ffce2ff6d813cb60b62388a6fdec8675a847c012e55e13a418afc1,raw_cache\2892_111_06_3_detail.json,e6636f6ef87f7254a8faa3d4719e2e45e04ebbde736805105a5d2ce859c2f261,cache_hit,,2026-07-30T02:10:45+00:00
2892,111,06,mops_api_t05st01_detail,https://mops.twse.com.tw/mops/#/web/t05st01,"{""companyId"": ""2892"", ""enterDate"": ""1110616"", ""marketKind"": ""sii"", ""serialNumber"": ""3""}",1fa774a3be2e76b31951d67298513c681f68b40db884f36d7e74784354d9d65a,raw_cache\2892_111_06_5_detail.json,850ac49358ace83fbf3242d6be71ce1a6b450f4dd76bde43268d30b408e4e93a,cache_hit,,2026-07-30T02:10:45+00:00
2892,111,06,mops_api_t05st01_detail,https://mops.twse.com.tw/mops/#/web/t05st01,"{""companyId"": ""2892"", ""enterDate"": ""1110621"", ""marketKind"": ""sii"", ""serialNumber"": ""4""}",b367065120f7db667d969af7b71f7ba057f4de58a4b737572615e02a9d21c985,raw_cache\2892_111_06_10_detail.json,1202b4d3a55755192b2d98ac522721b846eba5bdfa2989975ee4d31547abd61b,cache_hit,,2026-07-30T02:10:45+00:00
2892,111,07,mops_api_t05st01,https://mops.twse.com.tw/mops/#/web/t05st01,"{""companyId"": ""2892"", ""firstDay"": """", ""lastDay"": """", ""month"": ""07"", ""year"": ""111""}",ce383d066c72e0cda3a7f9244fc2e358508ff377d21a16e7e47047b58fa531e0,raw_cache\2892_111_07_list.json,4f32f85e69d5209c93bf0060f993eee1ba6fc1ffecef2d978bbc62690d1be960,cache_hit,,2026-07-30T02:10:45+00:00
2892,111,07,mops_api_t05st01_detail,https://mops.twse.com.tw/mops/#/web/t05st01,"{""companyId"": ""2892"", ""enterDate"": ""1110708"", ""marketKind"": ""sii"", ""serialNumber"": ""1""}",1405882decfc9d74c9bef89cfed2702fe2c5eac288d5876e204616a8c17650ba,raw_cache\2892_111_07_0_detail.json,a2e61935372363985a508bb88c47e45cced6ae9906dbd006f3e32ed5dc62a6fd,cache_hit,,2026-07-30T02:10:45+00:00
2892,111,07,mops_api_t05st01_detail,https://mops.twse.com.tw/mops/#/web/t05st01,"{""companyId"": ""2892"", ""enterDate"": ""1110720"", ""marketKind"": ""sii"", ""serialNumber"": ""1""}",a29a28ad5ec288f464013c7f845c93ac70dc62400ee9aabd7c4dc02c1db247f8,raw_cache\2892_111_07_4_detail.json,99a89ed3413a12ce5fae7e10b609907cec3bf2f7984e9985a75ece9b56661817,cache_hit,,2026-07-30T02:10:45+00:00
2892,111,08,mops_api_t05st01,https://mops.twse.com.tw/mops/#/web/t05st01,"{""companyId"": ""2892"", ""firstDay"": """", ""lastDay"": """", ""month"": ""08"", ""year"": ""111""}",3878faf8d078e3740425c775ab14b2acc9616f098fa14c1e0462a7e2958f2139,raw_cache\2892_111_08_list.json,2b8653afcef80bcbd5148999d2cb80c0a4d5720bdb021b873145e5511a634e6e,cache_hit,,2026-07-30T02:10:45+00:00
2892,111,08,mops_api_t05st01_detail,https://mops.twse.com.tw/mops/#/web/t05st01,"{""companyId"": ""2892"", ""enterDate"": ""1110803"", ""marketKind"": ""sii"", ""serialNumber"": ""1""}",c386612d919840f42a37d972d2f969522958b83efd53271f0f7b077a519c07ba,raw_cache\2892_111_08_0_detail.json,c3e5dc99f295e8074bd2eda6c44e6faa67f193bb9c945c8f2d9d9a06e94969ea,cache_hit,,2026-07-30T02:10:45+00:00
2892,111,08,mops_api_t05st01_detail,https://mops.twse.com.tw/mops/#/web/t05st01,"{""companyId"": ""2892"", ""enterDate"": ""1110809"", ""marketKind"": ""sii"", ""serialNumber"": ""1""}",e3c98f41e2870165d2c243c73039cfa6338abbd0331078499fc57cefbde1544a,raw_cache\2892_111_08_1_detail.json,c7d09eb29becc43936516889b8a936b160408f3d704d0bd411b19793a582131a,cache_hit,,2026-07-30T02:10:45+00:00
2892,111,08,mops_api_t05st01_detail,https://mops.twse.com.tw/mops/#/web/t05st01,"{""companyId"": ""2892"", ""enterDate"": ""1110825"", ""marketKind"": ""sii"", ""serialNumber"": ""1""}",b13753830265abb56d6c3f6b6c9cdb640fc62f81f814067f11fea3d92517131a,raw_cache\2892_111_08_7_detail.json,31d022911ef4e9f247f2a0dfb46fdd83090c9235ec5ca59f32f3f5fc197930d1,cache_hit,,2026-07-30T02:10:45+00:00
2892,111,09,mops_api_t05st01,https://mops.twse.com.tw/mops/#/web/t05st01,"{""companyId"": ""2892"", ""firstDay"": """", ""lastDay"": """", ""month"": ""09"", ""year"": ""111""}",60f3e51bb467c8045c83e9ea2fb2a2d2fe300942fb0b85a89decf429f821e478,raw_cache\2892_111_09_list.json,57d0d32f40d9c935ecaeb288eb0e7ab4ee59283b8015ecb2e32dcc331b4604f1,cache_hit,,2026-07-30T02:10:45+00:00
2892,111,09,mops_api_t05st01_detail,https://mops.twse.com.tw/mops/#/web/t05st01,"{""companyId"": ""2892"", ""enterDate"": ""1110907"", ""marketKind"": ""sii"", ""serialNumber"": ""2""}",a1a3681ef043f18567c0b5e738261d06524a5d1d91acc8c87d3ea3c7b6a5f1c7,raw_cache\2892_111_09_0_detail.json,167df14c128471582ea247d92873b28de48c63b13ca0bd8595e6e889e81cb636,cache_hit,,2026-07-30T02:10:45+00:00
2892,111,10,mops_api_t05st01,https://mops.twse.com.tw/mops/#/web/t05st01,"{""companyId"": ""2892"", ""firstDay"": """", ""lastDay"": """", ""month"": ""10"", ""year"": ""111""}",bc8e3f44c721b40144e891f612554a43add016bf2daf5af9337ee27a059f22a5,raw_cache\2892_111_10_list.json,9279b2c3b8f800b6d44dbec61769c6fbde99afd7b19f7ce10ca5b70d985d3df2,cache_hit,,2026-07-30T02:10:45+00:00
2892,111,10,mops_api_t05st01_detail,https://mops.twse.com.tw/mops/#/web/t05st01,"{""companyId"": ""2892"", ""enterDate"": ""1111007"", ""marketKind"": ""sii"", ""serialNumber"": ""1""}",39930cfb95c48dcd71ea13485c556da14e05524947033a711f7cc2411d10b7cd,raw_cache\2892_111_10_1_detail.json,8c54f0877a67a9bf8069d5ecb840d1b88a945e085fb60b2e20f2a5986d4e067a,cache_hit,,2026-07-30T02:10:45+00:00
2892,111,12,mops_api_t05st01,https://mops.twse.com.tw/mops/#/web/t05st01,"{""companyId"": ""2892"", ""firstDay"": """", ""lastDay"": """", ""month"": ""12"", ""year"": ""111""}",5b42596fcdb1a01bf9645f8d6feec5ff859051713f4b1e6541518b1e75867055,raw_cache\2892_111_12_list.json,c3f3f9f3989e5a271e9b33151ca414f8df38d81f38da15d4bd78eb1db6b72a6c,cache_hit,,2026-07-30T02:10:45+00:00
2892,111,12,mops_api_t05st01_detail,https://mops.twse.com.tw/mops/#/web/t05st01,"{""companyId"": ""2892"", ""enterDate"": ""1111208"", ""marketKind"": ""sii"", ""serialNumber"": ""1""}",a7e177bc828ee8ac7ea6fc27cf5681ce594ffb08664ea7101a8d7072eed281e1,raw_cache\2892_111_12_3_detail.json,2dc322d0bfecca32f8e642c8467f1164df3e75109f61ab50c5b9ebcfdf2b6e1d,cache_hit,,2026-07-30T02:10:45+00:00
2892,112,01,mops_api_t05st01,https://mops.twse.com.tw/mops/#/web/t05st01,"{""companyId"": ""2892"", ""firstDay"": """", ""lastDay"": """", ""month"": ""01"", ""year"": ""112""}",efd5c4e6f778f769f58f4c06fc8781c2ef749697403ae13c859230fd1d370568,raw_cache\2892_112_01_list.json,b4fcd18624838a1c944a7ec7915319bb00ec4add271c29a2bfb171899e2f9af5,cache_hit,,2026-07-30T02:10:45+00:00
2892,112,01,mops_api_t05st01_detail,https://mops.twse.com.tw/mops/#/web/t05st01,"{""companyId"": ""2892"", ""enterDate"": ""1120107"", ""marketKind"": ""sii"", ""serialNumber"": ""1""}",3b8f6232a1b8bec208d602ce9d8a072b86e3105fd55f68d606ee1ecc9743701e,raw_cache\2892_112_01_0_detail.json,c65cf813bf4fdc47ad9b7f0f17eb40be97b2eed415f0be137df4f7be60cf3d1a,cache_hit,,2026-07-30T02:10:45+00:00
2892,112,02,mops_api_t05st01,https://mops.twse.com.tw/mops/#/web/t05st01,"{""companyId"": ""2892"", ""firstDay"": """", ""lastDay"": """", ""month"": ""02"", ""year"": ""112""}",fe482554974cbb914608777bddef47d25dd89f14818ad02854e674dddfd527b3,raw_cache\2892_112_02_list.json,341b09634f6a4bc245f79664cd4a83927415cf99ccc44b545de42bd043512bbe,cache_hit,,2026-07-30T02:10:45+00:00
2892,112,02,mops_api_t05st01_detail,https://mops.twse.com.tw/mops/#/web/t05st01,"{""companyId"": ""2892"", ""enterDate"": ""1120208"", ""marketKind"": ""sii"", ""serialNumber"": ""1""}",a69b1378fdcd2bce22ad2ac780f4eab8a9af1f70f8cf58ff55503af33ee7751a,raw_cache\2892_112_02_1_detail.json,bf6c9f2ef8dee31cdbc7f36ba3dbf63975b41a207adb8c3669cb6445e80abb87,cache_hit,,2026-07-30T02:10:45+00:00
2892,112,02,mops_api_t05st01_detail,https://mops.twse.com.tw/mops/#/web/t05st01,"{""companyId"": ""2892"", ""enterDate"": ""1120222"", ""marketKind"": ""sii"", ""serialNumber"": ""2""}",5e54b6f2d5381ddfa8cb2b32e02fff32732491bc0625c7daae129b3b6981bb88,raw_cache\2892_112_02_6_detail.json,5ad159864f950c5520e3daa96310028a9d47e8de4d2d1e47b7f477a7972e5777,cache_hit,,2026-07-30T02:10:45+00:00
2892,112,03,mops_api_t05st01,https://mops.twse.com.tw/mops/#/web/t05st01,"{""companyId"": ""2892"", ""firstDay"": """", ""lastDay"": """", ""month"": ""03"", ""year"": ""112""}",5de99a80e449b661431d79b7335c78fe451eb54a37faf8f580e29f28f43160a2,raw_cache\2892_112_03_list.json,3a23c4b727d5f9afe0dd3a4698d211595926b4f1c9d07da285e19f486f95e636,cache_hit,,2026-07-30T02:10:45+00:00
2892,112,03,mops_api_t05st01_detail,https://mops.twse.com.tw/mops/#/web/t05st01,"{""companyId"": ""2892"", ""enterDate"": ""1120307"", ""marketKind"": ""sii"", ""serialNumber"": ""1""}",b1da38f2a0cb0d95d6224f23134de4f3123bf79a81ff29ffe760eb67f0dbe363,raw_cache\2892_112_03_1_detail.json,4e5e4dee403c85a7f48b4ee0bc58edfb77769f66ee448287fa15b1502320cfec,cache_hit,,2026-07-30T02:10:45+00:00
2892,112,03,mops_api_t05st01_detail,https://mops.twse.com.tw/mops/#/web/t05st01,"{""companyId"": ""2892"", ""enterDate"": ""1120317"", ""marketKind"": ""sii"", ""serialNumber"": ""1""}",3c62c49a3e4fe2b7bf30ee41349eef92c9532ef4a933a4c57ec49bde6e1bdab0,raw_cache\2892_112_03_3_detail.json,9198bb54a14f9496d15d1689ff4681ade3990616ec16afc89d1f0373465cd804,cache_hit,,2026-07-30T02:10:45+00:00
2892,112,03,mops_api_t05st01_detail,https://mops.twse.com.tw/mops/#/web/t05st01,"{""companyId"": ""2892"", ""enterDate"": ""1120327"", ""marketKind"": ""sii"", ""serialNumber"": ""1""}",7040b138876aaa251da0230aa97cfd9e6dcc9a4403202e23bd6646cc924e1c69,raw_cache\2892_112_03_8_detail.json,cece2f4c4693ac7209d262a94da3d2501e54ec98a83f862db53119039105409a,cache_hit,,2026-07-30T02:10:45+00:00
2912,104,06,mops_api_t05st01,https://mops.twse.com.tw/mops/#/web/t05st01,"{""companyId"": ""2912"", ""firstDay"": """", ""lastDay"": """", ""month"": ""06"", ""year"": ""104""}",0cd7b349daa1daf4a6abe8370945beddf5298c97aa43a618b089b872a4210b6b,raw_cache\2912_104_06_list.json,9c32f4b334dc5c719ae1fe16a1547113614c2a7de6f4030064d4a69c74eed537,cache_hit,,2026-07-30T02:10:45+00:00
2912,104,06,mops_api_t05st01_detail,https://mops.twse.com.tw/mops/#/web/t05st01,"{""companyId"": ""2912"", ""enterDate"": ""1040618"", ""marketKind"": ""sii"", ""serialNumber"": ""4""}",28259dd79bff47e3f87655aac10eaecc568beae647ca2f6988d979bbbe61502e,raw_cache\2912_104_06_2_detail.json,65b7a1b07d6d1ef9de07c97d2587337b18e5d2d6770dbc8af14e4edbb6abfcdf,cache_hit,,2026-07-30T02:10:45+00:00
2912,104,07,mops_api_t05st01,https://mops.twse.com.tw/mops/#/web/t05st01,"{""companyId"": ""2912"", ""firstDay"": """", ""lastDay"": """", ""month"": ""07"", ""year"": ""104""}",388a598227bbd5c38cf45a549b471f7b522ecd30493b2b0a13cfae6a2565cbd7,raw_cache\2912_104_07_list.json,28ca960ec6ec6f9f790e9f0793245ca981d8d87f179effc7b27e1421e8da79bd,cache_hit,,2026-07-30T02:10:45+00:00
2912,104,08,mops_api_t05st01,https://mops.twse.com.tw/mops/#/web/t05st01,"{""companyId"": ""2912"", ""firstDay"": """", ""lastDay"": """", ""month"": ""08"", ""year"": ""104""}",983ab60d05daf39c7e2fcad405adbf81366fbb06706e528a2dc36bbe7976968c,raw_cache\2912_104_08_list.json,999db4080efcc5b9b4dcebc47e7bc205704b0a645e6d1643a6e9a74254c2d36c,cache_hit,,2026-07-30T02:10:45+00:00
2912,105,03,mops_api_t05st01,https://mops.twse.com.tw/mops/#/web/t05st01,"{""companyId"": ""2912"", ""firstDay"": """", ""lastDay"": """", ""month"": ""03"", ""year"": ""105""}",e19cd14e7a3cb830d8b0af66e06af01f4334c8c5109ee9b692b8353dc83736f3,raw_cache\2912_105_03_list.json,8073726e16e7f8e075ae5c04c862b1fd998f512094c04517fec5e3aaad11ce8b,cache_hit,,2026-07-30T02:10:45+00:00
2912,105,03,mops_api_t05st01_detail,https://mops.twse.com.tw/mops/#/web/t05st01,"{""companyId"": ""2912"", ""enterDate"": ""1050316"", ""marketKind"": ""sii"", ""serialNumber"": ""2""}",8a824e41baa1d668b613074654b665c71d40988ed0b4c915ed8811ea5788652b,raw_cache\2912_105_03_1_detail.json,940e61103a22865a1656c03d8d5a16763476a5436260e24dbb3a0575aee2aa97,cache_hit,,2026-07-30T02:10:45+00:00
2912,105,03,mops_api_t05st01_detail,https://mops.twse.com.tw/mops/#/web/t05st01,"{""companyId"": ""2912"", ""enterDate"": ""1050316"", ""marketKind"": ""sii"", ""serialNumber"": ""8""}",067c8a18d7eef30830f2c158fb439f8b5d39e6c54c5932806fd068bb0d9e1a1e,raw_cache\2912_105_03_7_detail.json,41d51bba50cea680327f59529cab23e3ad9ca3f69fd04bc12dee29ecca657d84,cache_hit,,2026-07-30T02:10:45+00:00
2912,105,04,mops_api_t05st01,https://mops.twse.com.tw/mops/#/web/t05st01,"{""companyId"": ""2912"", ""firstDay"": """", ""lastDay"": """", ""month"": ""04"", ""year"": ""105""}",4c3da17b87f34622b2374324c12a3732edc86fc45f56943dfae1738d0bc56da1,raw_cache\2912_105_04_list.json,00d8fcda81d142aaf7645644f31d18809f65549990c9dd9fe40af58458c441cb,cache_hit,,2026-07-30T02:10:45+00:00
2912,105,05,mops_api_t05st01,https://mops.twse.com.tw/mops/#/web/t05st01,"{""companyId"": ""2912"", ""firstDay"": """", ""lastDay"": """", ""month"": ""05"", ""year"": ""105""}",dab491ce1913db2e10cddf80317489a686b632f9438abdceda607ccc5eeb920a,raw_cache\2912_105_05_list.json,e895a0f255f1dec0afdd3d64cea991914cce29715e81ca78d46b7f727363f7cc,cache_hit,,2026-07-30T02:10:45+00:00
2912,106,07,mops_api_t05st01,https://mops.twse.com.tw/mops/#/web/t05st01,"{""companyId"": ""2912"", ""firstDay"": """", ""lastDay"": """", ""month"": ""07"", ""year"": ""106""}",b362bb126976503000ea71d33405a1aa8ff6646581caf0073e44fc7dcfbf5ab5,raw_cache\2912_106_07_list.json,0c88b66a4e64e6163260f85baec649fd5255c91e02633d8e33ae5cd533729674,cache_hit,,2026-07-30T02:10:45+00:00
2912,106,08,mops_api_t05st01,https://mops.twse.com.tw/mops/#/web/t05st01,"{""companyId"": ""2912"", ""firstDay"": """", ""lastDay"": """", ""month"": ""08"", ""year"": ""106""}",a4e24512752ca50b3365b6c8b0f27ad37933540682a2a7b2a7291e36ebd03289,raw_cache\2912_106_08_list.json,fd7ed7fc38490080ceb2c14c8ffa20c51e111ff088b8fb94d83cf27fa8383e47,cache_hit,,2026-07-30T02:10:45+00:00
2912,106,09,mops_api_t05st01,https://mops.twse.com.tw/mops/#/web/t05st01,"{""companyId"": ""2912"", ""firstDay"": """", ""lastDay"": """", ""month"": ""09"", ""year"": ""106""}",7d0408f4427f3fad3cde015095d3a3b3ca35796002f2fd90aab470b07a8fc7a5,raw_cache\2912_106_09_list.json,192a1aee9e4a0dcba9692bdb93a4106b5df45f3b88622c53f2557b638f776389,cache_hit,,2026-07-30T02:10:45+00:00
2912,106,10,mops_api_t05st01,https://mops.twse.com.tw/mops/#/web/t05st01,"{""companyId"": ""2912"", ""firstDay"": """", ""lastDay"": """", ""month"": ""10"", ""year"": ""106""}",9c6c7970a2fd543c9f6c66160b5f4a8822a85658efdee519ed26d933bc122d06,raw_cache\2912_106_10_list.json,54a10b98375806bda1fb7d672ad3c26a068c0cc306e86f3f50c6adf069116b92,cache_hit,,2026-07-30T02:10:45+00:00
2912,106,11,mops_api_t05st01,https://mops.twse.com.tw/mops/#/web/t05st01,"{""companyId"": ""2912"", ""firstDay"": """", ""lastDay"": """", ""month"": ""11"", ""year"": ""106""}",890675bccc3f682716e3ac7884a32fe33583635aced8f0adad208d037545f867,raw_cache\2912_106_11_list.json,4453536a058ac077f1937992ad1ec3b603bbd1b93b1e2429691a7372cb61f043,cache_hit,,2026-07-30T02:10:45+00:00
2912,106,11,mops_api_t05st01_detail,https://mops.twse.com.tw/mops/#/web/t05st01,"{""companyId"": ""2912"", ""enterDate"": ""1061107"", ""marketKind"": ""sii"", ""serialNumber"": ""1""}",d78d97616de9ca76355b9807e149b34a5b95260bffa1c801bfc26bc96f0db683,raw_cache\2912_106_11_1_detail.json,ee500d40b5c9a905d179e250fdf985c632446656136f0fe794efd9932d2d4ea9,cache_hit,,2026-07-30T02:10:45+00:00
2912,106,12,mops_api_t05st01,https://mops.twse.com.tw/mops/#/web/t05st01,"{""companyId"": ""2912"", ""firstDay"": """", ""lastDay"": """", ""month"": ""12"", ""year"": ""106""}",9c3180652727b58b95ba8dabb740918ec39413d672100a2c3a314eb4aa696bf4,raw_cache\2912_106_12_list.json,ba5ef07f993394127545fdbcf7ad4fe77c774e0619d0ce5fed1c8efdae4b1c52,cache_hit,,2026-07-30T02:10:45+00:00
2912,107,07,mops_api_t05st01,https://mops.twse.com.tw/mops/#/web/t05st01,"{""companyId"": ""2912"", ""firstDay"": """", ""lastDay"": """", ""month"": ""07"", ""year"": ""107""}",728b0e7999f88639593e5653d6e779d603157e04551a1835ec2f90c9d88274f6,raw_cache\2912_107_07_list.json,363c206a96ec1b07ef8d8a958d7b1c9e2b213e6d1b53f48af5283dac79fde56e,cache_hit,,2026-07-30T02:10:45+00:00
2912,107,08,mops_api_t05st01,https://mops.twse.com.tw/mops/#/web/t05st01,"{""companyId"": ""2912"", ""firstDay"": """", ""lastDay"": """", ""month"": ""08"", ""year"": ""107""}",5237a7725fcbf3afe8b3b05608572618813c3b97fd128fd1922e66d1b01a5053,raw_cache\2912_107_08_list.json,8acf91663d2a8a72d3e8bdcd2290d7f7eaf2db4ebd8d45faa3101d05b4a22732,cache_hit,,2026-07-30T02:10:45+00:00
2912,107,09,mops_api_t05st01,https://mops.twse.com.tw/mops/#/web/t05st01,"{""companyId"": ""2912"", ""firstDay"": """", ""lastDay"": """", ""month"": ""09"", ""year"": ""107""}",a77c2f0531f106af990bc8b9a5169997b95dd1f87d2ddfeb17809c5b3a322b5e,raw_cache\2912_107_09_list.json,d8e438e4c239521efba99f8166bc328e375be8d6168af138b4f71cb698a3f3a6,cache_hit,,2026-07-30T02:10:45+00:00
2912,107,09,mops_api_t05st01_detail,https://mops.twse.com.tw/mops/#/web/t05st01,"{""companyId"": ""2912"", ""enterDate"": ""1070905"", ""marketKind"": ""sii"", ""serialNumber"": ""1""}",f7251178f63b45c87dda023e720f7065182645edb2fccce9a79b212774c1c014,raw_cache\2912_107_09_1_detail.json,fd1b0018066259b41b03a4ca65a78612b624d9c2dca194450c9786c46f4c6346,cache_hit,,2026-07-30T02:10:45+00:00
2912,107,10,mops_api_t05st01,https://mops.twse.com.tw/mops/#/web/t05st01,"{""companyId"": ""2912"", ""firstDay"": """", ""lastDay"": """", ""month"": ""10"", ""year"": ""107""}",f10885d7cff4cbe84a858044f948992f5b9c8ca119868826a41d1fe2e84ddbfe,raw_cache\2912_107_10_list.json,901c8e91aa6af873cd4955ba503c7c9cb25f5673665c12270e59bf05a6424e69,cache_hit,,2026-07-30T02:10:45+00:00
2912,107,11,mops_api_t05st01,https://mops.twse.com.tw/mops/#/web/t05st01,"{""companyId"": ""2912"", ""firstDay"": """", ""lastDay"": """", ""month"": ""11"", ""year"": ""107""}",df2867089d25476af41a27ab959200fed99280a65186d0ff6aa489db8b7db2c7,raw_cache\2912_107_11_list.json,c2799fcab3220f754a36739a1ac5976496905da4fd7c57aa91942f998b81e458,cache_hit,,2026-07-30T02:10:45+00:00
3004,114,04,mops_api_t05st01,https://mops.twse.com.tw/mops/#/web/t05st01,"{""companyId"": ""3004"", ""firstDay"": """", ""lastDay"": """", ""month"": ""04"", ""year"": ""114""}",0b1cdf4f78752bfa52ce6823ce3c02def8fa251afbdf8fb989356d35ddaee903,raw_cache\3004_114_04_list.json,ce07eaefd60075dae8597a2dbcbb9c511b5082f93b8838a9f17bb6746aa8bab8,cache_hit,,2026-07-30T02:10:45+00:00
3004,114,04,mops_api_t05st01_detail,https://mops.twse.com.tw/mops/#/web/t05st01,"{""companyId"": ""3004"", ""enterDate"": ""1140402"", ""marketKind"": ""sii"", ""serialNumber"": ""1""}",acaf3f407ca9d7d85ace318e1d9f81c365ecdc719d2280290a772fc9d0b96bdf,raw_cache\3004_114_04_0_detail.json,30b19c349c72af0ac6c612a453013b0104633189250c38802886279a7578f511,cache_hit,,2026-07-30T02:10:45+00:00
3004,114,04,mops_api_t05st01_detail,https://mops.twse.com.tw/mops/#/web/t05st01,"{""companyId"": ""3004"", ""enterDate"": ""1140422"", ""marketKind"": ""sii"", ""serialNumber"": ""1""}",013c1eb9ad0fafb8c1cf38f4bc30e1d548aaa0ade14eb9a2505d6aa4f590ae51,raw_cache\3004_114_04_1_detail.json,bc62226fb00e830a3e141e0880688d5feb226bb3c8d7389b009ec768525586c1,cache_hit,,2026-07-30T02:10:45+00:00
3004,114,04,mops_api_t05st01_detail,https://mops.twse.com.tw/mops/#/web/t05st01,"{""companyId"": ""3004"", ""enterDate"": ""1140424"", ""marketKind"": ""sii"", ""serialNumber"": ""1""}",858ad5b0e99e141df6e66908629300f250739c052f19a1db6543dc2dc725a067,raw_cache\3004_114_04_2_detail.json,505655106b09d617ad535e4fa905be9496bfdbdbe0f7e351431a6f2a9a93227a,cache_hit,,2026-07-30T02:10:45+00:00
3004,114,04,mops_api_t05st01_detail,https://mops.twse.com.tw/mops/#/web/t05st01,"{""companyId"": ""3004"", ""enterDate"": ""1140430"", ""marketKind"": ""sii"", ""serialNumber"": ""1""}",3bdbc940fbf9b0396e2d0d2277353e18e4ab9a170af58a1f1c34c149d2f6e259,raw_cache\3004_114_04_3_detail.json,10ddbe9e357b432dd143820d673dd659115790015dc9a848f198aac5100eab9b,cache_hit,,2026-07-30T02:10:45+00:00
3004,114,04,mops_api_t05st01_detail,https://mops.twse.com.tw/mops/#/web/t05st01,"{""companyId"": ""3004"", ""enterDate"": ""1140430"", ""marketKind"": ""sii"", ""serialNumber"": ""2""}",6d5985984eceae3418c9a0cf6551b4ca29d755cb66fdbfc0632337aa62f8c46f,raw_cache\3004_114_04_4_detail.json,b88b90644a99d7134ddbb4b83f442cbb006372188355eb98358e9be20e840e94,cache_hit,,2026-07-30T02:10:45+00:00
3004,114,05,mops_api_t05st01,https://mops.twse.com.tw/mops/#/web/t05st01,"{""companyId"": ""3004"", ""firstDay"": """", ""lastDay"": """", ""month"": ""05"", ""year"": ""114""}",342d09da36e2a8983005ce50b4dd10119897058593adcf95b78a537e2d3b7790,raw_cache\3004_114_05_list.json,ba98a2c6055ba7dc26d991304c8c695f9173e73836a86676b3a6ec342daf539a,cache_hit,,2026-07-30T02:10:45+00:00
3004,114,05,mops_api_t05st01_detail,https://mops.twse.com.tw/mops/#/web/t05st01,"{""companyId"": ""3004"", ""enterDate"": ""1140502"", ""marketKind"": ""sii"", ""serialNumber"": ""1""}",9ceb37b3c27780cd201ecf11406bf075a75145c62d8d5ae1772c77321dec4663,raw_cache\3004_114_05_0_detail.json,10aa92ce427daf462efa0b60234d50b6488381e5ea410c2995ded9f3f2536b3d,cache_hit,,2026-07-30T02:10:45+00:00
3004,114,06,mops_api_t05st01,https://mops.twse.com.tw/mops/#/web/t05st01,"{""companyId"": ""3004"", ""firstDay"": """", ""lastDay"": """", ""month"": ""06"", ""year"": ""114""}",fb948c5f505ae4d308ccc84046f854b7c957c364252a27ab7cd02407c65b7242,raw_cache\3004_114_06_list.json,eb8343986a609b06beb30d374dd9ddc0343463729d1c403434f386d16e19e18e,cache_hit,,2026-07-30T02:10:45+00:00
3004,114,06,mops_api_t05st01_detail,https://mops.twse.com.tw/mops/#/web/t05st01,"{""companyId"": ""3004"", ""enterDate"": ""1140602"", ""marketKind"": ""sii"", ""serialNumber"": ""1""}",afe15f33d0c95cea0078081ee3b80df86a7fc26cb263ec5987550700e215ea50,raw_cache\3004_114_06_0_detail.json,88659c3f3f4b116cbfc3c8d11534a0d5df6c9af446839df5b0acda7828188b9d,cache_hit,,2026-07-30T02:10:45+00:00
3004,114,07,mops_api_t05st01,https://mops.twse.com.tw/mops/#/web/t05st01,"{""companyId"": ""3004"", ""firstDay"": """", ""lastDay"": """", ""month"": ""07"", ""year"": ""114""}",c0b3269bf253606c7e76e2805629bc8486b2a62d8cf160c120dbf8b2d162687e,raw_cache\3004_114_07_list.json,db2d7960f151f04a2f7072699c9fb18bb9f9a734c582c6cceef2930319a39d8f,cache_hit,,2026-07-30T02:10:45+00:00
3004,114,07,mops_api_t05st01_detail,https://mops.twse.com.tw/mops/#/web/t05st01,"{""companyId"": ""3004"", ""enterDate"": ""1140702"", ""marketKind"": ""sii"", ""serialNumber"": ""1""}",40fbb4c4e78e7668fdd4756e7990c555ebd81a63cac487bbc63db69edd3a8e95,raw_cache\3004_114_07_0_detail.json,c00e8b95d951fcf934206cf11db939124a128502f6d12cfdb45a326e6fabadaf,cache_hit,,2026-07-30T02:10:45+00:00
3004,114,07,mops_api_t05st01_detail,https://mops.twse.com.tw/mops/#/web/t05st01,"{""companyId"": ""3004"", ""enterDate"": ""1140723"", ""marketKind"": ""sii"", ""serialNumber"": ""1""}",d55499dd7e3def2a63dc9ed5742b3a3a4dd37f86eb377b08eabe910a81de2849,raw_cache\3004_114_07_1_detail.json,90a43f26c3450acc931737bc970726850cdc2124540f599eeac41488d29f8fd9,cache_hit,,2026-07-30T02:10:45+00:00
3004,114,07,mops_api_t05st01_detail,https://mops.twse.com.tw/mops/#/web/t05st01,"{""companyId"": ""3004"", ""enterDate"": ""1140731"", ""marketKind"": ""sii"", ""serialNumber"": ""1""}",8b32d94b040bd2e991277325a9e507b6fffad3980fa1eede246c2d0499886e9e,raw_cache\3004_114_07_2_detail.json,bf12fb8a243d870b875668b4e3f4be52bf9b9e874e4ce0380892a87e5bfdc4c0,cache_hit,,2026-07-30T02:10:45+00:00
3004,114,07,mops_api_t05st01_detail,https://mops.twse.com.tw/mops/#/web/t05st01,"{""companyId"": ""3004"", ""enterDate"": ""1140731"", ""marketKind"": ""sii"", ""serialNumber"": ""3""}",577abb14a2404781b45efa65eac2feef525910751e98d373c68390b36c8d7939,raw_cache\3004_114_07_4_detail.json,d256eae12821377ece461e227bbd05f3415f6cefd8fdb8d730379e33895f09a1,cache_hit,,2026-07-30T02:10:45+00:00
3006,115,02,mops_api_t05st01,https://mops.twse.com.tw/mops/#/web/t05st01,"{""companyId"": ""3006"", ""firstDay"": """", ""lastDay"": """", ""month"": ""02"", ""year"": ""115""}",396265c5a95929b61205c4ff6d9feadca164541c2e56f285958cb3290c4c3cfc,raw_cache\3006_115_02_list.json,b0e668554266f021b6694862a0e307f046b06d6a82bd973b8888257a40a4dc02,cache_hit,,2026-07-30T02:10:45+00:00
3006,115,02,mops_api_t05st01_detail,https://mops.twse.com.tw/mops/#/web/t05st01,"{""companyId"": ""3006"", ""enterDate"": ""1150226"", ""marketKind"": ""sii"", ""serialNumber"": ""2""}",2c11bc75796a3940d7cbe29b3783c56bd4b252f5eb1c76ac1020a57e2901c04e,raw_cache\3006_115_02_3_detail.json,181442638906005132cff65b361ec7c432865e026ac57cd921fbb1b3e4c46fa7,cache_hit,,2026-07-30T02:10:45+00:00
3006,115,02,mops_api_t05st01_detail,https://mops.twse.com.tw/mops/#/web/t05st01,"{""companyId"": ""3006"", ""enterDate"": ""1150226"", ""marketKind"": ""sii"", ""serialNumber"": ""3""}",8ae470bba8cfbb5383cf8cc6dd83c103b313b91fdd083ffd632ac361ab45c915,raw_cache\3006_115_02_4_detail.json,c8782dd569ffde24739ecea9d6895fc397c2a5c80f366cddec585f7951ba7a7b,cache_hit,,2026-07-30T02:10:45+00:00
3006,115,03,mops_api_t05st01,https://mops.twse.com.tw/mops/#/web/t05st01,"{""companyId"": ""3006"", ""firstDay"": """", ""lastDay"": """", ""month"": ""03"", ""year"": ""115""}",e9b0cdde471700bb51ee58316b3bd881485fb26219c8bd5fe6b79cd404631c25,raw_cache\3006_115_03_list.json,e9e1d25c14cf38acba4d2639a7a600a34296544c3db286342779e4a0d4d4c02a,cache_hit,,2026-07-30T02:10:45+00:00
3006,115,04,mops_api_t05st01,https://mops.twse.com.tw/mops/#/web/t05st01,"{""companyId"": ""3006"", ""firstDay"": """", ""lastDay"": """", ""month"": ""04"", ""year"": ""115""}",d0ca70ebce034b9bcce7b2cbc45e077034d93ffa5d9a6ae3b305e56a068d5f13,raw_cache\3006_115_04_list.json,6a2bd4af35e038e4a9bd2cfad0711971f5cbfe3e88ba077f04cd7ecc241167a8,cache_hit,,2026-07-30T02:10:45+00:00
3006,115,04,mops_api_t05st01_detail,https://mops.twse.com.tw/mops/#/web/t05st01,"{""companyId"": ""3006"", ""enterDate"": ""1150430"", ""marketKind"": ""sii"", ""serialNumber"": ""1""}",78ad8d154b4f961ad38347b58b71283e0db7697a4c1a9f323b5b2a4966d3392d,raw_cache\3006_115_04_1_detail.json,e342e6b9b0c120ffea2a8ba1ec30add604154e5a1b493cd00eaf3425b578a826,cache_hit,,2026-07-30T02:10:45+00:00
3008,104,01,mops_api_t05st01,https://mops.twse.com.tw/mops/#/web/t05st01,"{""companyId"": ""3008"", ""firstDay"": """", ""lastDay"": """", ""month"": ""01"", ""year"": ""104""}",a9f4efc85923209d16377e0ceed7e1d8e549e24834dbb19440a9e1c5d10e1ed9,raw_cache\3008_104_01_list.json,480d57c13d874a6344260481abe198907a4e9ecc46bdecebc7712b8d46ebb25f,cache_hit,,2026-07-30T02:10:45+00:00
3008,104,02,mops_api_t05st01,https://mops.twse.com.tw/mops/#/web/t05st01,"{""companyId"": ""3008"", ""firstDay"": """", ""lastDay"": """", ""month"": ""02"", ""year"": ""104""}",33b45b6734682f5b2b4baf85864cb243ad85a5d23f42e04739ded1a2ce7254d7,raw_cache\3008_104_02_list.json,e314ff936dbeca12991d009c963776ea8e92f8b9ed81684ea6215ab6c03c84a1,cache_hit,,2026-07-30T02:10:45+00:00
3008,104,03,mops_api_t05st01,https://mops.twse.com.tw/mops/#/web/t05st01,"{""companyId"": ""3008"", ""firstDay"": """", ""lastDay"": """", ""month"": ""03"", ""year"": ""104""}",7cc2882052caf5f36953a3318a1316ab1f945f725cbee0e16b8caf09b981a5df,raw_cache\3008_104_03_list.json,16addefb1c4495f8fb823d1834cc5309e937b170e649971c811d1d07a0c1a466,cache_hit,,2026-07-30T02:10:45+00:00
3008,104,04,mops_api_t05st01,https://mops.twse.com.tw/mops/#/web/t05st01,"{""companyId"": ""3008"", ""firstDay"": """", ""lastDay"": """", ""month"": ""04"", ""year"": ""104""}",7064082d5dca57810cd7ab592d8dd60d5b83fa1a073c1ba5fcedc721b00dc6e0,raw_cache\3008_104_04_list.json,c01e50ff6a7cdc14a26eaf248eafed6c4406ad20d699e042153f6105f58f4258,cache_hit,,2026-07-30T02:10:45+00:00
3008,104,04,mops_api_t05st01_detail,https://mops.twse.com.tw/mops/#/web/t05st01,"{""companyId"": ""3008"", ""enterDate"": ""1040427"", ""marketKind"": ""sii"", ""serialNumber"": ""1""}",a3c6b60ce2c76cdbd572f6c6ceb1f9cdeb5c693037661d4613749f6d09e4de63,raw_cache\3008_104_04_3_detail.json,e6372d8801fa4d4141743b48ad80048677762f30a2f2f9f388bc1ef3cb7a1512,cache_hit,,2026-07-30T02:10:45+00:00
3008,104,05,mops_api_t05st01,https://mops.twse.com.tw/mops/#/web/t05st01,"{""companyId"": ""3008"", ""firstDay"": """", ""lastDay"": """", ""month"": ""05"", ""year"": ""104""}",14bdc16dc5f5fdac76818cffc11bea0b9190d224ac0ca630b08a612d7adc3b60,raw_cache\3008_104_05_list.json,96ecdc65a4f170a87bc32c153d063d282b7c46ba96ba33dad1ea96909ed6f208,cache_hit,,2026-07-30T02:10:45+00:00
3008,104,06,mops_api_t05st01,https://mops.twse.com.tw/mops/#/web/t05st01,"{""companyId"": ""3008"", ""firstDay"": """", ""lastDay"": """", ""month"": ""06"", ""year"": ""104""}",903493915b8a4554e332bd7158b91a3fa7bb136ce41979d663dde6f1db243828,raw_cache\3008_104_06_list.json,d175a8208f5e2953e712f67755727d48194bb3bf26dab11a963390342d30eabb,cache_hit,,2026-07-30T02:10:45+00:00
3008,104,07,mops_api_t05st01,https://mops.twse.com.tw/mops/#/web/t05st01,"{""companyId"": ""3008"", ""firstDay"": """", ""lastDay"": """", ""month"": ""07"", ""year"": ""104""}",8842f5412cec51621ad256cbcad69b2c96e035675586e2df20335f63401f167d,raw_cache\3008_104_07_list.json,31d7c4bec1bfca04f1bbc0b4495a4cfa0d24dcde6752416b774cf16781c36baa,cache_hit,,2026-07-30T02:10:45+00:00
3008,104,07,mops_api_t05st01_detail,https://mops.twse.com.tw/mops/#/web/t05st01,"{""companyId"": ""3008"", ""enterDate"": ""1040730"", ""marketKind"": ""sii"", ""serialNumber"": ""2""}",9bd7a1b37eb1286dfe02538d8d9015da5c56d77e2f4c861cfaac4fb1817057e3,raw_cache\3008_104_07_3_detail.json,0f8656d69e0f30a42dd514fa7663e76a58bd535e18b5dad502b1f167b85b325a,cache_hit,,2026-07-30T02:10:45+00:00
3008,104,08,mops_api_t05st01,https://mops.twse.com.tw/mops/#/web/t05st01,"{""companyId"": ""3008"", ""firstDay"": """", ""lastDay"": """", ""month"": ""08"", ""year"": ""104""}",2603ecf0390c13266371fefdbc8fa86298664cf97a833fe5cb47cd7094169776,raw_cache\3008_104_08_list.json,1f0a9b872cce62d5f5f582e25d37f70bc31c45e5284dc602813a4468c5e76ad6,cache_hit,,2026-07-30T02:10:45+00:00
3008,104,09,mops_api_t05st01,https://mops.twse.com.tw/mops/#/web/t05st01,"{""companyId"": ""3008"", ""firstDay"": """", ""lastDay"": """", ""month"": ""09"", ""year"": ""104""}",535e470457fcc2a0ca6b6f7f96c131449bc91e6ce710abde6c916f3c2c23696f,raw_cache\3008_104_09_list.json,e38e8b63643a6738bd5a354ba4508b96e0e12f52a59e5e48b617ddd469403ae6,cache_hit,,2026-07-30T02:10:45+00:00
3008,104,10,mops_api_t05st01,https://mops.twse.com.tw/mops/#/web/t05st01,"{""companyId"": ""3008"", ""firstDay"": """", ""lastDay"": """", ""month"": ""10"", ""year"": ""104""}",d6c621b4deeff85b818396031073631a758c75e4d4cc5e52702b2524a15422ab,raw_cache\3008_104_10_list.json,7291685e8d2b28e6dab9282eda60608a09ce76d00eb7ed213fabe5ad0a80ad2f,cache_hit,,2026-07-30T02:10:45+00:00
3008,104,11,mops_api_t05st01,https://mops.twse.com.tw/mops/#/web/t05st01,"{""companyId"": ""3008"", ""firstDay"": """", ""lastDay"": """", ""month"": ""11"", ""year"": ""104""}",cbfa8df2d6ab75d36e30835b8eb8c533ef391242fc5eb90522923af7411d8056,raw_cache\3008_104_11_list.json,3046b86e8a42e0ad143f90cb4977a517c2a0dc9301651da1941230e406d6e069,cache_hit,,2026-07-30T02:10:45+00:00
3008,104,12,mops_api_t05st01,https://mops.twse.com.tw/mops/#/web/t05st01,"{""companyId"": ""3008"", ""firstDay"": """", ""lastDay"": """", ""month"": ""12"", ""year"": ""104""}",62a254623b614654b1b4ee0e6f817c04a2232cce3a683c85a370045b41dce98a,raw_cache\3008_104_12_list.json,2a7abf6f376c60ec60c95683b29a81f04123efa0aa2229e10b54aa4e979ed131,cache_hit,,2026-07-30T02:10:45+00:00
3008,105,01,mops_api_t05st01,https://mops.twse.com.tw/mops/#/web/t05st01,"{""companyId"": ""3008"", ""firstDay"": """", ""lastDay"": """", ""month"": ""01"", ""year"": ""105""}",bfa55db9473f5bc3791c1a86059bb3be935f23a85c6a579f6466f6e75903c28c,raw_cache\3008_105_01_list.json,5e3b28cb08227cfe16b020a739fa952ca82e63279aef765b7c0c5b2c782c19cc,cache_hit,,2026-07-30T02:10:45+00:00
3008,105,02,mops_api_t05st01,https://mops.twse.com.tw/mops/#/web/t05st01,"{""companyId"": ""3008"", ""firstDay"": """", ""lastDay"": """", ""month"": ""02"", ""year"": ""105""}",8fee9599d0350fb2bac20cc1933fefa45c66def2c898bf7858ca3c5e607f3de3,raw_cache\3008_105_02_list.json,33d4553bb9de86c2f0deeb337de0b381f8a1b1e681f4be693e117f81e0192109,cache_hit,,2026-07-30T02:10:45+00:00
3008,105,03,mops_api_t05st01,https://mops.twse.com.tw/mops/#/web/t05st01,"{""companyId"": ""3008"", ""firstDay"": """", ""lastDay"": """", ""month"": ""03"", ""year"": ""105""}",e7fc1c21b4f610b4dca32544fd8d9cf777da66430bbb8c9ca8dc3eabbdff0c6d,raw_cache\3008_105_03_list.json,64b9dbf48328de2daf22ec38d6bed227fad54c005513808027b1e988e081bdd7,cache_hit,,2026-07-30T02:10:45+00:00
3008,105,04,mops_api_t05st01,https://mops.twse.com.tw/mops/#/web/t05st01,"{""companyId"": ""3008"", ""firstDay"": """", ""lastDay"": """", ""month"": ""04"", ""year"": ""105""}",04fad1791847b61ce418746e0dbfb110e098cba35c9a19edece72f52dec2541d,raw_cache\3008_105_04_list.json,b462f4346e4b84842403ae9f6a618e7fac19e5143896f3832e9db5415978a1d8,cache_hit,,2026-07-30T02:10:45+00:00
3008,105,04,mops_api_t05st01_detail,https://mops.twse.com.tw/mops/#/web/t05st01,"{""companyId"": ""3008"", ""enterDate"": ""1050425"", ""marketKind"": ""sii"", ""serialNumber"": ""1""}",a100c404a8299533e3398be2f7f33d9aba69cbfbc7c33a161a54927b6d44dca0,raw_cache\3008_105_04_2_detail.json,915d38aa638ca363d42dad24b576db110e2b837c00888cdd65bf03c0a04a4a22,cache_hit,,2026-07-30T02:10:45+00:00
3008,105,05,mops_api_t05st01,https://mops.twse.com.tw/mops/#/web/t05st01,"{""companyId"": ""3008"", ""firstDay"": """", ""lastDay"": """", ""month"": ""05"", ""year"": ""105""}",fd58341542c025bbb9e47817804cd4eb7552e02df28ace73d94f603a14b3a01f,raw_cache\3008_105_05_list.json,e32b5b10eb9a6b8bff18554a924b03f1137ea84f15afee8f4616f188367036b3,cache_hit,,2026-07-30T02:10:45+00:00
3008,105,06,mops_api_t05st01,https://mops.twse.com.tw/mops/#/web/t05st01,"{""companyId"": ""3008"", ""firstDay"": """", ""lastDay"": """", ""month"": ""06"", ""year"": ""105""}",0183552a9f5e300465f35e5ecc5bc2251785a7d544cadea9ccb9170c9066ae10,raw_cache\3008_105_06_list.json,5e1e40fe7a9662b49755af3242ca750dc6394e53e6f584836640ba5cb85c37fc,cache_hit,,2026-07-30T02:10:45+00:00
3008,105,07,mops_api_t05st01,https://mops.twse.com.tw/mops/#/web/t05st01,"{""companyId"": ""3008"", ""firstDay"": """", ""lastDay"": """", ""month"": ""07"", ""year"": ""105""}",4efacd79419bccab5c93eb6e989bfb04290c2c4f682bbb3863cfe68193825017,raw_cache\3008_105_07_list.json,00a47a191f964b3253794d26cad3e94c1551b9d332dc715585ecc5a4e83d9483,cache_hit,,2026-07-30T02:10:45+00:00
3008,105,11,mops_api_t05st01,https://mops.twse.com.tw/mops/#/web/t05st01,"{""companyId"": ""3008"", ""firstDay"": """", ""lastDay"": """", ""month"": ""11"", ""year"": ""105""}",decb042bd173dfcaf1276221e3a574284a4cd3d8fc6b83ba22189ed43b097da0,raw_cache\3008_105_11_list.json,361ec57ae874538016e198c83c8ba8eeab1340cdc5df01b61e6820cfe61a74af,cache_hit,,2026-07-30T02:10:45+00:00
3008,105,12,mops_api_t05st01,https://mops.twse.com.tw/mops/#/web/t05st01,"{""companyId"": ""3008"", ""firstDay"": """", ""lastDay"": """", ""month"": ""12"", ""year"": ""105""}",2c5c35b852b9ae4d49ba81079400fc9c58ba563c7a1c35985a24cf3a9eb912bd,raw_cache\3008_105_12_list.json,99d295eb898303f13bf50f87aa2b1d46cdd40360c3bb33288468499a06a44f54,cache_hit,,2026-07-30T02:10:45+00:00
3008,106,01,mops_api_t05st01,https://mops.twse.com.tw/mops/#/web/t05st01,"{""companyId"": ""3008"", ""firstDay"": """", ""lastDay"": """", ""month"": ""01"", ""year"": ""106""}",1368786e0826f271666d3dbd47cf6c2d17e31ebf0001173149c911be02cc56ef,raw_cache\3008_106_01_list.json,8b4bc00918f5aab95b1ecbe580a5d89e8ef5d80ee35b3cffda17f5c5876a0c83,cache_hit,,2026-07-30T02:10:45+00:00
3008,106,02,mops_api_t05st01,https://mops.twse.com.tw/mops/#/web/t05st01,"{""companyId"": ""3008"", ""firstDay"": """", ""lastDay"": """", ""month"": ""02"", ""year"": ""106""}",3e36079e9b0bf279093cb3f79e494e53be948328de4e683dd9bb676cd02e0d79,raw_cache\3008_106_02_list.json,da8a733abdc6a2a7819ce740b6bd69655e141fdade92b3709e87878c9cbf0059,cache_hit,,2026-07-30T02:10:45+00:00
3008,106,03,mops_api_t05st01,https://mops.twse.com.tw/mops/#/web/t05st01,"{""companyId"": ""3008"", ""firstDay"": """", ""lastDay"": """", ""month"": ""03"", ""year"": ""106""}",5f73ce8d026dd18923066eab18e188c7ee4abee4292bcb6ca19336fc0b914cfe,raw_cache\3008_106_03_list.json,1a5ad018d91bdd3f9050be829a24ff2e01f54053fbe850d4ef72182c9e25c923,cache_hit,,2026-07-30T02:10:45+00:00
3008,107,03,mops_api_t05st01,https://mops.twse.com.tw/mops/#/web/t05st01,"{""companyId"": ""3008"", ""firstDay"": """", ""lastDay"": """", ""month"": ""03"", ""year"": ""107""}",310b87820253c417a4eed1a7444c4395eb9bc25e7b46bfb77a5f2c88e433d1ba,raw_cache\3008_107_03_list.json,a1f154c3a60357a50d98effebc559731e93885a8f81be9ad09757d6f6a84723b,cache_hit,,2026-07-30T02:10:45+00:00
3008,107,04,mops_api_t05st01,https://mops.twse.com.tw/mops/#/web/t05st01,"{""companyId"": ""3008"", ""firstDay"": """", ""lastDay"": """", ""month"": ""04"", ""year"": ""107""}",de8b8881caf22766b233fd0169ec9d79d677cef457213db0e72039070b2852cf,raw_cache\3008_107_04_list.json,821aa951c15f84d45a2eaa5574ad871aafeeecb6df5d0c11419db04fcbe8b4d1,cache_hit,,2026-07-30T02:10:46+00:00
3008,107,04,mops_api_t05st01_detail,https://mops.twse.com.tw/mops/#/web/t05st01,"{""companyId"": ""3008"", ""enterDate"": ""1070423"", ""marketKind"": ""sii"", ""serialNumber"": ""1""}",ea0abb7ec075cafb9331bce1c154bc29fab27dd9be972a3de649b1f45c9b8f3d,raw_cache\3008_107_04_2_detail.json,64211319d7f819e4995913d4c3073dfb7ef3f1b4a9dd0bb07b4e6a871a0226c0,cache_hit,,2026-07-30T02:10:46+00:00
3008,107,05,mops_api_t05st01,https://mops.twse.com.tw/mops/#/web/t05st01,"{""companyId"": ""3008"", ""firstDay"": """", ""lastDay"": """", ""month"": ""05"", ""year"": ""107""}",d33b8b65e1f791662c09529ec23808f8866639afc13c7b45951a55beeab42915,raw_cache\3008_107_05_list.json,d09b6c9d68595906b9b5165e67a98b9f7f07c23a74267f1ae0122fcea230f8f7,cache_hit,,2026-07-30T02:10:46+00:00
3008,107,06,mops_api_t05st01,https://mops.twse.com.tw/mops/#/web/t05st01,"{""companyId"": ""3008"", ""firstDay"": """", ""lastDay"": """", ""month"": ""06"", ""year"": ""107""}",c48a1a602c8e4479204e745cb253f44a8ca8a8c3e5ef1c31ce2e6119e5383efd,raw_cache\3008_107_06_list.json,31065317598bdc1897d16f776c3b175b7415afcec4050c36c2a0258904b633d0,cache_hit,,2026-07-30T02:10:46+00:00
3008,107,07,mops_api_t05st01,https://mops.twse.com.tw/mops/#/web/t05st01,"{""companyId"": ""3008"", ""firstDay"": """", ""lastDay"": """", ""month"": ""07"", ""year"": ""107""}",7a93f95628b893608c296df1140f002093255d69e5098bb40dc41d82e16a4bcf,raw_cache\3008_107_07_list.json,5f1cf86b76cf56e6fdbf1a19eb7dfef2787afc0d2ab394c79964fa66f49df4af,cache_hit,,2026-07-30T02:10:46+00:00
3008,107,07,mops_api_t05st01_detail,https://mops.twse.com.tw/mops/#/web/t05st01,"{""companyId"": ""3008"", ""enterDate"": ""1070730"", ""marketKind"": ""sii"", ""serialNumber"": ""1""}",53259f94170c08f3cddbf4672ebe403c1763eef6c955f81691bc001d2f23f5ee,raw_cache\3008_107_07_2_detail.json,748751964528a84acb71ddf9fe3c55aa369cdbbf7f2f623e7a165f269cc1b44e,cache_hit,,2026-07-30T02:10:46+00:00
3008,107,09,mops_api_t05st01,https://mops.twse.com.tw/mops/#/web/t05st01,"{""companyId"": ""3008"", ""firstDay"": """", ""lastDay"": """", ""month"": ""09"", ""year"": ""107""}",4b610a8e2d6c754c6cd858d768ca2d21b4cb48c1d219007ef7ddabb84699d334,raw_cache\3008_107_09_list.json,d36568dd730be7e5791a71459a690b7b444cf9bd25cf6a7662043be5b1910bdd,cache_hit,,2026-07-30T02:10:46+00:00
3008,107,10,mops_api_t05st01,https://mops.twse.com.tw/mops/#/web/t05st01,"{""companyId"": ""3008"", ""firstDay"": """", ""lastDay"": """", ""month"": ""10"", ""year"": ""107""}",bd0052de8cf1b3b10f2fe0fca03dad9ed20a450ee8f8cf237d9f3c2ad108086c,raw_cache\3008_107_10_list.json,6f6068c32bde2e4a33fb311d219f2774673645e078f660806380ce0fde58e281,cache_hit,,2026-07-30T02:10:46+00:00
3008,107,11,mops_api_t05st01,https://mops.twse.com.tw/mops/#/web/t05st01,"{""companyId"": ""3008"", ""firstDay"": """", ""lastDay"": """", ""month"": ""11"", ""year"": ""107""}",5ba51abc4972b044f2c6394d4f7b56c1156573844f3e79e543e4e9fe07690b16,raw_cache\3008_107_11_list.json,b62e5219fcad0779bc78895e9cbd2587702275930712658b55e37e2b54376a84,cache_hit,,2026-07-30T02:10:46+00:00
3008,107,12,mops_api_t05st01,https://mops.twse.com.tw/mops/#/web/t05st01,"{""companyId"": ""3008"", ""firstDay"": """", ""lastDay"": """", ""month"": ""12"", ""year"": ""107""}",e91f525dcf272ec609236de9d2f9eb43467eba0f47caa60fe3b7086fde0a1b91,raw_cache\3008_107_12_list.json,f88a523b34dbdf263cd76e4ff970174e37d79bb62b05f1a78a2e97e0498e75d5,cache_hit,,2026-07-30T02:10:46+00:00
3008,108,01,mops_api_t05st01,https://mops.twse.com.tw/mops/#/web/t05st01,"{""companyId"": ""3008"", ""firstDay"": """", ""lastDay"": """", ""month"": ""01"", ""year"": ""108""}",62e42e07845175a0eb2f28447b63b1eb70e2857ba3e0ec3d3eb810e65169cde2,raw_cache\3008_108_01_list.json,064666c9a56fa782b821afa5996c6b150ccf043bd7bd19b552a01e69e8491d94,cache_hit,,2026-07-30T02:10:46+00:00
3008,108,02,mops_api_t05st01,https://mops.twse.com.tw/mops/#/web/t05st01,"{""companyId"": ""3008"", ""firstDay"": """", ""lastDay"": """", ""month"": ""02"", ""year"": ""108""}",58e97c8346b8369bfa4acdd40e1f10fcbdc6b9ac81fe502957217db304dedec7,raw_cache\3008_108_02_list.json,169561763a23602c55e7c21d108e5e9b342044fbc25a4158615fd3adbb6687ed,cache_hit,,2026-07-30T02:10:46+00:00
3008,108,03,mops_api_t05st01,https://mops.twse.com.tw/mops/#/web/t05st01,"{""companyId"": ""3008"", ""firstDay"": """", ""lastDay"": """", ""month"": ""03"", ""year"": ""108""}",931f758a156f1ebdb8b721f15ad5ff33e0808bea9a650584778c28455e5706e0,raw_cache\3008_108_03_list.json,556a48e844d8d97a4f2080d4288a82b79a60bcfa0ca81a29d5bfb3fff782d2d7,cache_hit,,2026-07-30T02:10:46+00:00
3008,108,04,mops_api_t05st01,https://mops.twse.com.tw/mops/#/web/t05st01,"{""companyId"": ""3008"", ""firstDay"": """", ""lastDay"": """", ""month"": ""04"", ""year"": ""108""}",2a8960ca444977e57cfd98311bd6923bbf0d9facc52135b2d79635cb2dcae4f3,raw_cache\3008_108_04_list.json,469e94158c8a1b4cd1a0df7b9bcb4aca09df71c268f576b1fd2aa4b1d1df63d1,cache_hit,,2026-07-30T02:10:46+00:00
3008,108,04,mops_api_t05st01_detail,https://mops.twse.com.tw/mops/#/web/t05st01,"{""companyId"": ""3008"", ""enterDate"": ""1080422"", ""marketKind"": ""sii"", ""serialNumber"": ""1""}",15e93b11dc1ff5fa2250e5adf6ba5bf28412e71be53b437dc63c17aa853a0689,raw_cache\3008_108_04_1_detail.json,f5f93e6ed6190e5d51a2f4781bfd6229e67ce873ece361c74c536cc0d2aafe1b,cache_hit,,2026-07-30T02:10:46+00:00
3008,114,10,mops_api_t05st01,https://mops.twse.com.tw/mops/#/web/t05st01,"{""companyId"": ""3008"", ""firstDay"": """", ""lastDay"": """", ""month"": ""10"", ""year"": ""114""}",b60c7de7a484c8420db78280911472ca930b675288dc1129487cfed3c4774199,raw_cache\3008_114_10_list.json,c325b6c681fbeb3229838787af71e770f1f4f653f17f9eccf74953bf0356480f,cache_hit,,2026-07-30T02:10:46+00:00
3008,114,10,mops_api_t05st01_detail,https://mops.twse.com.tw/mops/#/web/t05st01,"{""companyId"": ""3008"", ""enterDate"": ""1141009"", ""marketKind"": ""sii"", ""serialNumber"": ""1""}",65d58c2965a75b49ef57830e4f0da7d4c7f01822fba8e7a65ce79119bb6e0d75,raw_cache\3008_114_10_1_detail.json,88a9ccb7534a67b217f1a19495c42ce24ee1b18d82d4515a0a0d57e554254baa,cache_hit,,2026-07-30T02:10:46+00:00
3008,114,10,mops_api_t05st01_detail,https://mops.twse.com.tw/mops/#/web/t05st01,"{""companyId"": ""3008"", ""enterDate"": ""1141020"", ""marketKind"": ""sii"", ""serialNumber"": ""1""}",7e30e4c6dd5236dd59fd32b7016173de02b2b17aa194d6d661c341ed7c270a5b,raw_cache\3008_114_10_2_detail.json,d46113cd294d7aca734fa66254b4b64aa5d99b191552c4d5a1f3ddb5e61c3817,cache_hit,,2026-07-30T02:10:46+00:00
3008,114,11,mops_api_t05st01,https://mops.twse.com.tw/mops/#/web/t05st01,"{""companyId"": ""3008"", ""firstDay"": """", ""lastDay"": """", ""month"": ""11"", ""year"": ""114""}",f9c7550fbaeefc2b3cfd4dcc79a656f2df74c939ae9cdeeaa8530875ad51e58a,raw_cache\3008_114_11_list.json,66885f64f04b8077b664f8646cda0bf63cff3de9cfb9ff21a5c3c2e777909ae3,cache_hit,,2026-07-30T02:10:46+00:00
3008,114,12,mops_api_t05st01,https://mops.twse.com.tw/mops/#/web/t05st01,"{""companyId"": ""3008"", ""firstDay"": """", ""lastDay"": """", ""month"": ""12"", ""year"": ""114""}",5cc1cf830a21c6bb36bc7979a023c107f0a12617622d8d3c2e926a707882db58,raw_cache\3008_114_12_list.json,5e0cf3dd9ac323af085a0e287a63f50124ea4d389c2d6de3b324c921ea1a3715,cache_hit,,2026-07-30T02:10:46+00:00
3008,115,01,mops_api_t05st01,https://mops.twse.com.tw/mops/#/web/t05st01,"{""companyId"": ""3008"", ""firstDay"": """", ""lastDay"": """", ""month"": ""01"", ""year"": ""115""}",8d996c474c8b7e0b68288a57edee6864d25e4e7776e543b629887410b050f522,raw_cache\3008_115_01_list.json,8be9a407c7724e6f985c4e2a0ca0ea61e1fb36d959be06251c7ffa8214029b71,cache_hit,,2026-07-30T02:10:46+00:00
3017,112,07,mops_api_t05st01,https://mops.twse.com.tw/mops/#/web/t05st01,"{""companyId"": ""3017"", ""firstDay"": """", ""lastDay"": """", ""month"": ""07"", ""year"": ""112""}",1036e4890d7d4e55990837ebc2bd8e9bffb6d8a006d2aa54fcd2d91dee164659,raw_cache\3017_112_07_list.json,a55a6d93c8bf6bd5b121b3b4b6ef66195c93661dffa48f4565b79caa367fd09b,cache_hit,,2026-07-30T02:10:46+00:00
3017,112,08,mops_api_t05st01,https://mops.twse.com.tw/mops/#/web/t05st01,"{""companyId"": ""3017"", ""firstDay"": """", ""lastDay"": """", ""month"": ""08"", ""year"": ""112""}",80d23dc046b4cdd7db1f7af82331c087fa80e915a7decb706a029db72ffce3a9,raw_cache\3017_112_08_list.json,cab3462a6e130fdbce70f99116666a0cfe5cdac9e0e46fe5b3ba03fa5439e531,cache_hit,,2026-07-30T02:10:46+00:00
3017,112,08,mops_api_t05st01_detail,https://mops.twse.com.tw/mops/#/web/t05st01,"{""companyId"": ""3017"", ""enterDate"": ""1120809"", ""marketKind"": ""sii"", ""serialNumber"": ""1""}",4f13924da434ae8dba2a8b99c130c23a1c966aa9bdf4c1dfa1fc00c4e51e2ad8,raw_cache\3017_112_08_1_detail.json,2bb97c31083f0e6c32fcaefc89760414148343b67f279d3d842ffb4d4022e97d,cache_hit,,2026-07-30T02:10:46+00:00
3017,112,08,mops_api_t05st01_detail,https://mops.twse.com.tw/mops/#/web/t05st01,"{""companyId"": ""3017"", ""enterDate"": ""1120809"", ""marketKind"": ""sii"", ""serialNumber"": ""2""}",1e7b4884a00d956146db9054db70892d35f6a53abb35c8a0a337aa1d95b72fdd,raw_cache\3017_112_08_2_detail.json,1c5f9c1230a419e5ea673a43a46a1904376b2fe3101c2e431a7f79664e6aec46,cache_hit,,2026-07-30T02:10:46+00:00
3017,112,08,mops_api_t05st01_detail,https://mops.twse.com.tw/mops/#/web/t05st01,"{""companyId"": ""3017"", ""enterDate"": ""1120809"", ""marketKind"": ""sii"", ""serialNumber"": ""3""}",424dc57cb520de3cc4c273e8aea59712cfb7cdfdce2039731c03d36800658d3d,raw_cache\3017_112_08_3_detail.json,90a06d26514986ed999ac1885d1dfc9143286e1313934f7e5bea1d11ff4db6f1,cache_hit,,2026-07-30T02:10:46+00:00
3017,112,09,mops_api_t05st01,https://mops.twse.com.tw/mops/#/web/t05st01,"{""companyId"": ""3017"", ""firstDay"": """", ""lastDay"": """", ""month"": ""09"", ""year"": ""112""}",83475373059f1efe0a9359328b1f4c7f1099aa42b15b822adc78bd2a5a894958,raw_cache\3017_112_09_list.json,36e15988fe33dbf6032de45fc2dbb5ed6e06b960987a0872253d3b3a1c25f218,cache_hit,,2026-07-30T02:10:46+00:00
3017,112,10,mops_api_t05st01,https://mops.twse.com.tw/mops/#/web/t05st01,"{""companyId"": ""3017"", ""firstDay"": """", ""lastDay"": """", ""month"": ""10"", ""year"": ""112""}",7f1aa7a8d12dd0e973329578d53beef346a9cb653243650ee2ae8bd3a09e1d5a,raw_cache\3017_112_10_list.json,4ff7c1a2a1a3e7f3d8a7531d4f9c0c99e3e3b941cbda25bda5cb124c5ba5efe6,cache_hit,,2026-07-30T02:10:46+00:00
3017,114,02,mops_api_t05st01,https://mops.twse.com.tw/mops/#/web/t05st01,"{""companyId"": ""3017"", ""firstDay"": """", ""lastDay"": """", ""month"": ""02"", ""year"": ""114""}",ed5bc9007a0b5b1a6b305c32d6fa040eea0d43c6b744715901063b868745be16,raw_cache\3017_114_02_list.json,401214ee3ce417b7ae2ef6928cfb12871876b584f8e5e2ef3d6e57f55e21be67,cache_hit,,2026-07-30T02:10:46+00:00
3017,114,03,mops_api_t05st01,https://mops.twse.com.tw/mops/#/web/t05st01,"{""companyId"": ""3017"", ""firstDay"": """", ""lastDay"": """", ""month"": ""03"", ""year"": ""114""}",09c773465beae122af9228fe137a58b8b15a0dbc4f5d31f74fa8ad31c9cf89e0,raw_cache\3017_114_03_list.json,bcdebd7bf9f98fbb311400ed4e4d1dc832e573b674a3267b2d7c32751ff95654,cache_hit,,2026-07-30T02:10:46+00:00
3017,114,03,mops_api_t05st01_detail,https://mops.twse.com.tw/mops/#/web/t05st01,"{""companyId"": ""3017"", ""enterDate"": ""1140304"", ""marketKind"": ""sii"", ""serialNumber"": ""1""}",ad69d0ffa52ee58e0500807415937a6ca796c59a367cd1368f2c8fa6575a1411,raw_cache\3017_114_03_0_detail.json,dba5cbe147b65161d5afafa2c138ade5a8505831cfc25f268342fe373a8b34ff,cache_hit,,2026-07-30T02:10:46+00:00
3017,114,03,mops_api_t05st01_detail,https://mops.twse.com.tw/mops/#/web/t05st01,"{""companyId"": ""3017"", ""enterDate"": ""1140312"", ""marketKind"": ""sii"", ""serialNumber"": ""1""}",2624757b1de2e7b82ffc046d213d783c7f3f78614607cd66c3abe8518a003528,raw_cache\3017_114_03_2_detail.json,4d7eb1bf271bc7a16eeb032e615102aed77f35d002a0cce984c655b73848986c,cache_hit,,2026-07-30T02:10:46+00:00
3017,114,03,mops_api_t05st01_detail,https://mops.twse.com.tw/mops/#/web/t05st01,"{""companyId"": ""3017"", ""enterDate"": ""1140312"", ""marketKind"": ""sii"", ""serialNumber"": ""2""}",c032bf3fe080ad13debd7707fce9fe9c0b7157d162b583b90e3b0935b8e586ee,raw_cache\3017_114_03_3_detail.json,327ad7192edf6bdf47236ded3cb40d0e609718027fe5eae9d5dad258df800985,cache_hit,,2026-07-30T02:10:46+00:00
3017,114,04,mops_api_t05st01,https://mops.twse.com.tw/mops/#/web/t05st01,"{""companyId"": ""3017"", ""firstDay"": """", ""lastDay"": """", ""month"": ""04"", ""year"": ""114""}",c643851ca059878859061b77fc8547306990c21e98903597d9455f72ad5cc020,raw_cache\3017_114_04_list.json,2a8e75c3a28a5accc193f84ebbbfb7a62659a69f561e7faa4f3434cc681efa93,cache_hit,,2026-07-30T02:10:46+00:00
3017,114,05,mops_api_t05st01,https://mops.twse.com.tw/mops/#/web/t05st01,"{""companyId"": ""3017"", ""firstDay"": """", ""lastDay"": """", ""month"": ""05"", ""year"": ""114""}",912ef7e62198435d104cca1b3e0b419dfbb10a9b7f5546d100d11b9952a0fcc1,raw_cache\3017_114_05_list.json,ea70d1ccbdb655f542f6d91fc48c90d014a2d972d0a75fe6809b713749ed35f3,cache_hit,,2026-07-30T02:10:46+00:00
3017,114,05,mops_api_t05st01_detail,https://mops.twse.com.tw/mops/#/web/t05st01,"{""companyId"": ""3017"", ""enterDate"": ""1140505"", ""marketKind"": ""sii"", ""serialNumber"": ""1""}",16ac8886136addb465750a92639e5d0804ede743c5e4f91de335e6597fa82173,raw_cache\3017_114_05_0_detail.json,14471efddc4132db5097b8b025cc8c0136dc816f97f6ccfe13c3e71845be7cea,cache_hit,,2026-07-30T02:10:46+00:00
3017,114,05,mops_api_t05st01_detail,https://mops.twse.com.tw/mops/#/web/t05st01,"{""companyId"": ""3017"", ""enterDate"": ""1140513"", ""marketKind"": ""sii"", ""serialNumber"": ""1""}",2d58aeb20ed4c2309db7d87df520f4013afee59d9787196f4b94bd5ef4ea4bac,raw_cache\3017_114_05_2_detail.json,5b4bd440ac9cc515bc1f431ff1c4e90b7ff7c3455b85e513759e7686a73650cd,cache_hit,,2026-07-30T02:10:46+00:00
3017,114,06,mops_api_t05st01,https://mops.twse.com.tw/mops/#/web/t05st01,"{""companyId"": ""3017"", ""firstDay"": """", ""lastDay"": """", ""month"": ""06"", ""year"": ""114""}",e2031eae90b461fa8383976d479444f86f5d8a10d9a8fd88e55df342ab5a78b3,raw_cache\3017_114_06_list.json,12289181a20c38822bf71732f99a71427679699ce068426e982254856510684f,cache_hit,,2026-07-30T02:10:46+00:00
3017,114,07,mops_api_t05st01,https://mops.twse.com.tw/mops/#/web/t05st01,"{""companyId"": ""3017"", ""firstDay"": """", ""lastDay"": """", ""month"": ""07"", ""year"": ""114""}",a3c951d035daa5b36fa5655eeb891b7a4e8e5e2b73b3b54a73ec6ba80737083e,raw_cache\3017_114_07_list.json,f1370c23653523ae87f61411c80aa0a014521e9523fbbdb2407518865471a18e,cache_hit,,2026-07-30T02:10:46+00:00
3017,114,07,mops_api_t05st01_detail,https://mops.twse.com.tw/mops/#/web/t05st01,"{""companyId"": ""3017"", ""enterDate"": ""1140729"", ""marketKind"": ""sii"", ""serialNumber"": ""1""}",201d290c32da466a5495d67edd308cbd9ecd2bdd9a5df698efd75bee346fe490,raw_cache\3017_114_07_5_detail.json,a2f3ac75c2057677f19b9ef2efdf8579d658761de4230ddb2bfa603b47216d25,cache_hit,,2026-07-30T02:10:46+00:00
3017,114,07,mops_api_t05st01_detail,https://mops.twse.com.tw/mops/#/web/t05st01,"{""companyId"": ""3017"", ""enterDate"": ""1140729"", ""marketKind"": ""sii"", ""serialNumber"": ""2""}",73f0ddaccb532bf3f5bdf1a4a0b7f888b0f7c86f804e4e27d4a74779a4fd8d82,raw_cache\3017_114_07_6_detail.json,c3c61d97ebad3048afa58ff758b1004f4871c11baee857e4b133ac882787d5eb,cache_hit,,2026-07-30T02:10:46+00:00
3017,114,08,mops_api_t05st01,https://mops.twse.com.tw/mops/#/web/t05st01,"{""companyId"": ""3017"", ""firstDay"": """", ""lastDay"": """", ""month"": ""08"", ""year"": ""114""}",374056c38607a727770ed7d4b4bfd49bb58095141d304ec893bf3f4a1e980c69,raw_cache\3017_114_08_list.json,e209727c75ecaef43eb12e60f97818bfce4c5a2417099662c77692ed3eb29901,cache_hit,,2026-07-30T02:10:46+00:00
3017,114,08,mops_api_t05st01_detail,https://mops.twse.com.tw/mops/#/web/t05st01,"{""companyId"": ""3017"", ""enterDate"": ""1140805"", ""marketKind"": ""sii"", ""serialNumber"": ""1""}",62d8609ecb3be055ece07baf9c9566aba8359cf04350643e788241a9281511b2,raw_cache\3017_114_08_0_detail.json,68eb8ba8527116d90cc4cdcc700e56cfc223f4246d99a1e1929c79273c644819,cache_hit,,2026-07-30T02:10:46+00:00
3017,114,08,mops_api_t05st01_detail,https://mops.twse.com.tw/mops/#/web/t05st01,"{""companyId"": ""3017"", ""enterDate"": ""1140813"", ""marketKind"": ""sii"", ""serialNumber"": ""1""}",d4565a860500dd2c430dbe4520f4d339902d3888d6e7fb71c6eb9cbb28cd6ec2,raw_cache\3017_114_08_2_detail.json,52e0a51034c83a546042d994ff19723f7f26a8d90dc503bd0a534ffd1e6ef3e5,cache_hit,,2026-07-30T02:10:46+00:00
3017,114,09,mops_api_t05st01,https://mops.twse.com.tw/mops/#/web/t05st01,"{""companyId"": ""3017"", ""firstDay"": """", ""lastDay"": """", ""month"": ""09"", ""year"": ""114""}",e71635097b18c66b586c835b9dfca43621ead7e95f263a01b9e1e5230f430bf0,raw_cache\3017_114_09_list.json,a928a7078ef27336fc0bf19a8bbab541c95f9c920c1da5be37506f90b17d82f2,cache_hit,,2026-07-30T02:10:46+00:00
3019,107,01,mops_api_t05st01,https://mops.twse.com.tw/mops/#/web/t05st01,"{""companyId"": ""3019"", ""firstDay"": """", ""lastDay"": """", ""month"": ""01"", ""year"": ""107""}",b4b8ad080945dff6e38596edc909b2179308602067155c965fabb93209b00f0b,raw_cache\3019_107_01_list.json,9f56fe57c8d100b712ca55e3d27c4371d5cd4daaae5adf523e007daa794c8e15,cache_hit,,2026-07-30T02:10:46+00:00
3019,107,02,mops_api_t05st01,https://mops.twse.com.tw/mops/#/web/t05st01,"{""companyId"": ""3019"", ""firstDay"": """", ""lastDay"": """", ""month"": ""02"", ""year"": ""107""}",002b2a3517821c1e8b5054e90d8533b39aa647839ee650aea2a17e839c6d11ba,raw_cache\3019_107_02_list.json,5b633548b4d1e7f521dc00049e6f16d20be61a2c4997e506c4b09914ed8f019c,cache_hit,,2026-07-30T02:10:46+00:00
3019,107,03,mops_api_t05st01,https://mops.twse.com.tw/mops/#/web/t05st01,"{""companyId"": ""3019"", ""firstDay"": """", ""lastDay"": """", ""month"": ""03"", ""year"": ""107""}",ef57a993982216bdfa9befb41a4ff5a3fb3f7d30e1226499ecc5bc2edbf0e5a9,raw_cache\3019_107_03_list.json,417cf8403c01999ce9def51ffeb18b1bb4c71b001e7f874e58c253442443b72a,cache_hit,,2026-07-30T02:10:46+00:00
3019,107,03,mops_api_t05st01_detail,https://mops.twse.com.tw/mops/#/web/t05st01,"{""companyId"": ""3019"", ""enterDate"": ""1070323"", ""marketKind"": ""sii"", ""serialNumber"": ""2""}",661573a7cd9f87b2c2991a33284f823b3ebd55aea6af588266d633aaafcbda3c,raw_cache\3019_107_03_3_detail.json,e9ad1aa2a29c2ddf24dd67e310d9f1490aa1181ea45c5f32087dd5e0b2793fad,cache_hit,,2026-07-30T02:10:46+00:00
3019,107,04,mops_api_t05st01,https://mops.twse.com.tw/mops/#/web/t05st01,"{""companyId"": ""3019"", ""firstDay"": """", ""lastDay"": """", ""month"": ""04"", ""year"": ""107""}",136985c1b85104e85424148424a805af8da9d29f42fe5ad93d8af4403843a526,raw_cache\3019_107_04_list.json,61fca19b7f981ff56c427a75165a3b1cdafa53fc6270b258d1030e9dae89a2ca,cache_hit,,2026-07-30T02:10:46+00:00
3032,105,03,mops_api_t05st01,https://mops.twse.com.tw/mops/#/web/t05st01,"{""companyId"": ""3032"", ""firstDay"": """", ""lastDay"": """", ""month"": ""03"", ""year"": ""105""}",7d145f4d07e8b4315d20c10874caabee858904a708047a7a21abbce79b2b0b21,raw_cache\3032_105_03_list.json,61c8f4fd34e762fd429c53bad805d46f204004414ea516eb5ab27e3d45ede6cc,cache_hit,,2026-07-30T02:10:46+00:00
3032,105,03,mops_api_t05st01_detail,https://mops.twse.com.tw/mops/#/web/t05st01,"{""companyId"": ""3032"", ""enterDate"": ""1050310"", ""marketKind"": ""sii"", ""serialNumber"": ""1""}",994db35361e7b15040c884cfea8015cf26ca3a85a6d40a098eab53b16a669529,raw_cache\3032_105_03_0_detail.json,c3fb4ddbaefe9e48d4c2ab2b2b821a4deef2821e81005e08fefe5a3fc0a37ef8,cache_hit,,2026-07-30T02:10:46+00:00
3032,105,03,mops_api_t05st01_detail,https://mops.twse.com.tw/mops/#/web/t05st01,"{""companyId"": ""3032"", ""enterDate"": ""1050315"", ""marketKind"": ""sii"", ""serialNumber"": ""2""}",2b0a5fa00a994ede5c11797bba21e3ec41a6bb8e8f7c1d2fa5608b5e7e4cf73d,raw_cache\3032_105_03_2_detail.json,e16870bcc419432978ff1ff37b3a0a0c42b89078d99e1fcde10b3ad673a232bc,cache_hit,,2026-07-30T02:10:46+00:00
3032,105,03,mops_api_t05st01_detail,https://mops.twse.com.tw/mops/#/web/t05st01,"{""companyId"": ""3032"", ""enterDate"": ""1050315"", ""marketKind"": ""sii"", ""serialNumber"": ""7""}",7f81c43804bf3304783ad98749309958b362ac491cc30fe49fff05dce07cbc43,raw_cache\3032_105_03_7_detail.json,58089d368b128e5c2154f17d1222a88f6b33255d37ab21e833e0988cc895e403,cache_hit,,2026-07-30T02:10:46+00:00
3032,105,04,mops_api_t05st01,https://mops.twse.com.tw/mops/#/web/t05st01,"{""companyId"": ""3032"", ""firstDay"": """", ""lastDay"": """", ""month"": ""04"", ""year"": ""105""}",60972076798919d17ef3e103d5abe5f51d5f36bebabff171f40b04a19450679e,raw_cache\3032_105_04_list.json,7743a1554dd9bd956a9d08b935cb0c1a1887eddc76a05fefc4dafc20c43d4811,cache_hit,,2026-07-30T02:10:46+00:00
3032,105,04,mops_api_t05st01_detail,https://mops.twse.com.tw/mops/#/web/t05st01,"{""companyId"": ""3032"", ""enterDate"": ""1050408"", ""marketKind"": ""sii"", ""serialNumber"": ""1""}",5ed94128c62d47ec26e60356a8cbdc11a1cde99965d4837efbbdc13766e2a7be,raw_cache\3032_105_04_0_detail.json,f16f124141272fa124954d993a73f40442e2c689acd15abde4529dd800381122,cache_hit,,2026-07-30T02:10:46+00:00
3032,105,05,mops_api_t05st01,https://mops.twse.com.tw/mops/#/web/t05st01,"{""companyId"": ""3032"", ""firstDay"": """", ""lastDay"": """", ""month"": ""05"", ""year"": ""105""}",361da269822c45f053e905987c5174144d59e682f1836a1d529553fb4433f1be,raw_cache\3032_105_05_list.json,2af55673a493756d5d6bd84520408f4a1ffd72ad8fbd8b705032226201022fad,cache_hit,,2026-07-30T02:10:46+00:00
3032,105,05,mops_api_t05st01_detail,https://mops.twse.com.tw/mops/#/web/t05st01,"{""companyId"": ""3032"", ""enterDate"": ""1050510"", ""marketKind"": ""sii"", ""serialNumber"": ""1""}",1e3a84d4b93b2e0b653ea3c5e0393cb440e6e666e4c013b142f83b1c64f34d00,raw_cache\3032_105_05_0_detail.json,58a2bece396c4813b601cd6c2a84c788b62830704067c9b2aa65551a9219bd95,cache_hit,,2026-07-30T02:10:46+00:00
3032,105,05,mops_api_t05st01_detail,https://mops.twse.com.tw/mops/#/web/t05st01,"{""companyId"": ""3032"", ""enterDate"": ""1050510"", ""marketKind"": ""sii"", ""serialNumber"": ""2""}",4d87a5b8de74258900c47fa6329244f679e8f5adf489d191f09b831a81730d65,raw_cache\3032_105_05_1_detail.json,e8df20752c3c657ad88f9e46779d9ee41c38235c10b3c03a1ef0e0451bc674af,cache_hit,,2026-07-30T02:10:46+00:00
3032,105,05,mops_api_t05st01_detail,https://mops.twse.com.tw/mops/#/web/t05st01,"{""companyId"": ""3032"", ""enterDate"": ""1050531"", ""marketKind"": ""sii"", ""serialNumber"": ""6""}",30369a6189849855eabb510b6f4145d776b374aaf3cdbffce2289cac96801658,raw_cache\3032_105_05_8_detail.json,dd40dcf620aadc2b2bf7875a62e40c1befdd788725ac17fed7eaa12dab3c29e2,cache_hit,,2026-07-30T02:10:46+00:00
3034,109,12,mops_api_t05st01,https://mops.twse.com.tw/mops/#/web/t05st01,"{""companyId"": ""3034"", ""firstDay"": """", ""lastDay"": """", ""month"": ""12"", ""year"": ""109""}",92b18ea7687486778e47492af18cbc75a7c154646db0e33fbd9f90b7622d296a,raw_cache\3034_109_12_list.json,2cea2e1e47aa3f73817b9188035dbbb7e5c2f021ae5858801d792af4e958a4de,cache_hit,,2026-07-30T02:10:46+00:00
3034,110,01,mops_api_t05st01,https://mops.twse.com.tw/mops/#/web/t05st01,"{""companyId"": ""3034"", ""firstDay"": """", ""lastDay"": """", ""month"": ""01"", ""year"": ""110""}",b21635d3a820b0aa2dcec17c312c1466c850d612ef4f994a95776baaf4e1c680,raw_cache\3034_110_01_list.json,97cb6dcd0a7a1f19bb92958a5cf86aa85bb28249c83d392192d0f61d9747a0ea,cache_hit,,2026-07-30T02:10:46+00:00
3034,110,02,mops_api_t05st01,https://mops.twse.com.tw/mops/#/web/t05st01,"{""companyId"": ""3034"", ""firstDay"": """", ""lastDay"": """", ""month"": ""02"", ""year"": ""110""}",00ccc37523014f58e82d76fcd5113d6807a763070a14602616d1843547764f46,raw_cache\3034_110_02_list.json,aa12fbbca0dbd076c8fc11c61ebe824e47bf0757f9ebda3e2739ca277e5c0ad4,cache_hit,,2026-07-30T02:10:46+00:00
3034,110,02,mops_api_t05st01_detail,https://mops.twse.com.tw/mops/#/web/t05st01,"{""companyId"": ""3034"", ""enterDate"": ""1100204"", ""marketKind"": ""sii"", ""serialNumber"": ""1""}",e37273bce15af8c742ea1478b12a71834b8b5ddc302ea83d55c65928ba5927af,raw_cache\3034_110_02_1_detail.json,24bc05ec9a8c3eb8515b06a3e5296baf750e93be4dfdb1ba967be08aed606a4a,cache_hit,,2026-07-30T02:10:46+00:00
3034,110,03,mops_api_t05st01,https://mops.twse.com.tw/mops/#/web/t05st01,"{""companyId"": ""3034"", ""firstDay"": """", ""lastDay"": """", ""month"": ""03"", ""year"": ""110""}",ef71efc96a3230afcc6edcd57a1b67baed74bd1c66d4d34984ac3536953824d7,raw_cache\3034_110_03_list.json,492445c7d261b90075941f5924aa700f4b53dafe357f80acd942f9353cc97be7,cache_hit,,2026-07-30T02:10:46+00:00
3034,110,03,mops_api_t05st01_detail,https://mops.twse.com.tw/mops/#/web/t05st01,"{""companyId"": ""3034"", ""enterDate"": ""1100318"", ""marketKind"": ""sii"", ""serialNumber"": ""1""}",e7732044f26c9e68e03934701376d64a63c0e60385d0933c705bf6aa487d1e3f,raw_cache\3034_110_03_3_detail.json,b2453246ab930a3e93442bd0993448bb20a7c397bb7899647b03a63839c12d0e,cache_hit,,2026-07-30T02:10:46+00:00
3034,110,04,mops_api_t05st01,https://mops.twse.com.tw/mops/#/web/t05st01,"{""companyId"": ""3034"", ""firstDay"": """", ""lastDay"": """", ""month"": ""04"", ""year"": ""110""}",bf7d52e6bec048147920c8c64c27a5f4de782afda224d8b0148148b6c07fd08f,raw_cache\3034_110_04_list.json,5ee43d16a71d2f7944f5caf00ff8510f844b0f006a82c9c00307d42c11254f65,cache_hit,,2026-07-30T02:10:46+00:00
3034,110,04,mops_api_t05st01_detail,https://mops.twse.com.tw/mops/#/web/t05st01,"{""companyId"": ""3034"", ""enterDate"": ""1100426"", ""marketKind"": ""sii"", ""serialNumber"": ""1""}",cdcbb7fabde4943416b7c49a38a235e7171fbec7fca3a55c2a11b0559c34ac44,raw_cache\3034_110_04_2_detail.json,e8bf8a47e1327fe3f058d0b8ae521769a33ce3a5781f11a82584321bdec8d866,cache_hit,,2026-07-30T02:10:46+00:00
3034,110,04,mops_api_t05st01_detail,https://mops.twse.com.tw/mops/#/web/t05st01,"{""companyId"": ""3034"", ""enterDate"": ""1100426"", ""marketKind"": ""sii"", ""serialNumber"": ""2""}",1f86615f2b6e781c0ff04c56e52dc86cfb659997380ad88d5a02df035925bc66,raw_cache\3034_110_04_3_detail.json,bb73344c63ca044199d15229c5e8145047839a0fb386bc59c6485c57021a2d71,cache_hit,,2026-07-30T02:10:46+00:00
3034,110,05,mops_api_t05st01,https://mops.twse.com.tw/mops/#/web/t05st01,"{""companyId"": ""3034"", ""firstDay"": """", ""lastDay"": """", ""month"": ""05"", ""year"": ""110""}",2912ee0ae6a8f624402bd423a2ab49bf55a4626e90f5e508053eb89f228bb919,raw_cache\3034_110_05_list.json,dacaf413ab708a61cd9a32a2f3f9b97df0da4c24926448be4325b5e7083dbaa4,cache_hit,,2026-07-30T02:10:46+00:00
3034,110,05,mops_api_t05st01_detail,https://mops.twse.com.tw/mops/#/web/t05st01,"{""companyId"": ""3034"", ""enterDate"": ""1100506"", ""marketKind"": ""sii"", ""serialNumber"": ""1""}",4867aeb12cfa79a9d9ce54700ff91abe24c148866bff1526f581a72568f6aedb,raw_cache\3034_110_05_1_detail.json,36c6db369f2d64b1c3a933e25233a9d36fa4d4c018972819880a96e2c979cca1,cache_hit,,2026-07-30T02:10:46+00:00
3034,110,09,mops_api_t05st01,https://mops.twse.com.tw/mops/#/web/t05st01,"{""companyId"": ""3034"", ""firstDay"": """", ""lastDay"": """", ""month"": ""09"", ""year"": ""110""}",7fd9aa5cee5a4ff4c4d819978dbed7cbd7d38522a28b87d4a73e371080c46e2b,raw_cache\3034_110_09_list.json,f2baa37d10281d41e39e6015ebf53a06e78b8dcf4cc35ff738d0495745ebeb16,cache_hit,,2026-07-30T02:10:46+00:00
3034,110,10,mops_api_t05st01,https://mops.twse.com.tw/mops/#/web/t05st01,"{""companyId"": ""3034"", ""firstDay"": """", ""lastDay"": """", ""month"": ""10"", ""year"": ""110""}",cba35e658da5a9dd26e8f68c898d0eb54b42ebc5964d5c432dc29d8b5d993fd1,raw_cache\3034_110_10_list.json,4338d04ef51e7452bac53a707ef88e93f5f952b5480630e7ab1e7193cd50598e,cache_hit,,2026-07-30T02:10:46+00:00
3034,110,10,mops_api_t05st01_detail,https://mops.twse.com.tw/mops/#/web/t05st01,"{""companyId"": ""3034"", ""enterDate"": ""1101029"", ""marketKind"": ""sii"", ""serialNumber"": ""1""}",7f298c18aa64cdeec1050c01854291f1fc6fb4d7b7c590a5b18e2bf6741e83b1,raw_cache\3034_110_10_0_detail.json,de9503399d10e00843142af87878817f58ca0539d3f5c42c69c9bc81a6298453,cache_hit,,2026-07-30T02:10:46+00:00
3034,110,11,mops_api_t05st01,https://mops.twse.com.tw/mops/#/web/t05st01,"{""companyId"": ""3034"", ""firstDay"": """", ""lastDay"": """", ""month"": ""11"", ""year"": ""110""}",1b03c6912c9a8391ff1b56c497e1c04d961f1615faa7a6c987f2b1100e8cf56e,raw_cache\3034_110_11_list.json,44eda34e82b5fb77f00cad2927fdbc2382a62d96c12f9a32dd0275cf10f8902e,cache_hit,,2026-07-30T02:10:46+00:00
3034,110,11,mops_api_t05st01_detail,https://mops.twse.com.tw/mops/#/web/t05st01,"{""companyId"": ""3034"", ""enterDate"": ""1101104"", ""marketKind"": ""sii"", ""serialNumber"": ""1""}",725cc9ff08d6c2cccd4295e6cdfad18fe23a98f04b780d20bee8941ae78531d8,raw_cache\3034_110_11_1_detail.json,40f39c9317699e12c8a193933c96467112b8856a75b9398718dcf7752406b0f3,cache_hit,,2026-07-30T02:10:46+00:00
3034,110,12,mops_api_t05st01,https://mops.twse.com.tw/mops/#/web/t05st01,"{""companyId"": ""3034"", ""firstDay"": """", ""lastDay"": """", ""month"": ""12"", ""year"": ""110""}",b9d701db7f5e4d81eed2e3a46a9b2cdc198c4f6437739ee39388f85a04a25d58,raw_cache\3034_110_12_list.json,e78208bc8990874bfa61da7d0923594a26f325286637284c7c7d1712bf86a3f7,cache_hit,,2026-07-30T02:10:46+00:00
3034,111,01,mops_api_t05st01,https://mops.twse.com.tw/mops/#/web/t05st01,"{""companyId"": ""3034"", ""firstDay"": """", ""lastDay"": """", ""month"": ""01"", ""year"": ""111""}",e49df0b180ae48f0fb4d1965ecd5924440ef090f646a57906e8163d735b6a7a0,raw_cache\3034_111_01_list.json,c3970e5b70c79a1d637d111b01a285f48ba7546ea38584b99224ed9833330085,cache_hit,,2026-07-30T02:10:46+00:00
3034,111,11,mops_api_t05st01,https://mops.twse.com.tw/mops/#/web/t05st01,"{""companyId"": ""3034"", ""firstDay"": """", ""lastDay"": """", ""month"": ""11"", ""year"": ""111""}",d1db636f6f3c6dbd9d4a34a14a4d3496b3bc4ca4c654dc89a8b4889f5ba7bcd0,raw_cache\3034_111_11_list.json,6d5b283980fd3f2393e11faef855cc44957f6d74617291fb6a5c509282dd7436,cache_hit,,2026-07-30T02:10:46+00:00
3034,111,11,mops_api_t05st01_detail,https://mops.twse.com.tw/mops/#/web/t05st01,"{""companyId"": ""3034"", ""enterDate"": ""1111108"", ""marketKind"": ""sii"", ""serialNumber"": ""2""}",9e53faeb1feed64fcfa618dd150de56ceceaa219f86fa6b2deb269eb97f964d4,raw_cache\3034_111_11_1_detail.json,8bedd6878bce354488a4fb084f03834888cd9afd53503a7de186b21986a4ea91,cache_hit,,2026-07-30T02:10:46+00:00
3034,111,12,mops_api_t05st01,https://mops.twse.com.tw/mops/#/web/t05st01,"{""companyId"": ""3034"", ""firstDay"": """", ""lastDay"": """", ""month"": ""12"", ""year"": ""111""}",c494bee9852944b5274e3ddcaf4a0c504849e1ff3fe03226608e1ef2131a91c4,raw_cache\3034_111_12_list.json,755af329c1f82443c05fb3ffbcb635083e0fd7bdeeaff404b8cb215113c50b69,cache_hit,,2026-07-30T02:10:46+00:00
3034,112,01,mops_api_t05st01,https://mops.twse.com.tw/mops/#/web/t05st01,"{""companyId"": ""3034"", ""firstDay"": """", ""lastDay"": """", ""month"": ""01"", ""year"": ""112""}",85a3f4e81ebb35d856aa79820cd20cc8538d4c5baeb7a5a4dc698b7e03bdfe38,raw_cache\3034_112_01_list.json,f6abc3a7e2eebfbaa8679214007a09be15c85887fc289f5cb2d15cb7bd0724e2,cache_hit,,2026-07-30T02:10:46+00:00
3034,112,02,mops_api_t05st01,https://mops.twse.com.tw/mops/#/web/t05st01,"{""companyId"": ""3034"", ""firstDay"": """", ""lastDay"": """", ""month"": ""02"", ""year"": ""112""}",d10e8d429f44606aeed2f65ff537fd3bb4159af2a41b7e6e5ccb83048a146434,raw_cache\3034_112_02_list.json,b61c23071ba2a31ed7b0c9b5fd91bab917a3a3519958f384d80dd97d02c0e59d,cache_hit,,2026-07-30T02:10:46+00:00
3034,112,02,mops_api_t05st01_detail,https://mops.twse.com.tw/mops/#/web/t05st01,"{""companyId"": ""3034"", ""enterDate"": ""1120207"", ""marketKind"": ""sii"", ""serialNumber"": ""1""}",6e903b5a052613b3bb776d65a9aa404438a45889ede7f0c5384e1004bb45871c,raw_cache\3034_112_02_1_detail.json,871536ad1aa718bfb64b20c0a347126f63820bb63be86680f133872f12d56007,cache_hit,,2026-07-30T02:10:46+00:00
3034,112,02,mops_api_t05st01_detail,https://mops.twse.com.tw/mops/#/web/t05st01,"{""companyId"": ""3034"", ""enterDate"": ""1120224"", ""marketKind"": ""sii"", ""serialNumber"": ""1""}",c0269f7c05b0e1da508ff5047dcea1e0d44e2b103c4e444bb2163f91bf066b21,raw_cache\3034_112_02_3_detail.json,4967e6fe3b8fac06b825b21caa47d9550d523ed3ba70776332735947e479a45c,cache_hit,,2026-07-30T02:10:46+00:00
3034,112,03,mops_api_t05st01,https://mops.twse.com.tw/mops/#/web/t05st01,"{""companyId"": ""3034"", ""firstDay"": """", ""lastDay"": """", ""month"": ""03"", ""year"": ""112""}",cea96f030ba66fa46f37ad68ccfcfa4a3a230a5964119eab926d5730af7862bf,raw_cache\3034_112_03_list.json,fe043ffbf68c32ecfc9dd8fe11a2d6676724724792695542919555cf08f66b8f,cache_hit,,2026-07-30T02:10:46+00:00
3034,112,03,mops_api_t05st01_detail,https://mops.twse.com.tw/mops/#/web/t05st01,"{""companyId"": ""3034"", ""enterDate"": ""1120331"", ""marketKind"": ""sii"", ""serialNumber"": ""2""}",72091bd6c4fe4541b2c6f7b29883e07fbd254561f97a882b27d6083c0b60fb4b,raw_cache\3034_112_03_4_detail.json,de15f79261e5a0c8bf11b3aa28caf283c3f5c53763db1591534a3714d1dcf47f,cache_hit,,2026-07-30T02:10:46+00:00
3034,112,04,mops_api_t05st01,https://mops.twse.com.tw/mops/#/web/t05st01,"{""companyId"": ""3034"", ""firstDay"": """", ""lastDay"": """", ""month"": ""04"", ""year"": ""112""}",77f7cc8e4ebf356dc8640a0128779a0a038edd2f0b6cd4c5c40c29615e61ac6c,raw_cache\3034_112_04_list.json,0420439a25cd7f203eb31b4344ec8d5e1a559a0b686a6b2bdb1cfdd69f716c57,cache_hit,,2026-07-30T02:10:46+00:00
3034,112,04,mops_api_t05st01_detail,https://mops.twse.com.tw/mops/#/web/t05st01,"{""companyId"": ""3034"", ""enterDate"": ""1120426"", ""marketKind"": ""sii"", ""serialNumber"": ""1""}",590839d4dd304cab69efa064b5fd00e6aa780ddf6a5bd4940fc01d4553c70188,raw_cache\3034_112_04_0_detail.json,5abcce1f315ee72ad13827d377c880049da8432e30f36b9cd34f47a71a957083,cache_hit,,2026-07-30T02:10:46+00:00
3034,114,01,mops_api_t05st01,https://mops.twse.com.tw/mops/#/web/t05st01,"{""companyId"": ""3034"", ""firstDay"": """", ""lastDay"": """", ""month"": ""01"", ""year"": ""114""}",89c8a5f5b21f3c097745de4c27f1fed74520047763fef3476580fca273f48724,raw_cache\3034_114_01_list.json,03f3541ba26e84f1cbce937a6e95848370070cad17ec95484f79fb9942f226f0,cache_hit,,2026-07-30T02:10:46+00:00
3034,114,02,mops_api_t05st01,https://mops.twse.com.tw/mops/#/web/t05st01,"{""companyId"": ""3034"", ""firstDay"": """", ""lastDay"": """", ""month"": ""02"", ""year"": ""114""}",766d3542d4ec5c86c5c1f4af5dce47301ed93c8977d03a9f88489b0301637033,raw_cache\3034_114_02_list.json,7f1e245cf44bfdace5b2eabb312e2e7cec164e54aa2336d969b8f2391430083a,cache_hit,,2026-07-30T02:10:46+00:00
3034,114,02,mops_api_t05st01_detail,https://mops.twse.com.tw/mops/#/web/t05st01,"{""companyId"": ""3034"", ""enterDate"": ""1140212"", ""marketKind"": ""sii"", ""serialNumber"": ""1""}",630be3a5ae632b8f248b94a6ae5d4334366c56e18f8a7b2a0e82d372b055eed8,raw_cache\3034_114_02_1_detail.json,618d265a826b2093e1f3049924ce463448755e586593bfab4641105b6173f146,cache_hit,,2026-07-30T02:10:46+00:00
3034,114,02,mops_api_t05st01_detail,https://mops.twse.com.tw/mops/#/web/t05st01,"{""companyId"": ""3034"", ""enterDate"": ""1140217"", ""marketKind"": ""sii"", ""serialNumber"": ""1""}",80940fbceb2e98f039dee57445b767d2ef6cee45ce6221314512c29d28d8af2a,raw_cache\3034_114_02_3_detail.json,bbb1c357ee771340ea1b1bde27586c6c3aa1d33be1f98ca0a0f0847fb82bc232,cache_hit,,2026-07-30T02:10:46+00:00
3034,114,02,mops_api_t05st01_detail,https://mops.twse.com.tw/mops/#/web/t05st01,"{""companyId"": ""3034"", ""enterDate"": ""1140225"", ""marketKind"": ""sii"", ""serialNumber"": ""1""}",fee9d1c91bb8f1600456d3973678dce5db2a1423ffa74299705015bb400c8138,raw_cache\3034_114_02_5_detail.json,9c7d83a22f40237efe047a1e638ff1ab67d55b7e8f5f90328ce56b87f861fbea,cache_hit,,2026-07-30T02:10:46+00:00
3034,114,03,mops_api_t05st01,https://mops.twse.com.tw/mops/#/web/t05st01,"{""companyId"": ""3034"", ""firstDay"": """", ""lastDay"": """", ""month"": ""03"", ""year"": ""114""}",e07607211e9e95a53cbb761cb891238bcb65b9744503944e37cf0b6c7e86aaf7,raw_cache\3034_114_03_list.json,0832e82668315b17e420a772d0ab30c7ba01b00cb736113f0dd138bde4eb76fd,cache_hit,,2026-07-30T02:10:46+00:00
3034,114,03,mops_api_t05st01_detail,https://mops.twse.com.tw/mops/#/web/t05st01,"{""companyId"": ""3034"", ""enterDate"": ""1140327"", ""marketKind"": ""sii"", ""serialNumber"": ""1""}",ed2800a9248a250fc6639ef8ec5e504b713d28eac2903f9a2da71e018f87fbb0,raw_cache\3034_114_03_1_detail.json,d9a1021a8f7cdf622df4d9b6121961f1f7d7a8a63156b596c5e9d272ab23bd5e,cache_hit,,2026-07-30T02:10:46+00:00
3034,114,04,mops_api_t05st01,https://mops.twse.com.tw/mops/#/web/t05st01,"{""companyId"": ""3034"", ""firstDay"": """", ""lastDay"": """", ""month"": ""04"", ""year"": ""114""}",bd5ac03180735204704e9ac22adb850318d47cedc1f1da0e83d8ae986b73b897,raw_cache\3034_114_04_list.json,6afc9e517bd819d10abc8590231e878c3b92e06c8e8d4d3187f1f6796d3b7d6a,cache_hit,,2026-07-30T02:10:46+00:00
3034,114,04,mops_api_t05st01_detail,https://mops.twse.com.tw/mops/#/web/t05st01,"{""companyId"": ""3034"", ""enterDate"": ""1140421"", ""marketKind"": ""sii"", ""serialNumber"": ""1""}",cecaf782ffa8b7170db202596ea869df80e2f396f125c2f3b521e97b23d6bf94,raw_cache\3034_114_04_0_detail.json,e4c9913e9284cddeed8aa29ecccdf91c730c43d8e8a44030f55a1967f83405bc,cache_hit,,2026-07-30T02:10:46+00:00
3034,114,04,mops_api_t05st01_detail,https://mops.twse.com.tw/mops/#/web/t05st01,"{""companyId"": ""3034"", ""enterDate"": ""1140429"", ""marketKind"": ""sii"", ""serialNumber"": ""1""}",195fd115086f576487848a25adc44e4f1bd65f5bb8129d60419136283233990f,raw_cache\3034_114_04_2_detail.json,7e0173817b31e6694a56bc9f5f7fc6c16f73ef29399e3ad9eab3000d844bc9b9,cache_hit,,2026-07-30T02:10:46+00:00
3035,114,01,mops_api_t05st01,https://mops.twse.com.tw/mops/#/web/t05st01,"{""companyId"": ""3035"", ""firstDay"": """", ""lastDay"": """", ""month"": ""01"", ""year"": ""114""}",c2818fc11f1ecef6bc29533a738e5afb97524a4b6178d279e0c9576b642b2a55,raw_cache\3035_114_01_list.json,e553c2d698bcadd656da2be89254ee22731e83f331b8b8d23473663047f8fa3a,cache_hit,,2026-07-30T02:10:46+00:00
3035,114,02,mops_api_t05st01,https://mops.twse.com.tw/mops/#/web/t05st01,"{""companyId"": ""3035"", ""firstDay"": """", ""lastDay"": """", ""month"": ""02"", ""year"": ""114""}",6b5dae51fa40dc0ff055ba1a5178762bf29c4caaddadde74cdb404ca0a9b992f,raw_cache\3035_114_02_list.json,f3530deaff156be390ea9d19163fe7776a99cc760b2c88e37923003978481059,cache_hit,,2026-07-30T02:10:46+00:00
3035,114,02,mops_api_t05st01_detail,https://mops.twse.com.tw/mops/#/web/t05st01,"{""companyId"": ""3035"", ""enterDate"": ""1140217"", ""marketKind"": ""sii"", ""serialNumber"": ""1""}",9174d28d4e63e02d3051f5e43d25eb982972db1183da1a01d0787364f0964939,raw_cache\3035_114_02_2_detail.json,f92472559998ef9a004418a2760f0d60a9386a88077b53e2bdb8a31db0eec699,cache_hit,,2026-07-30T02:10:46+00:00
3035,114,02,mops_api_t05st01_detail,https://mops.twse.com.tw/mops/#/web/t05st01,"{""companyId"": ""3035"", ""enterDate"": ""1140221"", ""marketKind"": ""sii"", ""serialNumber"": ""2""}",c0ae0028d329148cabcceb1be3a9ed1849e24968747447d86593653be49c3ffd,raw_cache\3035_114_02_5_detail.json,72a54d8ac65d4b0de8df259897c5a1ad0b82c92ea58b3ab1c633411a35e4bdbd,cache_hit,,2026-07-30T02:10:46+00:00
3035,114,03,mops_api_t05st01,https://mops.twse.com.tw/mops/#/web/t05st01,"{""companyId"": ""3035"", ""firstDay"": """", ""lastDay"": """", ""month"": ""03"", ""year"": ""114""}",2dbddca2133ead6eed242014a3d1c27898b570dcbffb490e634e6c6c3bf48ac3,raw_cache\3035_114_03_list.json,cab3c869aa7b46f98e53f9a6760126a1ae3a8148a7997cb6331c592da2bc7ecb,cache_hit,,2026-07-30T02:10:46+00:00
3037,110,03,mops_api_t05st01,https://mops.twse.com.tw/mops/#/web/t05st01,"{""companyId"": ""3037"", ""firstDay"": """", ""lastDay"": """", ""month"": ""03"", ""year"": ""110""}",c3743e0ffb6548a472a4c633e365ba0c2e17ffcd32a66e086e68ff1b54c1a6a2,raw_cache\3037_110_03_list.json,ee31b47f5ccd20e8db71ed17a8bd8cac14e78112f6f640285bdb0428e63897b9,cache_hit,,2026-07-30T02:10:46+00:00
3037,110,04,mops_api_t05st01,https://mops.twse.com.tw/mops/#/web/t05st01,"{""companyId"": ""3037"", ""firstDay"": """", ""lastDay"": """", ""month"": ""04"", ""year"": ""110""}",492140841d19535aaf4089d4460a35becaa616ddc386c543b79b19489b7293f8,raw_cache\3037_110_04_list.json,8bbb1acf09c2758c1797ee76d149d113ed600943b20a235dc4111615ab7261b7,cache_hit,,2026-07-30T02:10:46+00:00
3037,110,05,mops_api_t05st01,https://mops.twse.com.tw/mops/#/web/t05st01,"{""companyId"": ""3037"", ""firstDay"": """", ""lastDay"": """", ""month"": ""05"", ""year"": ""110""}",6367d3fb8a9527201a2ac8879d06b2fd376da4d5ed2ec054698ab6646492c14e,raw_cache\3037_110_05_list.json,bcc2f4c876a9bf125a56b198f46af4b06cecc4792066d360b0d60120cadfa9d5,cache_hit,,2026-07-30T02:10:46+00:00
3045,107,02,mops_api_t05st01,https://mops.twse.com.tw/mops/#/web/t05st01,"{""companyId"": ""3045"", ""firstDay"": """", ""lastDay"": """", ""month"": ""02"", ""year"": ""107""}",b2f950459ec45c9e7a5ac3cee9f18ba7d858713029286a427804927fdf0a640f,raw_cache\3045_107_02_list.json,620598dd4012255eb839e91d40b68ca453bf903f3f0f095d873fc2594e7ff6d9,cache_hit,,2026-07-30T02:10:46+00:00
3045,107,02,mops_api_t05st01_detail,https://mops.twse.com.tw/mops/#/web/t05st01,"{""companyId"": ""3045"", ""enterDate"": ""1070201"", ""marketKind"": ""sii"", ""serialNumber"": ""1""}",c006503b50f0a3992d877cc56c9cffd8c02a769e6691ed06e98f22e72dc4c184,raw_cache\3045_107_02_0_detail.json,e7bf3260359f2f3f731f64eb92050ab39a6e2b42807852da10c15c1cadfcbe3e,cache_hit,,2026-07-30T02:10:46+00:00
3045,107,03,mops_api_t05st01,https://mops.twse.com.tw/mops/#/web/t05st01,"{""companyId"": ""3045"", ""firstDay"": """", ""lastDay"": """", ""month"": ""03"", ""year"": ""107""}",c7cbc513a520c70a5c79edde35351e350e085be4f5d83a0c7276f3da64b76b5d,raw_cache\3045_107_03_list.json,3c66fae5f93eb346dfd6a412893dc4ab1f5a3465f0e90561b2e99e6f5771e3b2,cache_hit,,2026-07-30T02:10:46+00:00
3045,107,04,mops_api_t05st01,https://mops.twse.com.tw/mops/#/web/t05st01,"{""companyId"": ""3045"", ""firstDay"": """", ""lastDay"": """", ""month"": ""04"", ""year"": ""107""}",3223a25374aecaf7c7de1efe81e5d649f07cd1f019d766b08d04373ca1fc6442,raw_cache\3045_107_04_list.json,bb99cfaaf862c487a2bb2bf725920a647ba6ae049807701fd7704c9112964328,cache_hit,,2026-07-30T02:10:46+00:00
3045,107,04,mops_api_t05st01_detail,https://mops.twse.com.tw/mops/#/web/t05st01,"{""companyId"": ""3045"", ""enterDate"": ""1070402"", ""marketKind"": ""sii"", ""serialNumber"": ""1""}",d8f60ca5095d311b937078a195bc5e1977dc91aebda371820f9e323e47e8de92,raw_cache\3045_107_04_0_detail.json,9e34c57865dc2d6b0ccc99794a0048c2a7029eff6749d2a5f1695d6054d1fa80,cache_hit,,2026-07-30T02:10:46+00:00
3045,107,04,mops_api_t05st01_detail,https://mops.twse.com.tw/mops/#/web/t05st01,"{""companyId"": ""3045"", ""enterDate"": ""1070419"", ""marketKind"": ""sii"", ""serialNumber"": ""2""}",284b3011e7643551f38dfd1ec7c238a454e49b42304a42bf94ba959c94fe4a09,raw_cache\3045_107_04_4_detail.json,442aab48c656209b5da3e0fdea2b975f8ed14388b904854d340ea9a50b90face,cache_hit,,2026-07-30T02:10:46+00:00
3045,107,04,mops_api_t05st01_detail,https://mops.twse.com.tw/mops/#/web/t05st01,"{""companyId"": ""3045"", ""enterDate"": ""1070427"", ""marketKind"": ""sii"", ""serialNumber"": ""1""}",d356054c93bae2ea0cca7d6f8ccf3b76f90afb205e260ff3859bec7328d7e2a0,raw_cache\3045_107_04_6_detail.json,1e7c78c8ee83c864a8ed7d2e69fe6ba9fd20dfbc633cc1e9fda76324cccce665,cache_hit,,2026-07-30T02:10:46+00:00
3045,107,04,mops_api_t05st01_detail,https://mops.twse.com.tw/mops/#/web/t05st01,"{""companyId"": ""3045"", ""enterDate"": ""1070427"", ""marketKind"": ""sii"", ""serialNumber"": ""5""}",7a2393176a4afa2fe593a04d5eb895a1c04ffc9aa28197e691e3569d7db0107b,raw_cache\3045_107_04_10_detail.json,9cb75c20cab11bc948f619d90dcde969dbe6accd128ed9b489a0ca603892c8be,cache_hit,,2026-07-30T02:10:46+00:00
3045,107,04,mops_api_t05st01_detail,https://mops.twse.com.tw/mops/#/web/t05st01,"{""companyId"": ""3045"", ""enterDate"": ""1070427"", ""marketKind"": ""sii"", ""serialNumber"": ""6""}",4e98207d3b10e7d343367fc1f8d95231e40a30dcc2ede25036e68322d0b86158,raw_cache\3045_107_04_11_detail.json,725e8fc4d8b6b78d99d1cfe75e5c53a6f5e4a5ca59c51d04ff3c58d55bd9bfb7,cache_hit,,2026-07-30T02:10:46+00:00
3045,107,04,mops_api_t05st01_detail,https://mops.twse.com.tw/mops/#/web/t05st01,"{""companyId"": ""3045"", ""enterDate"": ""1070427"", ""marketKind"": ""sii"", ""serialNumber"": ""7""}",2aed9fa0d2b96cb1101ccae23da3639381249510bbf6f294bf8e48da2143c431,raw_cache\3045_107_04_12_detail.json,730c528f14f2d61414bd650a8d1edf52025899064b76bbb3948518c41e94cf2b,cache_hit,,2026-07-30T02:10:46+00:00
3045,107,05,mops_api_t05st01,https://mops.twse.com.tw/mops/#/web/t05st01,"{""companyId"": ""3045"", ""firstDay"": """", ""lastDay"": """", ""month"": ""05"", ""year"": ""107""}",cbf1a1d974edd43cc454f6d0de0b8bfc6c6eee745159b9932cabaad461fc1bb6,raw_cache\3045_107_05_list.json,d4c6130b98995a1683d85f39e72d67037ae3561956776267fe4ed5e76c311101,cache_hit,,2026-07-30T02:10:46+00:00
3045,108,05,mops_api_t05st01,https://mops.twse.com.tw/mops/#/web/t05st01,"{""companyId"": ""3045"", ""firstDay"": """", ""lastDay"": """", ""month"": ""05"", ""year"": ""108""}",1fd306c22b21f682bc39ba4c9baaedc7de4629cd15e4737277ec135fa053a3f1,raw_cache\3045_108_05_list.json,4b4ee0189d041cb8c473c25eef5779d3a1f7ea3f56ffc1e87753028d9d25415c,cache_hit,,2026-07-30T02:10:46+00:00
3045,108,06,mops_api_t05st01,https://mops.twse.com.tw/mops/#/web/t05st01,"{""companyId"": ""3045"", ""firstDay"": """", ""lastDay"": """", ""month"": ""06"", ""year"": ""108""}",216ff5f6e35ff0991af996da5ff1ebea88569e06155ee75a667f415a2853f204,raw_cache\3045_108_06_list.json,5255abd0ced12e3797c51633608c76746a72fa7f303d04fe72947aa3a8663d92,cache_hit,,2026-07-30T02:10:46+00:00
3045,108,06,mops_api_t05st01_detail,https://mops.twse.com.tw/mops/#/web/t05st01,"{""companyId"": ""3045"", ""enterDate"": ""1080612"", ""marketKind"": ""sii"", ""serialNumber"": ""2""}",d555bc4fb14ee9ab737966613d82c3322bea241e3315b872b305394e935e63cc,raw_cache\3045_108_06_2_detail.json,ad32a1531821d61c4f937209b56a01c8c3eb1bb5ac552d6a15c7ce379da8d863,cache_hit,,2026-07-30T02:10:46+00:00
3045,108,06,mops_api_t05st01_detail,https://mops.twse.com.tw/mops/#/web/t05st01,"{""companyId"": ""3045"", ""enterDate"": ""1080621"", ""marketKind"": ""sii"", ""serialNumber"": ""1""}",9087a75fbc10175cbfbf6253029c3633e9af5a244d542d2362c7f96f338dd740,raw_cache\3045_108_06_9_detail.json,da7b4fb4acb6c455d111d674b68ec1875a6d465e1a892fd90cd492066ffa5e1b,cache_hit,,2026-07-30T02:10:46+00:00
3045,108,07,mops_api_t05st01,https://mops.twse.com.tw/mops/#/web/t05st01,"{""companyId"": ""3045"", ""firstDay"": """", ""lastDay"": """", ""month"": ""07"", ""year"": ""108""}",f268cc427676fb41499be9f2a86b04bbbfc8001d7815232f19e7c2944e18b135,raw_cache\3045_108_07_list.json,857483ed9459b29f0d182269fe9ddfbefc8e52cfa0333a514b16bac62eea5a8f,cache_hit,,2026-07-30T02:10:46+00:00
3045,108,08,mops_api_t05st01,https://mops.twse.com.tw/mops/#/web/t05st01,"{""companyId"": ""3045"", ""firstDay"": """", ""lastDay"": """", ""month"": ""08"", ""year"": ""108""}",2c0ee2a9176d7d83c6c1ba425efb65cd8951578dbeb9bdf8aeadf840c3074116,raw_cache\3045_108_08_list.json,18cc9a4ad048dc7ad6f2448a17b65d08423aa0085880699cf50bb72f4ca59f1b,cache_hit,,2026-07-30T02:10:46+00:00
3045,113,06,mops_api_t05st01,https://mops.twse.com.tw/mops/#/web/t05st01,"{""companyId"": ""3045"", ""firstDay"": """", ""lastDay"": """", ""month"": ""06"", ""year"": ""113""}",b815511474b1b6b4920f48d1cbb20d9e69cc20542f7e9ad3f7fedf1b3117ad49,raw_cache\3045_113_06_list.json,97ffdc3fe439772098b7dfd5108cffb4487b936ee7013a61bf367dbd577b134e,cache_hit,,2026-07-30T02:10:46+00:00
3045,113,06,mops_api_t05st01_detail,https://mops.twse.com.tw/mops/#/web/t05st01,"{""companyId"": ""3045"", ""enterDate"": ""1130621"", ""marketKind"": ""sii"", ""serialNumber"": ""2""}",45c8f9e9a03804942ea3649896c75b71bfb0a01c0fbe0b63a63d309f871b4644,raw_cache\3045_113_06_6_detail.json,3d3ff27bc2ba1b095ea56cb90a4d05fe72dc95c799bfd0e5bc0ba75bd42a7280,cache_hit,,2026-07-30T02:10:46+00:00
3045,113,07,mops_api_t05st01,https://mops.twse.com.tw/mops/#/web/t05st01,"{""companyId"": ""3045"", ""firstDay"": """", ""lastDay"": """", ""month"": ""07"", ""year"": ""113""}",274410f49c6afb1d12cda3c51a1e523eddc997f0ca6147096b1afa1a37583b93,raw_cache\3045_113_07_list.json,a03f974219a771a20121c2cdf7961b1f5408b47b016c52133f515e2bab129024,cache_hit,,2026-07-30T02:10:46+00:00
3045,113,08,mops_api_t05st01,https://mops.twse.com.tw/mops/#/web/t05st01,"{""companyId"": ""3045"", ""firstDay"": """", ""lastDay"": """", ""month"": ""08"", ""year"": ""113""}",8759919187f3657cd365d56d793905f668a4d557f1af98f7467119f3824ce9a6,raw_cache\3045_113_08_list.json,2d0e8f06783eacd61e36b02647b12a25e81a37255b65a50de367fb8488791529,cache_hit,,2026-07-30T02:10:46+00:00
3045,113,08,mops_api_t05st01_detail,https://mops.twse.com.tw/mops/#/web/t05st01,"{""companyId"": ""3045"", ""enterDate"": ""1130805"", ""marketKind"": ""sii"", ""serialNumber"": ""1""}",5c38b7b51ebbd441877557fa4fef80e099848f8a94f64d5f5d00034200951127,raw_cache\3045_113_08_0_detail.json,3515d998b4499740a734de7055c5eb82c5cc67fe9aadfb887b30f5e20aa98c6e,cache_hit,,2026-07-30T02:10:46+00:00
3045,113,09,mops_api_t05st01,https://mops.twse.com.tw/mops/#/web/t05st01,"{""companyId"": ""3045"", ""firstDay"": """", ""lastDay"": """", ""month"": ""09"", ""year"": ""113""}",f95c643c509aef41419ab16c5361d39475849f64dcd03b200ea7b0c06ebd9dea,raw_cache\3045_113_09_list.json,37129bddaac2f1d860954a326b6f8fd207e45b653606349de8ff9802217d3691,cache_hit,,2026-07-30T02:10:46+00:00
3045,113,10,mops_api_t05st01,https://mops.twse.com.tw/mops/#/web/t05st01,"{""companyId"": ""3045"", ""firstDay"": """", ""lastDay"": """", ""month"": ""10"", ""year"": ""113""}",653a03872ecd1c318b0a6b04283bda81536afd62f0d3ffca388b03084614d831,raw_cache\3045_113_10_list.json,0ecbb1ecad77627bb731ea5930e43898edc168ad09acb42f70a4d636db89948d,cache_hit,,2026-07-30T02:10:46+00:00
3045,113,10,mops_api_t05st01_detail,https://mops.twse.com.tw/mops/#/web/t05st01,"{""companyId"": ""3045"", ""enterDate"": ""1131017"", ""marketKind"": ""sii"", ""serialNumber"": ""1""}",9a2543c661ccef1d36313f469d0046323497d60c71ecf11f0bd1a592256002bd,raw_cache\3045_113_10_3_detail.json,27678add3efda1aafaab0da11d4753b83d077a39958342fb594d3ca5857da3f1,cache_hit,,2026-07-30T02:10:46+00:00
3046,112,05,mops_api_t05st01,https://mops.twse.com.tw/mops/#/web/t05st01,"{""companyId"": ""3046"", ""firstDay"": """", ""lastDay"": """", ""month"": ""05"", ""year"": ""112""}",adf804c7fc6bc05c4112466ad483f0e5e9e8bd23fd8e5ebd311dbfc511ac23ad,raw_cache\3046_112_05_list.json,d61bec08be28e435850a9c65cab547ff30e7b2ccd1cf6b1ea8d3d164efefd902,cache_hit,,2026-07-30T02:10:46+00:00
3046,112,05,mops_api_t05st01_detail,https://mops.twse.com.tw/mops/#/web/t05st01,"{""companyId"": ""3046"", ""enterDate"": ""1120503"", ""marketKind"": ""sii"", ""serialNumber"": ""1""}",442a14bbaabd7ba03ba348f9695ef35447d0be64f73ab7d71e19042711f9a3fb,raw_cache\3046_112_05_0_detail.json,44f24dab4c9b71085ec09a1c011924b90e33bf3a89490eafff600b7213549d44,cache_hit,,2026-07-30T02:10:46+00:00
3046,112,06,mops_api_t05st01,https://mops.twse.com.tw/mops/#/web/t05st01,"{""companyId"": ""3046"", ""firstDay"": """", ""lastDay"": """", ""month"": ""06"", ""year"": ""112""}",f9062fba39a4fcb84b12464dbd125c9a2633b7cd973e833042a3b34d33ee63d0,raw_cache\3046_112_06_list.json,d6726357ed9870b122ed2ba1cc5e33e30a278ced1c970c016e4e8edb254af629,cache_hit,,2026-07-30T02:10:46+00:00
3046,112,07,mops_api_t05st01,https://mops.twse.com.tw/mops/#/web/t05st01,"{""companyId"": ""3046"", ""firstDay"": """", ""lastDay"": """", ""month"": ""07"", ""year"": ""112""}",6d099af6cdda97956ff07fa9b8233861d565061813b6743ed53c3bbe64830575,raw_cache\3046_112_07_list.json,a160464212498aa843e9cfa5f2362d5c506b2b3d9b84972497744bf695337cf6,cache_hit,,2026-07-30T02:10:46+00:00
3046,112,08,mops_api_t05st01,https://mops.twse.com.tw/mops/#/web/t05st01,"{""companyId"": ""3046"", ""firstDay"": """", ""lastDay"": """", ""month"": ""08"", ""year"": ""112""}",cfc9ef0e93a2a49e184ea5da706a405d4fa0e3c08e74ad89cf21f6414c8cec11,raw_cache\3046_112_08_list.json,8f3e337e4d74c04d873b6e257c903100e6404c191d8fd14205aa50fab351a0a4,cache_hit,,2026-07-30T02:10:46+00:00
3046,112,08,mops_api_t05st01_detail,https://mops.twse.com.tw/mops/#/web/t05st01,"{""companyId"": ""3046"", ""enterDate"": ""1120801"", ""marketKind"": ""sii"", ""serialNumber"": ""1""}",023867924bc367c7e9d74e52bfb8f744ba6c1dabc379c402f3b1832042cf58cf,raw_cache\3046_112_08_0_detail.json,699178aefc29f2e3690b907b8982b6afb056946e33d249ec1ad468d0209c51c1,cache_hit,,2026-07-30T02:10:46+00:00
3094,110,12,mops_api_t05st01,https://mops.twse.com.tw/mops/#/web/t05st01,"{""companyId"": ""3094"", ""firstDay"": """", ""lastDay"": """", ""month"": ""12"", ""year"": ""110""}",5aa722dfc2b94bb2e8d3bf809350c38a6c0b544ae9f8a85df53ba60422229471,raw_cache\3094_110_12_list.json,5f47f95a2901a79f8ff6c7f9a73858350cb0d069a0eaf302eba6aceca0dec499,cache_hit,,2026-07-30T02:10:46+00:00
3094,111,01,mops_api_t05st01,https://mops.twse.com.tw/mops/#/web/t05st01,"{""companyId"": ""3094"", ""firstDay"": """", ""lastDay"": """", ""month"": ""01"", ""year"": ""111""}",b1b48774353e5a6bb4a1f48ac551d9cb5119de9dc75a6abfd4cb28103e81cb5a,raw_cache\3094_111_01_list.json,d4adbf7952aa3dcab44347d123fd4e97ca76dee6a494f66e3a7cdb9ee95f66ec,cache_hit,,2026-07-30T02:10:46+00:00
3094,111,02,mops_api_t05st01,https://mops.twse.com.tw/mops/#/web/t05st01,"{""companyId"": ""3094"", ""firstDay"": """", ""lastDay"": """", ""month"": ""02"", ""year"": ""111""}",dddcaf752e93078bada8988cbfe71d70371559fb9b10f925cbd0ddfe2fba1781,raw_cache\3094_111_02_list.json,cda42d0b9c0aaa0761174a90553a6814429d682feb78746a7829a2f28d4be763,cache_hit,,2026-07-30T02:10:46+00:00
3094,111,02,mops_api_t05st01_detail,https://mops.twse.com.tw/mops/#/web/t05st01,"{""companyId"": ""3094"", ""enterDate"": ""1110224"", ""marketKind"": ""sii"", ""serialNumber"": ""1""}",6cfbd0d543c0e688e0f1b938b5c69b7b5694e6f04b21e82484362b38442ffe8e,raw_cache\3094_111_02_1_detail.json,251565ec5c0dbedd5acc5d700762e63ec5bb051406b0c03dbe0936e3ad272059,cache_hit,,2026-07-30T02:10:46+00:00
3189,105,08,mops_api_t05st01,https://mops.twse.com.tw/mops/#/web/t05st01,"{""companyId"": ""3189"", ""firstDay"": """", ""lastDay"": """", ""month"": ""08"", ""year"": ""105""}",806bface49fb1ae71a4fe9613b3128e1833c2d41aa4af7dc86fc16e561643eca,raw_cache\3189_105_08_list.json,8f29a44f686ac4af85cd3a1ec549dfb5cd43c8360fa83999dcb9c072e700ccb3,cache_hit,,2026-07-30T02:10:46+00:00
3189,105,09,mops_api_t05st01,https://mops.twse.com.tw/mops/#/web/t05st01,"{""companyId"": ""3189"", ""firstDay"": """", ""lastDay"": """", ""month"": ""09"", ""year"": ""105""}",fd7833fa3a8435056e297d52f2da2809751502b440485098b03d8003cddfb13e,raw_cache\3189_105_09_list.json,7a93c1a6a80dec2cd1345836ea37603e4fcc6eb032c18552f4ccdc10c5ae1ad5,cache_hit,,2026-07-30T02:10:46+00:00
3189,105,10,mops_api_t05st01,https://mops.twse.com.tw/mops/#/web/t05st01,"{""companyId"": ""3189"", ""firstDay"": """", ""lastDay"": """", ""month"": ""10"", ""year"": ""105""}",f53dc37004aea729e9c1acfbc280bd7bf2fcc0e060002e46885a0dacfa32e2c4,raw_cache\3189_105_10_list.json,ccae7dadf33b7d70f17772ee3e0b490860f1e887bb0056b6c6c5d3e3b8f10ed9,cache_hit,,2026-07-30T02:10:46+00:00
3189,105,11,mops_api_t05st01,https://mops.twse.com.tw/mops/#/web/t05st01,"{""companyId"": ""3189"", ""firstDay"": """", ""lastDay"": """", ""month"": ""11"", ""year"": ""105""}",22458a1f21c912ead867f3c7c19d9523033ce92e1c35643287cf646051baaae4,raw_cache\3189_105_11_list.json,6370b0316887adea9953221b14d08c53d0d79856be9d41d5707a3b421baf8464,cache_hit,,2026-07-30T02:10:46+00:00
3218,109,01,mops_api_t05st01,https://mops.twse.com.tw/mops/#/web/t05st01,"{""companyId"": ""3218"", ""firstDay"": """", ""lastDay"": """", ""month"": ""01"", ""year"": ""109""}",e17d6653fe86720de2a5fbb3ebea1eb1e9720f3ee097ef87f306edbe087c066c,raw_cache\3218_109_01_list.json,cfbc7139a67b793c76fb1b8135eafcd69f721eed2edb3703e6c10289e774bcac,cache_hit,,2026-07-30T02:10:46+00:00
3218,109,02,mops_api_t05st01,https://mops.twse.com.tw/mops/#/web/t05st01,"{""companyId"": ""3218"", ""firstDay"": """", ""lastDay"": """", ""month"": ""02"", ""year"": ""109""}",4dfb95b5073334e85b34dc1d9c1c2a4c7e4b732bdcdcbdbcf6193aabb4b42816,raw_cache\3218_109_02_list.json,e340a7d0d610314706dabb20dbf1a43a24a196b74223053c091528834576d871,cache_hit,,2026-07-30T02:10:46+00:00
3218,109,03,mops_api_t05st01,https://mops.twse.com.tw/mops/#/web/t05st01,"{""companyId"": ""3218"", ""firstDay"": """", ""lastDay"": """", ""month"": ""03"", ""year"": ""109""}",d8c1899c7381dc779e80f56a7f618d3c1852b21c44a4fdef0de2b57de9bb5ee0,raw_cache\3218_109_03_list.json,adf022c8f2685b41d30b0984d8a02ddd77317c82bb50baf5dd878b873b27946d,cache_hit,,2026-07-30T02:10:46+00:00
3218,109,03,mops_api_t05st01_detail,https://mops.twse.com.tw/mops/#/web/t05st01,"{""companyId"": ""3218"", ""enterDate"": ""1090323"", ""marketKind"": ""otc"", ""serialNumber"": ""1""}",0e1ce4c6d60b311c88f06142db7f12b55dea884c19479d802c603fcfc39457e3,raw_cache\3218_109_03_1_detail.json,943abd9d5ac66f6f8e676cc74d77aaa6915c5f0ee9c5288b1bb7127d7720f492,cache_hit,,2026-07-30T02:10:46+00:00
3218,109,03,mops_api_t05st01_detail,https://mops.twse.com.tw/mops/#/web/t05st01,"{""companyId"": ""3218"", ""enterDate"": ""1090318"", ""marketKind"": ""otc"", ""serialNumber"": ""3""}",1f2297635cd24e74839a7889a4ef21977182051d8afa1c3fd744681ee0a897e9,raw_cache\3218_109_03_3_detail.json,3aa5bbf8ac00220fdd9af541aadc630146f122984ae1903c5a0bb65289853555,cache_hit,,2026-07-30T02:10:46+00:00
3260,105,09,mops_api_t05st01,https://mops.twse.com.tw/mops/#/web/t05st01,"{""companyId"": ""3260"", ""firstDay"": """", ""lastDay"": """", ""month"": ""09"", ""year"": ""105""}",aa41b241c29fdf08dc1894a59374bd36e2d197456d20845701d063e41a031287,raw_cache\3260_105_09_list.json,0546ad63540a7f89b959a453dd6cffdd38025deb13d97ad2a77ccf1bf165047f,cache_hit,,2026-07-30T02:10:46+00:00
3260,105,09,mops_api_t05st01_detail,https://mops.twse.com.tw/mops/#/web/t05st01,"{""companyId"": ""3260"", ""enterDate"": ""1050929"", ""marketKind"": ""otc"", ""serialNumber"": ""1""}",9b7a1924b0fbb9cab4206dc3dd3dd25789cce539730304b6aeff86b54b665183,raw_cache\3260_105_09_2_detail.json,81e284109d1b0bc8641a48f6595c0fa1ed0b08a29d6501cb2fd639df8c062472,cache_hit,,2026-07-30T02:10:46+00:00
3260,105,10,mops_api_t05st01,https://mops.twse.com.tw/mops/#/web/t05st01,"{""companyId"": ""3260"", ""firstDay"": """", ""lastDay"": """", ""month"": ""10"", ""year"": ""105""}",5540744432153498c5600b94c234eac097d41bf35f307791e9b5f7bab5c200c9,raw_cache\3260_105_10_list.json,b39091a1dc53d9740a831daa45703876f77362c583eb0800cd97637fff144072,cache_hit,,2026-07-30T02:10:46+00:00
3260,105,10,mops_api_t05st01_detail,https://mops.twse.com.tw/mops/#/web/t05st01,"{""companyId"": ""3260"", ""enterDate"": ""1051027"", ""marketKind"": ""otc"", ""serialNumber"": ""1""}",d919ab8a89c5996e21489f924175303dfe435bab2f25271632840c5afe9860f9,raw_cache\3260_105_10_2_detail.json,c26d9634df0452ce49428603d3e1b13051068a32f05f4cd4871e1dc98a3e6533,cache_hit,,2026-07-30T02:10:46+00:00
3260,105,11,mops_api_t05st01,https://mops.twse.com.tw/mops/#/web/t05st01,"{""companyId"": ""3260"", ""firstDay"": """", ""lastDay"": """", ""month"": ""11"", ""year"": ""105""}",ec9f18e73c57f9c5dcbb2d9b64a8fcbaf373028aadd4144d100410cc6b892e76,raw_cache\3260_105_11_list.json,44c2d8ac3535f7caf0a35e10c89209c4c7dcbbec0d58df1cbb09d3842e3c69d5,cache_hit,,2026-07-30T02:10:46+00:00
3260,105,11,mops_api_t05st01_detail,https://mops.twse.com.tw/mops/#/web/t05st01,"{""companyId"": ""3260"", ""enterDate"": ""1051115"", ""marketKind"": ""otc"", ""serialNumber"": ""1""}",92035c2abc08e0f244732e83508f9a08783b96a8086595b67a3f9b8f7e24c031,raw_cache\3260_105_11_5_detail.json,0de86f28cff01c2e972c274b7957d25a4f9407a49e761fb25535c1fa1f163b37,cache_hit,,2026-07-30T02:10:46+00:00
3260,110,03,mops_api_t05st01,https://mops.twse.com.tw/mops/#/web/t05st01,"{""companyId"": ""3260"", ""firstDay"": """", ""lastDay"": """", ""month"": ""03"", ""year"": ""110""}",9e118abaaa612c441c4e184dd4a8972b835d11d2a0f3f8a1d0741702e160d5e5,raw_cache\3260_110_03_list.json,77c6251211f73440cf8aedba4b6317ba78979f1ec95452ae132345759f7c1607,cache_hit,,2026-07-30T02:10:46+00:00
3260,110,03,mops_api_t05st01_detail,https://mops.twse.com.tw/mops/#/web/t05st01,"{""companyId"": ""3260"", ""enterDate"": ""1100324"", ""marketKind"": ""otc"", ""serialNumber"": ""1""}",87b277dc6f313bfb8558d421677909b250382994a205df2a8ae95ebc9611e59e,raw_cache\3260_110_03_2_detail.json,d75411381b29be4c400d3322ce07da6fa73d6ce298c1be6e300376f5e26daf15,cache_hit,,2026-07-30T02:10:46+00:00
3260,110,03,mops_api_t05st01_detail,https://mops.twse.com.tw/mops/#/web/t05st01,"{""companyId"": ""3260"", ""enterDate"": ""1100324"", ""marketKind"": ""otc"", ""serialNumber"": ""4""}",fdd33060fcece2dd341f4f3e416273dcc1e99522fdfcd33ead050a14df2ad916,raw_cache\3260_110_03_5_detail.json,37757e71920dc522a59aefd709ecca323c752d667288a7c838335f9e4c04e48d,cache_hit,,2026-07-30T02:10:46+00:00
3260,110,03,mops_api_t05st01_detail,https://mops.twse.com.tw/mops/#/web/t05st01,"{""companyId"": ""3260"", ""enterDate"": ""1100330"", ""marketKind"": ""otc"", ""serialNumber"": ""1""}",dc7f15e31e871165d2ce774a05f376ac6e373c3a654aa08df43231a3fea8dcfd,raw_cache\3260_110_03_7_detail.json,c492082a8e617c6c8824855207218bf18f26496974f90dabae1df1bf69eabb62,cache_hit,,2026-07-30T02:10:46+00:00
3260,110,04,mops_api_t05st01,https://mops.twse.com.tw/mops/#/web/t05st01,"{""companyId"": ""3260"", ""firstDay"": """", ""lastDay"": """", ""month"": ""04"", ""year"": ""110""}",b6c371922fdf476c3265617723a53b51ddb84f3e44e0123fc5ba6e10b322ba92,raw_cache\3260_110_04_list.json,5b671ca459b91952d2df90d0d360a7208a5e380258d6a08cb6e247ad3695ebd6,cache_hit,,2026-07-30T02:10:46+00:00
3260,110,04,mops_api_t05st01_detail,https://mops.twse.com.tw/mops/#/web/t05st01,"{""companyId"": ""3260"", ""enterDate"": ""1100428"", ""marketKind"": ""otc"", ""serialNumber"": ""1""}",013a0a129842a447b98fe7f6c5ec229a532602f354832ff94206a11fde5a9e93,raw_cache\3260_110_04_10_detail.json,afd9dfcb6dc0b580030fd45bbcc92d4896b4768a66e6d58791b00b8aaee6e0b9,cache_hit,,2026-07-30T02:10:46+00:00
3260,110,05,mops_api_t05st01,https://mops.twse.com.tw/mops/#/web/t05st01,"{""companyId"": ""3260"", ""firstDay"": """", ""lastDay"": """", ""month"": ""05"", ""year"": ""110""}",01940a6a41a0db3a10dbdc8cc1da0f6d1e12cac8141022094f2358c875495523,raw_cache\3260_110_05_list.json,d2b69eb25647c08ffaf56e8c47eea10af02653327ddc071f24ad10cc2d2b4fd0,cache_hit,,2026-07-30T02:10:46+00:00
3260,110,05,mops_api_t05st01_detail,https://mops.twse.com.tw/mops/#/web/t05st01,"{""companyId"": ""3260"", ""enterDate"": ""1100503"", ""marketKind"": ""otc"", ""serialNumber"": ""1""}",9f0ad3c2a5cd6f12b4668f9d92cb1f2744cda827a54efdbf308c2e1244d9e3fd,raw_cache\3260_110_05_0_detail.json,430878e6c5ea2b347b7927578d1cead775c6318b3159618d0cab3fd401a492ad,cache_hit,,2026-07-30T02:10:46+00:00
3260,110,05,mops_api_t05st01_detail,https://mops.twse.com.tw/mops/#/web/t05st01,"{""companyId"": ""3260"", ""enterDate"": ""1100519"", ""marketKind"": ""otc"", ""serialNumber"": ""1""}",24850de9ce677e4a80ac988dc3348e210f9650ff92b5cdb5a0cc867f3ceab2d5,raw_cache\3260_110_05_13_detail.json,ec1cf32c929a6fc26175caf0d556880656c74fed682fddfc0a944d539f918fd7,cache_hit,,2026-07-30T02:10:46+00:00
3260,110,06,mops_api_t05st01,https://mops.twse.com.tw/mops/#/web/t05st01,"{""companyId"": ""3260"", ""firstDay"": """", ""lastDay"": """", ""month"": ""06"", ""year"": ""110""}",ab10d203a68caaef5c5a27767a0bd5bda24229af64402c9f3ac94b1cc33cba55,raw_cache\3260_110_06_list.json,514a1020e665b9f0597e7fbbe2fb2369e75b31f95db54d13bf1d7ec329d7874d,cache_hit,,2026-07-30T02:10:46+00:00
3260,110,06,mops_api_t05st01_detail,https://mops.twse.com.tw/mops/#/web/t05st01,"{""companyId"": ""3260"", ""enterDate"": ""1100624"", ""marketKind"": ""otc"", ""serialNumber"": ""1""}",aeeb8a67bfb9928d736ea05457ecf03ecb51ed82076a801e319d6f98716d215c,raw_cache\3260_110_06_5_detail.json,d3ee408e36c9c3af6ef5ee8984b632c754ef95f6badb5a9b244a38bb04a0505c,cache_hit,,2026-07-30T02:10:46+00:00
3260,115,02,mops_api_t05st01,https://mops.twse.com.tw/mops/#/web/t05st01,"{""companyId"": ""3260"", ""firstDay"": """", ""lastDay"": """", ""month"": ""02"", ""year"": ""115""}",40849f9ef3d513407d7d670b95ed00edbed9c6bfb85103489bd6b5e93881ad60,raw_cache\3260_115_02_list.json,77a923b3813b3933f9d2695d842c9a094d45517d75abc1b66f892a9f7dd42564,cache_hit,,2026-07-30T02:10:46+00:00
3260,115,02,mops_api_t05st01_detail,https://mops.twse.com.tw/mops/#/web/t05st01,"{""companyId"": ""3260"", ""enterDate"": ""1150211"", ""marketKind"": ""otc"", ""serialNumber"": ""1""}",2231143bf11d91529e0b66a7cfad7a38f5c1a15cad6ba53e7688a17561c3f1e1,raw_cache\3260_115_02_0_detail.json,67f0f410b601b10a826ba644451dabd1008fd48b773b8f63436f783477d39144,cache_hit,,2026-07-30T02:10:46+00:00
3260,115,03,mops_api_t05st01,https://mops.twse.com.tw/mops/#/web/t05st01,"{""companyId"": ""3260"", ""firstDay"": """", ""lastDay"": """", ""month"": ""03"", ""year"": ""115""}",b36417ad8325a3b8448aba963a928c6d82fcc5de65b54777e7d57b7be54f8d7b,raw_cache\3260_115_03_list.json,1902370a91b9245461be359c403be67d60a181b8a05c25030381537922ad3c3b,cache_hit,,2026-07-30T02:10:46+00:00
3260,115,03,mops_api_t05st01_detail,https://mops.twse.com.tw/mops/#/web/t05st01,"{""companyId"": ""3260"", ""enterDate"": ""1150304"", ""marketKind"": ""otc"", ""serialNumber"": ""1""}",d3a29f9c20286ee71d259059f8e61302c202cb125543ce897ee7063649bbbe0c,raw_cache\3260_115_03_0_detail.json,7a219e4f51ec4337a2366009a67d8fcfc712086c84c27688a56e8b1ed7f8b1c7,cache_hit,,2026-07-30T02:10:46+00:00
3260,115,03,mops_api_t05st01_detail,https://mops.twse.com.tw/mops/#/web/t05st01,"{""companyId"": ""3260"", ""enterDate"": ""1150305"", ""marketKind"": ""otc"", ""serialNumber"": ""1""}",2b00f783cfe42f20f3241550a6d2f51edcc81b724fff18ebfa87b1322d38bfbf,raw_cache\3260_115_03_1_detail.json,9cf2a2d7cc0345db4336476e495810d7b1c5ad8e854f3cec21c1b36854673b33,cache_hit,,2026-07-30T02:10:46+00:00
3260,115,03,mops_api_t05st01_detail,https://mops.twse.com.tw/mops/#/web/t05st01,"{""companyId"": ""3260"", ""enterDate"": ""1150305"", ""marketKind"": ""otc"", ""serialNumber"": ""2""}",14a3e26758e0920897a554380de22355c83037473fc94c1132bfda1f28e2ce00,raw_cache\3260_115_03_3_detail.json,0fcb7498f510c482c2a2a95932071aeaeeaa94fee15a38792b0668c5ee6f7662,cache_hit,,2026-07-30T02:10:46+00:00
3260,115,04,mops_api_t05st01,https://mops.twse.com.tw/mops/#/web/t05st01,"{""companyId"": ""3260"", ""firstDay"": """", ""lastDay"": """", ""month"": ""04"", ""year"": ""115""}",49ab711be4005cfb65b113f2612326fd6e603caf7ee50e7d1fb27a2dadb33359,raw_cache\3260_115_04_list.json,51dc41e35c2b31ec6e3bdcb6b24c72a1d026ce73610938c3ddd87aa7ebed7ab5,cache_hit,,2026-07-30T02:10:46+00:00
3260,115,04,mops_api_t05st01_detail,https://mops.twse.com.tw/mops/#/web/t05st01,"{""companyId"": ""3260"", ""enterDate"": ""1150427"", ""marketKind"": ""otc"", ""serialNumber"": ""3""}",a6a06a74cc558594eaf8662c911e19d1422ff6a414b8205f88d009adf0238130,raw_cache\3260_115_04_8_detail.json,e63651dfa229a6d9e09672d0e1740be231cfa284b5c0efe09fe833307d4832fe,cache_hit,,2026-07-30T02:10:46+00:00
3260,115,05,mops_api_t05st01,https://mops.twse.com.tw/mops/#/web/t05st01,"{""companyId"": ""3260"", ""firstDay"": """", ""lastDay"": """", ""month"": ""05"", ""year"": ""115""}",c61f9367c7a13cc7f299854bbc6318c56078b335986fd199c412805286dd198f,raw_cache\3260_115_05_list.json,b50055dd4217d49c5cd218d8a6b30c0924b7683a444dc7b18aa3cbc439a154a5,cache_hit,,2026-07-30T02:10:46+00:00
3265,112,08,mops_api_t05st01,https://mops.twse.com.tw/mops/#/web/t05st01,"{""companyId"": ""3265"", ""firstDay"": """", ""lastDay"": """", ""month"": ""08"", ""year"": ""112""}",0a5229a89e8901419a025659ed8eae2d3e4893f0391e4b03561bb6a0e4378833,raw_cache\3265_112_08_list.json,fa0e36c2766ff1145844fa9ff7fbd8baf84f5a3aa2c46c84a615c3de6c956a86,cache_hit,,2026-07-30T02:10:46+00:00
3265,112,09,mops_api_t05st01,https://mops.twse.com.tw/mops/#/web/t05st01,"{""companyId"": ""3265"", ""firstDay"": """", ""lastDay"": """", ""month"": ""09"", ""year"": ""112""}",473d7fd02537f69ccb9d97a91540f5cdca977db25b86c2af03d3cbaac104bee9,raw_cache\3265_112_09_list.json,c8e6ea72b352033c4e466dd73f6b05f50b9f6fc01b1c83606cc277d632cc6c9d,cache_hit,,2026-07-30T02:10:46+00:00
3265,112,10,mops_api_t05st01,https://mops.twse.com.tw/mops/#/web/t05st01,"{""companyId"": ""3265"", ""firstDay"": """", ""lastDay"": """", ""month"": ""10"", ""year"": ""112""}",e7475fd4ed7f4a7777bb6f385ddc38fc25cdce49847adce1d80b8b63f669fd58,raw_cache\3265_112_10_list.json,f57adad46ef6d10f55ac287588de02fa9408c631f5e26afc7f5687e636873085,cache_hit,,2026-07-30T02:10:46+00:00
3265,112,10,mops_api_t05st01_detail,https://mops.twse.com.tw/mops/#/web/t05st01,"{""companyId"": ""3265"", ""enterDate"": ""1121025"", ""marketKind"": ""otc"", ""serialNumber"": ""1""}",19909e927da5b03e96fd2f16a45f0406f5e312485d7a875fbd967f6906552ebf,raw_cache\3265_112_10_0_detail.json,fff75e67a1f4b9780ab23617ca9368f8ea558354f7e6a180d7fb19aeb42271c0,cache_hit,,2026-07-30T02:10:46+00:00
3265,112,11,mops_api_t05st01,https://mops.twse.com.tw/mops/#/web/t05st01,"{""companyId"": ""3265"", ""firstDay"": """", ""lastDay"": """", ""month"": ""11"", ""year"": ""112""}",f26a37d6e3c65f71f7c4472f04b8499ca87f295dac1d66ef53fcd2a59f2df9da,raw_cache\3265_112_11_list.json,a38c4d0d824b62ff124c7452f485db299ce0220a7baa93adf252c382a2b6c496,cache_hit,,2026-07-30T02:10:46+00:00
3293,106,07,mops_api_t05st01,https://mops.twse.com.tw/mops/#/web/t05st01,"{""companyId"": ""3293"", ""firstDay"": """", ""lastDay"": """", ""month"": ""07"", ""year"": ""106""}",8ff54ce6e377da71e41c309ec396687546ef38eb306a822199e73d6df05f4a94,raw_cache\3293_106_07_list.json,bc5d3d5fd75d12ff47235137dd55179ceb422957024679e3e7cd36e103b5d7ed,cache_hit,,2026-07-30T02:10:46+00:00
3293,106,08,mops_api_t05st01,https://mops.twse.com.tw/mops/#/web/t05st01,"{""companyId"": ""3293"", ""firstDay"": """", ""lastDay"": """", ""month"": ""08"", ""year"": ""106""}",328fe93fed34b515a4288b3bc38adc06fcfb9c2abf6923ba3748a86f15efaaf3,raw_cache\3293_106_08_list.json,bc684cd81d7e4f5c29494c111481fbc5dad8d5839efa96f3dfd804835e9d5544,cache_hit,,2026-07-30T02:10:46+00:00
3293,106,08,mops_api_t05st01_detail,https://mops.twse.com.tw/mops/#/web/t05st01,"{""companyId"": ""3293"", ""enterDate"": ""1060810"", ""marketKind"": ""otc"", ""serialNumber"": ""1""}",cf9b675e290c616180a4f6c5655093e33cc95bac90276578c7f10ba51770fac1,raw_cache\3293_106_08_0_detail.json,20a31236931cdf5f8c527055da231dc279a4edc888be6412741c6419f40f59f2,cache_hit,,2026-07-30T02:10:46+00:00
3293,106,09,mops_api_t05st01,https://mops.twse.com.tw/mops/#/web/t05st01,"{""companyId"": ""3293"", ""firstDay"": """", ""lastDay"": """", ""month"": ""09"", ""year"": ""106""}",f64584b0a79ec4b565365b72c5df2367df88f5fc003425acbbd75a8656d5af2c,raw_cache\3293_106_09_list.json,f74e6d5f7f98bc0cfd0317125341123d0d7ad663589a4c7d3015cf19228a2637,cache_hit,,2026-07-30T02:10:46+00:00
3293,106,10,mops_api_t05st01,https://mops.twse.com.tw/mops/#/web/t05st01,"{""companyId"": ""3293"", ""firstDay"": """", ""lastDay"": """", ""month"": ""10"", ""year"": ""106""}",96bd3b612376808a94128b4a2ddfecb4ad2844359193fa6464cc4e67d5d804d9,raw_cache\3293_106_10_list.json,1870028c919cd09836e9e885e6f906b58f149a0cb30a0b8b92c04e5a81a6d65f,cache_hit,,2026-07-30T02:10:46+00:00
3323,106,09,mops_api_t05st01,https://mops.twse.com.tw/mops/#/web/t05st01,"{""companyId"": ""3323"", ""firstDay"": """", ""lastDay"": """", ""month"": ""09"", ""year"": ""106""}",0c01d8b428654813d1dcd81023daeebeb8ea1e8da274a8a1a52d8a9fa180a102,raw_cache\3323_106_09_list.json,74708a66e53cf2c7aa7c09dd6d66d0eebddbc0efa081df242f2f8c73c852e508,cache_hit,,2026-07-30T02:10:46+00:00
3323,106,10,mops_api_t05st01,https://mops.twse.com.tw/mops/#/web/t05st01,"{""companyId"": ""3323"", ""firstDay"": """", ""lastDay"": """", ""month"": ""10"", ""year"": ""106""}",9f72f3f131f6c24763d0026b56c49354e8e37c0bae8858e4f7e0ed895838ddf9,raw_cache\3323_106_10_list.json,9f7b3fadb03bb3549d6a42a4d72cc619e8b182068c4c8c204a4f26ac6b6a3e3c,cache_hit,,2026-07-30T02:10:46+00:00
3323,106,11,mops_api_t05st01,https://mops.twse.com.tw/mops/#/web/t05st01,"{""companyId"": ""3323"", ""firstDay"": """", ""lastDay"": """", ""month"": ""11"", ""year"": ""106""}",45914b0e5ecde45ff02cecd4c912b61f16e4407a05b222b173b28a9491820ec6,raw_cache\3323_106_11_list.json,ba228b6a32ca8900e8cd43abe15f3ef7f7ea48fd20662773d3b47dfece675890,cache_hit,,2026-07-30T02:10:46+00:00
3413,115,04,mops_api_t05st01,https://mops.twse.com.tw/mops/#/web/t05st01,"{""companyId"": ""3413"", ""firstDay"": """", ""lastDay"": """", ""month"": ""04"", ""year"": ""115""}",ee909ebd36332b1ec91660f1f68134ca8065ad59c1051554fabd81c740211f20,raw_cache\3413_115_04_list.json,c80f969c8fe80eb4fac670e81c89e8aa621dc6cb2407a58f1c672f9b0605361b,cache_hit,,2026-07-30T02:10:46+00:00
3413,115,04,mops_api_t05st01_detail,https://mops.twse.com.tw/mops/#/web/t05st01,"{""companyId"": ""3413"", ""enterDate"": ""1150330"", ""marketKind"": ""sii"", ""serialNumber"": ""1""}",4127c64cc14462819b1630e694a44190040664d2d67b09a7faf5292627848f4d,raw_cache\3413_115_04_0_detail.json,03ccb3ac11ccbddedd35a7281970bba28afe2a2b78b357e1d17d9e75e495fb71,cache_hit,,2026-07-30T02:10:46+00:00
3413,115,05,mops_api_t05st01,https://mops.twse.com.tw/mops/#/web/t05st01,"{""companyId"": ""3413"", ""firstDay"": """", ""lastDay"": """", ""month"": ""05"", ""year"": ""115""}",f6fbf47723abfe86d7ab1c6e5324662cced49bc766449f4d7710087bc26d734a,raw_cache\3413_115_05_list.json,467f53db7af52135644c94a22bd1b8a916be33ce594be8d247279125071c993d,cache_hit,,2026-07-30T02:10:46+00:00
3413,115,05,mops_api_t05st01_detail,https://mops.twse.com.tw/mops/#/web/t05st01,"{""companyId"": ""3413"", ""enterDate"": ""1150505"", ""marketKind"": ""sii"", ""serialNumber"": ""3""}",feb69bd27ea42f89b06d87ef21ad949352d7e93a91293582029c483d63af94de,raw_cache\3413_115_05_0_detail.json,4579494ec57eb88aca7cc2aa341d056ba10a0d3e8d590c63d88a9b15f95a7407,cache_hit,,2026-07-30T02:10:46+00:00
3413,115,06,mops_api_t05st01,https://mops.twse.com.tw/mops/#/web/t05st01,"{""companyId"": ""3413"", ""firstDay"": """", ""lastDay"": """", ""month"": ""06"", ""year"": ""115""}",bfb8ac8b978c9ae1d8da3396a06e6d72e8773d4d6b1f4d8137dfcac5df50faf9,raw_cache\3413_115_06_list.json,897ce4dd57a474e5857bbef12d91da88503ad0821c499231d4422ea263a261b7,cache_hit,,2026-07-30T02:10:46+00:00
3413,115,07,mops_api_t05st01,https://mops.twse.com.tw/mops/#/web/t05st01,"{""companyId"": ""3413"", ""firstDay"": """", ""lastDay"": """", ""month"": ""07"", ""year"": ""115""}",7c22f72c6e52c61078a023a30a4fbb007da4b217d517a40cdbdbd18e3a7a266e,raw_cache\3413_115_07_list.json,4453c733ea5d56281ba0222b0951e3627df6d8d31517586880bb326e673c4741,cache_hit,,2026-07-30T02:10:46+00:00
3443,112,06,mops_api_t05st01,https://mops.twse.com.tw/mops/#/web/t05st01,"{""companyId"": ""3443"", ""firstDay"": """", ""lastDay"": """", ""month"": ""06"", ""year"": ""112""}",5a8d1034e843b1797f607d229f000ff203ef29b29747498035b4de590d108b10,raw_cache\3443_112_06_list.json,9c62e2e079393c71b65da9b41c7a17afe15fa63ceaeafb3e3a670534fef9284b,cache_hit,,2026-07-30T02:10:46+00:00
3443,112,07,mops_api_t05st01,https://mops.twse.com.tw/mops/#/web/t05st01,"{""companyId"": ""3443"", ""firstDay"": """", ""lastDay"": """", ""month"": ""07"", ""year"": ""112""}",485243c213c84cfa97ea4ac4a874210250dd73cea07b4bb52d5192120db9ea9f,raw_cache\3443_112_07_list.json,ea4e96ce0a71364402fe89f6372f205a7aac16660f3a6cc9e755dd1270281e43,cache_hit,,2026-07-30T02:10:46+00:00
3443,112,08,mops_api_t05st01,https://mops.twse.com.tw/mops/#/web/t05st01,"{""companyId"": ""3443"", ""firstDay"": """", ""lastDay"": """", ""month"": ""08"", ""year"": ""112""}",43587530db77cfb336d952dea364160396a5fd868fda3efd671d9b42ad9c66ff,raw_cache\3443_112_08_list.json,db8bbc1298d8806d95ae26d19527481e38751260523ba317fa1da5a5292c119d,cache_hit,,2026-07-30T02:10:46+00:00
3443,112,09,mops_api_t05st01,https://mops.twse.com.tw/mops/#/web/t05st01,"{""companyId"": ""3443"", ""firstDay"": """", ""lastDay"": """", ""month"": ""09"", ""year"": ""112""}",d9a7412696973cd5da4dee3da6a7b004e6ed68162498140443b467c9ef724217,raw_cache\3443_112_09_list.json,b641c62e15454f0146a27590e12d265d5b1598b7ab8108594f0fe21fd1515c08,cache_hit,,2026-07-30T02:10:46+00:00
3481,106,03,mops_api_t05st01,https://mops.twse.com.tw/mops/#/web/t05st01,"{""companyId"": ""3481"", ""firstDay"": """", ""lastDay"": """", ""month"": ""03"", ""year"": ""106""}",4897cc9b3b8b73904be93ac64d1dafae8203f09e27d4955363d6bd126d20cea4,raw_cache\3481_106_03_list.json,2249c8f5ce10d1edbded2c7859a7912eba432b55d64fdb02e8469de07c0b6182,cache_hit,,2026-07-30T02:10:46+00:00
3481,106,03,mops_api_t05st01_detail,https://mops.twse.com.tw/mops/#/web/t05st01,"{""companyId"": ""3481"", ""enterDate"": ""1060306"", ""marketKind"": ""sii"", ""serialNumber"": ""1""}",8d2113d8d5b4a30208dbe3eea10c1729ba435a2126cc21a322f8dad5c71a2093,raw_cache\3481_106_03_0_detail.json,3ec01169cc272d39d4bd64421370494fd403cf4ab192ce6d99720c0a0fab5aca,cache_hit,,2026-07-30T02:10:46+00:00
3481,106,03,mops_api_t05st01_detail,https://mops.twse.com.tw/mops/#/web/t05st01,"{""companyId"": ""3481"", ""enterDate"": ""1060309"", ""marketKind"": ""sii"", ""serialNumber"": ""1""}",4ef41ba5ad336effe99ef35c3140f32fab8737b10d1349c4b23cc140ab18649d,raw_cache\3481_106_03_2_detail.json,109d711207859bf1b17edd9daa31c83db10f15de0f1abfdebdaa83eca945dc3c,cache_hit,,2026-07-30T02:10:46+00:00
3481,106,04,mops_api_t05st01,https://mops.twse.com.tw/mops/#/web/t05st01,"{""companyId"": ""3481"", ""firstDay"": """", ""lastDay"": """", ""month"": ""04"", ""year"": ""106""}",1f2754654ea9367a18430298dfafc411430ecd01d380903163ad768e81cf0e94,raw_cache\3481_106_04_list.json,bde87939e89a76dd768212e3a5e8d602f0d96948d3fb25828107efa29a1675d2,cache_hit,,2026-07-30T02:10:46+00:00
3481,106,04,mops_api_t05st01_detail,https://mops.twse.com.tw/mops/#/web/t05st01,"{""companyId"": ""3481"", ""enterDate"": ""1060407"", ""marketKind"": ""sii"", ""serialNumber"": ""1""}",cec382874adb9231c03fc03dda0cd6d1743a4ccb89f4bdbda2d953f703303da9,raw_cache\3481_106_04_0_detail.json,bfe96c7ef648ce6668a80ad083252876a3af9b63454a02585512df1b96d7c75e,cache_hit,,2026-07-30T02:10:46+00:00
3481,106,05,mops_api_t05st01,https://mops.twse.com.tw/mops/#/web/t05st01,"{""companyId"": ""3481"", ""firstDay"": """", ""lastDay"": """", ""month"": ""05"", ""year"": ""106""}",e3bf2a94efeafd844f9826de5574dad073679a791bf686225c64216d44d09117,raw_cache\3481_106_05_list.json,da35e270817f4ed4336044782f3448478d38572b3c680a3edcd55752ad5ce9b4,cache_hit,,2026-07-30T02:10:46+00:00
3481,106,05,mops_api_t05st01_detail,https://mops.twse.com.tw/mops/#/web/t05st01,"{""companyId"": ""3481"", ""enterDate"": ""1060510"", ""marketKind"": ""sii"", ""serialNumber"": ""1""}",d7b80594aa60211c54a5c20ff35716b0133d4285faa961e20b59efebd529598b,raw_cache\3481_106_05_1_detail.json,2668aff26645eff9704428d64d4e5c065ccfc06f4237098e17f5487963cd4058,cache_hit,,2026-07-30T02:10:46+00:00
3481,106,05,mops_api_t05st01_detail,https://mops.twse.com.tw/mops/#/web/t05st01,"{""companyId"": ""3481"", ""enterDate"": ""1060510"", ""marketKind"": ""sii"", ""serialNumber"": ""3""}",e2e189cefcdd0d3144a1674ac635114487635e2a42dd3ee7e4cf845911a5ad20,raw_cache\3481_106_05_3_detail.json,71254725dbcae9d92780bc1e73a378b78c06c45647c38d5078995b6c4bdb61d0,cache_hit,,2026-07-30T02:10:46+00:00
3481,106,05,mops_api_t05st01_detail,https://mops.twse.com.tw/mops/#/web/t05st01,"{""companyId"": ""3481"", ""enterDate"": ""1060510"", ""marketKind"": ""sii"", ""serialNumber"": ""9""}",ae6d6600b13766f5c3d471cdc6800f5c94099b6342e6b77a95bb8edd6c88c497,raw_cache\3481_106_05_9_detail.json,72c27cfb0c9864dfcbf4e2fd2f7cd677d3f76bb3ec2686b47a466cf207b7c333,cache_hit,,2026-07-30T02:10:46+00:00
3481,106,05,mops_api_t05st01_detail,https://mops.twse.com.tw/mops/#/web/t05st01,"{""companyId"": ""3481"", ""enterDate"": ""1060531"", ""marketKind"": ""sii"", ""serialNumber"": ""1""}",030f8335ec869d10de81310363a5eac8fde0253fddf8bda9274a9500e220abdc,raw_cache\3481_106_05_12_detail.json,6c8d78751b0a4912b78d0a6f1cdd0a4ac672843e0fa61bc5cc1b267d994fab64,cache_hit,,2026-07-30T02:10:46+00:00
3481,106,06,mops_api_t05st01,https://mops.twse.com.tw/mops/#/web/t05st01,"{""companyId"": ""3481"", ""firstDay"": """", ""lastDay"": """", ""month"": ""06"", ""year"": ""106""}",6b130ae8315afd0fd710e78f60a10bec26b5c04690c4ef5218f4970db12f3318,raw_cache\3481_106_06_list.json,a38fb0d9096dea6aa18e12f51b6af11b3615ad5e09fb790d1528adbaa705d9fe,cache_hit,,2026-07-30T02:10:46+00:00
3481,106,06,mops_api_t05st01_detail,https://mops.twse.com.tw/mops/#/web/t05st01,"{""companyId"": ""3481"", ""enterDate"": ""1060609"", ""marketKind"": ""sii"", ""serialNumber"": ""1""}",08172ff7ddf71ed04f322687f5748af17d6681323d1f91fd41a715358a8c80ba,raw_cache\3481_106_06_2_detail.json,72b37595be52fab71c86e13fdd36486ee449b363900ffdd93d665b6e2e9c5ecb,cache_hit,,2026-07-30T02:10:46+00:00
3481,106,06,mops_api_t05st01_detail,https://mops.twse.com.tw/mops/#/web/t05st01,"{""companyId"": ""3481"", ""enterDate"": ""1060626"", ""marketKind"": ""sii"", ""serialNumber"": ""1""}",0d63621d655d25a7f4e728790676ce6375ba9a148485b35329130b2713be6275,raw_cache\3481_106_06_7_detail.json,88b2f7df0745304b22822643851d3c7e3dfba749d2e4595711d9d51839779d6c,cache_hit,,2026-07-30T02:10:46+00:00
3481,106,07,mops_api_t05st01,https://mops.twse.com.tw/mops/#/web/t05st01,"{""companyId"": ""3481"", ""firstDay"": """", ""lastDay"": """", ""month"": ""07"", ""year"": ""106""}",7ffd6463b57538bd44ce93914df467a3a1b4590ac45ba34db0636ef6e2820eae,raw_cache\3481_106_07_list.json,b7e9c745a34f90a493d6d48eb412f03b7bf6084104d6fe5fbff49517e1d191af,cache_hit,,2026-07-30T02:10:46+00:00
3481,106,07,mops_api_t05st01_detail,https://mops.twse.com.tw/mops/#/web/t05st01,"{""companyId"": ""3481"", ""enterDate"": ""1060707"", ""marketKind"": ""sii"", ""serialNumber"": ""1""}",10d10587b6ff3534476afb156bc4cc6c936c4122fa31d08ce6a86a3b50961f52,raw_cache\3481_106_07_0_detail.json,ec149c09cb1111640a7b1e8fb002bad7b01745250a1f0f1cb661e34f134c113e,cache_hit,,2026-07-30T02:10:46+00:00
3515,109,03,mops_api_t05st01,https://mops.twse.com.tw/mops/#/web/t05st01,"{""companyId"": ""3515"", ""firstDay"": """", ""lastDay"": """", ""month"": ""03"", ""year"": ""109""}",3d9dddacd782ab81cebb1b1ef61cfb1dbcc57f5544276c4d2d2a0ca560944d31,raw_cache\3515_109_03_list.json,d514492615cefed345c0a53f094ced62a4f44c1485d9adb3f7fbb2d687046d79,cache_hit,,2026-07-30T02:10:46+00:00
3515,109,03,mops_api_t05st01_detail,https://mops.twse.com.tw/mops/#/web/t05st01,"{""companyId"": ""3515"", ""enterDate"": ""1090312"", ""marketKind"": ""sii"", ""serialNumber"": ""1""}",024821123906472ecbca2eafbccac73df59fdb213d673b0335f0f8abf8dac0f1,raw_cache\3515_109_03_1_detail.json,a4ea1b307ef3c46176efc1a1833584a1b2bce3a35bb493b648a86c4f2a1f2921,cache_hit,,2026-07-30T02:10:46+00:00
3515,109,04,mops_api_t05st01,https://mops.twse.com.tw/mops/#/web/t05st01,"{""companyId"": ""3515"", ""firstDay"": """", ""lastDay"": """", ""month"": ""04"", ""year"": ""109""}",f2d22616005a51ad05e96ec16c719b849f4f59a60065b35c02e2479ec69114fc,raw_cache\3515_109_04_list.json,e5496e4e231bed3fbd76ddeab45f96e64d03c04e76b4f2aff15fa35a81574f43,cache_hit,,2026-07-30T02:10:46+00:00
3515,109,04,mops_api_t05st01_detail,https://mops.twse.com.tw/mops/#/web/t05st01,"{""companyId"": ""3515"", ""enterDate"": ""1090429"", ""marketKind"": ""sii"", ""serialNumber"": ""2""}",b1c077b9b725746519443070400b65a48bc2e2f9bd5a0fada84d4f8bf4cc3d0e,raw_cache\3515_109_04_3_detail.json,f6f4f4b0f94ae15dd7a7233e90ff0317629e2ed5c409ed67d4e2fb0019615f1c,cache_hit,,2026-07-30T02:10:46+00:00
3515,109,05,mops_api_t05st01,https://mops.twse.com.tw/mops/#/web/t05st01,"{""companyId"": ""3515"", ""firstDay"": """", ""lastDay"": """", ""month"": ""05"", ""year"": ""109""}",933a005529ad43a7a6006edd8bf6185ce077a74610f0138be6801081f681f572,raw_cache\3515_109_05_list.json,1ada6edd350843343dd397578937c54e5c54a038589cc88ebd671c1b7b56b720,cache_hit,,2026-07-30T02:10:46+00:00
3515,109,05,mops_api_t05st01_detail,https://mops.twse.com.tw/mops/#/web/t05st01,"{""companyId"": ""3515"", ""enterDate"": ""1090529"", ""marketKind"": ""sii"", ""serialNumber"": ""2""}",d6a4fdacb49c83c8eefa4209cb7179abd5dab07630f50d57c9ee584e16c33b74,raw_cache\3515_109_05_3_detail.json,05af59c6eedf7bda1f28f3dd5cd16e5442040dc1ed410510a184a89abac2a6a9,cache_hit,,2026-07-30T02:10:46+00:00
3515,109,06,mops_api_t05st01,https://mops.twse.com.tw/mops/#/web/t05st01,"{""companyId"": ""3515"", ""firstDay"": """", ""lastDay"": """", ""month"": ""06"", ""year"": ""109""}",83bed2dcacb858d7efc3b31b32a2cf76ad8e81065682ed107f8eb41df6057a82,raw_cache\3515_109_06_list.json,7cc05171e5ee170f6b4ca9faf0e7dd40c5d1f9ba04adb4f3284fdcf320128741,cache_hit,,2026-07-30T02:10:46+00:00
3515,109,07,mops_api_t05st01,https://mops.twse.com.tw/mops/#/web/t05st01,"{""companyId"": ""3515"", ""firstDay"": """", ""lastDay"": """", ""month"": ""07"", ""year"": ""109""}",fe0da6ca6b3d3c5c951e2d0bc332074781ea5677d2b99421b031596d028febe5,raw_cache\3515_109_07_list.json,f86269fd4c5dcbaccc5c9f1295af5294ba8631c5c5995a9e0733f41923a085c8,cache_hit,,2026-07-30T02:10:46+00:00
3515,109,08,mops_api_t05st01,https://mops.twse.com.tw/mops/#/web/t05st01,"{""companyId"": ""3515"", ""firstDay"": """", ""lastDay"": """", ""month"": ""08"", ""year"": ""109""}",d63854b1037143d4058ea20bae91dd1ea6ee5be9562daf3bc7b4e6646481d902,raw_cache\3515_109_08_list.json,9f14f4b80ef08474108a4066bbc8a57926675b3096faff647c4becbed1b9cb53,cache_hit,,2026-07-30T02:10:46+00:00
3532,106,03,mops_api_t05st01,https://mops.twse.com.tw/mops/#/web/t05st01,"{""companyId"": ""3532"", ""firstDay"": """", ""lastDay"": """", ""month"": ""03"", ""year"": ""106""}",fd05b60ac6786c6130d4c652e733b1bbe7bf039da0e4d20c88f258e394bc890a,raw_cache\3532_106_03_list.json,b47d6a14dde1e2f2c59a1a8f971eaeaf5c2840b6c27b901a9094ef16d9c56988,cache_hit,,2026-07-30T02:10:46+00:00
3532,106,03,mops_api_t05st01_detail,https://mops.twse.com.tw/mops/#/web/t05st01,"{""companyId"": ""3532"", ""enterDate"": ""1060317"", ""marketKind"": ""sii"", ""serialNumber"": ""3""}",d6f77042bed56e10378e2e71e27762a2762940a04ae8b3091186a3fd330a34a3,raw_cache\3532_106_03_2_detail.json,1cd910213677ccd6b662e45612ebeb1283bdf43555a9095766a18c16c7f90671,cache_hit,,2026-07-30T02:10:46+00:00
3532,106,04,mops_api_t05st01,https://mops.twse.com.tw/mops/#/web/t05st01,"{""companyId"": ""3532"", ""firstDay"": """", ""lastDay"": """", ""month"": ""04"", ""year"": ""106""}",8641a1c581dcbf32b8e408a143b8e1390aad487a92426d0311cab77c679fbe09,raw_cache\3532_106_04_list.json,9e77c2ada8548d99ad258316a275f1ae6e354513b17b47c8d9aef8d9453f8cff,cache_hit,,2026-07-30T02:10:46+00:00
3532,106,05,mops_api_t05st01,https://mops.twse.com.tw/mops/#/web/t05st01,"{""companyId"": ""3532"", ""firstDay"": """", ""lastDay"": """", ""month"": ""05"", ""year"": ""106""}",3ddeab581bd914380f5f33335f85c0216fc07f2f7527301e3f05eaefeecd93cb,raw_cache\3532_106_05_list.json,0000f9a3d7e7960a2147575d982fc6828f2775fed46e7478ef666a71560cffb8,cache_hit,,2026-07-30T02:10:46+00:00
3546,105,11,mops_api_t05st01,https://mops.twse.com.tw/mops/#/web/t05st01,"{""companyId"": ""3546"", ""firstDay"": """", ""lastDay"": """", ""month"": ""11"", ""year"": ""105""}",4862703f9d4ae1f88a369b24d375424301a535785b98471b2fe4b8ca8391ed8c,raw_cache\3546_105_11_list.json,df6f2d6ebde16a7e67217e789523c2cb6050e0e3313af80c60a3fc534c64434a,cache_hit,,2026-07-30T02:10:46+00:00
3546,105,11,mops_api_t05st01_detail,https://mops.twse.com.tw/mops/#/web/t05st01,"{""companyId"": ""3546"", ""enterDate"": ""1051121"", ""marketKind"": ""otc"", ""serialNumber"": ""1""}",78607ebc7698c2d1a62ba3fd8293d3f75e37cebeaa9e7901a68e99ac1974517d,raw_cache\3546_105_11_1_detail.json,50fdc82cfdffc449cd854f12b987dcfe03a6777781dae9102f65ed985abf3af5,cache_hit,,2026-07-30T02:10:46+00:00
3546,105,12,mops_api_t05st01,https://mops.twse.com.tw/mops/#/web/t05st01,"{""companyId"": ""3546"", ""firstDay"": """", ""lastDay"": """", ""month"": ""12"", ""year"": ""105""}",45d679fd7a4ac4024136fbb39365105ce96d8f812c9dc4af8ea060c7639b4702,raw_cache\3546_105_12_list.json,0c6b70a7d0e5197b1ab30c89258848aa344f16b4a3d081aefd9c99986bedf0d1,cache_hit,,2026-07-30T02:10:46+00:00
3546,106,01,mops_api_t05st01,https://mops.twse.com.tw/mops/#/web/t05st01,"{""companyId"": ""3546"", ""firstDay"": """", ""lastDay"": """", ""month"": ""01"", ""year"": ""106""}",a8a818a1273768052dc8c69a56d3285cb155ec7732dfaeb4f8909ba67bdbd247,raw_cache\3546_106_01_list.json,9de144c398a48c5758b3304ecc2466b023e0231a6ec74f9dc263c02ad9e290e4,cache_hit,,2026-07-30T02:10:46+00:00
3546,106,02,mops_api_t05st01,https://mops.twse.com.tw/mops/#/web/t05st01,"{""companyId"": ""3546"", ""firstDay"": """", ""lastDay"": """", ""month"": ""02"", ""year"": ""106""}",3613f8a3383a19c6fbd7ef1f218c08cb5948b7b74a33898615819470e47a8f62,raw_cache\3546_106_02_list.json,9de144c398a48c5758b3304ecc2466b023e0231a6ec74f9dc263c02ad9e290e4,cache_hit,,2026-07-30T02:10:46+00:00
3583,115,05,mops_api_t05st01,https://mops.twse.com.tw/mops/#/web/t05st01,"{""companyId"": ""3583"", ""firstDay"": """", ""lastDay"": """", ""month"": ""05"", ""year"": ""115""}",537c38d6f98bcde3e8d5c12e0d20309c923452f3f1e4267bc447e4726414ed1c,raw_cache\3583_115_05_list.json,732d4ccc51867b4a6592ea73998767f8f8161f07f69cd750f2c74e1450066504,cache_hit,,2026-07-30T02:10:46+00:00
3583,115,05,mops_api_t05st01_detail,https://mops.twse.com.tw/mops/#/web/t05st01,"{""companyId"": ""3583"", ""enterDate"": ""1150506"", ""marketKind"": ""sii"", ""serialNumber"": ""1""}",89b217b665c91930800c0729a675f5460f9f0c760b51fbd110a86f34ec33e992,raw_cache\3583_115_05_3_detail.json,1c7ddd8d05425e6154492511a68146cc2b334de7dead02a75ddfd95bb1f7c480,cache_hit,,2026-07-30T02:10:46+00:00
3583,115,05,mops_api_t05st01_detail,https://mops.twse.com.tw/mops/#/web/t05st01,"{""companyId"": ""3583"", ""enterDate"": ""1150513"", ""marketKind"": ""sii"", ""serialNumber"": ""3""}",112d0bb0d2ea1d4cf32aa5896475089b23eb373753a96fda79e646e9d0cca9f4,raw_cache\3583_115_05_7_detail.json,5fa50f95e422ea84b7b33186e278c16c6bcf73e61269a28aaccbd010a813c7ab,cache_hit,,2026-07-30T02:10:46+00:00
3583,115,06,mops_api_t05st01,https://mops.twse.com.tw/mops/#/web/t05st01,"{""companyId"": ""3583"", ""firstDay"": """", ""lastDay"": """", ""month"": ""06"", ""year"": ""115""}",03b34a6526032baa513a523d7394d7748b9252544b06947c77f3a4358f2ccfb1,raw_cache\3583_115_06_list.json,3837b3f959902eacce3a0480b9051bed4023de6c0fb2a661fbf35e3dcf8bd3d2,cache_hit,,2026-07-30T02:10:46+00:00
3583,115,07,mops_api_t05st01,https://mops.twse.com.tw/mops/#/web/t05st01,"{""companyId"": ""3583"", ""firstDay"": """", ""lastDay"": """", ""month"": ""07"", ""year"": ""115""}",6a9e87299b268bd4b77e18152ae9eaf699e96d875581c6a4e9f3f190ada41629,raw_cache\3583_115_07_list.json,7b0cab70d09eb35e467a4de995c5e499d8b5268151611e64c2edbbcc3f39cd5e,cache_hit,,2026-07-30T02:10:46+00:00
3583,115,07,mops_api_t05st01_detail,https://mops.twse.com.tw/mops/#/web/t05st01,"{""companyId"": ""3583"", ""enterDate"": ""1150714"", ""marketKind"": ""sii"", ""serialNumber"": ""2""}",5352ea40b418aeeff052006db10c3269ccb854e45ab87ac5c7acb8fd97e71424,raw_cache\3583_115_07_1_detail.json,9cf656addb6aad9d209a8428e297eb815ed01b381aef9e926a840aec955eae40,cache_hit,,2026-07-30T02:10:46+00:00
3653,109,07,mops_api_t05st01,https://mops.twse.com.tw/mops/#/web/t05st01,"{""companyId"": ""3653"", ""firstDay"": """", ""lastDay"": """", ""month"": ""07"", ""year"": ""109""}",406634ac240e8be739203226620fbfdfca3879a9df6e70968a7d5a00e388a97c,raw_cache\3653_109_07_list.json,ac4e426dc8e5f6363cedddfddc85e5196a0e04105350e854864b5aedc987bead,cache_hit,,2026-07-30T02:10:46+00:00
3653,109,08,mops_api_t05st01,https://mops.twse.com.tw/mops/#/web/t05st01,"{""companyId"": ""3653"", ""firstDay"": """", ""lastDay"": """", ""month"": ""08"", ""year"": ""109""}",3b90a2cf247e6ff600c47a9c339f605956038533407dfc5e75c09e111ba7eecc,raw_cache\3653_109_08_list.json,4ca0fb93cbb38e4fd46571ebb40e5d4a0a6031a96d9aade0bcecfc55d685973b,cache_hit,,2026-07-30T02:10:46+00:00
3653,109,08,mops_api_t05st01_detail,https://mops.twse.com.tw/mops/#/web/t05st01,"{""companyId"": ""3653"", ""enterDate"": ""1090803"", ""marketKind"": ""sii"", ""serialNumber"": ""2""}",9dc38623347122e3e977b735509e192ae6a7a8d5a1251dd6950f507e9d09d0f2,raw_cache\3653_109_08_1_detail.json,0d0ff508fe5f5dda3103b11925e7f5d15f172fa98214bbe1ec325b23eb23a7c4,cache_hit,,2026-07-30T02:10:46+00:00
3653,109,09,mops_api_t05st01,https://mops.twse.com.tw/mops/#/web/t05st01,"{""companyId"": ""3653"", ""firstDay"": """", ""lastDay"": """", ""month"": ""09"", ""year"": ""109""}",f514a07ab877382eacf71d31ea396ae4726321eed0d92186e81f9d41db347bd3,raw_cache\3653_109_09_list.json,d7682e60ea26b6310eb6b724281542c08263691f063c73a7831c1a2c22108299,cache_hit,,2026-07-30T02:10:46+00:00
3653,109,10,mops_api_t05st01,https://mops.twse.com.tw/mops/#/web/t05st01,"{""companyId"": ""3653"", ""firstDay"": """", ""lastDay"": """", ""month"": ""10"", ""year"": ""109""}",d35f90dfc1bce3a478350fc1c367ffefebf795685d14d7f2e605ab31cbe9f0fd,raw_cache\3653_109_10_list.json,9a2a2a3ec9f63625807016dfed146c8d9946d1791b682bf188311ae1b25aad75,cache_hit,,2026-07-30T02:10:46+00:00
3653,115,01,mops_api_t05st01,https://mops.twse.com.tw/mops/#/web/t05st01,"{""companyId"": ""3653"", ""firstDay"": """", ""lastDay"": """", ""month"": ""01"", ""year"": ""115""}",e44b246dc235cb991f8f2b96c9d4b531c1552d080d04048ba6ef9f9f1e029fbd,raw_cache\3653_115_01_list.json,503cd1ebbc92188963f2cd48bbda77c0ff21ce5a65115b3ad204742f1249dc31,cache_hit,,2026-07-30T02:10:46+00:00
3653,115,02,mops_api_t05st01,https://mops.twse.com.tw/mops/#/web/t05st01,"{""companyId"": ""3653"", ""firstDay"": """", ""lastDay"": """", ""month"": ""02"", ""year"": ""115""}",13fb4104a2272f83651b63fa9e1c773216a8f590f0634f6b3774f3cc56db1c7d,raw_cache\3653_115_02_list.json,466481a413546c3eb337834d45107f9f09e37d9af543ec848e76b922fe757fae,cache_hit,,2026-07-30T02:10:46+00:00
3653,115,03,mops_api_t05st01,https://mops.twse.com.tw/mops/#/web/t05st01,"{""companyId"": ""3653"", ""firstDay"": """", ""lastDay"": """", ""month"": ""03"", ""year"": ""115""}",899c9a23664b938e00208f3f0c06ee95f7b8589ba8cd9c7b7730b12844d942a6,raw_cache\3653_115_03_list.json,f3215525e4aefc0718bc7ad69f9e31f9c2d9ccfff2798c6233fe07201f2a9715,cache_hit,,2026-07-30T02:10:46+00:00
3653,115,03,mops_api_t05st01_detail,https://mops.twse.com.tw/mops/#/web/t05st01,"{""companyId"": ""3653"", ""enterDate"": ""1150303"", ""marketKind"": ""sii"", ""serialNumber"": ""1""}",878fee163cdbee263f3bf567e4d3340823d10e09941c171903f8a7a8098a9f5b,raw_cache\3653_115_03_0_detail.json,a68c8db3d2119777ac2054c6b8fe1fe931c104147d98afef0dd1550b534489c7,cache_hit,,2026-07-30T02:10:46+00:00
3653,115,03,mops_api_t05st01_detail,https://mops.twse.com.tw/mops/#/web/t05st01,"{""companyId"": ""3653"", ""enterDate"": ""1150311"", ""marketKind"": ""sii"", ""serialNumber"": ""3""}",21f18a9585be98a329fb4e0cedfc33750c8341a032fe616142b20bee57d0658e,raw_cache\3653_115_03_3_detail.json,3cfc91b9d5f876428ca6f7503dc0f9f7edeb9a9c8d21226ab77339fdc95b9887,cache_hit,,2026-07-30T02:10:46+00:00
3653,115,03,mops_api_t05st01_detail,https://mops.twse.com.tw/mops/#/web/t05st01,"{""companyId"": ""3653"", ""enterDate"": ""1150311"", ""marketKind"": ""sii"", ""serialNumber"": ""4""}",523f6861dca12cb162d318238e155cc3d6780d84d292acb36c63f657af3df9b0,raw_cache\3653_115_03_4_detail.json,edd631be6785be73f7e1c04864cd4d09b805f8e3f705adbb7c6b057839e11bc5,cache_hit,,2026-07-30T02:10:46+00:00
3653,115,04,mops_api_t05st01,https://mops.twse.com.tw/mops/#/web/t05st01,"{""companyId"": ""3653"", ""firstDay"": """", ""lastDay"": """", ""month"": ""04"", ""year"": ""115""}",cbdd09ac4358df32c5b831d782035c64a1394c5c4624386cd7c30c17933905f0,raw_cache\3653_115_04_list.json,fb10436332fb4c66715e33163c2643d827a3282f586770564343578aaf26d921,cache_hit,,2026-07-30T02:10:46+00:00
3653,115,04,mops_api_t05st01_detail,https://mops.twse.com.tw/mops/#/web/t05st01,"{""companyId"": ""3653"", ""enterDate"": ""1150430"", ""marketKind"": ""sii"", ""serialNumber"": ""2""}",9cdf049a21fe5e20de355906f5eefeca92b3091778144dbf7b9e267ec7d5b5e2,raw_cache\3653_115_04_5_detail.json,bad4035174404289eb32510311369d0deaf138ad59ce1f6d4c7062228a04d9b2,cache_hit,,2026-07-30T02:10:46+00:00
3653,115,05,mops_api_t05st01,https://mops.twse.com.tw/mops/#/web/t05st01,"{""companyId"": ""3653"", ""firstDay"": """", ""lastDay"": """", ""month"": ""05"", ""year"": ""115""}",e008d6da7e50af59c789e388c0015aecf3b7dc17dfc3d00809965320f2d8a318,raw_cache\3653_115_05_list.json,144357d5493d67ae3769334a2ffee745df19d96f26863396f97aa2bf0624ee04,cache_hit,,2026-07-30T02:10:46+00:00
3653,115,05,mops_api_t05st01_detail,https://mops.twse.com.tw/mops/#/web/t05st01,"{""companyId"": ""3653"", ""enterDate"": ""1150504"", ""marketKind"": ""sii"", ""serialNumber"": ""1""}",e727d44f74f3380c8ae1acdc92bed32ee918145eac4aa32deb29f8a73749bc8d,raw_cache\3653_115_05_0_detail.json,c7b56e7a264c6c463cc4a974139d978df6b89c51242466ec8f820c6b986a565a,cache_hit,,2026-07-30T02:10:46+00:00
3661,111,08,mops_api_t05st01,https://mops.twse.com.tw/mops/#/web/t05st01,"{""companyId"": ""3661"", ""firstDay"": """", ""lastDay"": """", ""month"": ""08"", ""year"": ""111""}",8edb07feb9ec60edf6d0b0c6e5abce91c0b52f59c98fe60b7d45da1ce9a8fca5,raw_cache\3661_111_08_list.json,10692f6475a5d263cf62587d4b54c2c7e1159faeec53a234f47eb87d819a7f10,cache_hit,,2026-07-30T02:10:47+00:00
3661,111,08,mops_api_t05st01_detail,https://mops.twse.com.tw/mops/#/web/t05st01,"{""companyId"": ""3661"", ""enterDate"": ""1110826"", ""marketKind"": ""sii"", ""serialNumber"": ""2""}",1e6852728b738f97f39bb45a2452e47183348e32230f4beae1cfd15ba0dc7cad,raw_cache\3661_111_08_3_detail.json,8d5f6d1b326dff8790b49eeef9c205eaa04563b5879fc2ff26541d7b23f7e1d4,cache_hit,,2026-07-30T02:10:47+00:00
3661,111,08,mops_api_t05st01_detail,https://mops.twse.com.tw/mops/#/web/t05st01,"{""companyId"": ""3661"", ""enterDate"": ""1110826"", ""marketKind"": ""sii"", ""serialNumber"": ""3""}",4e5d372eee4f51e3b17071756432304d39847c5446ab2f7a1ed6809104bcf88c,raw_cache\3661_111_08_4_detail.json,d98f266a58a61f038f4e206d79729695cdcf2e9f9f1288aa00f4f1f71cfc4a97,cache_hit,,2026-07-30T02:10:47+00:00
3661,111,08,mops_api_t05st01_detail,https://mops.twse.com.tw/mops/#/web/t05st01,"{""companyId"": ""3661"", ""enterDate"": ""1110829"", ""marketKind"": ""sii"", ""serialNumber"": ""1""}",72c39ee3a8c071f6ab166c71f813f149d9d2810a9e2576cf104ce70157f577cd,raw_cache\3661_111_08_6_detail.json,198472dd192d730ee31e3de041c3f166b1eb75839b6154e8913a4fc31fc203bb,cache_hit,,2026-07-30T02:10:47+00:00
3661,111,08,mops_api_t05st01_detail,https://mops.twse.com.tw/mops/#/web/t05st01,"{""companyId"": ""3661"", ""enterDate"": ""1110830"", ""marketKind"": ""sii"", ""serialNumber"": ""1""}",ca627d7eab1537be10cd569b386b2d5bfed243f6f2c9caf0bd20b716cde5f831,raw_cache\3661_111_08_7_detail.json,67b623bfd768ab5940f9e43f4ed4f6a9038a56883124b99be20ce7384d1ac438,cache_hit,,2026-07-30T02:10:47+00:00
3661,111,09,mops_api_t05st01,https://mops.twse.com.tw/mops/#/web/t05st01,"{""companyId"": ""3661"", ""firstDay"": """", ""lastDay"": """", ""month"": ""09"", ""year"": ""111""}",602c913da631304d4288b5d5af60e7c6e853e4de1e7f4a07690942fe426cc175,raw_cache\3661_111_09_list.json,e3014184914170f11217aaefb9b76a817fe30e6dbdfafbd9205fc896bc88bbbc,cache_hit,,2026-07-30T02:10:47+00:00
3661,111,10,mops_api_t05st01,https://mops.twse.com.tw/mops/#/web/t05st01,"{""companyId"": ""3661"", ""firstDay"": """", ""lastDay"": """", ""month"": ""10"", ""year"": ""111""}",d2d6bdefd926a2e6320ad1b02120bc001dd9c470f2c9b81aa61fb9be25664237,raw_cache\3661_111_10_list.json,9b0747625dfbc98ff65bcc1f60d3bd53e2b1a94c02ed4bb1b8dbdd9d270d10cc,cache_hit,,2026-07-30T02:10:47+00:00
3661,111,10,mops_api_t05st01_detail,https://mops.twse.com.tw/mops/#/web/t05st01,"{""companyId"": ""3661"", ""enterDate"": ""1111005"", ""marketKind"": ""sii"", ""serialNumber"": ""1""}",51933c9c786a7c0ea7a19124b655122eeceff016d05e6d79d36d985eebf0ef98,raw_cache\3661_111_10_0_detail.json,acf7d97a0ba479a47d9b3bf71025e51b316008854cfeb2e835aabbb743293b46,cache_hit,,2026-07-30T02:10:47+00:00
3661,113,10,mops_api_t05st01,https://mops.twse.com.tw/mops/#/web/t05st01,"{""companyId"": ""3661"", ""firstDay"": """", ""lastDay"": """", ""month"": ""10"", ""year"": ""113""}",dda55a6c6ab99cff76dad3fa1edeab07938bc87bf3b2fb1b0c60dbc285ecfe15,raw_cache\3661_113_10_list.json,2fe82e77d5f48181c1bda2a5324a51a5f507a1bf11644ebb1fa09108098c2b9a,cache_hit,,2026-07-30T02:10:47+00:00
3661,113,10,mops_api_t05st01_detail,https://mops.twse.com.tw/mops/#/web/t05st01,"{""companyId"": ""3661"", ""enterDate"": ""1131004"", ""marketKind"": ""sii"", ""serialNumber"": ""1""}",6dd0b9453eef93932b0fe675a780ab51c1ef3845c3b33df3a584392b3af791a8,raw_cache\3661_113_10_0_detail.json,a23b883e1f3253afb810a9933e514dd9f7e8ca189bebf58261fe08313c5e7cfe,cache_hit,,2026-07-30T02:10:47+00:00
3661,113,10,mops_api_t05st01_detail,https://mops.twse.com.tw/mops/#/web/t05st01,"{""companyId"": ""3661"", ""enterDate"": ""1131018"", ""marketKind"": ""sii"", ""serialNumber"": ""1""}",e76b602dda6819be804930e4cb77f46b80ba23dfb849b198b7a3e0f2c8258d14,raw_cache\3661_113_10_2_detail.json,272bc81d75f4766a9c192102a14ec31aa0b6e38aec83262b1dc1f63650d49ada,cache_hit,,2026-07-30T02:10:47+00:00
3661,113,11,mops_api_t05st01,https://mops.twse.com.tw/mops/#/web/t05st01,"{""companyId"": ""3661"", ""firstDay"": """", ""lastDay"": """", ""month"": ""11"", ""year"": ""113""}",73b04a70a742bb3f48532cf8c099fe7f5271286a117da3da9b211a94e17f3345,raw_cache\3661_113_11_list.json,71d91c96a4785081d3701b0887934f5e95c14dbec337a42ba9611427340faa7e,cache_hit,,2026-07-30T02:10:47+00:00
3661,113,11,mops_api_t05st01_detail,https://mops.twse.com.tw/mops/#/web/t05st01,"{""companyId"": ""3661"", ""enterDate"": ""1131030"", ""marketKind"": ""sii"", ""serialNumber"": ""1""}",79faa01eebe2329fa5f3477704d418a8d17d4162be07a29e11bd7ccbf209b526,raw_cache\3661_113_11_0_detail.json,58b6e9afc9570770ad90ad46adaeefb493dd6aa3de2325a208019be625a6a2ed,cache_hit,,2026-07-30T02:10:47+00:00
3661,113,12,mops_api_t05st01,https://mops.twse.com.tw/mops/#/web/t05st01,"{""companyId"": ""3661"", ""firstDay"": """", ""lastDay"": """", ""month"": ""12"", ""year"": ""113""}",3637ecbf99903f18ca51d08b5f8e4df3b95641de0eda8438b4b8540bcbd0b843,raw_cache\3661_113_12_list.json,fcb9d7b65e90186fc2b346263e8515494d44e65d9536445ca6b1da00a4a09bf0,cache_hit,,2026-07-30T02:10:47+00:00
3661,114,01,mops_api_t05st01,https://mops.twse.com.tw/mops/#/web/t05st01,"{""companyId"": ""3661"", ""firstDay"": """", ""lastDay"": """", ""month"": ""01"", ""year"": ""114""}",7c9657d91d125c8ed4473110d79c6c43efdce4ab79e03e70f5d6165cb186b1f2,raw_cache\3661_114_01_list.json,0f838fd101fffbeec6e85bc5eccc27f72dca8ace69999bef43dc205f393431d7,cache_hit,,2026-07-30T02:10:47+00:00
3665,115,01,mops_api_t05st01,https://mops.twse.com.tw/mops/#/web/t05st01,"{""companyId"": ""3665"", ""firstDay"": """", ""lastDay"": """", ""month"": ""01"", ""year"": ""115""}",2cd175d906cf0077d0487a90a7bab25b059e7904be1d2fb1b4c84827e2505b40,raw_cache\3665_115_01_list.json,90ee6191551ad16ed9b19a84c615823a439490e776bdcec9d8b5507b8b5ee070,cache_hit,,2026-07-30T02:10:47+00:00
3665,115,01,mops_api_t05st01_detail,https://mops.twse.com.tw/mops/#/web/t05st01,"{""companyId"": ""3665"", ""enterDate"": ""1150105"", ""marketKind"": ""sii"", ""serialNumber"": ""2""}",f9559fb50b98ad68bafbc1b49ec137996bebfa310723835871812b20be8260c4,raw_cache\3665_115_01_1_detail.json,20cffaa6a8dddc9597e30325a4ee9cb4146ff06e4add961b9e8023e64b7ff130,cache_hit,,2026-07-30T02:10:47+00:00
3665,115,02,mops_api_t05st01,https://mops.twse.com.tw/mops/#/web/t05st01,"{""companyId"": ""3665"", ""firstDay"": """", ""lastDay"": """", ""month"": ""02"", ""year"": ""115""}",f9145f96094a72ac033eb15e91c7db93c6cbc0aebde058c9943578c3492754bb,raw_cache\3665_115_02_list.json,905462a81d54b42ebeb3ad56726d1da975ae4e641d34261e372969e1642e677c,cache_hit,,2026-07-30T02:10:47+00:00
3665,115,02,mops_api_t05st01_detail,https://mops.twse.com.tw/mops/#/web/t05st01,"{""companyId"": ""3665"", ""enterDate"": ""1150130"", ""marketKind"": ""sii"", ""serialNumber"": ""1""}",55247244b7ecec88fe92b73905d23c082b5a1dfa7d6c3e6b74d2f4ffd42ad235,raw_cache\3665_115_02_0_detail.json,57cb4efb63f0fc794c23348ed97b88724403285ef9f0f21d6a3bf648f85f5df3,cache_hit,,2026-07-30T02:10:47+00:00
3665,115,02,mops_api_t05st01_detail,https://mops.twse.com.tw/mops/#/web/t05st01,"{""companyId"": ""3665"", ""enterDate"": ""1150204"", ""marketKind"": ""sii"", ""serialNumber"": ""1""}",de0ac3b46a390cc36ef5931bae8ae423dad276e15d21af1a94712560bc5450da,raw_cache\3665_115_02_1_detail.json,df960ce8b592fabd1955a21574671a5f1ca260f07ccb38b1ac0b1dd36a1f6e4b,cache_hit,,2026-07-30T02:10:47+00:00
3665,115,03,mops_api_t05st01,https://mops.twse.com.tw/mops/#/web/t05st01,"{""companyId"": ""3665"", ""firstDay"": """", ""lastDay"": """", ""month"": ""03"", ""year"": ""115""}",c634dbbb85cb98c8d8ee5684efbd14dcc0f890b8bcdc10cbad62a168915dbe6a,raw_cache\3665_115_03_list.json,729af30e11db10984c0c770bd3c8cdd6d9b74f025683688be0b8f9ddf5d9bc76,cache_hit,,2026-07-30T02:10:47+00:00
3665,115,03,mops_api_t05st01_detail,https://mops.twse.com.tw/mops/#/web/t05st01,"{""companyId"": ""3665"", ""enterDate"": ""1150304"", ""marketKind"": ""sii"", ""serialNumber"": ""1""}",1227fe55a24a5b3c27136dfd78967eee7a6f083c8c76508f72e27a50cae9b1e7,raw_cache\3665_115_03_0_detail.json,47da3f5fd7d2b89f3e07b26ed00760324960c60dfe8b928bc67d426dfd7aacde,cache_hit,,2026-07-30T02:10:47+00:00
3665,115,03,mops_api_t05st01_detail,https://mops.twse.com.tw/mops/#/web/t05st01,"{""companyId"": ""3665"", ""enterDate"": ""1150306"", ""marketKind"": ""sii"", ""serialNumber"": ""1""}",7ea0aca472b47967e990e25f7f502176bd3a215e7b16e888896452e8eb8fe7e9,raw_cache\3665_115_03_1_detail.json,4bba52b5353f562ebb9261fa64a260a8925369744d155661960b3599873c3bf7,cache_hit,,2026-07-30T02:10:47+00:00
3665,115,03,mops_api_t05st01_detail,https://mops.twse.com.tw/mops/#/web/t05st01,"{""companyId"": ""3665"", ""enterDate"": ""1150306"", ""marketKind"": ""sii"", ""serialNumber"": ""3""}",c185efa1d7fd2f889c17326671bc68000f47054a9785aed915d00f1d17f6e05e,raw_cache\3665_115_03_3_detail.json,1230fc9219b83069fef46129d3cfd95fa09f8e021c7e09b5316015cf6608696b,cache_hit,,2026-07-30T02:10:47+00:00
3665,115,03,mops_api_t05st01_detail,https://mops.twse.com.tw/mops/#/web/t05st01,"{""companyId"": ""3665"", ""enterDate"": ""1150327"", ""marketKind"": ""sii"", ""serialNumber"": ""1""}",8e31ca06060bef06540ffd012f013d08633feeb8a209691a2cf24f194f0b93d8,raw_cache\3665_115_03_10_detail.json,666c23d3e35c3a8936ac16d58eac2801f35245fa7a117374f9601af9bb6f66c6,cache_hit,,2026-07-30T02:10:47+00:00
3680,111,08,mops_api_t05st01,https://mops.twse.com.tw/mops/#/web/t05st01,"{""companyId"": ""3680"", ""firstDay"": """", ""lastDay"": """", ""month"": ""08"", ""year"": ""111""}",27f6627abaa53562e7d95ff0f41d4d7d545153c9c8c14c2130ddff5679034253,raw_cache\3680_111_08_list.json,58d2fb717106a9caa446d3965f655b3f827bca9a65c6399edffa9e8b28138505,cache_hit,,2026-07-30T02:10:47+00:00
3680,111,09,mops_api_t05st01,https://mops.twse.com.tw/mops/#/web/t05st01,"{""companyId"": ""3680"", ""firstDay"": """", ""lastDay"": """", ""month"": ""09"", ""year"": ""111""}",981025d176b9a6d279e9dded7d0b551b68147ae5e4d9df85e1c14bb4152553b6,raw_cache\3680_111_09_list.json,bf10ac4a1024e43e6b7ead5c00c2b9dabb98068382e2203c2760a192f729bd5a,cache_hit,,2026-07-30T02:10:47+00:00
3680,111,10,mops_api_t05st01,https://mops.twse.com.tw/mops/#/web/t05st01,"{""companyId"": ""3680"", ""firstDay"": """", ""lastDay"": """", ""month"": ""10"", ""year"": ""111""}",9b60cb4f218df8cf1c540b96c02c5c4de911dbefe2091b0c0b2110bb04d8fa5a,raw_cache\3680_111_10_list.json,f7eab2ad22f1a96cd30d9d62f499854f3758e8fe1b3d85b729fcf1990f05a0da,cache_hit,,2026-07-30T02:10:47+00:00
3702,107,06,mops_api_t05st01,https://mops.twse.com.tw/mops/#/web/t05st01,"{""companyId"": ""3702"", ""firstDay"": """", ""lastDay"": """", ""month"": ""06"", ""year"": ""107""}",8f5539881a9e7ea64b89b5220c86f7ffee18881c13eb824c216c58e65b57611f,raw_cache\3702_107_06_list.json,5f164aab2d17aef55431037cec70f7c913fcbd99b23dcebe9ca0adfe1e709a51,cache_hit,,2026-07-30T02:10:47+00:00
3702,107,06,mops_api_t05st01_detail,https://mops.twse.com.tw/mops/#/web/t05st01,"{""companyId"": ""3702"", ""enterDate"": ""1070608"", ""marketKind"": ""sii"", ""serialNumber"": ""1""}",7d74563419cfa81dd81e1230532fb2f6c38130f8fc6ace73d9dd085e6f98463c,raw_cache\3702_107_06_0_detail.json,b0ec71c9d4dcf0e0865ce27eb6f5ccb28af2c41aec314caebec8ef9906dcdb3c,cache_hit,,2026-07-30T02:10:47+00:00
3702,107,06,mops_api_t05st01_detail,https://mops.twse.com.tw/mops/#/web/t05st01,"{""companyId"": ""3702"", ""enterDate"": ""1070621"", ""marketKind"": ""sii"", ""serialNumber"": ""2""}",99c2492ea360d2813f4aa9d9342de646b34a753fbcc67adc0ad1b307f335f7f3,raw_cache\3702_107_06_2_detail.json,6d4e43cbfb7c29702ecec24271f12e73210d5e206b8338244934074d8a20ff0d,cache_hit,,2026-07-30T02:10:47+00:00
3702,107,06,mops_api_t05st01_detail,https://mops.twse.com.tw/mops/#/web/t05st01,"{""companyId"": ""3702"", ""enterDate"": ""1070621"", ""marketKind"": ""sii"", ""serialNumber"": ""5""}",53877ad3bcfc7a63e523536da7da44bdcc6aa98cdf91046d58029737eb84bf5c,raw_cache\3702_107_06_5_detail.json,5681f6807fc59c5b28bc149127cd2dd06c74fe32567f4db8b2a11723396822f6,cache_hit,,2026-07-30T02:10:47+00:00
3702,107,06,mops_api_t05st01_detail,https://mops.twse.com.tw/mops/#/web/t05st01,"{""companyId"": ""3702"", ""enterDate"": ""1070621"", ""marketKind"": ""sii"", ""serialNumber"": ""6""}",563cec6d31d97c08776859f59e8e5c66f8eb75f6c966e00aca12ba2e1536dd99,raw_cache\3702_107_06_6_detail.json,44f33e0297ded55ec2813e487885c4c91071354cbfa2ccd2ba484d149764b29d,cache_hit,,2026-07-30T02:10:47+00:00
3702,107,06,mops_api_t05st01_detail,https://mops.twse.com.tw/mops/#/web/t05st01,"{""companyId"": ""3702"", ""enterDate"": ""1070626"", ""marketKind"": ""sii"", ""serialNumber"": ""2""}",3aadd1f86d2259dbdacb23bdb5ef022c2ddca7814354539e8f26804378c31c28,raw_cache\3702_107_06_14_detail.json,ced0deeaa7aa82548cc11a3aaa487deca137a51a27e1b9fab3667becd712dfc9,cache_hit,,2026-07-30T02:10:47+00:00
3702,107,07,mops_api_t05st01,https://mops.twse.com.tw/mops/#/web/t05st01,"{""companyId"": ""3702"", ""firstDay"": """", ""lastDay"": """", ""month"": ""07"", ""year"": ""107""}",8ff618b0767f5d31f22e7a0ff36c3cf8857dcde159d94c663b9239926ec071c6,raw_cache\3702_107_07_list.json,9e9491e4e02b78541d1ed275b47ccbcf37c98beafdfff87b5bf11f8b0c98ed41,cache_hit,,2026-07-30T02:10:47+00:00
3702,107,07,mops_api_t05st01_detail,https://mops.twse.com.tw/mops/#/web/t05st01,"{""companyId"": ""3702"", ""enterDate"": ""1070710"", ""marketKind"": ""sii"", ""serialNumber"": ""1""}",96a4620574d3e7cf6a8777fe866adb79aab05464ded08da84484ba44e8b962d5,raw_cache\3702_107_07_0_detail.json,7f81c07ddea965bef33749e47fd5649b54fb272013434038502b50803f342598,cache_hit,,2026-07-30T02:10:47+00:00
3702,107,07,mops_api_t05st01_detail,https://mops.twse.com.tw/mops/#/web/t05st01,"{""companyId"": ""3702"", ""enterDate"": ""1070711"", ""marketKind"": ""sii"", ""serialNumber"": ""1""}",28f35f8fdbdc9aa2b3fcb8b9bb97fcb1437414ffc20e1f08925a504cd90647a4,raw_cache\3702_107_07_1_detail.json,5c0f0adb52963ede1c4fd5f82a4c3277743a65e313303243259b177217aab80d,cache_hit,,2026-07-30T02:10:47+00:00
3702,107,07,mops_api_t05st01_detail,https://mops.twse.com.tw/mops/#/web/t05st01,"{""companyId"": ""3702"", ""enterDate"": ""1070712"", ""marketKind"": ""sii"", ""serialNumber"": ""2""}",1b0867b76cd53515662b89ffba43aef18921758c8903f5159ad3a946babee63e,raw_cache\3702_107_07_2_detail.json,f013f4022b5caaf3c9f0c54efd7805c184cefa79b4be643f25214bb1e4b32a2f,cache_hit,,2026-07-30T02:10:47+00:00
3702,107,07,mops_api_t05st01_detail,https://mops.twse.com.tw/mops/#/web/t05st01,"{""companyId"": ""3702"", ""enterDate"": ""1070712"", ""marketKind"": ""sii"", ""serialNumber"": ""3""}",822463a2e8a18368d66e857207c40907c11e6a6a68e1df13e75e53fa98465eb3,raw_cache\3702_107_07_3_detail.json,32ad00770e333d41329227caabe83cd30edcbba83016b06c413c9d8e4a49318b,cache_hit,,2026-07-30T02:10:47+00:00
3702,107,07,mops_api_t05st01_detail,https://mops.twse.com.tw/mops/#/web/t05st01,"{""companyId"": ""3702"", ""enterDate"": ""1070731"", ""marketKind"": ""sii"", ""serialNumber"": ""1""}",6fe47b7d7cfdff0ebf6309f3b040d98be5f619cfef6829de972b1bf2863114a2,raw_cache\3702_107_07_7_detail.json,83ccac12f976ffb2b79341ba421ef72c8ce11f4d4a4d601bccacd20e7cac02b6,cache_hit,,2026-07-30T02:10:47+00:00
3702,107,07,mops_api_t05st01_detail,https://mops.twse.com.tw/mops/#/web/t05st01,"{""companyId"": ""3702"", ""enterDate"": ""1070731"", ""marketKind"": ""sii"", ""serialNumber"": ""3""}",aff734de82e30d7527983c8767062e801cef43047c2d8552d6c46fd510ec6b6e,raw_cache\3702_107_07_9_detail.json,8315e00bc0ee38fdd6ffa3e265ec582c16ed6a92844ace14b0a7eb2dd590fd64,cache_hit,,2026-07-30T02:10:47+00:00
3702,107,08,mops_api_t05st01,https://mops.twse.com.tw/mops/#/web/t05st01,"{""companyId"": ""3702"", ""firstDay"": """", ""lastDay"": """", ""month"": ""08"", ""year"": ""107""}",12e6acc3f8a7b0d486a8e2319ca15041c38512206bcaaf8e3610338cc2422914,raw_cache\3702_107_08_list.json,ef917a0860ede5e8122056e3005f3c70da866332b940b779b3f03a2fb3ed03bc,cache_hit,,2026-07-30T02:10:47+00:00
3702,107,08,mops_api_t05st01_detail,https://mops.twse.com.tw/mops/#/web/t05st01,"{""companyId"": ""3702"", ""enterDate"": ""1070803"", ""marketKind"": ""sii"", ""serialNumber"": ""1""}",bf331e5249ce21ae09b037409f5bcae9ee11a0ca663c2a3d3b230c365cf3b564,raw_cache\3702_107_08_0_detail.json,3995099a29cbfc8615f01e0cc145d96fdbab409db294ceefdd8ff8918d9f6650,cache_hit,,2026-07-30T02:10:47+00:00
3702,107,08,mops_api_t05st01_detail,https://mops.twse.com.tw/mops/#/web/t05st01,"{""companyId"": ""3702"", ""enterDate"": ""1070810"", ""marketKind"": ""sii"", ""serialNumber"": ""1""}",b8e5d22c3de9bcab182b7fe07bdad0a4dc3508921734d0e7a39461706d6bbc4f,raw_cache\3702_107_08_3_detail.json,de8dca198b266e6fad58aaccd4ef82e6ac73982fb0b126468e9da8f0ab2c6c8c,cache_hit,,2026-07-30T02:10:47+00:00
3702,107,08,mops_api_t05st01_detail,https://mops.twse.com.tw/mops/#/web/t05st01,"{""companyId"": ""3702"", ""enterDate"": ""1070815"", ""marketKind"": ""sii"", ""serialNumber"": ""2""}",8ee20d012c8347669b5320d75737c663335b460a3bf61506160c6589a8a4c0d8,raw_cache\3702_107_08_5_detail.json,8f01508cdca33773736846fdc74afeb77f80b6d99b416a5e730dd4b69c160417,cache_hit,,2026-07-30T02:10:47+00:00
3704,112,06,mops_api_t05st01,https://mops.twse.com.tw/mops/#/web/t05st01,"{""companyId"": ""3704"", ""firstDay"": """", ""lastDay"": """", ""month"": ""06"", ""year"": ""112""}",700cf67adf3dd73eb9a27ad633ea6d2dbebb5f032ae2f30c62772d50de7ccfe7,raw_cache\3704_112_06_list.json,9e279b5ac6796481d1a5efddf9ba1201387614daf0cf99bc3ea9535d20a3daec,cache_hit,,2026-07-30T02:10:47+00:00
3704,112,07,mops_api_t05st01,https://mops.twse.com.tw/mops/#/web/t05st01,"{""companyId"": ""3704"", ""firstDay"": """", ""lastDay"": """", ""month"": ""07"", ""year"": ""112""}",5b48434728d1c345ecafcc50bf14b04c0741d0b05d496cd952cec934a801d0b0,raw_cache\3704_112_07_list.json,2e26e94c804e99064a85028f756194f2c64346c6117fbf70b67243634631b710,cache_hit,,2026-07-30T02:10:47+00:00
3704,112,07,mops_api_t05st01_detail,https://mops.twse.com.tw/mops/#/web/t05st01,"{""companyId"": ""3704"", ""enterDate"": ""1120704"", ""marketKind"": ""sii"", ""serialNumber"": ""1""}",8d977ab6503435f7879485ff0c75a0f7262288949f79521b60e5a969b873e83f,raw_cache\3704_112_07_0_detail.json,6e5c58157716cfd0e180a91dfa03007586775a28d513b512350cbf4b80d7086f,cache_hit,,2026-07-30T02:10:47+00:00
3704,112,07,mops_api_t05st01_detail,https://mops.twse.com.tw/mops/#/web/t05st01,"{""companyId"": ""3704"", ""enterDate"": ""1120704"", ""marketKind"": ""sii"", ""serialNumber"": ""2""}",132c6e619d24ac6f5913080f474d6f93ef2c37f5be015191cf4f421788028a51,raw_cache\3704_112_07_1_detail.json,94256dd81c6a53f2f2719bc4e5924b05aca67264e5cad1d9cdf6d8d245ce6ae8,cache_hit,,2026-07-30T02:10:47+00:00
3704,112,07,mops_api_t05st01_detail,https://mops.twse.com.tw/mops/#/web/t05st01,"{""companyId"": ""3704"", ""enterDate"": ""1120717"", ""marketKind"": ""sii"", ""serialNumber"": ""1""}",f2c5e013ad431119f41ce1ad560898e87e07158c9a853c7ad4c2395936e2cf90,raw_cache\3704_112_07_3_detail.json,2889557522842a5cf92f565885fb674be3518ea9d0bce5d4dc34aac9b5d3ebc1,cache_hit,,2026-07-30T02:10:47+00:00
3704,112,08,mops_api_t05st01,https://mops.twse.com.tw/mops/#/web/t05st01,"{""companyId"": ""3704"", ""firstDay"": """", ""lastDay"": """", ""month"": ""08"", ""year"": ""112""}",5a50292c4cc7050e2ff05bcfef87bd98dfbbbfabdc2cb9fbf99d8592f1a2bf1b,raw_cache\3704_112_08_list.json,3f031da166fffe648f68386f4ae8c585c525044eec662d808f1461e2829b2ef7,cache_hit,,2026-07-30T02:10:47+00:00
3704,112,08,mops_api_t05st01_detail,https://mops.twse.com.tw/mops/#/web/t05st01,"{""companyId"": ""3704"", ""enterDate"": ""1120807"", ""marketKind"": ""sii"", ""serialNumber"": ""1""}",0bb451095523f8bf6c9322ce58d70453ce4e817acfd076d53f1535e2a22f7166,raw_cache\3704_112_08_1_detail.json,be030e7debcf7ebc093668a0f46955cbade7c51052c6d4f39f6a52d8a5ea1c3f,cache_hit,,2026-07-30T02:10:47+00:00
3704,112,08,mops_api_t05st01_detail,https://mops.twse.com.tw/mops/#/web/t05st01,"{""companyId"": ""3704"", ""enterDate"": ""1120807"", ""marketKind"": ""sii"", ""serialNumber"": ""2""}",85838f6a619ee71fb8f3091d9bfe58c233461026b60d6173ae2fce05034f1a68,raw_cache\3704_112_08_2_detail.json,68741c405f53808b97bf8d711d5a819bd387ee1b36d4d156480460be1ad0f3da,cache_hit,,2026-07-30T02:10:47+00:00
3704,112,08,mops_api_t05st01_detail,https://mops.twse.com.tw/mops/#/web/t05st01,"{""companyId"": ""3704"", ""enterDate"": ""1120807"", ""marketKind"": ""sii"", ""serialNumber"": ""3""}",f636cb469979fdaf3bba8e41d82033f58c58e2cc7b091f708bfbabbff8c65bec,raw_cache\3704_112_08_3_detail.json,ff6f77dfda03a94f365726acdfa0ac5710465f31b8de6a068eddbd44942f7d83,cache_hit,,2026-07-30T02:10:47+00:00
3711,108,05,mops_api_t05st01,https://mops.twse.com.tw/mops/#/web/t05st01,"{""companyId"": ""3711"", ""firstDay"": """", ""lastDay"": """", ""month"": ""05"", ""year"": ""108""}",74e3a2ccd03574646dbef707636a26c33c246d2aa729ea07faac0e1a59c5b1f8,raw_cache\3711_108_05_list.json,cc03cf7ea8a0d5e069a60f9f7a184c1a8dd8ee56d1c44be542f090b454688306,cache_hit,,2026-07-30T02:10:47+00:00
3711,108,05,mops_api_t05st01_detail,https://mops.twse.com.tw/mops/#/web/t05st01,"{""companyId"": ""3711"", ""enterDate"": ""1080520"", ""marketKind"": ""sii"", ""serialNumber"": ""1""}",37eab4250147258840e12cae505e25b43548f762e1d54594f113e1c075a9858b,raw_cache\3711_108_05_4_detail.json,62b531461245edd730192b5600592cac93bfcc8e80cc318caa142fc7d1f812e3,cache_hit,,2026-07-30T02:10:47+00:00
3711,108,05,mops_api_t05st01_detail,https://mops.twse.com.tw/mops/#/web/t05st01,"{""companyId"": ""3711"", ""enterDate"": ""1080523"", ""marketKind"": ""sii"", ""serialNumber"": ""2""}",9611d0d32a3eb29d302631026fad937defe5ed3c62326eb81faff9ae3e8f3e91,raw_cache\3711_108_05_7_detail.json,6e3b0ed50ee82c25a490953e3f41d4de1051dfc51083c19ad3a3bcd5cce611f3,cache_hit,,2026-07-30T02:10:47+00:00
3711,108,05,mops_api_t05st01_detail,https://mops.twse.com.tw/mops/#/web/t05st01,"{""companyId"": ""3711"", ""enterDate"": ""1080524"", ""marketKind"": ""sii"", ""serialNumber"": ""1""}",d1ba4daddc64d3d59d0a227e88355caad32d6f00f98204c0e0b135bf46902033,raw_cache\3711_108_05_8_detail.json,8c07434dc17c3db6536400f4c7a8bed9107e9304e33fd1a43d633de23a6b4f65,cache_hit,,2026-07-30T02:10:47+00:00
3711,108,06,mops_api_t05st01,https://mops.twse.com.tw/mops/#/web/t05st01,"{""companyId"": ""3711"", ""firstDay"": """", ""lastDay"": """", ""month"": ""06"", ""year"": ""108""}",83890424d5754497d55580c2c8d6820150120bd18ecefa2b8faffd8276695795,raw_cache\3711_108_06_list.json,1413f56402451dfb695f4e8a8541163b97a3662314a104acff4914bdaa159660,cache_hit,,2026-07-30T02:10:47+00:00
3711,108,06,mops_api_t05st01_detail,https://mops.twse.com.tw/mops/#/web/t05st01,"{""companyId"": ""3711"", ""enterDate"": ""1080606"", ""marketKind"": ""sii"", ""serialNumber"": ""5""}",b4be0fdb289182e08f216c7ae4dc932707b4b675ccd2dcc215283da398be44a4,raw_cache\3711_108_06_4_detail.json,9170e24b76db3466d728e0b6f4a9819f12959ec585a79d348dd0837ae98252ee,cache_hit,,2026-07-30T02:10:47+00:00
3711,108,06,mops_api_t05st01_detail,https://mops.twse.com.tw/mops/#/web/t05st01,"{""companyId"": ""3711"", ""enterDate"": ""1080606"", ""marketKind"": ""sii"", ""serialNumber"": ""7""}",44786f3cf4d48ff532779bbdeb6ed03fcc4f80e3be053267fa3974199c6cc5a1,raw_cache\3711_108_06_6_detail.json,8e76fa37a1c71a3bbe9f9a724ed4f32ca5539ba7496a012c25de4827e1276bb9,cache_hit,,2026-07-30T02:10:47+00:00
3711,108,06,mops_api_t05st01_detail,https://mops.twse.com.tw/mops/#/web/t05st01,"{""companyId"": ""3711"", ""enterDate"": ""1080624"", ""marketKind"": ""sii"", ""serialNumber"": ""1""}",776147f6b594b47f1adc2a5f74d2f70e52bb42812e71037b219a2d4c07444e94,raw_cache\3711_108_06_10_detail.json,214f7830c908400e4303763034283a739488d7e804fe55564c6ba8aca4b276b7,cache_hit,,2026-07-30T02:10:47+00:00
3711,108,07,mops_api_t05st01,https://mops.twse.com.tw/mops/#/web/t05st01,"{""companyId"": ""3711"", ""firstDay"": """", ""lastDay"": """", ""month"": ""07"", ""year"": ""108""}",888bd9a1f4faff786455a3fb2ca2665398dc6f4d1d1b668fe5cd4ef4f653de90,raw_cache\3711_108_07_list.json,5d6c89bb2e16aa01f775c6869e4233633c396401ac7e4eccb545ac6c9f815cfa,cache_hit,,2026-07-30T02:10:47+00:00
3711,108,07,mops_api_t05st01_detail,https://mops.twse.com.tw/mops/#/web/t05st01,"{""companyId"": ""3711"", ""enterDate"": ""1080715"", ""marketKind"": ""sii"", ""serialNumber"": ""1""}",a43c3823a03d4078d1909797a8fa8611801f5e49bbbf14510237b9d0da9d83e2,raw_cache\3711_108_07_8_detail.json,9104d9c5fd03d3e7f016c58498e12cef308b239c199542af6cdd5178bfdade04,cache_hit,,2026-07-30T02:10:47+00:00
3711,108,08,mops_api_t05st01,https://mops.twse.com.tw/mops/#/web/t05st01,"{""companyId"": ""3711"", ""firstDay"": """", ""lastDay"": """", ""month"": ""08"", ""year"": ""108""}",3245c8d4d5db3f85e333546a2b50cf5388dd21f830af6b3af2df178eb18ccc97,raw_cache\3711_108_08_list.json,d631f7f585978f8892dc168fb17360e848b505fdf604b203eab0ac975b8d0824,cache_hit,,2026-07-30T02:10:47+00:00
3711,112,06,mops_api_t05st01,https://mops.twse.com.tw/mops/#/web/t05st01,"{""companyId"": ""3711"", ""firstDay"": """", ""lastDay"": """", ""month"": ""06"", ""year"": ""112""}",9ba5cac9cdd97941b5013f18a7e2246905ccd984e1e4dbbaa569b0fe755a56c2,raw_cache\3711_112_06_list.json,259c31022e348032bdf71912b91ffe780d7410bc510c0a7a66539c4f569b8e54,cache_hit,,2026-07-30T02:10:47+00:00
3711,112,06,mops_api_t05st01_detail,https://mops.twse.com.tw/mops/#/web/t05st01,"{""companyId"": ""3711"", ""enterDate"": ""1120626"", ""marketKind"": ""sii"", ""serialNumber"": ""1""}",d586d07b500160bc62793daf47d64aa1ce2f0480dd3264e7ce90e4f3f3d55013,raw_cache\3711_112_06_9_detail.json,4a8abdc8655d2d4553d5f647215416e3ae5f5c6754ee096df426bc9430b22013,cache_hit,,2026-07-30T02:10:47+00:00
3711,112,07,mops_api_t05st01,https://mops.twse.com.tw/mops/#/web/t05st01,"{""companyId"": ""3711"", ""firstDay"": """", ""lastDay"": """", ""month"": ""07"", ""year"": ""112""}",2219e41dec07593a870bf283c3da2f1d4a9bb81bd746c7a7c1bc41612b42ea06,raw_cache\3711_112_07_list.json,abb42a8f5ee0685ef1c0b8b29a2ade45ba6259be25cf2f7dd4ede4a80f2bf82d,cache_hit,,2026-07-30T02:10:47+00:00
3711,112,07,mops_api_t05st01_detail,https://mops.twse.com.tw/mops/#/web/t05st01,"{""companyId"": ""3711"", ""enterDate"": ""1120713"", ""marketKind"": ""sii"", ""serialNumber"": ""1""}",69c5d704aeb6975c9f13e493857d21fe3f842bedea5262af05bb26415ef0ba18,raw_cache\3711_112_07_1_detail.json,f2e881d55f923fdee4c69f7f826643260c3149d774efc9e03797c9dca392d124,cache_hit,,2026-07-30T02:10:47+00:00
3711,112,08,mops_api_t05st01,https://mops.twse.com.tw/mops/#/web/t05st01,"{""companyId"": ""3711"", ""firstDay"": """", ""lastDay"": """", ""month"": ""08"", ""year"": ""112""}",a6d0cb61009a43dd4612033ae0c4ae553f0f56aba00f5f5077afd4cbc2656df7,raw_cache\3711_112_08_list.json,e983ce87614efffe6f30435c00fb298d47c89f1a84d3e2a9f056dcd71ce8ac6d,cache_hit,,2026-07-30T02:10:47+00:00
3711,112,08,mops_api_t05st01_detail,https://mops.twse.com.tw/mops/#/web/t05st01,"{""companyId"": ""3711"", ""enterDate"": ""1120804"", ""marketKind"": ""sii"", ""serialNumber"": ""1""}",6b1d25e48d5bd12acd5f6879b55b7e6cbbebc52fdc531f49849ff12329969ceb,raw_cache\3711_112_08_0_detail.json,df0d05c87f27b56e7ad89c4f5a391063e1f26a69c93e3ea70d3887d1de8784fa,cache_hit,,2026-07-30T02:10:47+00:00
3711,112,08,mops_api_t05st01_detail,https://mops.twse.com.tw/mops/#/web/t05st01,"{""companyId"": ""3711"", ""enterDate"": ""1120810"", ""marketKind"": ""sii"", ""serialNumber"": ""2""}",8c57966c2a0483a74e72bfb6e176e001dceefb5fbbded6e86fcdc88db51e211f,raw_cache\3711_112_08_5_detail.json,e53e371731522d42f4db45036049e19f28a371cbb99bf3f1ae28c0eadeb6c50b,cache_hit,,2026-07-30T02:10:47+00:00
3711,112,09,mops_api_t05st01,https://mops.twse.com.tw/mops/#/web/t05st01,"{""companyId"": ""3711"", ""firstDay"": """", ""lastDay"": """", ""month"": ""09"", ""year"": ""112""}",e2d18b03926df0ae94b34cfe99b7d56529ca8ac10c2a0b52b4bd4206df7b09df,raw_cache\3711_112_09_list.json,380fe5343aa9448ad5c01e1215486c450b13e1546365a38829f53fa4aadcfbaf,cache_hit,,2026-07-30T02:10:47+00:00
3711,114,07,mops_api_t05st01,https://mops.twse.com.tw/mops/#/web/t05st01,"{""companyId"": ""3711"", ""firstDay"": """", ""lastDay"": """", ""month"": ""07"", ""year"": ""114""}",ce35396cc93d51a676af71b00d8ccbb3d9bb9bfd0dfb1f6a0d6c52b3c9b4355b,raw_cache\3711_114_07_list.json,e4398bedbe54df2f32f72f88647dde1680411231d148d3dd86f130ca78387125,cache_hit,,2026-07-30T02:10:47+00:00
3711,114,07,mops_api_t05st01_detail,https://mops.twse.com.tw/mops/#/web/t05st01,"{""companyId"": ""3711"", ""enterDate"": ""1140710"", ""marketKind"": ""sii"", ""serialNumber"": ""1""}",efc434ceea4512b84a4d552751733f55f9fcadbe0f7eaba077eba169a438cc2c,raw_cache\3711_114_07_3_detail.json,75ec36d0c376439460fd9cf008615eddbe0b5e30ff96286871bd16a4788c5578,cache_hit,,2026-07-30T02:10:47+00:00
3711,114,07,mops_api_t05st01_detail,https://mops.twse.com.tw/mops/#/web/t05st01,"{""companyId"": ""3711"", ""enterDate"": ""1140718"", ""marketKind"": ""sii"", ""serialNumber"": ""1""}",22f7d959b1bf2dd8286946402caba00da8509497f8c88a09a646c2e102a10294,raw_cache\3711_114_07_8_detail.json,852c6a11e8402a3c96bd61464bb831dd700be9d26244dc07507ad064565e2eb6,cache_hit,,2026-07-30T02:10:47+00:00
3711,114,07,mops_api_t05st01_detail,https://mops.twse.com.tw/mops/#/web/t05st01,"{""companyId"": ""3711"", ""enterDate"": ""1140718"", ""marketKind"": ""sii"", ""serialNumber"": ""3""}",cbb91da6fc7cd9dc61eeb989246c2f1939b6ea8622578952ebee8fb182b8f784,raw_cache\3711_114_07_10_detail.json,b95fb4ea900f1737697ebbee493f01dad57c16cdb93192281ffa470dfa2dac10,cache_hit,,2026-07-30T02:10:47+00:00
3711,114,07,mops_api_t05st01_detail,https://mops.twse.com.tw/mops/#/web/t05st01,"{""companyId"": ""3711"", ""enterDate"": ""1140718"", ""marketKind"": ""sii"", ""serialNumber"": ""4""}",753f9a9514eac0a402bf4838b512ab0654cff12ab3fdf42c894f63e754f5871e,raw_cache\3711_114_07_11_detail.json,ef487169d1bcda99ad346260357a0032aff555b3cc9b5b5b099e24a181e88b03,cache_hit,,2026-07-30T02:10:47+00:00
3711,114,07,mops_api_t05st01_detail,https://mops.twse.com.tw/mops/#/web/t05st01,"{""companyId"": ""3711"", ""enterDate"": ""1140718"", ""marketKind"": ""sii"", ""serialNumber"": ""6""}",283f25d4c5f94a55d853839605a67980073d3b46fa64d8ad2d8b6b60d3b39a52,raw_cache\3711_114_07_13_detail.json,6bce03498ec7c70deb46e6e732ea893a96198006c35a22e7ebaa314c6f50096f,cache_hit,,2026-07-30T02:10:47+00:00
3711,114,08,mops_api_t05st01,https://mops.twse.com.tw/mops/#/web/t05st01,"{""companyId"": ""3711"", ""firstDay"": """", ""lastDay"": """", ""month"": ""08"", ""year"": ""114""}",7336bf4f642db0a69583ffafe765df7b92ff88da51123be5d4483bbd84359f40,raw_cache\3711_114_08_list.json,341a1aa4847dfb80e12872a32cf1296ee24269c69f1319f10ef07126e5ecbc0d,cache_hit,,2026-07-30T02:10:47+00:00
3711,114,08,mops_api_t05st01_detail,https://mops.twse.com.tw/mops/#/web/t05st01,"{""companyId"": ""3711"", ""enterDate"": ""1140811"", ""marketKind"": ""sii"", ""serialNumber"": ""1""}",f50711894cab7b51843842dc178889c18b84937aec5e859812a9d02f54a52908,raw_cache\3711_114_08_6_detail.json,0b997bbd90cea3d62ca198e9e7376c5208a50335ef50ae18f66ab9315f0a4fff,cache_hit,,2026-07-30T02:10:47+00:00
3711,114,09,mops_api_t05st01,https://mops.twse.com.tw/mops/#/web/t05st01,"{""companyId"": ""3711"", ""firstDay"": """", ""lastDay"": """", ""month"": ""09"", ""year"": ""114""}",e2f6263a250db756657942333cd17abdccf2ddb958e6d1756bf1913c36d3eef4,raw_cache\3711_114_09_list.json,d5e669e3b8c074e1706a755313da02af0237c327fc16edbc79f81af13bb3219b,cache_hit,,2026-07-30T02:10:47+00:00
3711,114,10,mops_api_t05st01,https://mops.twse.com.tw/mops/#/web/t05st01,"{""companyId"": ""3711"", ""firstDay"": """", ""lastDay"": """", ""month"": ""10"", ""year"": ""114""}",3cf3eff4e74cb5d4c4023d5c3ef1b6ea1ce5b21ad6dfef50195fff9c9f39a8a9,raw_cache\3711_114_10_list.json,4d7fcfacab375dad1704adbab4c9332010a4e0e380a489fe6ba6682e171bd802,cache_hit,,2026-07-30T02:10:47+00:00
3711,114,11,mops_api_t05st01,https://mops.twse.com.tw/mops/#/web/t05st01,"{""companyId"": ""3711"", ""firstDay"": """", ""lastDay"": """", ""month"": ""11"", ""year"": ""114""}",699c34b3777b321ac2952ca39f7fac9eb044dd3c411eb5b27143c33a8ac8d1e9,raw_cache\3711_114_11_list.json,a3ad0fcb77ba7f805338217302276864fc5cf5bbf420e7e4e8f548af81650af1,cache_hit,,2026-07-30T02:10:47+00:00
3711,114,11,mops_api_t05st01_detail,https://mops.twse.com.tw/mops/#/web/t05st01,"{""companyId"": ""3711"", ""enterDate"": ""1141110"", ""marketKind"": ""sii"", ""serialNumber"": ""1""}",1193bf27d209509c8ef77e41635f3b46d2ef8c6df74b8a9d2dbfecbb43e493e4,raw_cache\3711_114_11_5_detail.json,93b801b7cc768d87ba0273549f61513d469cc31c7b893161c01c8616c5f79a00,cache_hit,,2026-07-30T02:10:47+00:00
3711,114,11,mops_api_t05st01_detail,https://mops.twse.com.tw/mops/#/web/t05st01,"{""companyId"": ""3711"", ""enterDate"": ""1141114"", ""marketKind"": ""sii"", ""serialNumber"": ""4""}",fb50b6fac55cef7362a57a884e95c2fc5b7311be0da1f07dfb7c5e4e0ca1db1e,raw_cache\3711_114_11_12_detail.json,e17da09fe45f526ae7fe2950b8d9dd6398dc421967374d5c99dbef2b818c171c,cache_hit,,2026-07-30T02:10:47+00:00
4114,111,11,mops_api_t05st01,https://mops.twse.com.tw/mops/#/web/t05st01,"{""companyId"": ""4114"", ""firstDay"": """", ""lastDay"": """", ""month"": ""11"", ""year"": ""111""}",4067a9eff673f517b60a46478c57f34fef4081842e789f7bafea2e19b4168822,raw_cache\4114_111_11_list.json,7d4984124b605094d7f9ba436daa43ffa66e628b5f1d76514b7eca710e24f5db,cache_hit,,2026-07-30T02:10:47+00:00
4114,111,11,mops_api_t05st01_detail,https://mops.twse.com.tw/mops/#/web/t05st01,"{""companyId"": ""4114"", ""enterDate"": ""1111109"", ""marketKind"": ""otc"", ""serialNumber"": ""1""}",9264e8c5834f508f8665352445b67ee91e478c4154974eac85d54c87da135d82,raw_cache\4114_111_11_0_detail.json,1270418234254f4b8ac7cc577699cc94f2b7a0585d027e890c384a3cc64178c2,cache_hit,,2026-07-30T02:10:47+00:00
4114,111,12,mops_api_t05st01,https://mops.twse.com.tw/mops/#/web/t05st01,"{""companyId"": ""4114"", ""firstDay"": """", ""lastDay"": """", ""month"": ""12"", ""year"": ""111""}",d78f8d05e19399c2568ca52f45a1f997d4aad0bf679eaf9b1528cc35b651c13c,raw_cache\4114_111_12_list.json,5413e8c8499a9169037beaf591e48b26dae2e5d9877c0610cd8d9b2ac84cd1f6,cache_hit,,2026-07-30T02:10:47+00:00
4114,111,12,mops_api_t05st01_detail,https://mops.twse.com.tw/mops/#/web/t05st01,"{""companyId"": ""4114"", ""enterDate"": ""1111227"", ""marketKind"": ""otc"", ""serialNumber"": ""1""}",bbc00937564171a0fac942a16dfefaac42b345b29283200c6ce63bc26d82540b,raw_cache\4114_111_12_2_detail.json,78a3ea85b4ee1bdc0a79247bf1d2f4e8af6b67bc62f0880834622a96a01fa4bb,cache_hit,,2026-07-30T02:10:47+00:00
4114,112,01,mops_api_t05st01,https://mops.twse.com.tw/mops/#/web/t05st01,"{""companyId"": ""4114"", ""firstDay"": """", ""lastDay"": """", ""month"": ""01"", ""year"": ""112""}",618f5c01e146d9a5f71187bd52d458bf31e91eacacbcba4b22d164cf514c5a8a,raw_cache\4114_112_01_list.json,c95504a0307c60aeb692168db95bef49bce2f43d8c60540d3f13a4840c2a696b,cache_hit,,2026-07-30T02:10:47+00:00
4114,112,02,mops_api_t05st01,https://mops.twse.com.tw/mops/#/web/t05st01,"{""companyId"": ""4114"", ""firstDay"": """", ""lastDay"": """", ""month"": ""02"", ""year"": ""112""}",5f5429b9c8d79cd9618fce6bb530292595f73928e226d0484d4a6f3380fee939,raw_cache\4114_112_02_list.json,791a5474a394ff5ae7c78ebc79669b6e7766c4ad19acbd281289d3c67662d1a1,cache_hit,,2026-07-30T02:10:47+00:00
4137,104,08,mops_api_t05st01,https://mops.twse.com.tw/mops/#/web/t05st01,"{""companyId"": ""4137"", ""firstDay"": """", ""lastDay"": """", ""month"": ""08"", ""year"": ""104""}",c872084c0fc42817657005bc9bfc0db3992d7a75ab041624b30299a9d3ca2750,raw_cache\4137_104_08_list.json,14e72074c3e6755014eb61c386b906b1ff648ee983eba8d2a84ca5dc1ff48886,cache_hit,,2026-07-30T02:10:47+00:00
4137,104,09,mops_api_t05st01,https://mops.twse.com.tw/mops/#/web/t05st01,"{""companyId"": ""4137"", ""firstDay"": """", ""lastDay"": """", ""month"": ""09"", ""year"": ""104""}",5d08d60ebc3a35a816f0f380ed88c1307fc0af99b0b8a38f83ac42f589d0f167,raw_cache\4137_104_09_list.json,22a21da64416e045543757d6f2ec5bded97882cf8aca8fc522ff7281f6e08b97,cache_hit,,2026-07-30T02:10:47+00:00
4137,104,10,mops_api_t05st01,https://mops.twse.com.tw/mops/#/web/t05st01,"{""companyId"": ""4137"", ""firstDay"": """", ""lastDay"": """", ""month"": ""10"", ""year"": ""104""}",9edecda2ccac63356d9e595ee4fdb1535a36ec26bc42ee6ba5a6e93c3299a075,raw_cache\4137_104_10_list.json,487806f6a98eb823ab1d79afd4e2ebf62306f7d793d7ff4ffc2ea1ff4b9917d5,cache_hit,,2026-07-30T02:10:47+00:00
4137,104,11,mops_api_t05st01,https://mops.twse.com.tw/mops/#/web/t05st01,"{""companyId"": ""4137"", ""firstDay"": """", ""lastDay"": """", ""month"": ""11"", ""year"": ""104""}",8bd433303af5853b4d4f66d1ec6e46284b18aa3ec8ac26df5d82290f9c994380,raw_cache\4137_104_11_list.json,891c52a979f12101e052825f9f98b273d17a539fb6e32755a40ab02efbe0cfb2,cache_hit,,2026-07-30T02:10:47+00:00
4137,104,12,mops_api_t05st01,https://mops.twse.com.tw/mops/#/web/t05st01,"{""companyId"": ""4137"", ""firstDay"": """", ""lastDay"": """", ""month"": ""12"", ""year"": ""104""}",435e84b21967e872136acc10ba4e15e594b29a91c095c100bbd80b736821fdd2,raw_cache\4137_104_12_list.json,7ab874e0624a5f991fcfcb63229c61e9bae28037c8c6a91489dec15a6e67b57c,cache_hit,,2026-07-30T02:10:47+00:00
4749,114,12,mops_api_t05st01,https://mops.twse.com.tw/mops/#/web/t05st01,"{""companyId"": ""4749"", ""firstDay"": """", ""lastDay"": """", ""month"": ""12"", ""year"": ""114""}",8f832c3e1e4e5ae76260346ead57a4f75fb44cc7bb0c3e16ceda97d41d3f5a1b,raw_cache\4749_114_12_list.json,937f510d3eba27e274e9f865304f689e139f8ecfc4a8b53ea02b1498f6e1a86f,cache_hit,,2026-07-30T02:10:47+00:00
4749,115,01,mops_api_t05st01,https://mops.twse.com.tw/mops/#/web/t05st01,"{""companyId"": ""4749"", ""firstDay"": """", ""lastDay"": """", ""month"": ""01"", ""year"": ""115""}",b6c525ef5be1fb70aa43bef9530487f84aca7e7e7fd1c2fef5e98f519acf0020,raw_cache\4749_115_01_list.json,ef5663524b6c7279e06d20837c77cfc01633fd4dad0d99d136e95d59ac36e117,cache_hit,,2026-07-30T02:10:47+00:00
4749,115,02,mops_api_t05st01,https://mops.twse.com.tw/mops/#/web/t05st01,"{""companyId"": ""4749"", ""firstDay"": """", ""lastDay"": """", ""month"": ""02"", ""year"": ""115""}",49444107cde7771841f0353e6081bee4f164d8192e77c50da6b8be0d02d5ce49,raw_cache\4749_115_02_list.json,4a221aebbc1ce4db06502887d3793e3ebfa7015c7b9b410a4098b3338c2c1d78,cache_hit,,2026-07-30T02:10:47+00:00
4749,115,03,mops_api_t05st01,https://mops.twse.com.tw/mops/#/web/t05st01,"{""companyId"": ""4749"", ""firstDay"": """", ""lastDay"": """", ""month"": ""03"", ""year"": ""115""}",af99ca144dc2d54a760e38312f2f9286e19fa954c8ed2f9c1cb8693582ab5ab9,raw_cache\4749_115_03_list.json,232d5647dcf03e26b1cc21f05a7b62b93d422bb5ec33ab7cfc1a35856e97d5e2,cache_hit,,2026-07-30T02:10:47+00:00
4749,115,03,mops_api_t05st01_detail,https://mops.twse.com.tw/mops/#/web/t05st01,"{""companyId"": ""4749"", ""enterDate"": ""1150311"", ""marketKind"": ""otc"", ""serialNumber"": ""7""}",19be9134c33fb094f903cbbe716d3ce59e140adcd5321fc7223ea01c896b3d94,raw_cache\4749_115_03_10_detail.json,ea5e84dd8dff78beb96339f16053e8b37d78c2c1553143cccce725709bc5270d,cache_hit,,2026-07-30T02:10:47+00:00
4763,113,01,mops_api_t05st01,https://mops.twse.com.tw/mops/#/web/t05st01,"{""companyId"": ""4763"", ""firstDay"": """", ""lastDay"": """", ""month"": ""01"", ""year"": ""113""}",7bd9a01da45412491b091691584e0461a9df7ec2b7c369b4016443b580f93156,raw_cache\4763_113_01_list.json,c52b3853edc7274e57581e2ec1f47f89af24dc2a87ef9ff8f81f89a50a4e9323,cache_hit,,2026-07-30T02:10:47+00:00
4763,113,02,mops_api_t05st01,https://mops.twse.com.tw/mops/#/web/t05st01,"{""companyId"": ""4763"", ""firstDay"": """", ""lastDay"": """", ""month"": ""02"", ""year"": ""113""}",86249b00c8a63f0339fab0b2296f80d2ee1fcb443182722ebe57cd1d60bfabf2,raw_cache\4763_113_02_list.json,3b4c10ab102db89bb46c102b0eab99bc816a4ae991052299b2a5b479aad0bc8f,cache_hit,,2026-07-30T02:10:47+00:00
4763,113,03,mops_api_t05st01,https://mops.twse.com.tw/mops/#/web/t05st01,"{""companyId"": ""4763"", ""firstDay"": """", ""lastDay"": """", ""month"": ""03"", ""year"": ""113""}",8ecb65212cb46d80792796708f35bb44cf245d064d34c99dba3687a36a674835,raw_cache\4763_113_03_list.json,aac98ab7978fbe11d7e637e59e05c392c1273f3fedff3b49d336aec8bd01a8e4,cache_hit,,2026-07-30T02:10:47+00:00
4763,113,03,mops_api_t05st01_detail,https://mops.twse.com.tw/mops/#/web/t05st01,"{""companyId"": ""4763"", ""enterDate"": ""1130312"", ""marketKind"": ""sii"", ""serialNumber"": ""1""}",7406cf86a8fb20652791732b3f7243506739f1853f97390782508fdc29d526e3,raw_cache\4763_113_03_2_detail.json,bc6e20722af5b9f8564ca94121e32c636a3d6e5954d57b49c08139885d6b872f,cache_hit,,2026-07-30T02:10:47+00:00
4763,113,03,mops_api_t05st01_detail,https://mops.twse.com.tw/mops/#/web/t05st01,"{""companyId"": ""4763"", ""enterDate"": ""1130312"", ""marketKind"": ""sii"", ""serialNumber"": ""3""}",040989d9da51208d725fd6b34eb3598a15cc23e4062f1a20651861b2e29b7fb9,raw_cache\4763_113_03_4_detail.json,0dc314b68ae6fb814a7e117ad3f54f70a01a6bb03203034c0aedaab8a877ddfb,cache_hit,,2026-07-30T02:10:47+00:00
4763,113,04,mops_api_t05st01,https://mops.twse.com.tw/mops/#/web/t05st01,"{""companyId"": ""4763"", ""firstDay"": """", ""lastDay"": """", ""month"": ""04"", ""year"": ""113""}",abd2579cc041b40a056affe1ccb660a03545e3ee52a96e171af6ea90cc3c9ff3,raw_cache\4763_113_04_list.json,a92c432bec0e5daafb62c3bc9095955ee1b68018c0c014d8e8eef95da1ecf727,cache_hit,,2026-07-30T02:10:47+00:00
4763,113,04,mops_api_t05st01_detail,https://mops.twse.com.tw/mops/#/web/t05st01,"{""companyId"": ""4763"", ""enterDate"": ""1130403"", ""marketKind"": ""sii"", ""serialNumber"": ""1""}",e6adacdeef74473cc7e68f55260ca11e2d55b2bb1ce59dfad3d6434571fc2055,raw_cache\4763_113_04_0_detail.json,9951ab48c6baefb741346c1ccc46fb33e7a339fbd4fb4bf0731467c15eedad0f,cache_hit,,2026-07-30T02:10:47+00:00
4904,112,04,mops_api_t05st01,https://mops.twse.com.tw/mops/#/web/t05st01,"{""companyId"": ""4904"", ""firstDay"": """", ""lastDay"": """", ""month"": ""04"", ""year"": ""112""}",9fa791539499a7b48d729d4cfca9b6212dfdf2f9f8f6301c309b5ccf308fb776,raw_cache\4904_112_04_list.json,6e13c281feca94aeeddeb3923dbc57a8b4d877d00cb3d19c2a6d7ba7041b1bd5,cache_hit,,2026-07-30T02:10:47+00:00
4904,112,05,mops_api_t05st01,https://mops.twse.com.tw/mops/#/web/t05st01,"{""companyId"": ""4904"", ""firstDay"": """", ""lastDay"": """", ""month"": ""05"", ""year"": ""112""}",57ff7b52c9200b1ca9abd07f8a62deac3dca5dfadf3435b3fe7bd288515d039a,raw_cache\4904_112_05_list.json,ef041f40f964a02162f88e57e129f286061b48226fbbe572c58b5716c36a9b18,cache_hit,,2026-07-30T02:10:47+00:00
4904,112,05,mops_api_t05st01_detail,https://mops.twse.com.tw/mops/#/web/t05st01,"{""companyId"": ""4904"", ""enterDate"": ""1120501"", ""marketKind"": ""sii"", ""serialNumber"": ""1""}",94354dae7e095d8a9d1c85e1e902da03c25f1d95f7fc0071fe618df7bfcd38c9,raw_cache\4904_112_05_0_detail.json,987c8dee0ca9b44a4ac4530160d985b60045ebbd914d62a16f7b8dc0df8b4ea8,cache_hit,,2026-07-30T02:10:47+00:00
4904,112,05,mops_api_t05st01_detail,https://mops.twse.com.tw/mops/#/web/t05st01,"{""companyId"": ""4904"", ""enterDate"": ""1120503"", ""marketKind"": ""sii"", ""serialNumber"": ""1""}",8e474bebd3c0f9897cd54cc73b283ccfc0aa9333d91599c41b882cc47d879a70,raw_cache\4904_112_05_1_detail.json,1577d6090a00e492262fbcd46b7ff444e8898e4b39d524d0446fe412d69a407c,cache_hit,,2026-07-30T02:10:47+00:00
4904,112,05,mops_api_t05st01_detail,https://mops.twse.com.tw/mops/#/web/t05st01,"{""companyId"": ""4904"", ""enterDate"": ""1120503"", ""marketKind"": ""sii"", ""serialNumber"": ""3""}",4b26024d9796f65d5905b44cc6e69b9cfff01b4580ef68b9b3cac6f97857d888,raw_cache\4904_112_05_3_detail.json,1bd0f66200b18f9653fa3477ab84fa08202053181549129abc9c16b3fa15f486,cache_hit,,2026-07-30T02:10:47+00:00
4904,112,05,mops_api_t05st01_detail,https://mops.twse.com.tw/mops/#/web/t05st01,"{""companyId"": ""4904"", ""enterDate"": ""1120531"", ""marketKind"": ""sii"", ""serialNumber"": ""2""}",0771c97b669e15ad36f839dfbc00fc36a5a1348ed3d8ff30e956e476852d7798,raw_cache\4904_112_05_7_detail.json,db35098b946750fb0e65a199768b7f1bb52359095dc8fbf74fb18fda78d2af35,cache_hit,,2026-07-30T02:10:47+00:00
4904,112,06,mops_api_t05st01,https://mops.twse.com.tw/mops/#/web/t05st01,"{""companyId"": ""4904"", ""firstDay"": """", ""lastDay"": """", ""month"": ""06"", ""year"": ""112""}",c9ad12fcd9197cba86421e9b6b8bbe446333b5bf02079c5ad4b1a689cca9ca75,raw_cache\4904_112_06_list.json,7f1f30e3c9eeaaf594501226e7ba03ab945be3aacf537896b5e0d84237e751b5,cache_hit,,2026-07-30T02:10:47+00:00
4904,112,06,mops_api_t05st01_detail,https://mops.twse.com.tw/mops/#/web/t05st01,"{""companyId"": ""4904"", ""enterDate"": ""1120606"", ""marketKind"": ""sii"", ""serialNumber"": ""4""}",e1f2b98182a434619c24e6fa27d8b22ac1bcf0c5435004ebefb9d735cf3d826f,raw_cache\4904_112_06_3_detail.json,c84178b4abb286248549b81be6df10d5e8a0b871d29793768eff9274cd4bf2e7,cache_hit,,2026-07-30T02:10:47+00:00
4904,112,06,mops_api_t05st01_detail,https://mops.twse.com.tw/mops/#/web/t05st01,"{""companyId"": ""4904"", ""enterDate"": ""1120620"", ""marketKind"": ""sii"", ""serialNumber"": ""5""}",0bff0225da19a232cdf60d826edb8529d75817b425dfa47c684c7eaf8805b9dd,raw_cache\4904_112_06_12_detail.json,591c7030efcee543af2ed4dfa49f2f3559bafe51015cedf190aa2d43c2c998dc,cache_hit,,2026-07-30T02:10:47+00:00
4904,112,06,mops_api_t05st01_detail,https://mops.twse.com.tw/mops/#/web/t05st01,"{""companyId"": ""4904"", ""enterDate"": ""1120630"", ""marketKind"": ""sii"", ""serialNumber"": ""1""}",051dd692bdac64cbe72e479ec3cb08357dda230d4c25b921eaa42d315d568175,raw_cache\4904_112_06_13_detail.json,85fc79947ab20b798b19f79ec54799531f986482bbd6fac44cbf21e9821c078e,cache_hit,,2026-07-30T02:10:47+00:00
4904,112,07,mops_api_t05st01,https://mops.twse.com.tw/mops/#/web/t05st01,"{""companyId"": ""4904"", ""firstDay"": """", ""lastDay"": """", ""month"": ""07"", ""year"": ""112""}",94630e367e65036ac809c1de52d3270c61cac1f305738226f6d7ef3477f6578b,raw_cache\4904_112_07_list.json,12b60803bb7c18200e01a027419adc11d59a4c857291962e12f7f5866cab5156,cache_hit,,2026-07-30T02:10:47+00:00
4904,112,07,mops_api_t05st01_detail,https://mops.twse.com.tw/mops/#/web/t05st01,"{""companyId"": ""4904"", ""enterDate"": ""1120720"", ""marketKind"": ""sii"", ""serialNumber"": ""1""}",56937c83e0d9e2a2658b14766130ad7d9321129967630a992978564792f7a5c6,raw_cache\4904_112_07_3_detail.json,ce8b3ff50666f765386cd52e8198e24cfabc514842dc31ee10d460d056b2edb2,cache_hit,,2026-07-30T02:10:47+00:00
4919,104,11,mops_api_t05st01,https://mops.twse.com.tw/mops/#/web/t05st01,"{""companyId"": ""4919"", ""firstDay"": """", ""lastDay"": """", ""month"": ""11"", ""year"": ""104""}",93665f363dd0ada2396f63e98bee1605fd89d1290fe996d8f2405c0d9eaba237,raw_cache\4919_104_11_list.json,9c3219f1272f458ae762beb2797198baa9a57bb18498cd01a61993f5dc2733e1,cache_hit,,2026-07-30T02:10:47+00:00
4919,104,12,mops_api_t05st01,https://mops.twse.com.tw/mops/#/web/t05st01,"{""companyId"": ""4919"", ""firstDay"": """", ""lastDay"": """", ""month"": ""12"", ""year"": ""104""}",407345dbab667ec6e043c69a2127d47b6cda70fd8bdbf86dfb01aad033d064a7,raw_cache\4919_104_12_list.json,985acf37ae01a74b452630423f524c4ba1660d877c8538c811da05157be77fde,cache_hit,,2026-07-30T02:10:47+00:00
4919,105,01,mops_api_t05st01,https://mops.twse.com.tw/mops/#/web/t05st01,"{""companyId"": ""4919"", ""firstDay"": """", ""lastDay"": """", ""month"": ""01"", ""year"": ""105""}",729d502c4461991a752389eb3d1b41087909b54b388fb86500e58dd37cebc946,raw_cache\4919_105_01_list.json,4bbb7ff7925559f3468dc060621f33702c1877d50cb6e3453be5ae0a11bb4627,cache_hit,,2026-07-30T02:10:47+00:00
4919,105,01,mops_api_t05st01_detail,https://mops.twse.com.tw/mops/#/web/t05st01,"{""companyId"": ""4919"", ""enterDate"": ""1050128"", ""marketKind"": ""sii"", ""serialNumber"": ""1""}",618fb64a139f7e830881f15f70059aee275016e7af3a30bcb45f5965e0db85ec,raw_cache\4919_105_01_1_detail.json,d637ce0c49c0159469d1c351f5ebea36fc7cddfdcdf7efad538893d7b3b7ba53,cache_hit,,2026-07-30T02:10:47+00:00
4919,109,11,mops_api_t05st01,https://mops.twse.com.tw/mops/#/web/t05st01,"{""companyId"": ""4919"", ""firstDay"": """", ""lastDay"": """", ""month"": ""11"", ""year"": ""109""}",93944198fa8dbb7989e56a9f3f36803fbb25098f04c717fefb415510eeef8ae0,raw_cache\4919_109_11_list.json,d1ce0facd99b19ca099978b8145834cb7d61db4a8f21fae7a0c08a01e23abd94,cache_hit,,2026-07-30T02:10:47+00:00
4919,109,11,mops_api_t05st01_detail,https://mops.twse.com.tw/mops/#/web/t05st01,"{""companyId"": ""4919"", ""enterDate"": ""1091112"", ""marketKind"": ""sii"", ""serialNumber"": ""1""}",42b7e2eec6a22ceda654777acf7cb021ba1866de9820bf8c392dbb56f392ca1b,raw_cache\4919_109_11_2_detail.json,d078b77646e5a3256b723838c9e62dc0f13338e2da31d23464e3bd6ca8065bc8,cache_hit,,2026-07-30T02:10:47+00:00
4919,109,12,mops_api_t05st01,https://mops.twse.com.tw/mops/#/web/t05st01,"{""companyId"": ""4919"", ""firstDay"": """", ""lastDay"": """", ""month"": ""12"", ""year"": ""109""}",d8ee9f18b34c91a49538fa359390c8eaec9e9a49ef241425c07be07705dfaed2,raw_cache\4919_109_12_list.json,391b9780eb05d3bf52d3f6c50921811020111a564cd0a50c88c53cb7c66b38b2,cache_hit,,2026-07-30T02:10:47+00:00
4919,110,01,mops_api_t05st01,https://mops.twse.com.tw/mops/#/web/t05st01,"{""companyId"": ""4919"", ""firstDay"": """", ""lastDay"": """", ""month"": ""01"", ""year"": ""110""}",90ac7bd90396b0cc471eebda7baa10cb8f5633e508ef35077e9b1e2e7a5a203c,raw_cache\4919_110_01_list.json,0ebbd2e11d9602e5c5c4fee81fe73004a37a773e8a4966db8fbb435c5e0b881a,cache_hit,,2026-07-30T02:10:47+00:00
4919,110,02,mops_api_t05st01,https://mops.twse.com.tw/mops/#/web/t05st01,"{""companyId"": ""4919"", ""firstDay"": """", ""lastDay"": """", ""month"": ""02"", ""year"": ""110""}",f5c192c17a4ff1e650b3f4646261dab052a1b12e578e0951f3fa4d5870d9c1b2,raw_cache\4919_110_02_list.json,de5b4f2e8b41c0ecda71339a4c92c1d7067fa3321acd957a372847a66cefed6e,cache_hit,,2026-07-30T02:10:47+00:00
4919,110,02,mops_api_t05st01_detail,https://mops.twse.com.tw/mops/#/web/t05st01,"{""companyId"": ""4919"", ""enterDate"": ""1100217"", ""marketKind"": ""sii"", ""serialNumber"": ""2""}",83a6271a09f93cd3f99d47ae7c793c27eaa368cb5c834c998409c163f96efbd5,raw_cache\4919_110_02_3_detail.json,454d6413a02818612999d2cc4690227f85432ab3f4c4572df91bd917332fa5ac,cache_hit,,2026-07-30T02:10:47+00:00
4919,110,03,mops_api_t05st01,https://mops.twse.com.tw/mops/#/web/t05st01,"{""companyId"": ""4919"", ""firstDay"": """", ""lastDay"": """", ""month"": ""03"", ""year"": ""110""}",ab76d820f58b1eef0c18556860dccf13e632cd871e615cd46295bd8df5bc39fb,raw_cache\4919_110_03_list.json,5cbf86b3298711bd9c5a0c290c32bf8765982d08f81355be93e9cf23aab27f66,cache_hit,,2026-07-30T02:10:47+00:00
4919,110,03,mops_api_t05st01_detail,https://mops.twse.com.tw/mops/#/web/t05st01,"{""companyId"": ""4919"", ""enterDate"": ""1100316"", ""marketKind"": ""sii"", ""serialNumber"": ""1""}",5663637c04893822c38b22895841aacdd26ad70fa74cd111b977ecea70f94919,raw_cache\4919_110_03_1_detail.json,ccce9ce64b14d60b876981ac442241a9af79b566f0f9f21556772b530dffe241,cache_hit,,2026-07-30T02:10:47+00:00
4938,104,05,mops_api_t05st01,https://mops.twse.com.tw/mops/#/web/t05st01,"{""companyId"": ""4938"", ""firstDay"": """", ""lastDay"": """", ""month"": ""05"", ""year"": ""104""}",4941030ce69c954eab1f3df054a66d7b18ebe610af2f991b44a85f0bcb6d646a,raw_cache\4938_104_05_list.json,a6d3a98fa2b000d012b61b3abcffd130ff019a3d56d951cc5962c4231a66e21d,cache_hit,,2026-07-30T02:10:47+00:00
4938,104,05,mops_api_t05st01_detail,https://mops.twse.com.tw/mops/#/web/t05st01,"{""companyId"": ""4938"", ""enterDate"": ""1040507"", ""marketKind"": ""sii"", ""serialNumber"": ""1""}",70476c3c27ab9df213e82f3352c20ed8123108295d8a0820cc1a30fe960c3238,raw_cache\4938_104_05_1_detail.json,19989172e4dc06538779ae3f5b2e423b6d481ab8ab2e5c8d6c850a51bd4c1721,cache_hit,,2026-07-30T02:10:47+00:00
4938,104,05,mops_api_t05st01_detail,https://mops.twse.com.tw/mops/#/web/t05st01,"{""companyId"": ""4938"", ""enterDate"": ""1040507"", ""marketKind"": ""sii"", ""serialNumber"": ""2""}",ec2f131d45c17976d84de78b6c3eba9cd5558534f4cb7b0e446224af1484309f,raw_cache\4938_104_05_2_detail.json,8356cc0f20ec756c3792130c3355d5918d010fd8d0be81f630c2f3329c0e92a7,cache_hit,,2026-07-30T02:10:47+00:00
4938,104,05,mops_api_t05st01_detail,https://mops.twse.com.tw/mops/#/web/t05st01,"{""companyId"": ""4938"", ""enterDate"": ""1040507"", ""marketKind"": ""sii"", ""serialNumber"": ""4""}",af73c1f5f25bef7ddb4b192d4e9470d33068496d9407322e69b9ec3ddacad17e,raw_cache\4938_104_05_4_detail.json,b04e0329a7693e65535b65406500849aefd4d116922937c6a81d8e7f0a0c1c1c,cache_hit,,2026-07-30T02:10:47+00:00
4938,104,06,mops_api_t05st01,https://mops.twse.com.tw/mops/#/web/t05st01,"{""companyId"": ""4938"", ""firstDay"": """", ""lastDay"": """", ""month"": ""06"", ""year"": ""104""}",37b2394949891d12433042f77e49f19366ac5cf13eaa58d758075906b25d50e4,raw_cache\4938_104_06_list.json,2252af4948a393737023e49ca22820d3487b982e722921c8f78be0665ba02626,cache_hit,,2026-07-30T02:10:47+00:00
4938,104,07,mops_api_t05st01,https://mops.twse.com.tw/mops/#/web/t05st01,"{""companyId"": ""4938"", ""firstDay"": """", ""lastDay"": """", ""month"": ""07"", ""year"": ""104""}",a4e97e147b5594f116f86f8264d1cfd07910f3b5d879cb359a236ac99c9bd05e,raw_cache\4938_104_07_list.json,b33fb1a82e58a03df40daba3baf49209369c6c0b9b6f850fd5ed3981c838ee3d,cache_hit,,2026-07-30T02:10:47+00:00
4938,104,07,mops_api_t05st01_detail,https://mops.twse.com.tw/mops/#/web/t05st01,"{""companyId"": ""4938"", ""enterDate"": ""1040713"", ""marketKind"": ""sii"", ""serialNumber"": ""2""}",83039299c6d4992c60d0fb4975f5a0ca02f7ae3422c3613ca2c14bdf1509a1ce,raw_cache\4938_104_07_3_detail.json,bbafe5e1176be78bc8be825401899de87f8615a0ccc47657f28ff3bfb463d9b2,cache_hit,,2026-07-30T02:10:47+00:00
4938,104,09,mops_api_t05st01,https://mops.twse.com.tw/mops/#/web/t05st01,"{""companyId"": ""4938"", ""firstDay"": """", ""lastDay"": """", ""month"": ""09"", ""year"": ""104""}",4ac6d7e1f7485676614e4b308762e7b09d4f441f428e09b827ddfa1b9ffa57be,raw_cache\4938_104_09_list.json,8310148af113831e11d1827168558a48c557563037d725f856f143dc80eec5a6,cache_hit,,2026-07-30T02:10:47+00:00
4938,104,10,mops_api_t05st01,https://mops.twse.com.tw/mops/#/web/t05st01,"{""companyId"": ""4938"", ""firstDay"": """", ""lastDay"": """", ""month"": ""10"", ""year"": ""104""}",cd71ba3008eb7b9d11402e37709400a918ea402b7c98013b648da48bfd616243,raw_cache\4938_104_10_list.json,2f83f150165a9cf02c0a091dec7586871a6e7c5ac559cb6c433799bc0b808602,cache_hit,,2026-07-30T02:10:47+00:00
4938,104,10,mops_api_t05st01_detail,https://mops.twse.com.tw/mops/#/web/t05st01,"{""companyId"": ""4938"", ""enterDate"": ""1041015"", ""marketKind"": ""sii"", ""serialNumber"": ""1""}",827235b48d6791db9b1a39b95899a6633f23546049acf598c3551d22b1e9173d,raw_cache\4938_104_10_1_detail.json,40b06f9d0f2b59b4aef4372912d1e2325c2da1d38cce6c1250e0ae624f503c65,cache_hit,,2026-07-30T02:10:47+00:00
4938,104,10,mops_api_t05st01_detail,https://mops.twse.com.tw/mops/#/web/t05st01,"{""companyId"": ""4938"", ""enterDate"": ""1041022"", ""marketKind"": ""sii"", ""serialNumber"": ""1""}",ec3ff804130f8da9751bcd283ecd38560de101f1dcba758e64934c6b85e426f8,raw_cache\4938_104_10_4_detail.json,422b9eb610bf7d4a058eb8d783094eec4c1deb69728f1a655f44c60701800b63,cache_hit,,2026-07-30T02:10:47+00:00
4938,104,11,mops_api_t05st01,https://mops.twse.com.tw/mops/#/web/t05st01,"{""companyId"": ""4938"", ""firstDay"": """", ""lastDay"": """", ""month"": ""11"", ""year"": ""104""}",9b66eee150e56719cb64612dc855ce392898dbc7730909e83f96c112b25203be,raw_cache\4938_104_11_list.json,a5548ad1bf0c524ae0b910037bbc08da80cede6c5cd6913d36d45c26f7058f36,cache_hit,,2026-07-30T02:10:47+00:00
4938,104,11,mops_api_t05st01_detail,https://mops.twse.com.tw/mops/#/web/t05st01,"{""companyId"": ""4938"", ""enterDate"": ""1041109"", ""marketKind"": ""sii"", ""serialNumber"": ""2""}",00aa637abbc5cb4886fb6b8d87f64a6470bc2fb810f0f3082fdadbec128e1aee,raw_cache\4938_104_11_1_detail.json,7cefa3c4d974906702eb1a0a73be4929895b980a47aa2f4b1cc08190a481191a,cache_hit,,2026-07-30T02:10:47+00:00
4938,104,11,mops_api_t05st01_detail,https://mops.twse.com.tw/mops/#/web/t05st01,"{""companyId"": ""4938"", ""enterDate"": ""1041109"", ""marketKind"": ""sii"", ""serialNumber"": ""1""}",15a643da15dc693377518ea4b14c13318446bbe0b9a3cf9646e2af69ce4d1114,raw_cache\4938_104_11_2_detail.json,e0c23d132edfa9474c7593385312d2a4889b7cdb79f1cacfa13627baf8ad28f7,cache_hit,,2026-07-30T02:10:47+00:00
4938,104,12,mops_api_t05st01,https://mops.twse.com.tw/mops/#/web/t05st01,"{""companyId"": ""4938"", ""firstDay"": """", ""lastDay"": """", ""month"": ""12"", ""year"": ""104""}",13c903d8a89a9492363ccac293e6065b1524bdc46d39239df953ec57a685db0a,raw_cache\4938_104_12_list.json,c13b6f4805e416c9707a9a782ddfc8f653b7534fea159e3432b31443daf9418a,cache_hit,,2026-07-30T02:10:47+00:00
4938,105,10,mops_api_t05st01,https://mops.twse.com.tw/mops/#/web/t05st01,"{""companyId"": ""4938"", ""firstDay"": """", ""lastDay"": """", ""month"": ""10"", ""year"": ""105""}",492fbd7b116ca9a4ee7a5d2cc7bcaba3c0a7148b8f890bc1b291d158d9b2f031,raw_cache\4938_105_10_list.json,12f88ee391de59c5a5c3695b4dda706c0c2dd166b5b6831656e5a6b80f8488bf,cache_hit,,2026-07-30T02:10:47+00:00
4938,105,10,mops_api_t05st01_detail,https://mops.twse.com.tw/mops/#/web/t05st01,"{""companyId"": ""4938"", ""enterDate"": ""1051007"", ""marketKind"": ""sii"", ""serialNumber"": ""1""}",fe4a3a707e52e4cc74e30ecc7d699d35b1a3c36a0b0553eff13867b4e5e40465,raw_cache\4938_105_10_1_detail.json,720d1cea929df30099637fe948ecc411a4c46ab1c4c45e71fd2073060771f99b,cache_hit,,2026-07-30T02:10:47+00:00
4938,105,11,mops_api_t05st01,https://mops.twse.com.tw/mops/#/web/t05st01,"{""companyId"": ""4938"", ""firstDay"": """", ""lastDay"": """", ""month"": ""11"", ""year"": ""105""}",73cf380d60ae8c160b7fed03b629e906e95e00e8edafab8f77796739189d6454,raw_cache\4938_105_11_list.json,877a530e23d776414b36f997ba2803b0479be4dffe37936c87d41d2ef6bdabf1,cache_hit,,2026-07-30T02:10:47+00:00
4938,105,11,mops_api_t05st01_detail,https://mops.twse.com.tw/mops/#/web/t05st01,"{""companyId"": ""4938"", ""enterDate"": ""1051109"", ""marketKind"": ""sii"", ""serialNumber"": ""1""}",f5ef989219c160ba76b3145935508445dec8baebd2bdb53dcedd24d526a9e074,raw_cache\4938_105_11_1_detail.json,74ea614edcf6d951f0de0c55f05d0dbc4f598d2429440fb52c08ebe4763a451e,cache_hit,,2026-07-30T02:10:47+00:00
4938,105,11,mops_api_t05st01_detail,https://mops.twse.com.tw/mops/#/web/t05st01,"{""companyId"": ""4938"", ""enterDate"": ""1051110"", ""marketKind"": ""sii"", ""serialNumber"": ""1""}",c12c46a3355086f74f8cb1c2c6b1a8b9dafc4df326304b26eb321ecb7c838c6a,raw_cache\4938_105_11_2_detail.json,560c99ba11820a7aefa70e92acb15a30e40661927caea83846c263d3738a68e6,cache_hit,,2026-07-30T02:10:47+00:00
4938,105,12,mops_api_t05st01,https://mops.twse.com.tw/mops/#/web/t05st01,"{""companyId"": ""4938"", ""firstDay"": """", ""lastDay"": """", ""month"": ""12"", ""year"": ""105""}",c6cbf5cde5358b336a20948f1d31be2cb124d95934c10abf23319da36acda81e,raw_cache\4938_105_12_list.json,60c56d5e8f26305dbae8c69d149a31e08885cb00b9b19c17a45ae44d01f85099,cache_hit,,2026-07-30T02:10:47+00:00
4938,106,01,mops_api_t05st01,https://mops.twse.com.tw/mops/#/web/t05st01,"{""companyId"": ""4938"", ""firstDay"": """", ""lastDay"": """", ""month"": ""01"", ""year"": ""106""}",aad36f268afc78ac4d84a156f52847325cb093f4e9e26165aa35cc0ff191e50b,raw_cache\4938_106_01_list.json,171d692527d8f6919fe58976a96ee36ca37e5e649ea1a807f2aa27b710ffa480,cache_hit,,2026-07-30T02:10:47+00:00
4938,106,01,mops_api_t05st01_detail,https://mops.twse.com.tw/mops/#/web/t05st01,"{""companyId"": ""4938"", ""enterDate"": ""1060117"", ""marketKind"": ""sii"", ""serialNumber"": ""1""}",ef2bb1d204c700e3ea72dc451f1064aa8739847e93b166e8092580d2f7a80595,raw_cache\4938_106_01_0_detail.json,f409e1c16bd3750756b905d07567b46e52fb00932ed4228c27e17cf5f97a4796,cache_hit,,2026-07-30T02:10:47+00:00
4938,107,02,mops_api_t05st01,https://mops.twse.com.tw/mops/#/web/t05st01,"{""companyId"": ""4938"", ""firstDay"": """", ""lastDay"": """", ""month"": ""02"", ""year"": ""107""}",10099800dc8c619c29878e3277dc68e79a3b959e2953df2b975c1f6f5fa82d5e,raw_cache\4938_107_02_list.json,ff14beadcb755ff099487b555546a0d4223389c780aaba6909f2b0a0ac9bf3ab,cache_hit,,2026-07-30T02:10:47+00:00
4938,107,03,mops_api_t05st01,https://mops.twse.com.tw/mops/#/web/t05st01,"{""companyId"": ""4938"", ""firstDay"": """", ""lastDay"": """", ""month"": ""03"", ""year"": ""107""}",36c28060a59c9190bc004368a4d490d341a1433605c3e55025674df94dd94180,raw_cache\4938_107_03_list.json,1176fe9654faf6055d95ef7adb1cb77bcd3ba8f5bb3abdfb1f641eaee05b2659,cache_hit,,2026-07-30T02:10:47+00:00
4938,107,03,mops_api_t05st01_detail,https://mops.twse.com.tw/mops/#/web/t05st01,"{""companyId"": ""4938"", ""enterDate"": ""1070314"", ""marketKind"": ""sii"", ""serialNumber"": ""4""}",24afa4fa01bb36b3ad3a828428771aee024e2d605a9e310f0833175f3f27ea14,raw_cache\4938_107_03_3_detail.json,0cf281b7ada46c6d83d41bf3c8be45bab7b9fe1d01d00c471af07d96d3e23a94,cache_hit,,2026-07-30T02:10:47+00:00
4938,107,03,mops_api_t05st01_detail,https://mops.twse.com.tw/mops/#/web/t05st01,"{""companyId"": ""4938"", ""enterDate"": ""1070314"", ""marketKind"": ""sii"", ""serialNumber"": ""1""}",2fa5f930cc097b15c0308e260590bf69052ace15c137bf77311d072d2ef020e9,raw_cache\4938_107_03_4_detail.json,ca4d5d6c0daae3acc79179840ab8ba0309fc79bba0bb7dd0fc5e97f6c246a43f,cache_hit,,2026-07-30T02:10:47+00:00
4938,107,03,mops_api_t05st01_detail,https://mops.twse.com.tw/mops/#/web/t05st01,"{""companyId"": ""4938"", ""enterDate"": ""1070315"", ""marketKind"": ""sii"", ""serialNumber"": ""3""}",f1c86b7160b83867510952aaa194d02d4e2948cfdc68b754063292a3886b382b,raw_cache\4938_107_03_7_detail.json,89b54d29677e2dca31d1c34f4467647d574d3362f121aa5aea2997f2ccddbe99,cache_hit,,2026-07-30T02:10:47+00:00
4938,107,04,mops_api_t05st01,https://mops.twse.com.tw/mops/#/web/t05st01,"{""companyId"": ""4938"", ""firstDay"": """", ""lastDay"": """", ""month"": ""04"", ""year"": ""107""}",213e37189fe8b2bdc1a8f2c4b97dc5eff527b963bcf5732cf5fcde950eb6b54a,raw_cache\4938_107_04_list.json,ac3bfdbf10f076b5a71ab4a4c38abe0bce1c99d31558428751cf7b873df7395c,cache_hit,,2026-07-30T02:10:47+00:00
4952,111,02,mops_api_t05st01,https://mops.twse.com.tw/mops/#/web/t05st01,"{""companyId"": ""4952"", ""firstDay"": """", ""lastDay"": """", ""month"": ""02"", ""year"": ""111""}",2313e51398190756d1e0e1215c89d189a1314f339ef52eed9b6cd0e4363ff875,raw_cache\4952_111_02_list.json,cba6c9873550e7cc007d382a6d1aff9f72a320ad89ede06f7f7395e442b27585,cache_hit,,2026-07-30T02:10:47+00:00
4952,111,02,mops_api_t05st01_detail,https://mops.twse.com.tw/mops/#/web/t05st01,"{""companyId"": ""4952"", ""enterDate"": ""1110214"", ""marketKind"": ""sii"", ""serialNumber"": ""1""}",148b0188e71d6f1041cbb87924727cf3bc41a2be19586cf5f2a05002bd81131e,raw_cache\4952_111_02_1_detail.json,f6856af09426bcda28faf7854523e77a0958b15cecea361b6aa81a77cd2f4717,cache_hit,,2026-07-30T02:10:47+00:00
4952,111,02,mops_api_t05st01_detail,https://mops.twse.com.tw/mops/#/web/t05st01,"{""companyId"": ""4952"", ""enterDate"": ""1110223"", ""marketKind"": ""sii"", ""serialNumber"": ""1""}",b78d12df342b9bbb12fa4c72c6ff74f9d2dbf22c89cf9375bd007fa26200978d,raw_cache\4952_111_02_2_detail.json,7e05470786fdb463109883ca02bf3d271d698c95368020301f5535cb750482ef,cache_hit,,2026-07-30T02:10:47+00:00
4952,111,03,mops_api_t05st01,https://mops.twse.com.tw/mops/#/web/t05st01,"{""companyId"": ""4952"", ""firstDay"": """", ""lastDay"": """", ""month"": ""03"", ""year"": ""111""}",a988b30f22ff334b09ba1f324332539671f46998ed977eee4426b6fb999d48f2,raw_cache\4952_111_03_list.json,88e480cdbb79141ee521a59ef57bae430ed6ba5bf11bbb7da1ec2c9bb2902740,cache_hit,,2026-07-30T02:10:47+00:00
4952,111,04,mops_api_t05st01,https://mops.twse.com.tw/mops/#/web/t05st01,"{""companyId"": ""4952"", ""firstDay"": """", ""lastDay"": """", ""month"": ""04"", ""year"": ""111""}",c7cfe32b09d6575a62e5b0e157db794ed32d4e2a3fbe376a8e8d236b10e3e850,raw_cache\4952_111_04_list.json,8cd6b3a8fdd70aad6ccb2705d9b8df42c1df13d59c3f8e700de977478e654475,cache_hit,,2026-07-30T02:10:47+00:00
4952,111,05,mops_api_t05st01,https://mops.twse.com.tw/mops/#/web/t05st01,"{""companyId"": ""4952"", ""firstDay"": """", ""lastDay"": """", ""month"": ""05"", ""year"": ""111""}",be21f71cd6ef0b132b5c11b14e7ddd6d8c6c7b8d6cac194e9f81c58aadef6569,raw_cache\4952_111_05_list.json,041252be56d6fee885578f9ad859763ee7f4a2b91d917d4313cd480fc9ebef6c,cache_hit,,2026-07-30T02:10:47+00:00
4952,111,05,mops_api_t05st01_detail,https://mops.twse.com.tw/mops/#/web/t05st01,"{""companyId"": ""4952"", ""enterDate"": ""1110420"", ""marketKind"": ""sii"", ""serialNumber"": ""1""}",b120a9b95f3d4b75cd68f24e061625385f3e55a99aad34e067d3571bf95b7cab,raw_cache\4952_111_05_0_detail.json,90693b11923c2dc7c49c611e51d4f7692ba8cc481765e320d4a78ab2f1a4323a,cache_hit,,2026-07-30T02:10:47+00:00
4952,111,06,mops_api_t05st01,https://mops.twse.com.tw/mops/#/web/t05st01,"{""companyId"": ""4952"", ""firstDay"": """", ""lastDay"": """", ""month"": ""06"", ""year"": ""111""}",631dad6ac3f247528bbd9b7e687440b1ad9b51dd64c376f0c3e679df1cef2814,raw_cache\4952_111_06_list.json,90169174efd753bb60896c0afca7294d4cacefea0446b012561af676e3873682,cache_hit,,2026-07-30T02:10:47+00:00
4952,111,06,mops_api_t05st01_detail,https://mops.twse.com.tw/mops/#/web/t05st01,"{""companyId"": ""4952"", ""enterDate"": ""1110517"", ""marketKind"": ""sii"", ""serialNumber"": ""1""}",d57f6c78c384fadf42c23aa0de9f21cba6ffb14ef297dc50a12bf908d4386f3f,raw_cache\4952_111_06_0_detail.json,f62bcf9c4ebc7d876bab10e6b8f6e38f967bec293c1d62e537f329fe214402fd,cache_hit,,2026-07-30T02:10:47+00:00
4958,108,03,mops_api_t05st01,https://mops.twse.com.tw/mops/#/web/t05st01,"{""companyId"": ""4958"", ""firstDay"": """", ""lastDay"": """", ""month"": ""03"", ""year"": ""108""}",70045945afeb8ef261a4bfdb323e50a129e98c983f5e6e43c5695208b82d4ff6,raw_cache\4958_108_03_list.json,836ef66b3307f5909b90963e84a31f2bebba33f6e9a90462c2f8c2769273eb41,cache_hit,,2026-07-30T02:10:47+00:00
4958,108,03,mops_api_t05st01_detail,https://mops.twse.com.tw/mops/#/web/t05st01,"{""companyId"": ""4958"", ""enterDate"": ""1080329"", ""marketKind"": ""sii"", ""serialNumber"": ""4""}",9ab51af46cd2af4b502863d2bc46c97402bfb40aed17e28b5f76282c4ae8f5fe,raw_cache\4958_108_03_8_detail.json,a65db8228c508aaa2132230cfae797c880e2f82e8c978777d48e90d8649736b8,cache_hit,,2026-07-30T02:10:47+00:00
4958,108,03,mops_api_t05st01_detail,https://mops.twse.com.tw/mops/#/web/t05st01,"{""companyId"": ""4958"", ""enterDate"": ""1080329"", ""marketKind"": ""sii"", ""serialNumber"": ""5""}",7f98e9cdcaeedaa62ba2fcc2537c817ae5e2c98da2ae17bc5af329b9c01971e1,raw_cache\4958_108_03_10_detail.json,031ca4b29e3965e37e460909f4d63c71ef627a571f5b48a803ec01cc266dbe80,cache_hit,,2026-07-30T02:10:47+00:00
4958,108,04,mops_api_t05st01,https://mops.twse.com.tw/mops/#/web/t05st01,"{""companyId"": ""4958"", ""firstDay"": """", ""lastDay"": """", ""month"": ""04"", ""year"": ""108""}",0436497cf495806e3855f7994d8a7506a6af4263e13455cc99e9d089aafb0860,raw_cache\4958_108_04_list.json,0711a3890911252a63776866e013378592327f2724bf2f987754ff00091998fd,cache_hit,,2026-07-30T02:10:47+00:00
4958,108,05,mops_api_t05st01,https://mops.twse.com.tw/mops/#/web/t05st01,"{""companyId"": ""4958"", ""firstDay"": """", ""lastDay"": """", ""month"": ""05"", ""year"": ""108""}",a6a22ee74c663eabcaae6cf9f0e28afb6eaa420e5f3fa2b34dd260d7f6e5311d,raw_cache\4958_108_05_list.json,8b5c8b53a5451fee334eb00f8adcd69396fa24954f83ce8fd0f10c1ecbff5660,cache_hit,,2026-07-30T02:10:47+00:00
4958,108,05,mops_api_t05st01_detail,https://mops.twse.com.tw/mops/#/web/t05st01,"{""companyId"": ""4958"", ""enterDate"": ""1080510"", ""marketKind"": ""sii"", ""serialNumber"": ""1""}",6fb97d00398045ae85406a87684d6573dde891dfa75e72e21c26756f218192a9,raw_cache\4958_108_05_0_detail.json,d2a76b024e981d9d540952e8f5d0893c7efd4f9b11505ccb28c8792490ac8df3,cache_hit,,2026-07-30T02:10:47+00:00
4958,108,06,mops_api_t05st01,https://mops.twse.com.tw/mops/#/web/t05st01,"{""companyId"": ""4958"", ""firstDay"": """", ""lastDay"": """", ""month"": ""06"", ""year"": ""108""}",f6b4312fe3d71ae24d2b25d2f7b0cce5cf5cf9e86bd07d35d46521ebde0659e6,raw_cache\4958_108_06_list.json,6ccb66caaa17aa3ccdd7d6436d32678bf10dee20776d64c0bc978183e133f2fc,cache_hit,,2026-07-30T02:10:47+00:00
4958,108,06,mops_api_t05st01_detail,https://mops.twse.com.tw/mops/#/web/t05st01,"{""companyId"": ""4958"", ""enterDate"": ""1080621"", ""marketKind"": ""sii"", ""serialNumber"": ""3""}",4309856e1d419250863fda04dd42bf3ec9cce6185885d47009f8099a9e1dd4ec,raw_cache\4958_108_06_2_detail.json,9878dc89cbf1bcae6c254fd9bdefd21fa4bb61f31df5fd846e9863352bc0882d,cache_hit,,2026-07-30T02:10:47+00:00
4966,112,11,mops_api_t05st01,https://mops.twse.com.tw/mops/#/web/t05st01,"{""companyId"": ""4966"", ""firstDay"": """", ""lastDay"": """", ""month"": ""11"", ""year"": ""112""}",9eb3dc53436e133ee782fdb2b28ce2f78c974b9d54cc01cfff1c22fd3a3af046,raw_cache\4966_112_11_list.json,900f6e499aa95ab410e82c4a11660ae4fe066e56e93ab0661dc5f20362998886,cache_hit,,2026-07-30T02:10:47+00:00
4966,112,11,mops_api_t05st01_detail,https://mops.twse.com.tw/mops/#/web/t05st01,"{""companyId"": ""4966"", ""enterDate"": ""1121101"", ""marketKind"": ""otc"", ""serialNumber"": ""1""}",cd0cbf93479fa84da35aa0cd00fde0b6cad41e72e194f0e4a3a8b85392b081c6,raw_cache\4966_112_11_0_detail.json,f726682414d6ae75502bef3345141b34d5747103d4fe2fef40aa7452f391e827,cache_hit,,2026-07-30T02:10:47+00:00
4966,112,11,mops_api_t05st01_detail,https://mops.twse.com.tw/mops/#/web/t05st01,"{""companyId"": ""4966"", ""enterDate"": ""1121101"", ""marketKind"": ""otc"", ""serialNumber"": ""2""}",e612aa55561748ad14e20d8dee306ddc5e1a2d250c5db5a027aee618ac9754ef,raw_cache\4966_112_11_1_detail.json,2d69e705bf1dd782a975bb10b2540d69aaa4f5a7fe1cebf4d3724039763a1907,cache_hit,,2026-07-30T02:10:47+00:00
4966,112,11,mops_api_t05st01_detail,https://mops.twse.com.tw/mops/#/web/t05st01,"{""companyId"": ""4966"", ""enterDate"": ""1121101"", ""marketKind"": ""otc"", ""serialNumber"": ""3""}",09861bc1f984aef0ef39a39d21c74f86202f18a769abc7d8c7d0abe414bdf445,raw_cache\4966_112_11_2_detail.json,9ec9295f41a989c0750d13300e299b64ed63bd7f0a60e1741cf8047919d58ef9,cache_hit,,2026-07-30T02:10:47+00:00
4966,112,11,mops_api_t05st01_detail,https://mops.twse.com.tw/mops/#/web/t05st01,"{""companyId"": ""4966"", ""enterDate"": ""1121101"", ""marketKind"": ""otc"", ""serialNumber"": ""4""}",b5cda255c3a5920bda82918f9eb531d416eaa91ad3e5afde93bdf56e1e116884,raw_cache\4966_112_11_3_detail.json,5d3c616f8bed8a0976693b9c72273403cca7363d653b97df6435196c801c129d,cache_hit,,2026-07-30T02:10:47+00:00
4966,112,12,mops_api_t05st01,https://mops.twse.com.tw/mops/#/web/t05st01,"{""companyId"": ""4966"", ""firstDay"": """", ""lastDay"": """", ""month"": ""12"", ""year"": ""112""}",d3f8b9744a20f0969c19c38934ebfe0204ca2de78d62c6fc53b689319623de86,raw_cache\4966_112_12_list.json,f04bd7356df56f78d17e1f6a4dc194603243b5609186ec182ccdb9379c5170aa,cache_hit,,2026-07-30T02:10:47+00:00
4966,113,01,mops_api_t05st01,https://mops.twse.com.tw/mops/#/web/t05st01,"{""companyId"": ""4966"", ""firstDay"": """", ""lastDay"": """", ""month"": ""01"", ""year"": ""113""}",4ed483aaa1fb1858affce9239a79f6e79e60a2010ef515eefcc8f8a7984cf7b1,raw_cache\4966_113_01_list.json,68eb300188619981a0e74bc3033c23c667716bd944086d26a4d0c3b454f44a39,cache_hit,,2026-07-30T02:10:47+00:00
4977,108,12,mops_api_t05st01,https://mops.twse.com.tw/mops/#/web/t05st01,"{""companyId"": ""4977"", ""firstDay"": """", ""lastDay"": """", ""month"": ""12"", ""year"": ""108""}",7c92a269c1cc7d1eede22b2b6831b8c51c4a582da926b97edadc22dda68cf91b,raw_cache\4977_108_12_list.json,7aa196b97f24ba9557e7be0240678f5fd3a7f7e277a32caa590b00f63f988eed,cache_hit,,2026-07-30T02:10:47+00:00
4977,109,01,mops_api_t05st01,https://mops.twse.com.tw/mops/#/web/t05st01,"{""companyId"": ""4977"", ""firstDay"": """", ""lastDay"": """", ""month"": ""01"", ""year"": ""109""}",8c8a8dfe764296384aec1e4b717c8ab3482a8e4c651a7f25b0773ca58e0e8190,raw_cache\4977_109_01_list.json,d6f62119b2b0b06b8d7656ac11c96382112b44dc60b5df26acf76cd95f367555,cache_hit,,2026-07-30T02:10:47+00:00
4977,109,02,mops_api_t05st01,https://mops.twse.com.tw/mops/#/web/t05st01,"{""companyId"": ""4977"", ""firstDay"": """", ""lastDay"": """", ""month"": ""02"", ""year"": ""109""}",6f1cbf0a427f18f1949e666ed55c75c3410276e20a78a5794b6159449b679ca1,raw_cache\4977_109_02_list.json,0de6a17cb719c66bbf85ab3e06b72d90d77c0d8bb79a9b730aa6183aae5fcc83,cache_hit,,2026-07-30T02:10:47+00:00
4991,104,04,mops_api_t05st01,https://mops.twse.com.tw/mops/#/web/t05st01,"{""companyId"": ""4991"", ""firstDay"": """", ""lastDay"": """", ""month"": ""04"", ""year"": ""104""}",13e7211970027ffd92a99d899ffdc3a65c6c5c413002eb5a1680431279b0924a,raw_cache\4991_104_04_list.json,eb082a9d52d8f309a39c8e44398624cbea5287949b81506db9adf2090e403ee0,cache_hit,,2026-07-30T02:10:47+00:00
4991,104,05,mops_api_t05st01,https://mops.twse.com.tw/mops/#/web/t05st01,"{""companyId"": ""4991"", ""firstDay"": """", ""lastDay"": """", ""month"": ""05"", ""year"": ""104""}",caa29171f1f3b2c40417cf503a31558e42c96d20d1f4d57ef6ac8d3166d5b65a,raw_cache\4991_104_05_list.json,49fcace33a4d986ba701d7fda227d102cf238040b4c3d7f0c19ad2f6a800b413,cache_hit,,2026-07-30T02:10:47+00:00
4991,104,06,mops_api_t05st01,https://mops.twse.com.tw/mops/#/web/t05st01,"{""companyId"": ""4991"", ""firstDay"": """", ""lastDay"": """", ""month"": ""06"", ""year"": ""104""}",ae44bca015853666bee943ea2c68db74502b4f5a84f7d32cdf09779f231f8867,raw_cache\4991_104_06_list.json,41ae7df007cfd3be46bfd3be602abcce214660128e90628ae35f70b3d93e93ca,cache_hit,,2026-07-30T02:10:47+00:00
5215,109,08,mops_api_t05st01,https://mops.twse.com.tw/mops/#/web/t05st01,"{""companyId"": ""5215"", ""firstDay"": """", ""lastDay"": """", ""month"": ""08"", ""year"": ""109""}",ba52f282b14c7deaa74d7737f1e5c968a3dce5611e374635dde9d66f3a720352,raw_cache\5215_109_08_list.json,ab03d4f9ab4680743ac19ef1ab2770ed2dfd712c6c1d32b91ac30f09d162147d,cache_hit,,2026-07-30T02:10:47+00:00
5215,109,09,mops_api_t05st01,https://mops.twse.com.tw/mops/#/web/t05st01,"{""companyId"": ""5215"", ""firstDay"": """", ""lastDay"": """", ""month"": ""09"", ""year"": ""109""}",dbb2722cbfa3bf3b7293dcf8239c5a76219ea563862e510458cbf772d46a2654,raw_cache\5215_109_09_list.json,76e15c7bb69a662f17d4f4d97801ed6035be35d2b353410078d74367456bc9c3,cache_hit,,2026-07-30T02:10:47+00:00
5215,109,10,mops_api_t05st01,https://mops.twse.com.tw/mops/#/web/t05st01,"{""companyId"": ""5215"", ""firstDay"": """", ""lastDay"": """", ""month"": ""10"", ""year"": ""109""}",10a9e0204088974658c97faae783a6a921c5c01e5629ce18c2abbe8626eb2ef8,raw_cache\5215_109_10_list.json,fde8bb42403996f5f4dc1baf3aed271da5ad11aa8f3098f35abc68fb00ce712e,cache_hit,,2026-07-30T02:10:47+00:00
5215,109,11,mops_api_t05st01,https://mops.twse.com.tw/mops/#/web/t05st01,"{""companyId"": ""5215"", ""firstDay"": """", ""lastDay"": """", ""month"": ""11"", ""year"": ""109""}",0d8ec25d1265bcbebd6d6e98fd9386f3e3fbd3d4e2076d3d60296a227e0dfbce,raw_cache\5215_109_11_list.json,5f3d603b28b90cfdec3269e6c365a999374742d4b78e687686be2f63a75e2302,cache_hit,,2026-07-30T02:10:47+00:00
5215,109,11,mops_api_t05st01_detail,https://mops.twse.com.tw/mops/#/web/t05st01,"{""companyId"": ""5215"", ""enterDate"": ""1091103"", ""marketKind"": ""sii"", ""serialNumber"": ""1""}",5ca6ef3edda99e68b2d6d7be18c4ee4ca3f1ddbd4422ce5cbb100b9c3650bbe5,raw_cache\5215_109_11_0_detail.json,5d32b134414f50524f04b3c10c28fff6f445d21ac662a2c111bd9121ffa6a1c1,cache_hit,,2026-07-30T02:10:47+00:00
5347,108,03,mops_api_t05st01,https://mops.twse.com.tw/mops/#/web/t05st01,"{""companyId"": ""5347"", ""firstDay"": """", ""lastDay"": """", ""month"": ""03"", ""year"": ""108""}",8acd5eb8871fccc8c40a61b979eb1f5804c887d1d416a528d960d59d2d4b2124,raw_cache\5347_108_03_list.json,d8d6e4b7bc6342efb271410f870db8b04e32cb45ce06b1065c91c1dbed6fdf2e,cache_hit,,2026-07-30T02:10:47+00:00
5347,108,04,mops_api_t05st01,https://mops.twse.com.tw/mops/#/web/t05st01,"{""companyId"": ""5347"", ""firstDay"": """", ""lastDay"": """", ""month"": ""04"", ""year"": ""108""}",b1d21385ace9f73714cedb6c9c015b9fe229ec206d4ff3202d99a46a880e8bd8,raw_cache\5347_108_04_list.json,ac05c8566ec7271ddadcf2c2deedfa7ca345a1e4f48ba4adfd999d6053018885,cache_hit,,2026-07-30T02:10:47+00:00
5347,108,05,mops_api_t05st01,https://mops.twse.com.tw/mops/#/web/t05st01,"{""companyId"": ""5347"", ""firstDay"": """", ""lastDay"": """", ""month"": ""05"", ""year"": ""108""}",f398833255d665b634e94b391f5822ee4bc8992e23e6c6fa07e7c521422a2b09,raw_cache\5347_108_05_list.json,68d72f204b62b5441d68a312652905b660aba5498fe81c540a3a3a75937962e1,cache_hit,,2026-07-30T02:10:47+00:00
5425,110,01,mops_api_t05st01,https://mops.twse.com.tw/mops/#/web/t05st01,"{""companyId"": ""5425"", ""firstDay"": """", ""lastDay"": """", ""month"": ""01"", ""year"": ""110""}",3cdc6c1b3126f14025291b3146729cec2ca1494479742c0190423f4939748acc,raw_cache\5425_110_01_list.json,db004f732bd248065dc5eb883651df4e0684691dea5201d080fdb16d98cf41a9,cache_hit,,2026-07-30T02:10:47+00:00
5425,110,01,mops_api_t05st01_detail,https://mops.twse.com.tw/mops/#/web/t05st01,"{""companyId"": ""5425"", ""enterDate"": ""1100108"", ""marketKind"": ""otc"", ""serialNumber"": ""1""}",fe796ac0b9de4c647fe910b5ec9046361f3f29fde560f2606b19a542ee3326bf,raw_cache\5425_110_01_0_detail.json,cdf180617a0307a817a547d9c5f54fc62dea8f48a2d8f41aead39fdf56747188,cache_hit,,2026-07-30T02:10:47+00:00
5425,110,02,mops_api_t05st01,https://mops.twse.com.tw/mops/#/web/t05st01,"{""companyId"": ""5425"", ""firstDay"": """", ""lastDay"": """", ""month"": ""02"", ""year"": ""110""}",4553ac526c3e8404163424829c0155989f5e7003b0f87b0ae852331b9e8a86de,raw_cache\5425_110_02_list.json,e9db361f984272f3667bb417c7a26fef2929f5af61848143c2c6970a588d17b9,cache_hit,,2026-07-30T02:10:47+00:00
5425,110,02,mops_api_t05st01_detail,https://mops.twse.com.tw/mops/#/web/t05st01,"{""companyId"": ""5425"", ""enterDate"": ""1100208"", ""marketKind"": ""otc"", ""serialNumber"": ""1""}",467003095a0081cca925615253be0376b9869ebbb9f45d56078bd19664d3833e,raw_cache\5425_110_02_0_detail.json,6b2f7f150c8c348944b596edcfd593c5dd321006f227fd575aa0bb731f8a596e,cache_hit,,2026-07-30T02:10:47+00:00
5425,110,03,mops_api_t05st01,https://mops.twse.com.tw/mops/#/web/t05st01,"{""companyId"": ""5425"", ""firstDay"": """", ""lastDay"": """", ""month"": ""03"", ""year"": ""110""}",c088e2366c896049801b464f821f0fb64b3067deece27a7844b7d9c5cc8e6981,raw_cache\5425_110_03_list.json,4ce4fec5831833faefcf8e81dd64b422ba47f24a84316568da9a48f2cd802e9c,cache_hit,,2026-07-30T02:10:47+00:00
5425,110,03,mops_api_t05st01_detail,https://mops.twse.com.tw/mops/#/web/t05st01,"{""companyId"": ""5425"", ""enterDate"": ""1100308"", ""marketKind"": ""otc"", ""serialNumber"": ""1""}",be2a15aededaa8942c2743d20bc8af38bfe50f54e7b4e305d2ca323b2ec987fa,raw_cache\5425_110_03_0_detail.json,29eb7a32c09dbdcee827dd78768be46dabb716cf220a4df3dbb2c0996e2c437c,cache_hit,,2026-07-30T02:10:47+00:00
5425,110,03,mops_api_t05st01_detail,https://mops.twse.com.tw/mops/#/web/t05st01,"{""companyId"": ""5425"", ""enterDate"": ""1100326"", ""marketKind"": ""otc"", ""serialNumber"": ""7""}",2a22d041f40b88c3f6af012f2690b6e6dd38e9b1dd78b8d2c24c13ffb251a3a3,raw_cache\5425_110_03_7_detail.json,619c1ce381af3b69bd7c8842cb432d1c4f032e2ec7d6e0d00fa6a220d9962d67,cache_hit,,2026-07-30T02:10:47+00:00
5425,114,09,mops_api_t05st01,https://mops.twse.com.tw/mops/#/web/t05st01,"{""companyId"": ""5425"", ""firstDay"": """", ""lastDay"": """", ""month"": ""09"", ""year"": ""114""}",bcd057778fa6f0328883a3b30c59682e8b23f0a40a2174743289677e1e0ffbfd,raw_cache\5425_114_09_list.json,f95ccd1208d735a966c5cfd8357859895c119f598f4eb7f11b047f7223b04d9c,cache_hit,,2026-07-30T02:10:47+00:00
5425,114,10,mops_api_t05st01,https://mops.twse.com.tw/mops/#/web/t05st01,"{""companyId"": ""5425"", ""firstDay"": """", ""lastDay"": """", ""month"": ""10"", ""year"": ""114""}",1f7b6971507da8cc37837e637dd08a7c772d4589e7e2696c44e2337f5207f0a0,raw_cache\5425_114_10_list.json,aca2b87c3d264df5d85c85710872432985f5b70ec0806bd70f3fd72297596fe9,cache_hit,,2026-07-30T02:10:47+00:00
5425,114,11,mops_api_t05st01,https://mops.twse.com.tw/mops/#/web/t05st01,"{""companyId"": ""5425"", ""firstDay"": """", ""lastDay"": """", ""month"": ""11"", ""year"": ""114""}",9deeb8f20cca05b58f66fd0505618f40854ef8c480209248188f942e20040712,raw_cache\5425_114_11_list.json,a106e8015d311ce94433108d219dd6bcde6c29d40755d886df74f3eca82c8b2e,cache_hit,,2026-07-30T02:10:47+00:00
5425,114,12,mops_api_t05st01,https://mops.twse.com.tw/mops/#/web/t05st01,"{""companyId"": ""5425"", ""firstDay"": """", ""lastDay"": """", ""month"": ""12"", ""year"": ""114""}",5f0e05f14612a4b42277064a34fa6c0f0aede0a53808290a16194eda98d46487,raw_cache\5425_114_12_list.json,025d154aff5a22cb2f83291fe7831ce79ce5f44de766146176ca37d52d66d8df,cache_hit,,2026-07-30T02:10:47+00:00
5469,114,11,mops_api_t05st01,https://mops.twse.com.tw/mops/#/web/t05st01,"{""companyId"": ""5469"", ""firstDay"": """", ""lastDay"": """", ""month"": ""11"", ""year"": ""114""}",8094e3090418fe3064d69db38bd65d6b113d5b67d9c3269a0f996b93955f502c,raw_cache\5469_114_11_list.json,69e31c3c744c1a3207d66c4a2667470f0b62dc472c13fcb7c387753387dc5f8a,cache_hit,,2026-07-30T02:10:47+00:00
5469,114,12,mops_api_t05st01,https://mops.twse.com.tw/mops/#/web/t05st01,"{""companyId"": ""5469"", ""firstDay"": """", ""lastDay"": """", ""month"": ""12"", ""year"": ""114""}",4de09328391b510a1524c5aaf97581af988d3465a866f1cfec2a9c5a024594cf,raw_cache\5469_114_12_list.json,b067ff3e03738035cb7fbbb0538881e522375eee2591f2c43a15daa843b78b40,cache_hit,,2026-07-30T02:10:47+00:00
5469,115,01,mops_api_t05st01,https://mops.twse.com.tw/mops/#/web/t05st01,"{""companyId"": ""5469"", ""firstDay"": """", ""lastDay"": """", ""month"": ""01"", ""year"": ""115""}",b0a803fb0b3b0023f7a163f6dfb42bb6967da33e2b72e072ccd8b1e5d9c37022,raw_cache\5469_115_01_list.json,b067ff3e03738035cb7fbbb0538881e522375eee2591f2c43a15daa843b78b40,cache_hit,,2026-07-30T02:10:47+00:00
5469,115,02,mops_api_t05st01,https://mops.twse.com.tw/mops/#/web/t05st01,"{""companyId"": ""5469"", ""firstDay"": """", ""lastDay"": """", ""month"": ""02"", ""year"": ""115""}",4ac3a60f59fcf07d25aa8d9b01e2245353c14b2dc1726f604e3ffb05e76cc38d,raw_cache\5469_115_02_list.json,bafd143d4071a7d76a4e6ac483532cb9b39ec3b0b50dcd6ce7887999a0a2f104,cache_hit,,2026-07-30T02:10:47+00:00
5469,115,02,mops_api_t05st01_detail,https://mops.twse.com.tw/mops/#/web/t05st01,"{""companyId"": ""5469"", ""enterDate"": ""1150224"", ""marketKind"": ""sii"", ""serialNumber"": ""3""}",87439e3f748d50f9443669af276c2f1e1f5e3950133b7d385f64c7e18cebfeff,raw_cache\5469_115_02_5_detail.json,771ba3b7a13b5bfd37243106fc7d362f45e1445659468e862e6c254e1de4080b,cache_hit,,2026-07-30T02:10:47+00:00
5478,104,11,mops_api_t05st01,https://mops.twse.com.tw/mops/#/web/t05st01,"{""companyId"": ""5478"", ""firstDay"": """", ""lastDay"": """", ""month"": ""11"", ""year"": ""104""}",90c123d98750f57977d4fad8656a382bc08efad2f20252e3015eaea76923e562,raw_cache\5478_104_11_list.json,2719521e97255ccb08c2b8188daf37073ff96c81b0cae0d7cc818d94dbb6f2d3,cache_hit,,2026-07-30T02:10:47+00:00
5478,104,12,mops_api_t05st01,https://mops.twse.com.tw/mops/#/web/t05st01,"{""companyId"": ""5478"", ""firstDay"": """", ""lastDay"": """", ""month"": ""12"", ""year"": ""104""}",2fee2ecdc51ed5580ae8bdee264c0d9976d792dac68860b898db368853574112,raw_cache\5478_104_12_list.json,cae79bbea5ff0c242d16c563a260406a5c7fb6f95142954a5f5008cf69cfb53a,cache_hit,,2026-07-30T02:10:47+00:00
5478,105,01,mops_api_t05st01,https://mops.twse.com.tw/mops/#/web/t05st01,"{""companyId"": ""5478"", ""firstDay"": """", ""lastDay"": """", ""month"": ""01"", ""year"": ""105""}",63d8a9f47ab4a8908bb60cc731495ff811f1cf0fe2c4e3d7dc734a79655ac4ef,raw_cache\5478_105_01_list.json,8bdc05df6fc2d9110cee084022c517044673d1efb137fd98a4b6c62fd44f0575,cache_hit,,2026-07-30T02:10:47+00:00
5478,105,02,mops_api_t05st01,https://mops.twse.com.tw/mops/#/web/t05st01,"{""companyId"": ""5478"", ""firstDay"": """", ""lastDay"": """", ""month"": ""02"", ""year"": ""105""}",263063bbeefa680a05ff71cc903d78d5153731e077d5e105ecb16650bb39255d,raw_cache\5478_105_02_list.json,0de1e1d9465d091a9757fb5c86235344954612c9f8e9238bac833378faa0c7ce,cache_hit,,2026-07-30T02:10:47+00:00
5478,105,03,mops_api_t05st01,https://mops.twse.com.tw/mops/#/web/t05st01,"{""companyId"": ""5478"", ""firstDay"": """", ""lastDay"": """", ""month"": ""03"", ""year"": ""105""}",5fb8a756407b2ed36995d6b869ba535591f9cb4184e4dfc59ad566def1bbbf52,raw_cache\5478_105_03_list.json,b453e667fbfb8bd27e1e0f09baa68b32be509ffbdcc31edaa8fbcf920606b0a6,cache_hit,,2026-07-30T02:10:47+00:00
5478,105,03,mops_api_t05st01_detail,https://mops.twse.com.tw/mops/#/web/t05st01,"{""companyId"": ""5478"", ""enterDate"": ""1050323"", ""marketKind"": ""otc"", ""serialNumber"": ""3""}",ba0d93a69da4f49f67e0ff444713df51066e06d7763918ef332fcc81ca7d81db,raw_cache\5478_105_03_4_detail.json,982bf26bedcff0d6059e7b80684f582669a916ac38be5cbfb51e237021935d49,cache_hit,,2026-07-30T02:10:47+00:00
5478,105,04,mops_api_t05st01,https://mops.twse.com.tw/mops/#/web/t05st01,"{""companyId"": ""5478"", ""firstDay"": """", ""lastDay"": """", ""month"": ""04"", ""year"": ""105""}",3810b3f04f2172aee29c657a99d7f27a8f3dbda6703d06869b55fc2c7681b577,raw_cache\5478_105_04_list.json,c8dc5f91c7dfa311ba5ddd9a361bce7a5762f75c7a4a466184bc7ca069050e74,cache_hit,,2026-07-30T02:10:47+00:00
5490,104,05,mops_api_t05st01,https://mops.twse.com.tw/mops/#/web/t05st01,"{""companyId"": ""5490"", ""firstDay"": """", ""lastDay"": """", ""month"": ""05"", ""year"": ""104""}",d8646838095c75d2d7a347ce2a7f16cd51c0f3f315c7f38c2ed5cc8e125926d5,raw_cache\5490_104_05_list.json,95c4f1fd79e5dc0687533a92c7280f03bf1915685ed0d4084d89e7ba767571ef,cache_hit,,2026-07-30T02:10:47+00:00
5490,104,06,mops_api_t05st01,https://mops.twse.com.tw/mops/#/web/t05st01,"{""companyId"": ""5490"", ""firstDay"": """", ""lastDay"": """", ""month"": ""06"", ""year"": ""104""}",da0c685d8a8c873707c197f065c700facfe78a69e7b23f394842d97b59b5eca1,raw_cache\5490_104_06_list.json,268623d1e2b9fd4d1acb36424490895c44bc26b4bde26e75826f959179f3cc04,cache_hit,,2026-07-30T02:10:47+00:00
5490,104,06,mops_api_t05st01_detail,https://mops.twse.com.tw/mops/#/web/t05st01,"{""companyId"": ""5490"", ""enterDate"": ""1040611"", ""marketKind"": ""otc"", ""serialNumber"": ""4""}",219cfbb7f5795bd30125ab9c3e97c2305bb366c5e5deac51bc229563c905fbfb,raw_cache\5490_104_06_4_detail.json,108aba222a0cccb5c1abecc86d2b99736de12639790dd4876f638b77b18287c6,cache_hit,,2026-07-30T02:10:47+00:00
5490,104,07,mops_api_t05st01,https://mops.twse.com.tw/mops/#/web/t05st01,"{""companyId"": ""5490"", ""firstDay"": """", ""lastDay"": """", ""month"": ""07"", ""year"": ""104""}",95512a5792c125d9b0309282da89b00ca71f3d450d12c8f36bcdf85435355f65,raw_cache\5490_104_07_list.json,ec4cf407921061ddab72254425fd5753c03bca1cbf2190c3a44d0ca9589ece36,cache_hit,,2026-07-30T02:10:47+00:00
5871,108,11,mops_api_t05st01,https://mops.twse.com.tw/mops/#/web/t05st01,"{""companyId"": ""5871"", ""firstDay"": """", ""lastDay"": """", ""month"": ""11"", ""year"": ""108""}",2f20aaae25b176b1dfa2ae9870593eadd1a2c890a8a4e440459fc12d5868a368,raw_cache\5871_108_11_list.json,e36c89773f05e02d73e4ffbf15f1c0090a05baace2eb3585de02bad70144dd92,cache_hit,,2026-07-30T02:10:47+00:00
5871,108,11,mops_api_t05st01_detail,https://mops.twse.com.tw/mops/#/web/t05st01,"{""companyId"": ""5871"", ""enterDate"": ""1081122"", ""marketKind"": ""sii"", ""serialNumber"": ""2""}",41aedad79b4164d0b975ec44a71a658d624a4442d9deed0a23b85a4c2ed9e219,raw_cache\5871_108_11_8_detail.json,21fb82f0f310f150784cccbfd43e2faf5ce7833bdc68d58777666e56a6f0444b,cache_hit,,2026-07-30T02:10:47+00:00
5871,108,12,mops_api_t05st01,https://mops.twse.com.tw/mops/#/web/t05st01,"{""companyId"": ""5871"", ""firstDay"": """", ""lastDay"": """", ""month"": ""12"", ""year"": ""108""}",5f081b1463912785f5156cd6e057212a3e3b6da471ccd9b83b8bf8fa1ab20d8b,raw_cache\5871_108_12_list.json,e6646c5e064eb1ff658a01b61816c7d08f8e1a7083602f1c6ab09a47a23a3726,cache_hit,,2026-07-30T02:10:47+00:00
5871,108,12,mops_api_t05st01_detail,https://mops.twse.com.tw/mops/#/web/t05st01,"{""companyId"": ""5871"", ""enterDate"": ""1081219"", ""marketKind"": ""sii"", ""serialNumber"": ""2""}",84ab32ff5f1c08e16c323411287e2fc2545975c10d0b938bbcd4a7a0ecc067fc,raw_cache\5871_108_12_12_detail.json,03942def1f558ff0372d07d88cf2600e16e14ec5c883a704711ab8559fa87f35,cache_hit,,2026-07-30T02:10:47+00:00
5871,109,01,mops_api_t05st01,https://mops.twse.com.tw/mops/#/web/t05st01,"{""companyId"": ""5871"", ""firstDay"": """", ""lastDay"": """", ""month"": ""01"", ""year"": ""109""}",196e65fa5c570922410dcce469261d8aff578413a81fc94fcf95a65640cdcd1c,raw_cache\5871_109_01_list.json,cec2e2b2d59c1669f46e3a0f03d1e8e2cdf586565d1b0bbff1cb07b7d377e870,cache_hit,,2026-07-30T02:10:47+00:00
5871,109,01,mops_api_t05st01_detail,https://mops.twse.com.tw/mops/#/web/t05st01,"{""companyId"": ""5871"", ""enterDate"": ""1090116"", ""marketKind"": ""sii"", ""serialNumber"": ""1""}",02b3cb19ffb281367361c29bba167b34d31801cc7a4e9a56b6526f6f47f8a995,raw_cache\5871_109_01_2_detail.json,9768c5a5591080703a47ca176c0d33aa78bb08e07af0989d7a6dd84dbe55ad0e,cache_hit,,2026-07-30T02:10:47+00:00
5871,109,02,mops_api_t05st01,https://mops.twse.com.tw/mops/#/web/t05st01,"{""companyId"": ""5871"", ""firstDay"": """", ""lastDay"": """", ""month"": ""02"", ""year"": ""109""}",bf54360c93e4694ba60a6a01d0f5811109d9f68b961059a5ae09cd2c98773274,raw_cache\5871_109_02_list.json,8fb1abec52035240e490d86c2fb78590643274063fc9bac171c9c9dbfb86a337,cache_hit,,2026-07-30T02:10:47+00:00
5871,109,02,mops_api_t05st01_detail,https://mops.twse.com.tw/mops/#/web/t05st01,"{""companyId"": ""5871"", ""enterDate"": ""1090221"", ""marketKind"": ""sii"", ""serialNumber"": ""1""}",3a96928a9806da98e3a069b5c3f697995eb30fdda6a736b234b756cb6f45f171,raw_cache\5871_109_02_8_detail.json,3e13d31b23664b1310bc4af50eb786a4a71ba218532261876cdc509a2fc57995,cache_hit,,2026-07-30T02:10:47+00:00
5871,110,06,mops_api_t05st01,https://mops.twse.com.tw/mops/#/web/t05st01,"{""companyId"": ""5871"", ""firstDay"": """", ""lastDay"": """", ""month"": ""06"", ""year"": ""110""}",aa6104e7d26841195415a5cc0370fc1b9770184453d7fc4e21283ecfbeb5122b,raw_cache\5871_110_06_list.json,e67f810dce36f1b8c8cdae50b15d04da40c5cfe0e09a2029e39354e0c1981140,cache_hit,,2026-07-30T02:10:47+00:00
5871,110,06,mops_api_t05st01_detail,https://mops.twse.com.tw/mops/#/web/t05st01,"{""companyId"": ""5871"", ""enterDate"": ""1100618"", ""marketKind"": ""sii"", ""serialNumber"": ""1""}",a347541d35bb2d153b8e2f9e20156054c7e786ab096b12f01df642eb3dd9470f,raw_cache\5871_110_06_11_detail.json,22e06df2291d5b6690158918be5334e978f29c3a77a19de28f4fd219a3442a10,cache_hit,,2026-07-30T02:10:47+00:00
5871,110,07,mops_api_t05st01,https://mops.twse.com.tw/mops/#/web/t05st01,"{""companyId"": ""5871"", ""firstDay"": """", ""lastDay"": """", ""month"": ""07"", ""year"": ""110""}",c4d7e1802d54d8cbd3b641fecfa45bec7c44a84ceb625b1a49dfb505d7f54c86,raw_cache\5871_110_07_list.json,226e8de96d59eb833f2c00c54e00a4cdb76dd862ac2522651dcd89c89e57558d,cache_hit,,2026-07-30T02:10:47+00:00
5871,110,07,mops_api_t05st01_detail,https://mops.twse.com.tw/mops/#/web/t05st01,"{""companyId"": ""5871"", ""enterDate"": ""1100707"", ""marketKind"": ""sii"", ""serialNumber"": ""1""}",9a8b7f7b2a2e70fc4fef14fe56ffd1d1f479463ab1f3872c2515c920470c98b9,raw_cache\5871_110_07_5_detail.json,5c1b6f06be0cd68c0132051c2857dc2a6684eb7d321c00d5f83e2355140468f7,cache_hit,,2026-07-30T02:10:47+00:00
5871,110,07,mops_api_t05st01_detail,https://mops.twse.com.tw/mops/#/web/t05st01,"{""companyId"": ""5871"", ""enterDate"": ""1100708"", ""marketKind"": ""sii"", ""serialNumber"": ""1""}",709edb8923246383c0f1b3907b16eae230bf2646b7f8a7a6187cfb1eb03ffd8a,raw_cache\5871_110_07_6_detail.json,8031408271a25ed1e129006fd3b3e4c3eecc8d4dbdca99d4d5b3fa7a834bdf1f,cache_hit,,2026-07-30T02:10:47+00:00
5871,110,07,mops_api_t05st01_detail,https://mops.twse.com.tw/mops/#/web/t05st01,"{""companyId"": ""5871"", ""enterDate"": ""1100715"", ""marketKind"": ""sii"", ""serialNumber"": ""6""}",1cf0e4daa6aa749c216fc47fc037891c1711c8acd83122e9df88f4916a20c3bb,raw_cache\5871_110_07_15_detail.json,f5feddfe785f2b07a1eed70bcd285028865a4be48ff531db57866508664090c9,cache_hit,,2026-07-30T02:10:47+00:00
5871,110,07,mops_api_t05st01_detail,https://mops.twse.com.tw/mops/#/web/t05st01,"{""companyId"": ""5871"", ""enterDate"": ""1100720"", ""marketKind"": ""sii"", ""serialNumber"": ""1""}",c3211d0ddef1cc9989350702f5aa7b54151d63b21201a9e05fa8f30cbbdb6fb9,raw_cache\5871_110_07_19_detail.json,e465faf6591417d41e1b2807e45ad1226f99f23b28f11bad72577acd35ebf71a,cache_hit,,2026-07-30T02:10:47+00:00
5871,110,07,mops_api_t05st01_detail,https://mops.twse.com.tw/mops/#/web/t05st01,"{""companyId"": ""5871"", ""enterDate"": ""1100721"", ""marketKind"": ""sii"", ""serialNumber"": ""1""}",100046e1c913d300a83a7861835c5ee7fa10118731f4f2cdd974f249d17cce5b,raw_cache\5871_110_07_21_detail.json,10ec042175f784d76d6bbe213a5debb25e27db9fe364bb8b98815db8748a3a99,cache_hit,,2026-07-30T02:10:47+00:00
5871,110,08,mops_api_t05st01,https://mops.twse.com.tw/mops/#/web/t05st01,"{""companyId"": ""5871"", ""firstDay"": """", ""lastDay"": """", ""month"": ""08"", ""year"": ""110""}",f5fda3e9af401088f4cdb9fdda20cf05bf08f0bfc6e6a19b52ffc89f20c7480e,raw_cache\5871_110_08_list.json,8ff2548d81a138e7cb556e971f35e1547a45d16a9509136fd3878612e3635306,cache_hit,,2026-07-30T02:10:47+00:00
5871,110,08,mops_api_t05st01_detail,https://mops.twse.com.tw/mops/#/web/t05st01,"{""companyId"": ""5871"", ""enterDate"": ""1100805"", ""marketKind"": ""sii"", ""serialNumber"": ""1""}",2a65475bfd7335bd3d2ff645c4ec041d305fda6dc8848826f8ee9c23ec880dd1,raw_cache\5871_110_08_1_detail.json,90d27141ac070b8ab57407a5fd24663913ee7ae1be4eea5837ef03bb141f02e2,cache_hit,,2026-07-30T02:10:47+00:00
5871,110,08,mops_api_t05st01_detail,https://mops.twse.com.tw/mops/#/web/t05st01,"{""companyId"": ""5871"", ""enterDate"": ""1100819"", ""marketKind"": ""sii"", ""serialNumber"": ""1""}",165b7cbb985ab43a29a75033409ebd6cc262b348deef92d053d4d2bd529e3a1b,raw_cache\5871_110_08_8_detail.json,b8425c2fd8b1f37b1771859a09ade0bb38f22a58423adb534d6491d3123daec4,cache_hit,,2026-07-30T02:10:47+00:00
5871,110,08,mops_api_t05st01_detail,https://mops.twse.com.tw/mops/#/web/t05st01,"{""companyId"": ""5871"", ""enterDate"": ""1100823"", ""marketKind"": ""sii"", ""serialNumber"": ""1""}",fc2284266c34b523dfdf307776c1fe0692d202f90e923465f062fb0ef0d23a56,raw_cache\5871_110_08_9_detail.json,c37f26665a29a0cf0568cf6e7fd2a3fffe4aa7757e5d666c2d224c6170042a10,cache_hit,,2026-07-30T02:10:47+00:00
5871,110,08,mops_api_t05st01_detail,https://mops.twse.com.tw/mops/#/web/t05st01,"{""companyId"": ""5871"", ""enterDate"": ""1100823"", ""marketKind"": ""sii"", ""serialNumber"": ""3""}",04e68e89808b615f72b280e600ba25c4fb4b5c2027de82718ae01457e1003347,raw_cache\5871_110_08_10_detail.json,cb84e27b61857ce74974273abd740786f5884af25a5c6440c72c85cfe1a75e0d,cache_hit,,2026-07-30T02:10:47+00:00
5871,110,08,mops_api_t05st01_detail,https://mops.twse.com.tw/mops/#/web/t05st01,"{""companyId"": ""5871"", ""enterDate"": ""1100824"", ""marketKind"": ""sii"", ""serialNumber"": ""1""}",43ead546a71b09c8cc128f1d14666287d9033232ffc67ad19a04c36c9af7b0aa,raw_cache\5871_110_08_11_detail.json,d81646e51811d574ac649658b58520a541cf659475f5d0009155e3114da0176b,cache_hit,,2026-07-30T02:10:47+00:00
5871,110,08,mops_api_t05st01_detail,https://mops.twse.com.tw/mops/#/web/t05st01,"{""companyId"": ""5871"", ""enterDate"": ""1100826"", ""marketKind"": ""sii"", ""serialNumber"": ""1""}",951c12b23dcf7d5c23b7a56b5441f5d38e28eb368ed3a7cc41ef374a8a2bc59d,raw_cache\5871_110_08_15_detail.json,84038a1546473ea85597afdd18867243c518d88931206d994c29873c920a74d7,cache_hit,,2026-07-30T02:10:47+00:00
5871,110,09,mops_api_t05st01,https://mops.twse.com.tw/mops/#/web/t05st01,"{""companyId"": ""5871"", ""firstDay"": """", ""lastDay"": """", ""month"": ""09"", ""year"": ""110""}",b24df0dc50ad3b9e992a35943033b0fef3ba763250edc8cb23be9f5b01c0277e,raw_cache\5871_110_09_list.json,b88aa8e6c49977c690ecd5f8a765eba2265557b381e4f41d6c51a28b644e1768,cache_hit,,2026-07-30T02:10:47+00:00
5871,110,09,mops_api_t05st01_detail,https://mops.twse.com.tw/mops/#/web/t05st01,"{""companyId"": ""5871"", ""enterDate"": ""1100923"", ""marketKind"": ""sii"", ""serialNumber"": ""3""}",97079f4d3032d2e03b07df45199a0aa09b439e3ac496f72c92547edf2cf24d4e,raw_cache\5871_110_09_8_detail.json,3d74778ea35427948a805264707e129b9261d83bb66eedb253a684d4cb727224,cache_hit,,2026-07-30T02:10:47+00:00
5871,110,09,mops_api_t05st01_detail,https://mops.twse.com.tw/mops/#/web/t05st01,"{""companyId"": ""5871"", ""enterDate"": ""1100928"", ""marketKind"": ""sii"", ""serialNumber"": ""1""}",03384ad8039c16af97b57329e49f262346ac489f67f97f7123aaeff5d9de92f6,raw_cache\5871_110_09_10_detail.json,480c62c7941eb62fbe7ad3e6a5eb624208e6ca89a767354fa3aa200ea177884e,cache_hit,,2026-07-30T02:10:47+00:00
5871,110,09,mops_api_t05st01_detail,https://mops.twse.com.tw/mops/#/web/t05st01,"{""companyId"": ""5871"", ""enterDate"": ""1100929"", ""marketKind"": ""sii"", ""serialNumber"": ""1""}",3211e06d3c5fa854bdb1e22b43eb4d85df603c6d91f8d4d79ab44dd7125da779,raw_cache\5871_110_09_12_detail.json,6b09e4970e71f3a44be860fc5e467b27c5040eb2d216b436dc4be8d3d32c9bdf,cache_hit,,2026-07-30T02:10:47+00:00
5871,110,09,mops_api_t05st01_detail,https://mops.twse.com.tw/mops/#/web/t05st01,"{""companyId"": ""5871"", ""enterDate"": ""1100929"", ""marketKind"": ""sii"", ""serialNumber"": ""2""}",cc2fd5d8a8ab6a5f5957008df8d656b0fd56706dad3d680bb9852c46f637a169,raw_cache\5871_110_09_13_detail.json,1a71d4a790707a57cad1ffcb9bf497706a2e8038a6613ae9f24dae2236cdf513,cache_hit,,2026-07-30T02:10:47+00:00
5871,110,10,mops_api_t05st01,https://mops.twse.com.tw/mops/#/web/t05st01,"{""companyId"": ""5871"", ""firstDay"": """", ""lastDay"": """", ""month"": ""10"", ""year"": ""110""}",1d7c878bcf01f3bcb47a532d1953d94625208f2e846da63c29af7a8a42de093f,raw_cache\5871_110_10_list.json,27110343d8a2a530e64f2375669b898aa95927397b5b002cbec8becfa4954561,cache_hit,,2026-07-30T02:10:47+00:00
5871,110,10,mops_api_t05st01_detail,https://mops.twse.com.tw/mops/#/web/t05st01,"{""companyId"": ""5871"", ""enterDate"": ""1101018"", ""marketKind"": ""sii"", ""serialNumber"": ""3""}",5e2b400e78be9c0ea6ded1bc3fca9df8a041b432176b26ea47ef5baa7c153673,raw_cache\5871_110_10_6_detail.json,8de8d94cc0569dc736a13885c1e1481029a44482e455936fb3b14d773d0d7be8,cache_hit,,2026-07-30T02:10:47+00:00
5871,110,10,mops_api_t05st01_detail,https://mops.twse.com.tw/mops/#/web/t05st01,"{""companyId"": ""5871"", ""enterDate"": ""1101021"", ""marketKind"": ""sii"", ""serialNumber"": ""1""}",16f0ddb4292790d70bc7160dc662c8f5290d76a099aa6b6661f1bfae7d575026,raw_cache\5871_110_10_10_detail.json,b930ea9abd54a4fa1b3b9f564b50b9130fd40c97047d93c50bf446a8aee5e869,cache_hit,,2026-07-30T02:10:47+00:00
5871,110,11,mops_api_t05st01,https://mops.twse.com.tw/mops/#/web/t05st01,"{""companyId"": ""5871"", ""firstDay"": """", ""lastDay"": """", ""month"": ""11"", ""year"": ""110""}",0158c8ceff78761d2af78a3048c6083c941497aa05db311d5b92581c2b10a96d,raw_cache\5871_110_11_list.json,2c5d519840097fe58e9abb03d620286c9f1d477feae1e9bd957388de25dd5374,cache_hit,,2026-07-30T02:10:47+00:00
5871,110,11,mops_api_t05st01_detail,https://mops.twse.com.tw/mops/#/web/t05st01,"{""companyId"": ""5871"", ""enterDate"": ""1101109"", ""marketKind"": ""sii"", ""serialNumber"": ""1""}",def570409d28def87df20c6662d6d113a214f368127676ca4dcbfb56066f41fb,raw_cache\5871_110_11_8_detail.json,5f52a44a9c4750016f70215585b3a2f1012ffda72e92c8c63f3448a4ca535746,cache_hit,,2026-07-30T02:10:47+00:00
5871,110,11,mops_api_t05st01_detail,https://mops.twse.com.tw/mops/#/web/t05st01,"{""companyId"": ""5871"", ""enterDate"": ""1101119"", ""marketKind"": ""sii"", ""serialNumber"": ""1""}",d890d3459adee6e9b9443fdb6aabbdaa429c91353fdb0beaa2eb378989e96c87,raw_cache\5871_110_11_15_detail.json,1244860b5b81428df1c41a142c71f8d060768c89c645f62c9be18506a98b22bb,cache_hit,,2026-07-30T02:10:47+00:00
5871,111,04,mops_api_t05st01,https://mops.twse.com.tw/mops/#/web/t05st01,"{""companyId"": ""5871"", ""firstDay"": """", ""lastDay"": """", ""month"": ""04"", ""year"": ""111""}",69d2447a8ea21bc9e0cc7da2381b9d699e8b1e34496421e66fd78f8f4984dde4,raw_cache\5871_111_04_list.json,9e227b86b7926bf8c88be16d62d42721c5272cebcb18957c01a09cb02fb3a3c2,cache_hit,,2026-07-30T02:10:47+00:00
5871,111,04,mops_api_t05st01_detail,https://mops.twse.com.tw/mops/#/web/t05st01,"{""companyId"": ""5871"", ""enterDate"": ""1110415"", ""marketKind"": ""sii"", ""serialNumber"": ""1""}",f6fd349b8142259d94396a63c7719424a61c0c32bdd4523da5a96359954688d5,raw_cache\5871_111_04_5_detail.json,2c2cb05d38e10f16c50ffdad65ef4a2acb95de8fa45ead5472da6de54a8ae0dc,cache_hit,,2026-07-30T02:10:47+00:00
5871,111,04,mops_api_t05st01_detail,https://mops.twse.com.tw/mops/#/web/t05st01,"{""companyId"": ""5871"", ""enterDate"": ""1110421"", ""marketKind"": ""sii"", ""serialNumber"": ""1""}",844146f6583b7b47a481962652f2b97cfc2cc44548ead22259352bbecacc3635,raw_cache\5871_111_04_9_detail.json,1da8a3b63137c3fcd2a4ed3b495155605c513fdc50a6a783a64e2d078aa7f3a6,cache_hit,,2026-07-30T02:10:47+00:00
5871,111,05,mops_api_t05st01,https://mops.twse.com.tw/mops/#/web/t05st01,"{""companyId"": ""5871"", ""firstDay"": """", ""lastDay"": """", ""month"": ""05"", ""year"": ""111""}",c19796e047527586690209daadc19e00e0e8b90cbd7cfcbf0351483e02b77aa9,raw_cache\5871_111_05_list.json,0f28b825859ee41fd240add3e266ee522a2d78c36156ee828ce693d8c985a8f8,cache_hit,,2026-07-30T02:10:47+00:00
5871,111,05,mops_api_t05st01_detail,https://mops.twse.com.tw/mops/#/web/t05st01,"{""companyId"": ""5871"", ""enterDate"": ""1110511"", ""marketKind"": ""sii"", ""serialNumber"": ""1""}",9cb1854c904932e024f201c13bf77e9917ef60e5b509040f8b1f567759ab11cd,raw_cache\5871_111_05_4_detail.json,48f337fc816bc6cb4d6d9f2a10c240afc1dd628f00a4075f6eb00200bdb50756,cache_hit,,2026-07-30T02:10:47+00:00
5871,111,05,mops_api_t05st01_detail,https://mops.twse.com.tw/mops/#/web/t05st01,"{""companyId"": ""5871"", ""enterDate"": ""1110524"", ""marketKind"": ""sii"", ""serialNumber"": ""2""}",b97c0bf9b55022ae2259f5f193120999b5135d5fca7e665e04ee35d4599eee0a,raw_cache\5871_111_05_14_detail.json,2929c047a59ab9e80f9a75b0d45cbeb6227d782f021f507f57ea719de217b264,cache_hit,,2026-07-30T02:10:47+00:00
5871,111,05,mops_api_t05st01_detail,https://mops.twse.com.tw/mops/#/web/t05st01,"{""companyId"": ""5871"", ""enterDate"": ""1110523"", ""marketKind"": ""sii"", ""serialNumber"": ""1""}",4f6cb11bd9100340e70917309288ffdb170399f3f013cd0a08470c7e1eeaaf45,raw_cache\5871_111_05_15_detail.json,071e0901775a7249dccce30526005b3c37f921c0d233fb36d52e692b152587e4,cache_hit,,2026-07-30T02:10:47+00:00
5871,111,06,mops_api_t05st01,https://mops.twse.com.tw/mops/#/web/t05st01,"{""companyId"": ""5871"", ""firstDay"": """", ""lastDay"": """", ""month"": ""06"", ""year"": ""111""}",e7e0019c74e8cfa42c7e631ee0e3d0a1ba1cd98f769be0d9bc2c2d8e667ca09a,raw_cache\5871_111_06_list.json,b80af43eb84413ba85e0a90ae4a89fc438febc343ea2920fda27fe7605399a66,cache_hit,,2026-07-30T02:10:47+00:00
5871,111,06,mops_api_t05st01_detail,https://mops.twse.com.tw/mops/#/web/t05st01,"{""companyId"": ""5871"", ""enterDate"": ""1110606"", ""marketKind"": ""sii"", ""serialNumber"": ""1""}",3a4e3a88b69147fa8561a229ae4eaea19da79c870779f7bddc7491b3c4a08109,raw_cache\5871_111_06_0_detail.json,b499b855d1de8fd839a615f6e97eb0d4103fe4da7e31dd72e6ae5518bbce3763,cache_hit,,2026-07-30T02:10:47+00:00
5871,111,06,mops_api_t05st01_detail,https://mops.twse.com.tw/mops/#/web/t05st01,"{""companyId"": ""5871"", ""enterDate"": ""1110621"", ""marketKind"": ""sii"", ""serialNumber"": ""1""}",13cfca4735b72d51d94afd3012cdaff008f8636930220cc753e89f38ea3e035b,raw_cache\5871_111_06_7_detail.json,a198cf28fe818540fc2125704f13cc8e00bccd66ddf0177b811730fbfa21a6e5,cache_hit,,2026-07-30T02:10:47+00:00
5871,111,06,mops_api_t05st01_detail,https://mops.twse.com.tw/mops/#/web/t05st01,"{""companyId"": ""5871"", ""enterDate"": ""1110624"", ""marketKind"": ""sii"", ""serialNumber"": ""1""}",a03b56c2f527b1886cf827bf2e9751bd075c91c3ea6a08c9be4b04928469b998,raw_cache\5871_111_06_8_detail.json,5c040fcdcabdaae74bfcb18694a3613bd941b9cefc9672323f00d83d4e701dd0,cache_hit,,2026-07-30T02:10:47+00:00
5871,111,07,mops_api_t05st01,https://mops.twse.com.tw/mops/#/web/t05st01,"{""companyId"": ""5871"", ""firstDay"": """", ""lastDay"": """", ""month"": ""07"", ""year"": ""111""}",5c4ff3f35122e37cf6408dedcca11aa05076db1ab0ba212c3602807ef59a2744,raw_cache\5871_111_07_list.json,df0d094ca1936528c7f341c5a252532055d5e0ad4f5c4e01eefa5e8e70061d25,cache_hit,,2026-07-30T02:10:47+00:00
5871,111,07,mops_api_t05st01_detail,https://mops.twse.com.tw/mops/#/web/t05st01,"{""companyId"": ""5871"", ""enterDate"": ""1110711"", ""marketKind"": ""sii"", ""serialNumber"": ""3""}",cb84ed2eb4dfa3a0bd04ca028fcf5886fc186eb9f3e62faca805019f5eafb3e6,raw_cache\5871_111_07_4_detail.json,b9337e761060141ce67c68268a0fc70212061d8faba3c03b91274c4f0b70a6b2,cache_hit,,2026-07-30T02:10:47+00:00
5871,111,07,mops_api_t05st01_detail,https://mops.twse.com.tw/mops/#/web/t05st01,"{""companyId"": ""5871"", ""enterDate"": ""1110719"", ""marketKind"": ""sii"", ""serialNumber"": ""1""}",8cdced17f0cd4480288ac46ef60364c4fa7384de2d7b3030b3e964317ebf470b,raw_cache\5871_111_07_11_detail.json,51ac129260bf273d120456fbf12987a6b17f396eb4fdcfbf7f4b74955c67733b,cache_hit,,2026-07-30T02:10:47+00:00
5871,111,07,mops_api_t05st01_detail,https://mops.twse.com.tw/mops/#/web/t05st01,"{""companyId"": ""5871"", ""enterDate"": ""1110721"", ""marketKind"": ""sii"", ""serialNumber"": ""2""}",5884fbf30c983a0635d4a9818b4e159e7d930a209bbef6bec4801e476dae131d,raw_cache\5871_111_07_12_detail.json,d6b9e85e08e5fbf6f43d404e6eedc71684739c5a16a8961f8b3ef32bc77241ee,cache_hit,,2026-07-30T02:10:47+00:00
5871,111,07,mops_api_t05st01_detail,https://mops.twse.com.tw/mops/#/web/t05st01,"{""companyId"": ""5871"", ""enterDate"": ""1110722"", ""marketKind"": ""sii"", ""serialNumber"": ""6""}",39677285d25143c4ebfda130baa41ae9ba73a8fb92fc10462131b01bf5d0779b,raw_cache\5871_111_07_18_detail.json,6fb4733a6cfbf1f6b8c2adf98c6c1aa498ce1313b8a52663fec417adf959a8ca,cache_hit,,2026-07-30T02:10:47+00:00
5871,111,07,mops_api_t05st01_detail,https://mops.twse.com.tw/mops/#/web/t05st01,"{""companyId"": ""5871"", ""enterDate"": ""1110721"", ""marketKind"": ""sii"", ""serialNumber"": ""1""}",d3d0a2836338f49832e703cdfb0e12364e39628c56c3143659617113ef3317d6,raw_cache\5871_111_07_21_detail.json,c4c4f9db882ef72707e14dac109adf08ef596846d020a96331831df2263c5a44,cache_hit,,2026-07-30T02:10:47+00:00
5871,111,10,mops_api_t05st01,https://mops.twse.com.tw/mops/#/web/t05st01,"{""companyId"": ""5871"", ""firstDay"": """", ""lastDay"": """", ""month"": ""10"", ""year"": ""111""}",4d24714a10a86317f0f3a35cd57368ab22922325b133100b061b877aa049f901,raw_cache\5871_111_10_list.json,94a9cb3ad10ca0ea51f6e3013faf6159f18572be05530ffe3dc8542bba3e8ebd,cache_hit,,2026-07-30T02:10:47+00:00
5871,111,10,mops_api_t05st01_detail,https://mops.twse.com.tw/mops/#/web/t05st01,"{""companyId"": ""5871"", ""enterDate"": ""1111019"", ""marketKind"": ""sii"", ""serialNumber"": ""1""}",d598d9fe880d758fab826a396daf191f01ac2f2c5c23f57b2894c2419da8e269,raw_cache\5871_111_10_1_detail.json,bcf90ca10a35017aeda65fdafbfec074ca210fe170f0d630fc02925f8ea34447,cache_hit,,2026-07-30T02:10:47+00:00
5871,111,11,mops_api_t05st01,https://mops.twse.com.tw/mops/#/web/t05st01,"{""companyId"": ""5871"", ""firstDay"": """", ""lastDay"": """", ""month"": ""11"", ""year"": ""111""}",35acdbaea0d757680a4afe543238ddaa479c465e4c949d907c75a3309fadf1b3,raw_cache\5871_111_11_list.json,fcfde5a4c220623a2c49e1fc9e329a796b6b8d6e25cfd1135ac3f798fc8e7a9c,cache_hit,,2026-07-30T02:10:47+00:00
5871,111,11,mops_api_t05st01_detail,https://mops.twse.com.tw/mops/#/web/t05st01,"{""companyId"": ""5871"", ""enterDate"": ""1111108"", ""marketKind"": ""sii"", ""serialNumber"": ""1""}",e409fc3322c1dac1318b87e53019e7db6feec77ba10b879a1a9f2ea9ddb39cf1,raw_cache\5871_111_11_6_detail.json,1de83a2f628945e1c93ce3e94db52f43fd9013b77e65e79c9e2b2e1fb7dc53bb,cache_hit,,2026-07-30T02:10:47+00:00
5871,111,11,mops_api_t05st01_detail,https://mops.twse.com.tw/mops/#/web/t05st01,"{""companyId"": ""5871"", ""enterDate"": ""1111107"", ""marketKind"": ""sii"", ""serialNumber"": ""1""}",483179f5cf2256f327fc83c35fe82e577e682b8d386a3cdf8c9dee321d2fb2b5,raw_cache\5871_111_11_8_detail.json,bfedbf6615410ff8b0c6916ccf0a859196e6f8f9ae86be89a658c79adf4e655c,cache_hit,,2026-07-30T02:10:47+00:00
5871,111,11,mops_api_t05st01_detail,https://mops.twse.com.tw/mops/#/web/t05st01,"{""companyId"": ""5871"", ""enterDate"": ""1111121"", ""marketKind"": ""sii"", ""serialNumber"": ""2""}",82b95eb7fc7874a964ad79130c92fefa4e02b7c49254cbb63088dcf87032e67b,raw_cache\5871_111_11_13_detail.json,a215f0d61cfcda066bdcd752f82035e3b6c213c7c0bbb50d5147a58ff1073bed,cache_hit,,2026-07-30T02:10:47+00:00
5871,111,12,mops_api_t05st01,https://mops.twse.com.tw/mops/#/web/t05st01,"{""companyId"": ""5871"", ""firstDay"": """", ""lastDay"": """", ""month"": ""12"", ""year"": ""111""}",5cb8cacebd191f6e9f2e5a9af490b46186eb4250aafebdaa5082c57aa87ec99d,raw_cache\5871_111_12_list.json,de1011198cca5cd1e528d1bfc57d34aef079120548db10ab03914e4e23316fa2,cache_hit,,2026-07-30T02:10:47+00:00
5871,111,12,mops_api_t05st01_detail,https://mops.twse.com.tw/mops/#/web/t05st01,"{""companyId"": ""5871"", ""enterDate"": ""1111216"", ""marketKind"": ""sii"", ""serialNumber"": ""1""}",d24ea6c3667f9d10524fec6a94835a60ac1c2d1451581b731e1fa3ca2e6eb205,raw_cache\5871_111_12_1_detail.json,98b939019014febb4478755c7da98720871e494bb83946852e8fb4c9194cfc60,cache_hit,,2026-07-30T02:10:47+00:00
5871,112,11,mops_api_t05st01,https://mops.twse.com.tw/mops/#/web/t05st01,"{""companyId"": ""5871"", ""firstDay"": """", ""lastDay"": """", ""month"": ""11"", ""year"": ""112""}",0cbdc37452770a35ca7121f20e2ad6ad92c89cff578ce8d1d8888618c3f2d9ad,raw_cache\5871_112_11_list.json,b0e47d45f060d72636e301b8ef393c3947ae2e6a64dec4281a205808589bc21c,cache_hit,,2026-07-30T02:10:47+00:00
5871,112,11,mops_api_t05st01_detail,https://mops.twse.com.tw/mops/#/web/t05st01,"{""companyId"": ""5871"", ""enterDate"": ""1121110"", ""marketKind"": ""sii"", ""serialNumber"": ""2""}",142ae885ff1aed161245e42b6c118f188799132567e684702e011f9d094aad54,raw_cache\5871_112_11_4_detail.json,bd3fc1c249d908b9f7f5a21540fca3ff68a28382609131043811bc5a05f2a673,cache_hit,,2026-07-30T02:10:47+00:00
5871,112,11,mops_api_t05st01_detail,https://mops.twse.com.tw/mops/#/web/t05st01,"{""companyId"": ""5871"", ""enterDate"": ""1121123"", ""marketKind"": ""sii"", ""serialNumber"": ""1""}",9bb02cfb10f92ed8134b1f7068ffc08e4cb1714e5e9ea4a16d5fa14814d650e6,raw_cache\5871_112_11_9_detail.json,9fe794117330f41ba9848518370fb8319699ba96a5b6fca6b8b0645b98b41e30,cache_hit,,2026-07-30T02:10:47+00:00
5871,112,12,mops_api_t05st01,https://mops.twse.com.tw/mops/#/web/t05st01,"{""companyId"": ""5871"", ""firstDay"": """", ""lastDay"": """", ""month"": ""12"", ""year"": ""112""}",890cfe4bbcb32cab368b646a12871041a4f2f30f0363404bb15152924be4b53e,raw_cache\5871_112_12_list.json,f50f451399a4826247b6f7cf5f8c170fe4d47571854deb3bf8bb843375629516,cache_hit,,2026-07-30T02:10:47+00:00
5871,112,12,mops_api_t05st01_detail,https://mops.twse.com.tw/mops/#/web/t05st01,"{""companyId"": ""5871"", ""enterDate"": ""1121225"", ""marketKind"": ""sii"", ""serialNumber"": ""2""}",0271280c5dc4d73cc5c804f98619b6b1547dae411b2bc69b2cd45e766d89eb9e,raw_cache\5871_112_12_3_detail.json,d577a264ee9593c494faef71bd8eecaa6ce73d9bb85ba595abee14c08b37782b,cache_hit,,2026-07-30T02:10:47+00:00
5871,113,01,mops_api_t05st01,https://mops.twse.com.tw/mops/#/web/t05st01,"{""companyId"": ""5871"", ""firstDay"": """", ""lastDay"": """", ""month"": ""01"", ""year"": ""113""}",e1c48b0def16bd07a6a56c7e9c9cceca935ecfaac644e2cbb5e7ffd9e545759a,raw_cache\5871_113_01_list.json,eb2091b88c5b9e112dad723650a8e57a63ea2193d3a76eb7854a53e876976b38,cache_hit,,2026-07-30T02:10:47+00:00
5871,113,01,mops_api_t05st01_detail,https://mops.twse.com.tw/mops/#/web/t05st01,"{""companyId"": ""5871"", ""enterDate"": ""1130125"", ""marketKind"": ""sii"", ""serialNumber"": ""1""}",6f0a224c011b27446d986748a4ffcc0dc26b17ab79b83da93f8c76f02e8a2f70,raw_cache\5871_113_01_8_detail.json,f2b7b4dedd907654647004273d3bd8cc56159be21054a373ef021fecd79fcbd2,cache_hit,,2026-07-30T02:10:47+00:00
5880,107,10,mops_api_t05st01,https://mops.twse.com.tw/mops/#/web/t05st01,"{""companyId"": ""5880"", ""firstDay"": """", ""lastDay"": """", ""month"": ""10"", ""year"": ""107""}",113cb8ddf8c94f47337195a7abc4f36584a21b9d3796dd68550a3c8abb0d42ce,raw_cache\5880_107_10_list.json,687be2c7e6cb66be82b9b2cb28b9c90ff4c467d29fd32b97f16f38f1cf7774cb,cache_hit,,2026-07-30T02:10:47+00:00
5880,107,10,mops_api_t05st01_detail,https://mops.twse.com.tw/mops/#/web/t05st01,"{""companyId"": ""5880"", ""enterDate"": ""1071005"", ""marketKind"": ""sii"", ""serialNumber"": ""1""}",a4c4e07727e2174c3eb71679e9bf937111b288c67967405a357078a73eb3594b,raw_cache\5880_107_10_0_detail.json,9840fed3af657895bc67476735430a1a396b416cb17c497a0409cc7f094029e9,cache_hit,,2026-07-30T02:10:47+00:00
5880,107,10,mops_api_t05st01_detail,https://mops.twse.com.tw/mops/#/web/t05st01,"{""companyId"": ""5880"", ""enterDate"": ""1071008"", ""marketKind"": ""sii"", ""serialNumber"": ""1""}",5f9b844c24594b328da8e8b2c8ad1b2efed7a30668f7637c832beda93f4f6679,raw_cache\5880_107_10_1_detail.json,5909b709a2d151945792661cfbbf35b77799c6657423b6636ced9773f7695bc4,cache_hit,,2026-07-30T02:10:47+00:00
5880,107,11,mops_api_t05st01,https://mops.twse.com.tw/mops/#/web/t05st01,"{""companyId"": ""5880"", ""firstDay"": """", ""lastDay"": """", ""month"": ""11"", ""year"": ""107""}",95e0fcbfd5bb88fa3aaec1121c5e2455be44c1cc61736fafeac7e517a700bc28,raw_cache\5880_107_11_list.json,c6fb31a6a7ee65edef0d6a00d768e184bdfe701f550cb9c8c2ed2012c64c12a9,cache_hit,,2026-07-30T02:10:47+00:00
5880,107,11,mops_api_t05st01_detail,https://mops.twse.com.tw/mops/#/web/t05st01,"{""companyId"": ""5880"", ""enterDate"": ""1071105"", ""marketKind"": ""sii"", ""serialNumber"": ""1""}",e96afcb05c7dfbf39393fc8288830a914547ab5001db60c9995014593b558637,raw_cache\5880_107_11_2_detail.json,9c1405532739b16c2ba78fbc6fee57bf85592d32c33edbf783b378f35c9bfdaf,cache_hit,,2026-07-30T02:10:47+00:00
5880,107,11,mops_api_t05st01_detail,https://mops.twse.com.tw/mops/#/web/t05st01,"{""companyId"": ""5880"", ""enterDate"": ""1071109"", ""marketKind"": ""sii"", ""serialNumber"": ""1""}",a4f9905f5cd7a6f3662a3411a362986da9afb51c3483063cc371dd12f5add23c,raw_cache\5880_107_11_3_detail.json,bff80c8294df39f9bb3d8a7caeb8ae8b70aab1c66d6e747af28a500f39191b6e,cache_hit,,2026-07-30T02:10:47+00:00
5880,107,12,mops_api_t05st01,https://mops.twse.com.tw/mops/#/web/t05st01,"{""companyId"": ""5880"", ""firstDay"": """", ""lastDay"": """", ""month"": ""12"", ""year"": ""107""}",a4535a80cfe2d8bcfe695d843b2f1e0976954a79c0414b6f97e12ed822b37f2e,raw_cache\5880_107_12_list.json,b4ac98a4c56c5c94cc3f853fb3982f0d27cfbaee2954afee0d16bc60b3b5ea18,cache_hit,,2026-07-30T02:10:47+00:00
5880,107,12,mops_api_t05st01_detail,https://mops.twse.com.tw/mops/#/web/t05st01,"{""companyId"": ""5880"", ""enterDate"": ""1071205"", ""marketKind"": ""sii"", ""serialNumber"": ""1""}",e89aa52085e9841d032a6e23c6c71913e33c6c8ed0885d0673a32ceaad13a089,raw_cache\5880_107_12_0_detail.json,563c44b5202580393a5758f3ed8c46f3b63b58df7e60d71e20c6451b56333149,cache_hit,,2026-07-30T02:10:47+00:00
5880,107,12,mops_api_t05st01_detail,https://mops.twse.com.tw/mops/#/web/t05st01,"{""companyId"": ""5880"", ""enterDate"": ""1071210"", ""marketKind"": ""sii"", ""serialNumber"": ""1""}",5b438a6d20513bcaac528ff83bb8229e96e6243d059620af3d49396d360ba0a3,raw_cache\5880_107_12_2_detail.json,69e2d5066239e826bdfbbb29f9d4e7fc123d25f3ecadd1064ada9f7e1a606c06,cache_hit,,2026-07-30T02:10:47+00:00
6104,109,09,mops_api_t05st01,https://mops.twse.com.tw/mops/#/web/t05st01,"{""companyId"": ""6104"", ""firstDay"": """", ""lastDay"": """", ""month"": ""09"", ""year"": ""109""}",5b906d20c23fdbdead905cac3886f279838f49ce6c4d114f88919288109bd964,raw_cache\6104_109_09_list.json,04985e4291cb6e293f90d5b0a87a46f99dfcf80ab856f7c071632a676c5e5456,cache_hit,,2026-07-30T02:10:47+00:00
6104,109,10,mops_api_t05st01,https://mops.twse.com.tw/mops/#/web/t05st01,"{""companyId"": ""6104"", ""firstDay"": """", ""lastDay"": """", ""month"": ""10"", ""year"": ""109""}",acf29257aa3b15fd50d183b493a5e23f09d979305364632f37074f193ac7d761,raw_cache\6104_109_10_list.json,4b5f40da6371f896553da1df601c47b3a83023c7bd0d762dc5d8c44c89f1efc7,cache_hit,,2026-07-30T02:10:47+00:00
6104,109,11,mops_api_t05st01,https://mops.twse.com.tw/mops/#/web/t05st01,"{""companyId"": ""6104"", ""firstDay"": """", ""lastDay"": """", ""month"": ""11"", ""year"": ""109""}",a4844e9b1dadf3e5779d5f680c636919e53ddea2e1dbaaa367e33f2136c73206,raw_cache\6104_109_11_list.json,2f905db6e07e0f85fc17c3f4a049a164dc9c22fb10611e9a347871762ae72c9f,cache_hit,,2026-07-30T02:10:47+00:00
6104,109,11,mops_api_t05st01_detail,https://mops.twse.com.tw/mops/#/web/t05st01,"{""companyId"": ""6104"", ""enterDate"": ""1091105"", ""marketKind"": ""otc"", ""serialNumber"": ""1""}",20966bbdb59c2d0e79db4f1a0e92511f1c14c79bd34acf1c9aa07b436d57ce78,raw_cache\6104_109_11_0_detail.json,313816cc3953a0178624b8421001d24e3fe0c23590c3f6e20d670c4a91e11712,cache_hit,,2026-07-30T02:10:47+00:00
6104,109,11,mops_api_t05st01_detail,https://mops.twse.com.tw/mops/#/web/t05st01,"{""companyId"": ""6104"", ""enterDate"": ""1091105"", ""marketKind"": ""otc"", ""serialNumber"": ""2""}",8421c07d67254dbbc506622d7088c207d789b8a0ed03f56a20740b658ba45fe7,raw_cache\6104_109_11_1_detail.json,345fb380c95c37d10259ff9bdb3f6d1d6820722e4c176564063d349878c4fff5,cache_hit,,2026-07-30T02:10:47+00:00
6104,109,12,mops_api_t05st01,https://mops.twse.com.tw/mops/#/web/t05st01,"{""companyId"": ""6104"", ""firstDay"": """", ""lastDay"": """", ""month"": ""12"", ""year"": ""109""}",7ceb10efa3ca15f594c24bda91228bf14d3be30e0fff1fb0bbffa41d00643edc,raw_cache\6104_109_12_list.json,13f31bc1c344d064dedba74cf7baac5ce6b78bf0d6948223e6d78194c2f6b869,cache_hit,,2026-07-30T02:10:47+00:00
6104,109,12,mops_api_t05st01_detail,https://mops.twse.com.tw/mops/#/web/t05st01,"{""companyId"": ""6104"", ""enterDate"": ""1091209"", ""marketKind"": ""otc"", ""serialNumber"": ""1""}",0e1c1cd27dc7aea67e11ed3baa650132cd1f8652eafbd497a7bb6eca35a83a72,raw_cache\6104_109_12_0_detail.json,67a40b12701668e308c09d2e10668637fbab21bb504835d3eb254f9e698a5b63,cache_hit,,2026-07-30T02:10:47+00:00
6116,110,04,mops_api_t05st01,https://mops.twse.com.tw/mops/#/web/t05st01,"{""companyId"": ""6116"", ""firstDay"": """", ""lastDay"": """", ""month"": ""04"", ""year"": ""110""}",19028826f4055165fa18a47cf405fc6f79391d1dc58dd95dd9a7fdceef9cb1ec,raw_cache\6116_110_04_list.json,b7415a27a9c2b69c57f30857657413491f8aea0c7ec808c882fb727c5f18498d,cache_hit,,2026-07-30T02:10:47+00:00
6116,110,05,mops_api_t05st01,https://mops.twse.com.tw/mops/#/web/t05st01,"{""companyId"": ""6116"", ""firstDay"": """", ""lastDay"": """", ""month"": ""05"", ""year"": ""110""}",dcdf6b95bb14059982a6c34f5a677b292b0e4fb347e31a18491987e6d937e37f,raw_cache\6116_110_05_list.json,c7a3724ddb5d9de1d62f4f05e4bcc1e23abdc14bc2533bf54065de233b975faa,cache_hit,,2026-07-30T02:10:47+00:00
6116,110,05,mops_api_t05st01_detail,https://mops.twse.com.tw/mops/#/web/t05st01,"{""companyId"": ""6116"", ""enterDate"": ""1100504"", ""marketKind"": ""sii"", ""serialNumber"": ""1""}",2fb01e6540fd8a8735913e2bd2c3771157c40e8aa3a038e6635371fffa506530,raw_cache\6116_110_05_0_detail.json,93dabe76f64061d44df8b563997a17ce1c9f062205289639cda79f43d68660eb,cache_hit,,2026-07-30T02:10:47+00:00
6116,110,06,mops_api_t05st01,https://mops.twse.com.tw/mops/#/web/t05st01,"{""companyId"": ""6116"", ""firstDay"": """", ""lastDay"": """", ""month"": ""06"", ""year"": ""110""}",1cf48d373d4fbc311c8f003cfb602da2ea3ae531d40523ec2839acef5cfdf64f,raw_cache\6116_110_06_list.json,44672e56987b13cee43674b2186cefb344b815002db7f733bca9987f3e4804a7,cache_hit,,2026-07-30T02:10:47+00:00
6116,110,07,mops_api_t05st01,https://mops.twse.com.tw/mops/#/web/t05st01,"{""companyId"": ""6116"", ""firstDay"": """", ""lastDay"": """", ""month"": ""07"", ""year"": ""110""}",c2fb010a512cfb9a5f0f9bc3aff136dd4225817ac2c75ae798f5c706034ca699,raw_cache\6116_110_07_list.json,9b522027aab148d5d91f1556a58b1826d2877880dbb70c609092270da1877879,cache_hit,,2026-07-30T02:10:48+00:00
6117,113,02,mops_api_t05st01,https://mops.twse.com.tw/mops/#/web/t05st01,"{""companyId"": ""6117"", ""firstDay"": """", ""lastDay"": """", ""month"": ""02"", ""year"": ""113""}",88ab7440e8ac6a6d3f4d707dd5b6b82639ac7c4e332e818ba9bd54e4f842a8a3,raw_cache\6117_113_02_list.json,ee933a26aeec1b1860672d28a0030774543a0ab063c33db9bc17f144d4f8fd5a,cache_hit,,2026-07-30T02:10:48+00:00
6117,113,03,mops_api_t05st01,https://mops.twse.com.tw/mops/#/web/t05st01,"{""companyId"": ""6117"", ""firstDay"": """", ""lastDay"": """", ""month"": ""03"", ""year"": ""113""}",ad1dbba726efd88fd7027ac4f82b3d990e021057f98979d316dd8b9bdb93b584,raw_cache\6117_113_03_list.json,1239a33312a6db63dd8a9fb1c8e68befb5ec6bb88f10fdaeb0db18aad8ab25e5,cache_hit,,2026-07-30T02:10:48+00:00
6117,113,03,mops_api_t05st01_detail,https://mops.twse.com.tw/mops/#/web/t05st01,"{""companyId"": ""6117"", ""enterDate"": ""1130312"", ""marketKind"": ""sii"", ""serialNumber"": ""2""}",47237a5b07412aa3f73d6badb740e9520eb003402f8a1a4488d83411b67a1857,raw_cache\6117_113_03_2_detail.json,51dbf903536bebdaa1bd1646d36e9a520f53cf4f4830a6174f52ca7a44cc6cb0,cache_hit,,2026-07-30T02:10:48+00:00
6117,113,03,mops_api_t05st01_detail,https://mops.twse.com.tw/mops/#/web/t05st01,"{""companyId"": ""6117"", ""enterDate"": ""1130312"", ""marketKind"": ""sii"", ""serialNumber"": ""4""}",dfd72b137cedbc76734863ddba8537af20edf2ceb9ec316db20944795d4b63e1,raw_cache\6117_113_03_4_detail.json,64056d8e5c6d051b0297c8927d35e4d256bccc2e6f342029b89166e9a91eb6e0,cache_hit,,2026-07-30T02:10:48+00:00
6117,113,04,mops_api_t05st01,https://mops.twse.com.tw/mops/#/web/t05st01,"{""companyId"": ""6117"", ""firstDay"": """", ""lastDay"": """", ""month"": ""04"", ""year"": ""113""}",f411c60983207e0d720b8941daf2e3dd54bde2472349cb2299fbf06a65da04a3,raw_cache\6117_113_04_list.json,f2657224083237e99edf1beb496d6735d6b00e04b9b1b892061e2b46d4d48347,cache_hit,,2026-07-30T02:10:48+00:00
6117,113,05,mops_api_t05st01,https://mops.twse.com.tw/mops/#/web/t05st01,"{""companyId"": ""6117"", ""firstDay"": """", ""lastDay"": """", ""month"": ""05"", ""year"": ""113""}",eb833df62f63a009896a16316fb6fc74d56a40bc5a8d5afd98356a79fb0bdbdf,raw_cache\6117_113_05_list.json,e8f05d67d6168c43d450d81b57341dd5dd9641631a58db22a58c5e4eb946ea6b,cache_hit,,2026-07-30T02:10:48+00:00
6117,113,05,mops_api_t05st01_detail,https://mops.twse.com.tw/mops/#/web/t05st01,"{""companyId"": ""6117"", ""enterDate"": ""1130510"", ""marketKind"": ""sii"", ""serialNumber"": ""1""}",4382024ae96a604b7a1c5fb507f40df6513ee38a1961d66597d30688a00187d3,raw_cache\6117_113_05_1_detail.json,8edbcd0c375add8ddbd68955cd33fdbea9e858a6113eb79ec8af0847520fb158,cache_hit,,2026-07-30T02:10:48+00:00
6117,113,05,mops_api_t05st01_detail,https://mops.twse.com.tw/mops/#/web/t05st01,"{""companyId"": ""6117"", ""enterDate"": ""1130515"", ""marketKind"": ""sii"", ""serialNumber"": ""1""}",dc2b5759925e8baeb65e95986403be6dcfcfa988fb52609cd68d0baefdcc2696,raw_cache\6117_113_05_2_detail.json,c8810618092761e39d365024dfe9877d0f53c93f0ca8c82a3954a9cdad2eab39,cache_hit,,2026-07-30T02:10:48+00:00
6117,113,06,mops_api_t05st01,https://mops.twse.com.tw/mops/#/web/t05st01,"{""companyId"": ""6117"", ""firstDay"": """", ""lastDay"": """", ""month"": ""06"", ""year"": ""113""}",79ee06ead2114d629e11f12ef5e6c4fd6bb722546c15d2a23367b4cc3611697a,raw_cache\6117_113_06_list.json,abb6e62ec298e4d90dcd6e0e69c1b048ed1e9a63fdd4d5e6082a58119bef5903,cache_hit,,2026-07-30T02:10:48+00:00
6117,113,07,mops_api_t05st01,https://mops.twse.com.tw/mops/#/web/t05st01,"{""companyId"": ""6117"", ""firstDay"": """", ""lastDay"": """", ""month"": ""07"", ""year"": ""113""}",3078fbc19fa9c060854ebf81dbf9038e7b11a0bb89251a6d0dba498507d3fbb6,raw_cache\6117_113_07_list.json,312f2c5c11f8d92fac1a3b36f549deea1c802204d8d4ba7f958d0bf6ec8656de,cache_hit,,2026-07-30T02:10:48+00:00
6117,113,08,mops_api_t05st01,https://mops.twse.com.tw/mops/#/web/t05st01,"{""companyId"": ""6117"", ""firstDay"": """", ""lastDay"": """", ""month"": ""08"", ""year"": ""113""}",c2b272c43cc8cd3d95f7218ff210736047b3113feb858e0f86b4e6299a3fe8d6,raw_cache\6117_113_08_list.json,1fb73aa7b1d89b362fb99299a6baee3e6faac6c40415b2b6c4fc108235e85ba2,cache_hit,,2026-07-30T02:10:48+00:00
6117,113,08,mops_api_t05st01_detail,https://mops.twse.com.tw/mops/#/web/t05st01,"{""companyId"": ""6117"", ""enterDate"": ""1130808"", ""marketKind"": ""sii"", ""serialNumber"": ""1""}",694ae78c54270a4700e32297da5664acb92310a2337a8cdc1a071dd7906456f0,raw_cache\6117_113_08_1_detail.json,a6beab2efab32a9ae1872fb0c2bfe6e83cbe108ea440a475179b11003a7b270f,cache_hit,,2026-07-30T02:10:48+00:00
6117,113,09,mops_api_t05st01,https://mops.twse.com.tw/mops/#/web/t05st01,"{""companyId"": ""6117"", ""firstDay"": """", ""lastDay"": """", ""month"": ""09"", ""year"": ""113""}",2ffbd1e4756ef7fa130f5aaa789b47c92bcd37a37c24ed50450c5164376b1be6,raw_cache\6117_113_09_list.json,34decb79550dabdc3adf7d26a3fb4d563138d5643d82e73dc7fdeca5b13d5558,cache_hit,,2026-07-30T02:10:48+00:00
6117,113,10,mops_api_t05st01,https://mops.twse.com.tw/mops/#/web/t05st01,"{""companyId"": ""6117"", ""firstDay"": """", ""lastDay"": """", ""month"": ""10"", ""year"": ""113""}",4db32801ff3122d1b0e52048ab0b4341d7abdeee77bb51a664756f4374027907,raw_cache\6117_113_10_list.json,e37025445d1ceef8544e3141e3eb830c657dbe47a22ac69cdf067352c9894f60,cache_hit,,2026-07-30T02:10:48+00:00
6117,113,11,mops_api_t05st01,https://mops.twse.com.tw/mops/#/web/t05st01,"{""companyId"": ""6117"", ""firstDay"": """", ""lastDay"": """", ""month"": ""11"", ""year"": ""113""}",5ec0df01d1bebcb7bdcabd68f0d3027e19cc9578561bf84bd442edcff0cd726a,raw_cache\6117_113_11_list.json,02051162d9ce8a37cd2464152cc429323ca0b5e8592da9e826ddf1a9ed04a022,cache_hit,,2026-07-30T02:10:48+00:00
6117,113,11,mops_api_t05st01_detail,https://mops.twse.com.tw/mops/#/web/t05st01,"{""companyId"": ""6117"", ""enterDate"": ""1131108"", ""marketKind"": ""sii"", ""serialNumber"": ""1""}",e7c7da1a2508f5e068eeb1e5d67536efbeb656dde72615e7ce00b1e86627297d,raw_cache\6117_113_11_0_detail.json,8d4cb7ba5cf9fca71b704369c2da92eb0a56bc9eeb733d63b113760ae5d6e81f,cache_hit,,2026-07-30T02:10:48+00:00
6117,113,11,mops_api_t05st01_detail,https://mops.twse.com.tw/mops/#/web/t05st01,"{""companyId"": ""6117"", ""enterDate"": ""1131114"", ""marketKind"": ""sii"", ""serialNumber"": ""1""}",4f076fa9db354e7a15249b2f20419d50b5150bce8be447e10d2689bdc7f9de5f,raw_cache\6117_113_11_7_detail.json,e35f6789b91cb2ec3f6fb3650751a14c557fb535ed97dae3afa88877b926a725,cache_hit,,2026-07-30T02:10:48+00:00
6117,113,12,mops_api_t05st01,https://mops.twse.com.tw/mops/#/web/t05st01,"{""companyId"": ""6117"", ""firstDay"": """", ""lastDay"": """", ""month"": ""12"", ""year"": ""113""}",69db81b09d58a6905ba393cd27b3db615c855b35ce372109ac6059337423a40f,raw_cache\6117_113_12_list.json,25b24bcfa82da148a047c9264af1c486157b84b212ebfc08d5f3b847238410e0,cache_hit,,2026-07-30T02:10:48+00:00
6147,104,10,mops_api_t05st01,https://mops.twse.com.tw/mops/#/web/t05st01,"{""companyId"": ""6147"", ""firstDay"": """", ""lastDay"": """", ""month"": ""10"", ""year"": ""104""}",487d673bc0c7cefa31b0389d6f819d2060aa1a4f568f6d7bf58d368ba13fc52e,raw_cache\6147_104_10_list.json,25b24bcfa82da148a047c9264af1c486157b84b212ebfc08d5f3b847238410e0,cache_hit,,2026-07-30T02:10:48+00:00
6147,104,11,mops_api_t05st01,https://mops.twse.com.tw/mops/#/web/t05st01,"{""companyId"": ""6147"", ""firstDay"": """", ""lastDay"": """", ""month"": ""11"", ""year"": ""104""}",6e767bf1d8d159db226cf01dd40db45b329c858be84bd0bacdfa6d1b20d4c628,raw_cache\6147_104_11_list.json,25b24bcfa82da148a047c9264af1c486157b84b212ebfc08d5f3b847238410e0,cache_hit,,2026-07-30T02:10:48+00:00
6147,104,12,mops_api_t05st01,https://mops.twse.com.tw/mops/#/web/t05st01,"{""companyId"": ""6147"", ""firstDay"": """", ""lastDay"": """", ""month"": ""12"", ""year"": ""104""}",2331cf1262becaa00f3fe13ee316b8e75c0ccc8f3ab24486299bfa8848c0a513,raw_cache\6147_104_12_list.json,25b24bcfa82da148a047c9264af1c486157b84b212ebfc08d5f3b847238410e0,cache_hit,,2026-07-30T02:10:48+00:00
6147,106,02,mops_api_t05st01,https://mops.twse.com.tw/mops/#/web/t05st01,"{""companyId"": ""6147"", ""firstDay"": """", ""lastDay"": """", ""month"": ""02"", ""year"": ""106""}",e00b04c9a9cf7d3e8f6e3e24a02140a99783f7d999333607251f110e7b5b7f5a,raw_cache\6147_106_02_list.json,a1763ac2d4eec8a9efc476399533ac29efa134c0bc0e475dffd949f659c053a6,cache_hit,,2026-07-30T02:10:48+00:00
6147,106,02,mops_api_t05st01_detail,https://mops.twse.com.tw/mops/#/web/t05st01,"{""companyId"": ""6147"", ""enterDate"": ""1060206"", ""marketKind"": ""otc"", ""serialNumber"": ""1""}",67d2148d6045f1c10fd05cc0e43dfca09ecef1c0d27a0c78495125b1b13ac9c9,raw_cache\6147_106_02_0_detail.json,acbf411b95c76e04971856e117acc8bc795ba1ee907830784b21edc145e5a388,cache_hit,,2026-07-30T02:10:48+00:00
6147,106,03,mops_api_t05st01,https://mops.twse.com.tw/mops/#/web/t05st01,"{""companyId"": ""6147"", ""firstDay"": """", ""lastDay"": """", ""month"": ""03"", ""year"": ""106""}",081da54bb0439df22e051cfc402dd22850a73106bdaec030635498aadaaf5d78,raw_cache\6147_106_03_list.json,463cedf1d40685934da79a87caa7edc50993071e2be12c7e2f8b75c4e10b8fe2,cache_hit,,2026-07-30T02:10:48+00:00
6147,106,04,mops_api_t05st01,https://mops.twse.com.tw/mops/#/web/t05st01,"{""companyId"": ""6147"", ""firstDay"": """", ""lastDay"": """", ""month"": ""04"", ""year"": ""106""}",6311b25124884d911654dee92bbde066f111adb2fd6de66bde0cdc2ba3fc6279,raw_cache\6147_106_04_list.json,8038f3005a7ebfc99e561daa9ce0829de1784678f650cfadb3a94b89b142199e,cache_hit,,2026-07-30T02:10:48+00:00
6147,106,04,mops_api_t05st01_detail,https://mops.twse.com.tw/mops/#/web/t05st01,"{""companyId"": ""6147"", ""enterDate"": ""1060427"", ""marketKind"": ""otc"", ""serialNumber"": ""1""}",be4d5fcc78c8186535b9f2d8a994e8b1096f20cf2d557b5bbee60f50769db594,raw_cache\6147_106_04_1_detail.json,1b04b2016ccbefcf6a58bd91e0761390955c7e0ca0af459ee38964bc01a00b03,cache_hit,,2026-07-30T02:10:48+00:00
6147,106,05,mops_api_t05st01,https://mops.twse.com.tw/mops/#/web/t05st01,"{""companyId"": ""6147"", ""firstDay"": """", ""lastDay"": """", ""month"": ""05"", ""year"": ""106""}",0f1ce6ee81b5e996c979d578f6aed9e34ebc918217286503d65ea97e03c3d84f,raw_cache\6147_106_05_list.json,e40b1f0153f090572603dbd96eb9bd73c82b8643f3de851dbcb7d3ce7d9e528d,cache_hit,,2026-07-30T02:10:48+00:00
6148,114,02,mops_api_t05st01,https://mops.twse.com.tw/mops/#/web/t05st01,"{""companyId"": ""6148"", ""firstDay"": """", ""lastDay"": """", ""month"": ""02"", ""year"": ""114""}",986ffd7a953818c39f311f731db5129920f290bea697b53a6a8e12c895d1fd59,raw_cache\6148_114_02_list.json,cc563cd3913ea2880b2cf2bcf6406a0ef960ec65864a9966495f714a45808680,cache_hit,,2026-07-30T02:10:48+00:00
6148,114,03,mops_api_t05st01,https://mops.twse.com.tw/mops/#/web/t05st01,"{""companyId"": ""6148"", ""firstDay"": """", ""lastDay"": """", ""month"": ""03"", ""year"": ""114""}",3829ad5a5c0ed028c4228aa46f1682b62a2f519c6e233fe5903cb11e86ccab86,raw_cache\6148_114_03_list.json,21411ebeeacd9d68cda8cd6cd4bc4b65ca57d0dda36dd0dd15a029d186c6af22,cache_hit,,2026-07-30T02:10:48+00:00
6148,114,03,mops_api_t05st01_detail,https://mops.twse.com.tw/mops/#/web/t05st01,"{""companyId"": ""6148"", ""enterDate"": ""1140312"", ""marketKind"": ""otc"", ""serialNumber"": ""10""}",586067d99ccda637d36e1fb52f5ec61c100de7d9a0ee2cc6a980485deec5e31e,raw_cache\6148_114_03_2_detail.json,0b7baea6626cbd23adf867c78e16611bb1663070e0e6ae6993b9b8431386c567,cache_hit,,2026-07-30T02:10:48+00:00
6148,114,03,mops_api_t05st01_detail,https://mops.twse.com.tw/mops/#/web/t05st01,"{""companyId"": ""6148"", ""enterDate"": ""1140312"", ""marketKind"": ""otc"", ""serialNumber"": ""2""}",573d9b6c7d8dc4498463fb33bfbc90539c8cf9154072da25ddeae5fdd5b1c05e,raw_cache\6148_114_03_3_detail.json,5370f325b279ae7fc67239d31b93d9aa41f5131162f7495bcf41fb3da011e040,cache_hit,,2026-07-30T02:10:48+00:00
6148,114,03,mops_api_t05st01_detail,https://mops.twse.com.tw/mops/#/web/t05st01,"{""companyId"": ""6148"", ""enterDate"": ""1140312"", ""marketKind"": ""otc"", ""serialNumber"": ""8""}",18f4bd1e88cb72ce0d9e117dfa69137b978b163ffd876d911f1444ba6c94a5cd,raw_cache\6148_114_03_4_detail.json,77f09fd31e39c701373922d27ae0b50d22bbfe5779516c8f48da79987f23f21e,cache_hit,,2026-07-30T02:10:48+00:00
6148,114,03,mops_api_t05st01_detail,https://mops.twse.com.tw/mops/#/web/t05st01,"{""companyId"": ""6148"", ""enterDate"": ""1140312"", ""marketKind"": ""otc"", ""serialNumber"": ""6""}",c5ca499704af02906a5e8ee8138d24f990da7316af500293073ee51e78892448,raw_cache\6148_114_03_6_detail.json,c89788e9e1fa9e407390664640fdfa03dbcfbf101c93308253931a070faf530b,cache_hit,,2026-07-30T02:10:48+00:00
6148,114,03,mops_api_t05st01_detail,https://mops.twse.com.tw/mops/#/web/t05st01,"{""companyId"": ""6148"", ""enterDate"": ""1140312"", ""marketKind"": ""otc"", ""serialNumber"": ""7""}",7228dc5870ae13f7e42a023e9f21e205b5e3f81e93e37a2abdcc9226f64419c6,raw_cache\6148_114_03_8_detail.json,bc1dd6d08b71670c356b8319e7f20cd89090c64490dbdf39e8d0d22093d5f25a,cache_hit,,2026-07-30T02:10:48+00:00
6148,114,04,mops_api_t05st01,https://mops.twse.com.tw/mops/#/web/t05st01,"{""companyId"": ""6148"", ""firstDay"": """", ""lastDay"": """", ""month"": ""04"", ""year"": ""114""}",5512e6d8fd41af988339f831e7e6df0772ad232f93b28b87e6b7b74726bb3f34,raw_cache\6148_114_04_list.json,9127ad2da7f718f7d0740d95392c2fe1671ff51738a9b830c5212a551a098eb5,cache_hit,,2026-07-30T02:10:48+00:00
6148,114,04,mops_api_t05st01_detail,https://mops.twse.com.tw/mops/#/web/t05st01,"{""companyId"": ""6148"", ""enterDate"": ""1140428"", ""marketKind"": ""otc"", ""serialNumber"": ""1""}",77587944ffe347143cbaf10588f975f08580b2eac1aebddb74fddb0265ab223f,raw_cache\6148_114_04_1_detail.json,a23c82d601ca963639e2899e51a16b6c85d5add4ef0a04dc22cd987806f69c13,cache_hit,,2026-07-30T02:10:48+00:00
6148,114,05,mops_api_t05st01,https://mops.twse.com.tw/mops/#/web/t05st01,"{""companyId"": ""6148"", ""firstDay"": """", ""lastDay"": """", ""month"": ""05"", ""year"": ""114""}",12e27227b6ae3249392ef3bca35d1891afca9dc983395658ab54b12ae1be27b3,raw_cache\6148_114_05_list.json,0079dc281ad2acc536e639572cfc1258497abc7a6f5048375442551ca06e3114,cache_hit,,2026-07-30T02:10:48+00:00
6148,114,05,mops_api_t05st01_detail,https://mops.twse.com.tw/mops/#/web/t05st01,"{""companyId"": ""6148"", ""enterDate"": ""1140506"", ""marketKind"": ""otc"", ""serialNumber"": ""1""}",42e4197bc0efade21001f1d6baa56fcbdd73581742857acadac5d99d39a59ae6,raw_cache\6148_114_05_0_detail.json,402df3566ebb613e21f142478cca223a89740d18a22a04c3090413830953a058,cache_hit,,2026-07-30T02:10:48+00:00
6148,114,05,mops_api_t05st01_detail,https://mops.twse.com.tw/mops/#/web/t05st01,"{""companyId"": ""6148"", ""enterDate"": ""1140506"", ""marketKind"": ""otc"", ""serialNumber"": ""6""}",2cd2e8c47cc0130d79020eb682d749f1769e6ac3aafd0d53ae1580898defe6c6,raw_cache\6148_114_05_1_detail.json,9f2751358179b2c9807335ed2315668ae4aded4e4f1c5c244fb106ba213b3a29,cache_hit,,2026-07-30T02:10:48+00:00
6148,114,05,mops_api_t05st01_detail,https://mops.twse.com.tw/mops/#/web/t05st01,"{""companyId"": ""6148"", ""enterDate"": ""1140506"", ""marketKind"": ""otc"", ""serialNumber"": ""2""}",210b11ee0cb041453c3fc5fab577a7ad5c6fa0a1bee8d64b9f68fc0b27c74598,raw_cache\6148_114_05_2_detail.json,ee57a12841678d0bd3b9a6c97b5f24807a0cb27ce979c0fd912d19b3273ca463,cache_hit,,2026-07-30T02:10:48+00:00
6148,114,05,mops_api_t05st01_detail,https://mops.twse.com.tw/mops/#/web/t05st01,"{""companyId"": ""6148"", ""enterDate"": ""1140506"", ""marketKind"": ""otc"", ""serialNumber"": ""3""}",b56c1f2ceac55e4771f4926dc74376ee513f7acbeb3a029883d14ebfeffaadb9,raw_cache\6148_114_05_4_detail.json,71f5f3606d132ce0787988ad094c403c910784fc4cc5a3f28b84158291e33c31,cache_hit,,2026-07-30T02:10:48+00:00
6176,104,04,mops_api_t05st01,https://mops.twse.com.tw/mops/#/web/t05st01,"{""companyId"": ""6176"", ""firstDay"": """", ""lastDay"": """", ""month"": ""04"", ""year"": ""104""}",83bd95cd18adc3604e1d3d5bfbea81064c1bf6b2fa2d0c56556e1c63bd6db8c7,raw_cache\6176_104_04_list.json,d0bb8e12eb9b6b02e30a81d43dba85bc7760e4adc51432a7fe6463043d2b8a54,cache_hit,,2026-07-30T02:10:48+00:00
6176,104,04,mops_api_t05st01_detail,https://mops.twse.com.tw/mops/#/web/t05st01,"{""companyId"": ""6176"", ""enterDate"": ""1040429"", ""marketKind"": ""sii"", ""serialNumber"": ""2""}",13b917ce7ed2b936ed9476f773e9e0608741596e571e8ff3b982b599d2d34c21,raw_cache\6176_104_04_4_detail.json,3cf914447dd69d8f72678b8b1a7a5e023e59eefec4ab003e3395f52116ea23ed,cache_hit,,2026-07-30T02:10:48+00:00
6176,104,05,mops_api_t05st01,https://mops.twse.com.tw/mops/#/web/t05st01,"{""companyId"": ""6176"", ""firstDay"": """", ""lastDay"": """", ""month"": ""05"", ""year"": ""104""}",eaf9c3a2b9691fc93b8e9bb688df4a933510b24a7fd46932009c73a2e960f891,raw_cache\6176_104_05_list.json,4c163ead537d66c3c53c2580d335e0a24f04bbea0a4978f37e15446b8b54cb56,cache_hit,,2026-07-30T02:10:48+00:00
6176,104,06,mops_api_t05st01,https://mops.twse.com.tw/mops/#/web/t05st01,"{""companyId"": ""6176"", ""firstDay"": """", ""lastDay"": """", ""month"": ""06"", ""year"": ""104""}",de23e74493dac6655d8bc1550db4f41758bc3f6903f904bec6aa480a164901ed,raw_cache\6176_104_06_list.json,bc8fc2fdfc4a0fa5d1e49c6ce4ef9b46eaeb504e7a7008c0042a3eb4b62ab0b8,cache_hit,,2026-07-30T02:10:48+00:00
6176,104,06,mops_api_t05st01_detail,https://mops.twse.com.tw/mops/#/web/t05st01,"{""companyId"": ""6176"", ""enterDate"": ""1040625"", ""marketKind"": ""sii"", ""serialNumber"": ""3""}",59555600224f42b533331d2a45ebb10758770bd3836fa072b0a97c88e967dbcb,raw_cache\6176_104_06_9_detail.json,647850d100d1dfc0040a06ffd95b05b3793936167545339917927154cfd831c4,cache_hit,,2026-07-30T02:10:48+00:00
6176,113,11,mops_api_t05st01,https://mops.twse.com.tw/mops/#/web/t05st01,"{""companyId"": ""6176"", ""firstDay"": """", ""lastDay"": """", ""month"": ""11"", ""year"": ""113""}",d863117893089866e391eb6af562d9a314360920cda8f2af239aa2ebe19d5633,raw_cache\6176_113_11_list.json,e9e27859511181cd906424dc7c50f45469396b7693ea7dfc472480667371c80c,cache_hit,,2026-07-30T02:10:48+00:00
6176,113,11,mops_api_t05st01_detail,https://mops.twse.com.tw/mops/#/web/t05st01,"{""companyId"": ""6176"", ""enterDate"": ""1131101"", ""marketKind"": ""sii"", ""serialNumber"": ""2""}",3808718f357cdf44060f3bbd1814cf8cdc91821e4820a9608a3cbc0c91d5f087,raw_cache\6176_113_11_1_detail.json,6a1e8afc626a602779b2da45617a1b2228f6d7ae13afb4bee739465d09da7c7a,cache_hit,,2026-07-30T02:10:48+00:00
6176,113,11,mops_api_t05st01_detail,https://mops.twse.com.tw/mops/#/web/t05st01,"{""companyId"": ""6176"", ""enterDate"": ""1131125"", ""marketKind"": ""sii"", ""serialNumber"": ""1""}",19e6095feded5c9cc078b3fb5b7a81673c3d327d60c7931dda036d783b67a4fc,raw_cache\6176_113_11_7_detail.json,8cec8c961e87cd2abdbe7438dff2e1ebd038a6b23ff00104db801bce5bde09c9,cache_hit,,2026-07-30T02:10:48+00:00
6176,113,11,mops_api_t05st01_detail,https://mops.twse.com.tw/mops/#/web/t05st01,"{""companyId"": ""6176"", ""enterDate"": ""1131125"", ""marketKind"": ""sii"", ""serialNumber"": ""2""}",6c1060acaba43d94e45a48a206bc1cf544eab40d59f2ba22797d70d6f4d73ba5,raw_cache\6176_113_11_8_detail.json,53483ea9d12f01e2ddf85336762c7f5da7172e2b1331c8737e69e304e6186116,cache_hit,,2026-07-30T02:10:48+00:00
6176,113,12,mops_api_t05st01,https://mops.twse.com.tw/mops/#/web/t05st01,"{""companyId"": ""6176"", ""firstDay"": """", ""lastDay"": """", ""month"": ""12"", ""year"": ""113""}",643731edfbb53b288a521fbac377f193c89128fc478875f93ba29a8780b47b8d,raw_cache\6176_113_12_list.json,d2beda241c9fd5a6b8998d8aec4cfe7b7c95da20df2c45c6a33246be21e67833,cache_hit,,2026-07-30T02:10:48+00:00
6176,113,12,mops_api_t05st01_detail,https://mops.twse.com.tw/mops/#/web/t05st01,"{""companyId"": ""6176"", ""enterDate"": ""1131230"", ""marketKind"": ""sii"", ""serialNumber"": ""2""}",4c5c5c85b3b249724d079c0624a28224e6967462105757656e950013ced4b4bd,raw_cache\6176_113_12_2_detail.json,a1d37176f2130570d48bbf4ec1178845e67ded707b88184b743008270a42bcee,cache_hit,,2026-07-30T02:10:48+00:00
6176,114,01,mops_api_t05st01,https://mops.twse.com.tw/mops/#/web/t05st01,"{""companyId"": ""6176"", ""firstDay"": """", ""lastDay"": """", ""month"": ""01"", ""year"": ""114""}",e5da45a9e51c47b560f2a1c009de8171fda5373c48d3b19231f966337e097698,raw_cache\6176_114_01_list.json,0915b8c4141c6a7a8fdc24f056b8cfdad5808f1e6c5660201e35bd6ffc3b3b28,cache_hit,,2026-07-30T02:10:48+00:00
6176,114,01,mops_api_t05st01_detail,https://mops.twse.com.tw/mops/#/web/t05st01,"{""companyId"": ""6176"", ""enterDate"": ""1131231"", ""marketKind"": ""sii"", ""serialNumber"": ""3""}",168660a3596e5c0355babbd28e0bc0ecc19db6f97d7e07174bac9d74034deaee,raw_cache\6176_114_01_2_detail.json,ded3f1be7ecbe52fd5b614272b7de14a3f00e040d8aeba57e84d7e18255f3aca,cache_hit,,2026-07-30T02:10:48+00:00
6176,114,01,mops_api_t05st01_detail,https://mops.twse.com.tw/mops/#/web/t05st01,"{""companyId"": ""6176"", ""enterDate"": ""1131231"", ""marketKind"": ""sii"", ""serialNumber"": ""4""}",b9b0c004015ec49accf27063bdd8238ece36cb2a8b0f95873f909ee0307131a5,raw_cache\6176_114_01_3_detail.json,4397d31823f77856b8866d18b167732e92df2e4511724f64ce814e72ce091efd,cache_hit,,2026-07-30T02:10:48+00:00
6176,114,01,mops_api_t05st01_detail,https://mops.twse.com.tw/mops/#/web/t05st01,"{""companyId"": ""6176"", ""enterDate"": ""1140114"", ""marketKind"": ""sii"", ""serialNumber"": ""1""}",ddb82883878d4e9d2e6669ee5d91cc1b9ea7573dc166e366df75bb6feb0fa815,raw_cache\6176_114_01_14_detail.json,be42410d018a64d35e51afac50f0b697b17ae391a7a5cde26d89cf2db59d7ebd,cache_hit,,2026-07-30T02:10:48+00:00
6176,114,01,mops_api_t05st01_detail,https://mops.twse.com.tw/mops/#/web/t05st01,"{""companyId"": ""6176"", ""enterDate"": ""1140114"", ""marketKind"": ""sii"", ""serialNumber"": ""2""}",4cc304ce97cc66d3ff055e7d8dda5a543388b411be8fb8f302c26f3a4ac08bc6,raw_cache\6176_114_01_15_detail.json,e7debe92480b0565b435e45b805469b0fe3710a66692550621afec75551233de,cache_hit,,2026-07-30T02:10:48+00:00
6176,114,02,mops_api_t05st01,https://mops.twse.com.tw/mops/#/web/t05st01,"{""companyId"": ""6176"", ""firstDay"": """", ""lastDay"": """", ""month"": ""02"", ""year"": ""114""}",2504db00748c7a4e1739a03ab183cc972891f241c2a1c20496c29a04c8963564,raw_cache\6176_114_02_list.json,626ec65408821fb32040d98d254335dd77b530a1cb28da7f966ab669afb9a70f,cache_hit,,2026-07-30T02:10:48+00:00
6176,114,02,mops_api_t05st01_detail,https://mops.twse.com.tw/mops/#/web/t05st01,"{""companyId"": ""6176"", ""enterDate"": ""1140224"", ""marketKind"": ""sii"", ""serialNumber"": ""2""}",c7ddfd25ccc7be364229c4099a5c1f82a18b767c99d2859cd39ced069702448f,raw_cache\6176_114_02_7_detail.json,55cf2b985626d0f77d7011ec1370d518c812120587fa734b61f123fc1ed8715c,cache_hit,,2026-07-30T02:10:48+00:00
6180,104,05,mops_api_t05st01,https://mops.twse.com.tw/mops/#/web/t05st01,"{""companyId"": ""6180"", ""firstDay"": """", ""lastDay"": """", ""month"": ""05"", ""year"": ""104""}",1bcbd59195c50e1f5d4f822c4128cdb68ec7d9f314f9af359a85bd31b7ffebf2,raw_cache\6180_104_05_list.json,52aec6a4766a8f8506fd00cf451b48683d238cb9ea0685c3b375d34cfc319e8f,cache_hit,,2026-07-30T02:10:48+00:00
6180,104,06,mops_api_t05st01,https://mops.twse.com.tw/mops/#/web/t05st01,"{""companyId"": ""6180"", ""firstDay"": """", ""lastDay"": """", ""month"": ""06"", ""year"": ""104""}",466ad013023b23b76ca92065a655add96c512bdae9ed2a3f7b6d236488efe332,raw_cache\6180_104_06_list.json,25a6c879dac8f71542b15a8958ccf3e5d1f431db78b0d198305784fb936694da,cache_hit,,2026-07-30T02:10:48+00:00
6180,104,07,mops_api_t05st01,https://mops.twse.com.tw/mops/#/web/t05st01,"{""companyId"": ""6180"", ""firstDay"": """", ""lastDay"": """", ""month"": ""07"", ""year"": ""104""}",ba6b83d0bf15ee9f13bdf3bbfa68a9247c035d74e96f626831561ffecf292f31,raw_cache\6180_104_07_list.json,bb2a157a449b6285d5ffb52c84a1a577d507f6ae97bb982cd86e721ac0e98903,cache_hit,,2026-07-30T02:10:48+00:00
6182,110,02,mops_api_t05st01,https://mops.twse.com.tw/mops/#/web/t05st01,"{""companyId"": ""6182"", ""firstDay"": """", ""lastDay"": """", ""month"": ""02"", ""year"": ""110""}",ce8f3f0e90d665eb63596941ef9dcd01b3fa49d68e5b76edaceadd0b4941d90a,raw_cache\6182_110_02_list.json,52aec6a4766a8f8506fd00cf451b48683d238cb9ea0685c3b375d34cfc319e8f,cache_hit,,2026-07-30T02:10:48+00:00
6182,110,03,mops_api_t05st01,https://mops.twse.com.tw/mops/#/web/t05st01,"{""companyId"": ""6182"", ""firstDay"": """", ""lastDay"": """", ""month"": ""03"", ""year"": ""110""}",f2d56fbd3591470b2e0f6fce94b971b2d796c3cfaed6e7290a662e05629fb7b0,raw_cache\6182_110_03_list.json,34ef4ec4c97d705c8bf329c4ea55ae48a49357018cfeca7a4a1982d58b0f0633,cache_hit,,2026-07-30T02:10:48+00:00
6182,110,03,mops_api_t05st01_detail,https://mops.twse.com.tw/mops/#/web/t05st01,"{""companyId"": ""6182"", ""enterDate"": ""1100303"", ""marketKind"": ""otc"", ""serialNumber"": ""1""}",4520a73201ccdb6dd448b628194ffeb60973657c1082899401683fcac00668ca,raw_cache\6182_110_03_0_detail.json,be1f550c17f2f5434f9e599419f651a168c156028ddd5f932a3de4cbb4a09bc5,cache_hit,,2026-07-30T02:10:48+00:00
6182,110,03,mops_api_t05st01_detail,https://mops.twse.com.tw/mops/#/web/t05st01,"{""companyId"": ""6182"", ""enterDate"": ""1100325"", ""marketKind"": ""otc"", ""serialNumber"": ""1""}",458d20655b832803112ba6a76926fa8ca6773a297b265f13cfd5f6dcb8a52f9a,raw_cache\6182_110_03_4_detail.json,147f641226cb54a662f49a5a9def4c317c18f9b81139cccc9a7e7bd5d4b49de5,cache_hit,,2026-07-30T02:10:48+00:00
6182,110,03,mops_api_t05st01_detail,https://mops.twse.com.tw/mops/#/web/t05st01,"{""companyId"": ""6182"", ""enterDate"": ""1100325"", ""marketKind"": ""otc"", ""serialNumber"": ""2""}",f6f1802fdd560d125e1664a3b60fe78cbdf7852bcb0faa84e190d4875587df1a,raw_cache\6182_110_03_5_detail.json,363e15aabb1f7d9f671214015cad62612b232a9b15ce1d9477f70bc821e71296,cache_hit,,2026-07-30T02:10:48+00:00
6182,110,04,mops_api_t05st01,https://mops.twse.com.tw/mops/#/web/t05st01,"{""companyId"": ""6182"", ""firstDay"": """", ""lastDay"": """", ""month"": ""04"", ""year"": ""110""}",0d433f3a21effe841a3296e871d85e194c6954553d2a54240188b75939af5960,raw_cache\6182_110_04_list.json,fb5b0ce3a4e349ef34c8a53d7ca751d5d0d53238b274c8eca10e63aa24ae6d53,cache_hit,,2026-07-30T02:10:48+00:00
6182,110,05,mops_api_t05st01,https://mops.twse.com.tw/mops/#/web/t05st01,"{""companyId"": ""6182"", ""firstDay"": """", ""lastDay"": """", ""month"": ""05"", ""year"": ""110""}",7e098fda1bc292224461fcce6abe72595599b918fa5c99a177f77c65ccd06f4f,raw_cache\6182_110_05_list.json,a9e23f4a2c57779aea4a8f9d7e14909466dadf478b1269fe8a1dcc1319784c5c,cache_hit,,2026-07-30T02:10:48+00:00
6182,110,05,mops_api_t05st01_detail,https://mops.twse.com.tw/mops/#/web/t05st01,"{""companyId"": ""6182"", ""enterDate"": ""1100504"", ""marketKind"": ""otc"", ""serialNumber"": ""1""}",cf2753ca66c6c5c6937b584777d4c874d88120489a19c223a61a6d4dde7d1d9c,raw_cache\6182_110_05_0_detail.json,735f125da23e7864e728fb2cfc5bc6d1d90e26353fae58e5af8a39fd3b99a994,cache_hit,,2026-07-30T02:10:48+00:00
6187,105,03,mops_api_t05st01,https://mops.twse.com.tw/mops/#/web/t05st01,"{""companyId"": ""6187"", ""firstDay"": """", ""lastDay"": """", ""month"": ""03"", ""year"": ""105""}",5db33b0faafedb644a93976e6b590337a4add431c549e3489a63b56971000ad8,raw_cache\6187_105_03_list.json,1636a6b9811ceba1f6302062453e9806dbf595b1f79e35b129c8deab82ab9106,cache_hit,,2026-07-30T02:10:48+00:00
6187,105,03,mops_api_t05st01_detail,https://mops.twse.com.tw/mops/#/web/t05st01,"{""companyId"": ""6187"", ""enterDate"": ""1050318"", ""marketKind"": ""otc"", ""serialNumber"": ""2""}",62e0a4748669f8979fa619eede5193282da8dcb31c461bab3649aeee04180c53,raw_cache\6187_105_03_1_detail.json,97319dec87fd3b5a55d6c35dbe993010cbdd5a0ae04f65ac539a3c2c14f9a579,cache_hit,,2026-07-30T02:10:48+00:00
6187,105,03,mops_api_t05st01_detail,https://mops.twse.com.tw/mops/#/web/t05st01,"{""companyId"": ""6187"", ""enterDate"": ""1050321"", ""marketKind"": ""otc"", ""serialNumber"": ""3""}",6105c51c308bfc47f4cbf18d215b382f34f919f5245c388833c91bdd5396e22f,raw_cache\6187_105_03_6_detail.json,c63aa51936522651085ca2b54d29ded5f22fd70c94a48ae341652defc8727e43,cache_hit,,2026-07-30T02:10:48+00:00
6187,105,04,mops_api_t05st01,https://mops.twse.com.tw/mops/#/web/t05st01,"{""companyId"": ""6187"", ""firstDay"": """", ""lastDay"": """", ""month"": ""04"", ""year"": ""105""}",4e6c85d1d174643388d076cd165ca244ce4a82aa0c015506b47b3c00183af94e,raw_cache\6187_105_04_list.json,19fcd6a818d5e5b24eb78fbf095f501e5ed7fa17e8e8830ae4945115763f5038,cache_hit,,2026-07-30T02:10:48+00:00
6187,105,05,mops_api_t05st01,https://mops.twse.com.tw/mops/#/web/t05st01,"{""companyId"": ""6187"", ""firstDay"": """", ""lastDay"": """", ""month"": ""05"", ""year"": ""105""}",dd3d13cfb9dabfaeaf6449baca03f5a7508503372450ca8083edbcdf55fb6de5,raw_cache\6187_105_05_list.json,8e1c7dbae9d113bee7c96c3a765bc6d18136ad12c7bdfa2475040812da619999,cache_hit,,2026-07-30T02:10:48+00:00
6187,105,05,mops_api_t05st01_detail,https://mops.twse.com.tw/mops/#/web/t05st01,"{""companyId"": ""6187"", ""enterDate"": ""1050506"", ""marketKind"": ""otc"", ""serialNumber"": ""3""}",3b825a379bacd67a88cd24719426aece5db62d1b8c8a68f7f52d933a4571a2e1,raw_cache\6187_105_05_1_detail.json,9b89bf6e2fdf5fc289db4414505e1dd15e3761a567b1ca59deac230e9244089a,cache_hit,,2026-07-30T02:10:48+00:00
6187,115,04,mops_api_t05st01,https://mops.twse.com.tw/mops/#/web/t05st01,"{""companyId"": ""6187"", ""firstDay"": """", ""lastDay"": """", ""month"": ""04"", ""year"": ""115""}",e2731f0dce76b2a7a31e48aaf2feab18daa05d0ea6e15639b0543b33088d6357,raw_cache\6187_115_04_list.json,e3ede15579745757efd723caa4272607a0d549b39a653f6eef6e178af860c8d6,cache_hit,,2026-07-30T02:10:48+00:00
6187,115,05,mops_api_t05st01,https://mops.twse.com.tw/mops/#/web/t05st01,"{""companyId"": ""6187"", ""firstDay"": """", ""lastDay"": """", ""month"": ""05"", ""year"": ""115""}",04ca4100604dfb86a8ba0f3b6c21d46d8ad162e01599bc4e80713a720ac87179,raw_cache\6187_115_05_list.json,7bc535e01de8c66a9692603519f9fd0d106e40e4e50ab4e6e5259664bb1d8b07,cache_hit,,2026-07-30T02:10:48+00:00
6187,115,05,mops_api_t05st01_detail,https://mops.twse.com.tw/mops/#/web/t05st01,"{""companyId"": ""6187"", ""enterDate"": ""1150508"", ""marketKind"": ""otc"", ""serialNumber"": ""2""}",88a41f950279db6b62ed0280cf198e58f3e696dc9d9adbe0f19df0631981613a,raw_cache\6187_115_05_0_detail.json,9d23ec7f0ee0eed3483777ce4799e2497af177e396746479298f9f7af19e9fb0,cache_hit,,2026-07-30T02:10:48+00:00
6187,115,06,mops_api_t05st01,https://mops.twse.com.tw/mops/#/web/t05st01,"{""companyId"": ""6187"", ""firstDay"": """", ""lastDay"": """", ""month"": ""06"", ""year"": ""115""}",c9478b195a8e3b85e31c432147e017701a7cbdc75b7805b7a9d3b9b3dcff5438,raw_cache\6187_115_06_list.json,06854cae950ce7b0a4c0b4501de826cc8c6a5308237c16f8e18d758ef012eb77,cache_hit,,2026-07-30T02:10:48+00:00
6230,105,02,mops_api_t05st01,https://mops.twse.com.tw/mops/#/web/t05st01,"{""companyId"": ""6230"", ""firstDay"": """", ""lastDay"": """", ""month"": ""02"", ""year"": ""105""}",0342fb8a6a924328afc0f9cf150fb571d5b9f6bbb0976e8802d80eab7c928584,raw_cache\6230_105_02_list.json,e97a8b5d03bc9ef48655ee5516ba24c4aa0948020313977f4094cc82bfc339fc,cache_hit,,2026-07-30T02:10:48+00:00
6230,105,03,mops_api_t05st01,https://mops.twse.com.tw/mops/#/web/t05st01,"{""companyId"": ""6230"", ""firstDay"": """", ""lastDay"": """", ""month"": ""03"", ""year"": ""105""}",8ad8a01e758175442fae79c432b98cff74b8a6b5b46326d03c35f86f473ea9da,raw_cache\6230_105_03_list.json,e87c1499ba24f3963904d32b7a3e06f31eb63a8463180cf05b232a7569bc945d,cache_hit,,2026-07-30T02:10:48+00:00
6230,105,03,mops_api_t05st01_detail,https://mops.twse.com.tw/mops/#/web/t05st01,"{""companyId"": ""6230"", ""enterDate"": ""1050311"", ""marketKind"": ""sii"", ""serialNumber"": ""2""}",a9b1aafa5c3d0008cba074c633b6b750b081c30b44a9ce31a40e365281020158,raw_cache\6230_105_03_1_detail.json,85acf492fe613f34b3082fa45aa554d8655c1884f4b613ff594f38a4dfd08440,cache_hit,,2026-07-30T02:10:48+00:00
6230,105,04,mops_api_t05st01,https://mops.twse.com.tw/mops/#/web/t05st01,"{""companyId"": ""6230"", ""firstDay"": """", ""lastDay"": """", ""month"": ""04"", ""year"": ""105""}",43eb7911cf260baa9ccafb45842352e4a563fb5185d06ac7b557f10a8f39dd13,raw_cache\6230_105_04_list.json,9e50d5bdbfc93720ca32974b8620baa169bd49624c1420b7f346c2a9b8f5a987,cache_hit,,2026-07-30T02:10:48+00:00
6235,111,07,mops_api_t05st01,https://mops.twse.com.tw/mops/#/web/t05st01,"{""companyId"": ""6235"", ""firstDay"": """", ""lastDay"": """", ""month"": ""07"", ""year"": ""111""}",5a07d748ed720eb3049e90136f4e8a64bb7463b786756e85b0cc0f89d971491a,raw_cache\6235_111_07_list.json,ef1d383d6412e6fd14105e5712dc206e6826c820e89a358198b19cba34a506c1,cache_hit,,2026-07-30T02:10:48+00:00
6235,111,07,mops_api_t05st01_detail,https://mops.twse.com.tw/mops/#/web/t05st01,"{""companyId"": ""6235"", ""enterDate"": ""1110705"", ""marketKind"": ""sii"", ""serialNumber"": ""1""}",fb35f84d19ee594561bd89e8d7547b919bf622beef102eb2c2afb964839bb6c3,raw_cache\6235_111_07_0_detail.json,468c78211b9ca674fe0d8a72e521b3ec7e0d360999c06ec04f6c79e7b09adb54,cache_hit,,2026-07-30T02:10:48+00:00
6235,111,08,mops_api_t05st01,https://mops.twse.com.tw/mops/#/web/t05st01,"{""companyId"": ""6235"", ""firstDay"": """", ""lastDay"": """", ""month"": ""08"", ""year"": ""111""}",5056762591d7c3a25f33249cd7c2e24280657beb453d1067a9f376c27a5cd5e4,raw_cache\6235_111_08_list.json,7afc3199e9362b52209306a3417ed33c911e2e6e2d9fb6d80a3d44b81cd2bfa5,cache_hit,,2026-07-30T02:10:48+00:00
6235,111,08,mops_api_t05st01_detail,https://mops.twse.com.tw/mops/#/web/t05st01,"{""companyId"": ""6235"", ""enterDate"": ""1110805"", ""marketKind"": ""sii"", ""serialNumber"": ""1""}",4cf785c4b603b3be2acc32638a662ef381c1fdff3da77557e5c91e54e3c7f169,raw_cache\6235_111_08_0_detail.json,5f5622b5b7ae38b0a3922ed020ba1b15aaf59d6cc1b4498db947613228af12a0,cache_hit,,2026-07-30T02:10:48+00:00
6235,111,08,mops_api_t05st01_detail,https://mops.twse.com.tw/mops/#/web/t05st01,"{""companyId"": ""6235"", ""enterDate"": ""1110811"", ""marketKind"": ""sii"", ""serialNumber"": ""2""}",8fcdcee3055f4aebdf89964d72506132eeca016a4254e9e5e01a3886776791a4,raw_cache\6235_111_08_2_detail.json,932bb7ff616b5e92e21d858bad1d90d8de4fa6740d4745a044d243c69bd97895,cache_hit,,2026-07-30T02:10:48+00:00
6235,111,09,mops_api_t05st01,https://mops.twse.com.tw/mops/#/web/t05st01,"{""companyId"": ""6235"", ""firstDay"": """", ""lastDay"": """", ""month"": ""09"", ""year"": ""111""}",61025e6fbc6331d602fe101c5928296823ffdd06937a13881bc00edee7743efb,raw_cache\6235_111_09_list.json,8211ca799495abe69ed8cec137d8553010298cd6250cc63246415d093ce1ffe8,cache_hit,,2026-07-30T02:10:48+00:00
6235,111,09,mops_api_t05st01_detail,https://mops.twse.com.tw/mops/#/web/t05st01,"{""companyId"": ""6235"", ""enterDate"": ""1110905"", ""marketKind"": ""sii"", ""serialNumber"": ""1""}",aa30e409124a84ebb9336fb631ceb0467cb71fef621068bd8a038ed194aa029e,raw_cache\6235_111_09_1_detail.json,cfbd10347ec4f34c72c0ff073cd1d22a932c512528aa27c7d74adfab317c9e14,cache_hit,,2026-07-30T02:10:48+00:00
6239,105,09,mops_api_t05st01,https://mops.twse.com.tw/mops/#/web/t05st01,"{""companyId"": ""6239"", ""firstDay"": """", ""lastDay"": """", ""month"": ""09"", ""year"": ""105""}",22bcea951e95ec40a03bf53d26637c26b934a0c5e15db43f48be1706216ba557,raw_cache\6239_105_09_list.json,7d313e0aa9ad40acb7d97266f8a46fdce329a0a45ce286c245eedf6295a77689,cache_hit,,2026-07-30T02:10:48+00:00
6239,105,10,mops_api_t05st01,https://mops.twse.com.tw/mops/#/web/t05st01,"{""companyId"": ""6239"", ""firstDay"": """", ""lastDay"": """", ""month"": ""10"", ""year"": ""105""}",e5773ac0f46d63dc92950dc9b8a7d186c93b068e0ddc457d55a4290a22089483,raw_cache\6239_105_10_list.json,4f5bca0a7dcc8c108da6af503f367a99db3ad3e42b36f58b91d89c9d2a84948e,cache_hit,,2026-07-30T02:10:48+00:00
6239,105,11,mops_api_t05st01,https://mops.twse.com.tw/mops/#/web/t05st01,"{""companyId"": ""6239"", ""firstDay"": """", ""lastDay"": """", ""month"": ""11"", ""year"": ""105""}",b9b2bcfb0ca2902078c44e1672b0d5700890c7c3897277ba4b7d1160d7e17703,raw_cache\6239_105_11_list.json,d2e313204402cf760208f310bbfd175e2cfdaf2283176a7f0b4e46b848690f28,cache_hit,,2026-07-30T02:10:48+00:00
6239,105,12,mops_api_t05st01,https://mops.twse.com.tw/mops/#/web/t05st01,"{""companyId"": ""6239"", ""firstDay"": """", ""lastDay"": """", ""month"": ""12"", ""year"": ""105""}",89cecfec31e53b6cfb4508344ada2ba0b174ab481915ed6ac78efbc4f0f2c3ba,raw_cache\6239_105_12_list.json,8fb7670d1ee2c2b945bad7b10bfb543547e78a2ddba2e9a8cdaa0f9aed5ed49e,cache_hit,,2026-07-30T02:10:48+00:00
6239,106,06,mops_api_t05st01,https://mops.twse.com.tw/mops/#/web/t05st01,"{""companyId"": ""6239"", ""firstDay"": """", ""lastDay"": """", ""month"": ""06"", ""year"": ""106""}",57847b81249a9dc6a6f3ceec375e1a5888fa96b0a1e934221fcf4d6d96caaec7,raw_cache\6239_106_06_list.json,d3a409d414358a540f074b5217948a1b9d292da9d69fa6c31aabc194d4953e12,cache_hit,,2026-07-30T02:10:48+00:00
6239,106,06,mops_api_t05st01_detail,https://mops.twse.com.tw/mops/#/web/t05st01,"{""companyId"": ""6239"", ""enterDate"": ""1060608"", ""marketKind"": ""sii"", ""serialNumber"": ""3""}",dfa2f93b2fe85f46377dd5a100850ab085fffa4558b93f6e8dcc2e6ab3c6b389,raw_cache\6239_106_06_4_detail.json,f3455e5b52554e7b98e466a982da54cc0f9539f3de35f78f1fb2d2cf52b2081e,cache_hit,,2026-07-30T02:10:48+00:00
6239,106,07,mops_api_t05st01,https://mops.twse.com.tw/mops/#/web/t05st01,"{""companyId"": ""6239"", ""firstDay"": """", ""lastDay"": """", ""month"": ""07"", ""year"": ""106""}",d1d50ad655d11722aa90173b2e7bd2e876fbf745d29817d0f261d5dff260d4c0,raw_cache\6239_106_07_list.json,14e6986f955b0b0fc51262e39f79a0da7f5b9c255268e56fcc82086640fd1809,cache_hit,,2026-07-30T02:10:48+00:00
6239,106,08,mops_api_t05st01,https://mops.twse.com.tw/mops/#/web/t05st01,"{""companyId"": ""6239"", ""firstDay"": """", ""lastDay"": """", ""month"": ""08"", ""year"": ""106""}",10924fe97887130c8ebb41236bb7e61a7b6dd607cdc130220143e9c4501dcebb,raw_cache\6239_106_08_list.json,ced3e382d196fb5c04ac8a0fe52788e189b5c8d741371c9671fcd3683bb649d4,cache_hit,,2026-07-30T02:10:48+00:00
6239,106,09,mops_api_t05st01,https://mops.twse.com.tw/mops/#/web/t05st01,"{""companyId"": ""6239"", ""firstDay"": """", ""lastDay"": """", ""month"": ""09"", ""year"": ""106""}",55f7826355d3a8433afb0f1c04a0b3f16c3704ea39ac019950ef72a8aa0d1dd5,raw_cache\6239_106_09_list.json,3d0d02e412b3785f6de22859dd622e8fc65b4e019be2f16d9273a7a416bc3f85,cache_hit,,2026-07-30T02:10:48+00:00
6243,113,01,mops_api_t05st01,https://mops.twse.com.tw/mops/#/web/t05st01,"{""companyId"": ""6243"", ""firstDay"": """", ""lastDay"": """", ""month"": ""01"", ""year"": ""113""}",da84c22a4ba0308f3f6065752016aaf46455c5d3cee89aea04440599f54c896b,raw_cache\6243_113_01_list.json,9eb80757c75400a72c54be1f0217b0d055c1bcc4d88253a992f0eb2e63f0c86c,cache_hit,,2026-07-30T02:10:48+00:00
6243,113,02,mops_api_t05st01,https://mops.twse.com.tw/mops/#/web/t05st01,"{""companyId"": ""6243"", ""firstDay"": """", ""lastDay"": """", ""month"": ""02"", ""year"": ""113""}",06de5ce4874fce34e0c0e7a19a3e2e4a5a7aa612e4b568de345947592a00559c,raw_cache\6243_113_02_list.json,5d698b2e0f59456d525d1d4dff065b16581912599d44099c76b9034979433eea,cache_hit,,2026-07-30T02:10:48+00:00
6243,113,02,mops_api_t05st01_detail,https://mops.twse.com.tw/mops/#/web/t05st01,"{""companyId"": ""6243"", ""enterDate"": ""1130226"", ""marketKind"": ""sii"", ""serialNumber"": ""1""}",ccf0c159c9277153410f63d86d9eb5bcd756d35e8760e4ffe70553006831cafc,raw_cache\6243_113_02_1_detail.json,f64126695ec2f5ccf38830ccfcc0768fce1cc33be533abc7c8def30935976add,cache_hit,,2026-07-30T02:10:48+00:00
6243,113,02,mops_api_t05st01_detail,https://mops.twse.com.tw/mops/#/web/t05st01,"{""companyId"": ""6243"", ""enterDate"": ""1130227"", ""marketKind"": ""sii"", ""serialNumber"": ""1""}",3e52c7075a319fa7942415e0c75aaeaffeed837ac009d58551887f707e51cf7b,raw_cache\6243_113_02_2_detail.json,d5478942bd6a0dea460aa6115c7fd98936ead018f3c6ad07f3fa3485f727fd4c,cache_hit,,2026-07-30T02:10:48+00:00
6243,113,03,mops_api_t05st01,https://mops.twse.com.tw/mops/#/web/t05st01,"{""companyId"": ""6243"", ""firstDay"": """", ""lastDay"": """", ""month"": ""03"", ""year"": ""113""}",ad4b8333b02e642e74c1f9d7a0453837d0c60b916e88eb484b54f90d2dab00d0,raw_cache\6243_113_03_list.json,18f717bb9400f801f4e066d96c16b0aae908436c99fe0ab2458fc478f2874737,cache_hit,,2026-07-30T02:10:48+00:00
6245,112,02,mops_api_t05st01,https://mops.twse.com.tw/mops/#/web/t05st01,"{""companyId"": ""6245"", ""firstDay"": """", ""lastDay"": """", ""month"": ""02"", ""year"": ""112""}",a075ae9d7cd0f333ca997c38293d95d8014790d0778584be5c3c45076b98bba3,raw_cache\6245_112_02_list.json,cda1b41e2c9467dfc711ef612a0faf223e130d2926c44fbaacae3ae8af0e5248,cache_hit,,2026-07-30T02:10:48+00:00
6245,112,03,mops_api_t05st01,https://mops.twse.com.tw/mops/#/web/t05st01,"{""companyId"": ""6245"", ""firstDay"": """", ""lastDay"": """", ""month"": ""03"", ""year"": ""112""}",2ac64a2fc5f81cf5b057cae8eb8028f0d687a5538c96f417d6b0cf75abe87c07,raw_cache\6245_112_03_list.json,911e20047f665d641093874ac4952a15d7085225ce78e6c1a2d6b39b0a42d446,cache_hit,,2026-07-30T02:10:48+00:00
6245,112,03,mops_api_t05st01_detail,https://mops.twse.com.tw/mops/#/web/t05st01,"{""companyId"": ""6245"", ""enterDate"": ""1120321"", ""marketKind"": ""otc"", ""serialNumber"": ""2""}",239f9d244a5883a44edea6e6d92c776d65680f4ecca3611a379c61f3392b775c,raw_cache\6245_112_03_1_detail.json,84c983c3bc763b7c7d83b71182802ea8f6fcd4845e4ba2bc0ec9bda81e192af4,cache_hit,,2026-07-30T02:10:48+00:00
6245,112,04,mops_api_t05st01,https://mops.twse.com.tw/mops/#/web/t05st01,"{""companyId"": ""6245"", ""firstDay"": """", ""lastDay"": """", ""month"": ""04"", ""year"": ""112""}",e774f8a59187ad1051c0b6c8597dc2fccb24aa14ed34cbf485f276e8b337482a,raw_cache\6245_112_04_list.json,7fca9bdefc134df2e7cb4d562faed48f55a43e4d10f66574c16685f496edd7c6,cache_hit,,2026-07-30T02:10:48+00:00
6279,104,10,mops_api_t05st01,https://mops.twse.com.tw/mops/#/web/t05st01,"{""companyId"": ""6279"", ""firstDay"": """", ""lastDay"": """", ""month"": ""10"", ""year"": ""104""}",6fab3d843a3acd5e75ac812e40fe3585428115e664f5618e59c1487d328eaeb0,raw_cache\6279_104_10_list.json,58236c226ccedfbdf123ce1f57cf37b424e019f94bfab1c697787729aa4722f4,cache_hit,,2026-07-30T02:10:48+00:00
6279,104,11,mops_api_t05st01,https://mops.twse.com.tw/mops/#/web/t05st01,"{""companyId"": ""6279"", ""firstDay"": """", ""lastDay"": """", ""month"": ""11"", ""year"": ""104""}",6ebdee4005d6b12afa94ce8a7416ee5ae6ba1a1bb298e9f975e3dd242cefb3d4,raw_cache\6279_104_11_list.json,7abaec45034dbb8699366ade2a4bbbefb91020dbcfdc6384b6da59c4c8cd494f,cache_hit,,2026-07-30T02:10:48+00:00
6279,104,12,mops_api_t05st01,https://mops.twse.com.tw/mops/#/web/t05st01,"{""companyId"": ""6279"", ""firstDay"": """", ""lastDay"": """", ""month"": ""12"", ""year"": ""104""}",598de20d7e37293c50bb1ac2a64820df99d844d4d0a7cf6ce16f6aa2afbff41a,raw_cache\6279_104_12_list.json,9cbe34c11bc4adc5e679f6f9107a926d5a5981631c21ef4ea65cc98b53ef77b1,cache_hit,,2026-07-30T02:10:48+00:00
6279,105,01,mops_api_t05st01,https://mops.twse.com.tw/mops/#/web/t05st01,"{""companyId"": ""6279"", ""firstDay"": """", ""lastDay"": """", ""month"": ""01"", ""year"": ""105""}",30a55c6fd2bed6cb3cace9a59d4a1fbccd7072caeeb1a700f041dba21c99b2a1,raw_cache\6279_105_01_list.json,bca3620ccbb60066f59da86cdd6927648c483765f51e7af7740c1f2b1a96f235,cache_hit,,2026-07-30T02:10:48+00:00
6285,112,01,mops_api_t05st01,https://mops.twse.com.tw/mops/#/web/t05st01,"{""companyId"": ""6285"", ""firstDay"": """", ""lastDay"": """", ""month"": ""01"", ""year"": ""112""}",49c525b25e7170b255e57b7d5db068e49cb551447af6648a98407194c293e6f3,raw_cache\6285_112_01_list.json,daa2f86e168c2d2b19030bdebaa453d8d8e6f23f437af3076b4cc151e52318a9,cache_hit,,2026-07-30T02:10:48+00:00
6285,112,01,mops_api_t05st01_detail,https://mops.twse.com.tw/mops/#/web/t05st01,"{""companyId"": ""6285"", ""enterDate"": ""1120116"", ""marketKind"": ""sii"", ""serialNumber"": ""1""}",f6eacfc8350238a95be60063a0d90b104126849ecc99bc7a7ca462ee7083fdea,raw_cache\6285_112_01_0_detail.json,3155efb1df445adfd1c561de3b4c1cbfc7a3698f4110c5255e89e666531b052b,cache_hit,,2026-07-30T02:10:48+00:00
6285,112,02,mops_api_t05st01,https://mops.twse.com.tw/mops/#/web/t05st01,"{""companyId"": ""6285"", ""firstDay"": """", ""lastDay"": """", ""month"": ""02"", ""year"": ""112""}",c55fae09b65c12efe8ae85c92a1449b7c58499a5a09d07827fe266078fd18817,raw_cache\6285_112_02_list.json,762fed30f2c7e5cb986b7fd16a38b1fc00a2bde0470ec1519ed3db1ee9960b7c,cache_hit,,2026-07-30T02:10:48+00:00
6285,112,03,mops_api_t05st01,https://mops.twse.com.tw/mops/#/web/t05st01,"{""companyId"": ""6285"", ""firstDay"": """", ""lastDay"": """", ""month"": ""03"", ""year"": ""112""}",bef52ba28f68b26332fb71195a3b5e57c18b0cb15ba4d81016f7ac219d5d0cbe,raw_cache\6285_112_03_list.json,c30eb74d83713a2958528d18085794adc1294a822f35c2132132d4a254222edb,cache_hit,,2026-07-30T02:10:48+00:00
6285,112,03,mops_api_t05st01_detail,https://mops.twse.com.tw/mops/#/web/t05st01,"{""companyId"": ""6285"", ""enterDate"": ""1120308"", ""marketKind"": ""sii"", ""serialNumber"": ""1""}",1544761a2eb40cf83cb06034b031e34f162e904e360f2e3b717514df2f76cdbc,raw_cache\6285_112_03_0_detail.json,30b536639b809e1045426e338928c055514d3cfd23ad795c5dab61fdfcf820de,cache_hit,,2026-07-30T02:10:48+00:00
6285,112,03,mops_api_t05st01_detail,https://mops.twse.com.tw/mops/#/web/t05st01,"{""companyId"": ""6285"", ""enterDate"": ""1120308"", ""marketKind"": ""sii"", ""serialNumber"": ""4""}",d31176c580f9c904881a1820e75de282bed5dec7214cd73461dfdc1dae530dc3,raw_cache\6285_112_03_3_detail.json,625ddc81a71e47c50460b505318d18691c1578583684e6f08a11602f1d7cac2d,cache_hit,,2026-07-30T02:10:48+00:00
6285,112,03,mops_api_t05st01_detail,https://mops.twse.com.tw/mops/#/web/t05st01,"{""companyId"": ""6285"", ""enterDate"": ""1120310"", ""marketKind"": ""sii"", ""serialNumber"": ""1""}",896fed6eb03c8436dfd12378a758589ef08d4b388d628839fb01cc7f3099a046,raw_cache\6285_112_03_4_detail.json,248775851211a6390bff6a79081343b54274c80b528d0d96ebcc4b249ef53f0d,cache_hit,,2026-07-30T02:10:48+00:00
6285,112,03,mops_api_t05st01_detail,https://mops.twse.com.tw/mops/#/web/t05st01,"{""companyId"": ""6285"", ""enterDate"": ""1120330"", ""marketKind"": ""sii"", ""serialNumber"": ""1""}",27b8ae6014f9b93c504339a9b34e36750fdd33616b7727f4446c2885087ede5a,raw_cache\6285_112_03_6_detail.json,1fdeb4b8461b40b6ce3f94efc2bd2a6325eacac3eab5819c3400974e73d5816a,cache_hit,,2026-07-30T02:10:48+00:00
6290,108,05,mops_api_t05st01,https://mops.twse.com.tw/mops/#/web/t05st01,"{""companyId"": ""6290"", ""firstDay"": """", ""lastDay"": """", ""month"": ""05"", ""year"": ""108""}",2cdae6d5fa1b8a8e75dd561a99cdea48e6297b8abcbf6fd0dbe42eae066b576b,raw_cache\6290_108_05_list.json,e5a8e2bb8da754627196e9060a41a6c973ac91a82d1744861e6b66c30a651883,cache_hit,,2026-07-30T02:10:48+00:00
6290,108,05,mops_api_t05st01_detail,https://mops.twse.com.tw/mops/#/web/t05st01,"{""companyId"": ""6290"", ""enterDate"": ""1080510"", ""marketKind"": ""otc"", ""serialNumber"": ""1""}",e9b3197a44330a3756d7d7724611c204653c0c01d9747e98d7c43b1a901aa5d6,raw_cache\6290_108_05_0_detail.json,71284db24326a94e128843cb6feb16376238e62ebd6cd039d6958012416f2e19,cache_hit,,2026-07-30T02:10:48+00:00
6290,108,06,mops_api_t05st01,https://mops.twse.com.tw/mops/#/web/t05st01,"{""companyId"": ""6290"", ""firstDay"": """", ""lastDay"": """", ""month"": ""06"", ""year"": ""108""}",6d576ad138db0ad8fd813d3a48e3ffb1c8d686185ec707c69cc6533288509fcb,raw_cache\6290_108_06_list.json,fa1e3bc643e1bf64084826cb6c69d53af504b9f1f5c252f9f13d8de9be725afb,cache_hit,,2026-07-30T02:10:48+00:00
6290,108,07,mops_api_t05st01,https://mops.twse.com.tw/mops/#/web/t05st01,"{""companyId"": ""6290"", ""firstDay"": """", ""lastDay"": """", ""month"": ""07"", ""year"": ""108""}",f79b8ecf9ec1418885256cc8c83c13ac17beecf45b75839ef56d664b8df278aa,raw_cache\6290_108_07_list.json,8869313c59a7a5c2c64832710fd91326686ae360aad2090065afff0ec7bdff28,cache_hit,,2026-07-30T02:10:48+00:00
6290,108,07,mops_api_t05st01_detail,https://mops.twse.com.tw/mops/#/web/t05st01,"{""companyId"": ""6290"", ""enterDate"": ""1080709"", ""marketKind"": ""otc"", ""serialNumber"": ""1""}",74451fbcc508bf97d527749f40e810d5a8084ae0cc1cdc9a41b25b96ff8b21fc,raw_cache\6290_108_07_0_detail.json,2ff1552b52b084e927dad763eb0944294aa8d8573f3ba0d812fb4c0d7d8d5676,cache_hit,,2026-07-30T02:10:48+00:00
6290,108,07,mops_api_t05st01_detail,https://mops.twse.com.tw/mops/#/web/t05st01,"{""companyId"": ""6290"", ""enterDate"": ""1080718"", ""marketKind"": ""otc"", ""serialNumber"": ""1""}",5dfe3060f948e76b99a937864d123a503f96c6cf88c27d73072fb7c8fbb49482,raw_cache\6290_108_07_1_detail.json,d9618660a9ff3e770a4f5718bb92f56d9f86520e7496a1218b2383b15f4299c6,cache_hit,,2026-07-30T02:10:48+00:00
6411,107,02,mops_api_t05st01,https://mops.twse.com.tw/mops/#/web/t05st01,"{""companyId"": ""6411"", ""firstDay"": """", ""lastDay"": """", ""month"": ""02"", ""year"": ""107""}",94183ddcc9428ee9d52c5c48bf9e15f0d08ccc3a82d08afbb2c73ba918165ea9,raw_cache\6411_107_02_list.json,dbb644d339aa2af0bb557de2467fa82b0a38bc0415463917f71881278fe6c778,cache_hit,,2026-07-30T02:10:48+00:00
6411,107,03,mops_api_t05st01,https://mops.twse.com.tw/mops/#/web/t05st01,"{""companyId"": ""6411"", ""firstDay"": """", ""lastDay"": """", ""month"": ""03"", ""year"": ""107""}",ec69c266aab7506867a6710145f61074be79868e611d0393d5daa0d3448f8930,raw_cache\6411_107_03_list.json,ad2cb444fdf5625ffeede1b5e854a55fb177255ccd68b69f2acdd659607042cb,cache_hit,,2026-07-30T02:10:48+00:00
6411,107,03,mops_api_t05st01_detail,https://mops.twse.com.tw/mops/#/web/t05st01,"{""companyId"": ""6411"", ""enterDate"": ""1070307"", ""marketKind"": ""otc"", ""serialNumber"": ""1""}",048d41798e2c412f60f9586afcbc16c80f696d0ebbc6b46d1f3cae501b68e638,raw_cache\6411_107_03_0_detail.json,df0937b6002e18107adde5c78d5b72d76e215c08d568863b4a4f0b5d25cfd76b,cache_hit,,2026-07-30T02:10:48+00:00
6411,107,04,mops_api_t05st01,https://mops.twse.com.tw/mops/#/web/t05st01,"{""companyId"": ""6411"", ""firstDay"": """", ""lastDay"": """", ""month"": ""04"", ""year"": ""107""}",b10d8cbf43e6907c3a571cfcf0c679ae29ca84ba938592a181edcc3449ff5af9,raw_cache\6411_107_04_list.json,e88c80f6d1c256540104675ea206437f6581b877d0930da41984bb5673e852e0,cache_hit,,2026-07-30T02:10:48+00:00
6411,107,04,mops_api_t05st01_detail,https://mops.twse.com.tw/mops/#/web/t05st01,"{""companyId"": ""6411"", ""enterDate"": ""1070430"", ""marketKind"": ""otc"", ""serialNumber"": ""6""}",ee2f2c399ee2d4939748bec1e1207c15c327700fb44d38cfe4e6cadab068dc88,raw_cache\6411_107_04_3_detail.json,3262f94009d6210c629e4af8d47e7cd540872fef0d785c75bcf272e83f5ac49d,cache_hit,,2026-07-30T02:10:48+00:00
6411,107,05,mops_api_t05st01,https://mops.twse.com.tw/mops/#/web/t05st01,"{""companyId"": ""6411"", ""firstDay"": """", ""lastDay"": """", ""month"": ""05"", ""year"": ""107""}",128c9f515944e85d37b91a696a5e61e542c2cb67d780f452c32b40bca4663108,raw_cache\6411_107_05_list.json,e63f5337491ea78bed720b4e94eb99230210cac72727ee2c2e26158adeeeea68,cache_hit,,2026-07-30T02:10:48+00:00
6411,107,06,mops_api_t05st01,https://mops.twse.com.tw/mops/#/web/t05st01,"{""companyId"": ""6411"", ""firstDay"": """", ""lastDay"": """", ""month"": ""06"", ""year"": ""107""}",5c7d076021bda2b7860567160468b5772322134b1daaae50510cca0ad4f3a394,raw_cache\6411_107_06_list.json,7ddd3e412be43e4da32fe117f82dbaa3eb479f06728c9cb1ed68f6045abe02bf,cache_hit,,2026-07-30T02:10:48+00:00
6411,107,07,mops_api_t05st01,https://mops.twse.com.tw/mops/#/web/t05st01,"{""companyId"": ""6411"", ""firstDay"": """", ""lastDay"": """", ""month"": ""07"", ""year"": ""107""}",a361fbc9bc1c5779e3b2e3d81842db4ecfb720ce3eb1bcf81ea38ed308a0706d,raw_cache\6411_107_07_list.json,873d24aa78911627832c8674d522a4871c3a03e184a4f24700e5bfb3000d706f,cache_hit,,2026-07-30T02:10:48+00:00
6411,107,07,mops_api_t05st01_detail,https://mops.twse.com.tw/mops/#/web/t05st01,"{""companyId"": ""6411"", ""enterDate"": ""1070702"", ""marketKind"": ""otc"", ""serialNumber"": ""1""}",25d9d41f0420debf2dd5ca3c7d47957193d75d9db28415b4bb70b7be8ded83b7,raw_cache\6411_107_07_0_detail.json,3a66990ba7f94445f222ac0d9e2dbf4ab030d8820251590d8aa10faa887f722c,cache_hit,,2026-07-30T02:10:48+00:00
6411,110,06,mops_api_t05st01,https://mops.twse.com.tw/mops/#/web/t05st01,"{""companyId"": ""6411"", ""firstDay"": """", ""lastDay"": """", ""month"": ""06"", ""year"": ""110""}",b2b65919b4d8b6fb426b43a583c98baeb0430ace44ef7361c2388d2d7d3f5220,raw_cache\6411_110_06_list.json,fda23e36f8c49409cd94386d51ee8b62b25acd0fc01117a55208011178cf1e61,cache_hit,,2026-07-30T02:10:48+00:00
6411,110,07,mops_api_t05st01,https://mops.twse.com.tw/mops/#/web/t05st01,"{""companyId"": ""6411"", ""firstDay"": """", ""lastDay"": """", ""month"": ""07"", ""year"": ""110""}",10fcf06265679613b79cde95da4a458eb18e40919b7b944268ec819bb59f684e,raw_cache\6411_110_07_list.json,56dc30e716a9c373df2068d04ac738fa2f0ba82c6da70101692ba255a04c8c8c,cache_hit,,2026-07-30T02:10:48+00:00
6411,110,07,mops_api_t05st01_detail,https://mops.twse.com.tw/mops/#/web/t05st01,"{""companyId"": ""6411"", ""enterDate"": ""1100712"", ""marketKind"": ""otc"", ""serialNumber"": ""4""}",59745841ffa14e364af443c622876514cb93438ed3a9bdfd06948624f8d00c7d,raw_cache\6411_110_07_7_detail.json,97c6dc79484b354e53dc60af5f50370b247f3e9331096daad2c295dae05a8ad6,cache_hit,,2026-07-30T02:10:48+00:00
6411,110,07,mops_api_t05st01_detail,https://mops.twse.com.tw/mops/#/web/t05st01,"{""companyId"": ""6411"", ""enterDate"": ""1100713"", ""marketKind"": ""otc"", ""serialNumber"": ""2""}",3182da39e9e6f2433565ba37348886e3ff54a79c5267d11d2dc553ee835dfccc,raw_cache\6411_110_07_8_detail.json,b6f7fdfe4eff9a6f971a15f0d58c89bbfa9e1e4ccd69be47dfe852bf31874389,cache_hit,,2026-07-30T02:10:48+00:00
6411,110,08,mops_api_t05st01,https://mops.twse.com.tw/mops/#/web/t05st01,"{""companyId"": ""6411"", ""firstDay"": """", ""lastDay"": """", ""month"": ""08"", ""year"": ""110""}",58f28e24c78ada460d20587d5ea3542e789ebeb1e1a58456ee0a580f5ecb611b,raw_cache\6411_110_08_list.json,76e7749fb71acf73bf28494305caf0871030db360c92a77912b6e0f1fd0fa41c,cache_hit,,2026-07-30T02:10:48+00:00
6411,110,09,mops_api_t05st01,https://mops.twse.com.tw/mops/#/web/t05st01,"{""companyId"": ""6411"", ""firstDay"": """", ""lastDay"": """", ""month"": ""09"", ""year"": ""110""}",201dfa157e9e9d2509fc6a44ea31b40306c9b7858106a3896f881255656e66c0,raw_cache\6411_110_09_list.json,322348362ecc26d2941f33d16ab90c17e2f6b456ab7e9cce85d3da159fee2e95,cache_hit,,2026-07-30T02:10:48+00:00
6415,107,05,mops_api_t05st01,https://mops.twse.com.tw/mops/#/web/t05st01,"{""companyId"": ""6415"", ""firstDay"": """", ""lastDay"": """", ""month"": ""05"", ""year"": ""107""}",7236c70aa34c002d5550c36c4d17f1708eaf53b973ac75f7f105ca95deb2fa0c,raw_cache\6415_107_05_list.json,89830db7272c90837d715a74d4bca295c5a299062bd151a3235f9621c358ca92,cache_hit,,2026-07-30T02:10:48+00:00
6415,107,06,mops_api_t05st01,https://mops.twse.com.tw/mops/#/web/t05st01,"{""companyId"": ""6415"", ""firstDay"": """", ""lastDay"": """", ""month"": ""06"", ""year"": ""107""}",da5d33ed2572521bc8e9f8a84731cbee29213afd13a8837af7469b9408cbc727,raw_cache\6415_107_06_list.json,2f5c798dad43909bc17977900b69ee582c72ad10546fcf04bb4c6ddf54b51796,cache_hit,,2026-07-30T02:10:48+00:00
6415,107,06,mops_api_t05st01_detail,https://mops.twse.com.tw/mops/#/web/t05st01,"{""companyId"": ""6415"", ""enterDate"": ""1070608"", ""marketKind"": ""sii"", ""serialNumber"": ""2""}",bda2a8ab30e2356eace60aeb480162a50f6e7876efb33ee2e00ea4626671941e,raw_cache\6415_107_06_2_detail.json,99e908cc3a29d75b13a7d9675621674e53e4420fe99cd73cd41728b88e0c7172,cache_hit,,2026-07-30T02:10:48+00:00
6415,107,07,mops_api_t05st01,https://mops.twse.com.tw/mops/#/web/t05st01,"{""companyId"": ""6415"", ""firstDay"": """", ""lastDay"": """", ""month"": ""07"", ""year"": ""107""}",a1c0ccc1716d902b5b0bf0fc33ce7f318b5d09a37f51d671b45ca54453dae0ad,raw_cache\6415_107_07_list.json,c4c6f517485796cc9527eac31fa089343ae5482ce39ee8b736e2659e5091f70f,cache_hit,,2026-07-30T02:10:48+00:00
6415,107,08,mops_api_t05st01,https://mops.twse.com.tw/mops/#/web/t05st01,"{""companyId"": ""6415"", ""firstDay"": """", ""lastDay"": """", ""month"": ""08"", ""year"": ""107""}",75cdccd0fce9c64552c39e409ec4ff531d9ff98ae69c54e873a62611af553977,raw_cache\6415_107_08_list.json,180bd25c7f16bea69934a9c3895d0cc07aa29f8aabe750e462e658944551abbb,cache_hit,,2026-07-30T02:10:48+00:00
6415,110,03,mops_api_t05st01,https://mops.twse.com.tw/mops/#/web/t05st01,"{""companyId"": ""6415"", ""firstDay"": """", ""lastDay"": """", ""month"": ""03"", ""year"": ""110""}",922f17b8865adc8df60fcd3eda25c0e8ffdeadd5b4f0cb034cb173b02739b949,raw_cache\6415_110_03_list.json,99ffecf9abbc85d86bb0b9afd0a8a595135f8be70f152a5fe5eb7b4f7221eef2,cache_hit,,2026-07-30T02:10:48+00:00
6415,110,03,mops_api_t05st01_detail,https://mops.twse.com.tw/mops/#/web/t05st01,"{""companyId"": ""6415"", ""enterDate"": ""1100316"", ""marketKind"": ""sii"", ""serialNumber"": ""5""}",05b00288fe2a80bf9216899f17c867302163b7f549c09d3bdc72f36857c0a635,raw_cache\6415_110_03_5_detail.json,832bab3526934b53745ba7a6ca210d01cc16a62e00664ecda9ee3f682d4c9a73,cache_hit,,2026-07-30T02:10:48+00:00
6415,110,04,mops_api_t05st01,https://mops.twse.com.tw/mops/#/web/t05st01,"{""companyId"": ""6415"", ""firstDay"": """", ""lastDay"": """", ""month"": ""04"", ""year"": ""110""}",0a782b9731e21fd0b6021605f6a1220d7fa396007e564db69e391d3446ae6940,raw_cache\6415_110_04_list.json,eabd055f9faed28791f2c0b6abd9f7ee602f16ad3e8c7172031cefa2dafb4864,cache_hit,,2026-07-30T02:10:48+00:00
6415,110,05,mops_api_t05st01,https://mops.twse.com.tw/mops/#/web/t05st01,"{""companyId"": ""6415"", ""firstDay"": """", ""lastDay"": """", ""month"": ""05"", ""year"": ""110""}",3b5df9152c9cb62ea0d3ad122e18202e82704def6766eb9abb694002b35fdc61,raw_cache\6415_110_05_list.json,dd5b1f12bcac6989fd68fcc6aacf2025d82f3c873a61fd98096f98eff2d65308,cache_hit,,2026-07-30T02:10:48+00:00
6415,110,06,mops_api_t05st01,https://mops.twse.com.tw/mops/#/web/t05st01,"{""companyId"": ""6415"", ""firstDay"": """", ""lastDay"": """", ""month"": ""06"", ""year"": ""110""}",8e0359bc24c97c85f4c5b1494a11d933abd18b7b362ad17a739719d25f9e7d9a,raw_cache\6415_110_06_list.json,45cee8c63f897be0d3006def6a15e4ef039f219639bf5618a5f9732168f47b12,cache_hit,,2026-07-30T02:10:48+00:00
6415,110,06,mops_api_t05st01_detail,https://mops.twse.com.tw/mops/#/web/t05st01,"{""companyId"": ""6415"", ""enterDate"": ""1100603"", ""marketKind"": ""sii"", ""serialNumber"": ""1""}",0c5267da82052997f40b16e20128fc25f538ab5390ee0245573629837ba13e0d,raw_cache\6415_110_06_0_detail.json,10dce0106d95aa90346fb4520f5b37f1d82232c8f080d4487aa980b2f035ddd6,cache_hit,,2026-07-30T02:10:48+00:00
6415,110,07,mops_api_t05st01,https://mops.twse.com.tw/mops/#/web/t05st01,"{""companyId"": ""6415"", ""firstDay"": """", ""lastDay"": """", ""month"": ""07"", ""year"": ""110""}",89fc4fc7df96b21e9a560bb5dc31aac468f744cf108194306a0a8dfc5283dd72,raw_cache\6415_110_07_list.json,354cda28c95d57dccd4162a6a4764c0101540d31c1eed87fcb06aa5caea67a02,cache_hit,,2026-07-30T02:10:48+00:00
6435,106,10,mops_api_t05st01,https://mops.twse.com.tw/mops/#/web/t05st01,"{""companyId"": ""6435"", ""firstDay"": """", ""lastDay"": """", ""month"": ""10"", ""year"": ""106""}",3c08460dcf69b9674cb02f7b4042fe9b3768f642892fb2e187afaccc82162b90,raw_cache\6435_106_10_list.json,e61c79bfe2911e69156544b6a2e8c800b987cec2e1b12fd8e728486fa2577203,cache_hit,,2026-07-30T02:10:48+00:00
6435,106,11,mops_api_t05st01,https://mops.twse.com.tw/mops/#/web/t05st01,"{""companyId"": ""6435"", ""firstDay"": """", ""lastDay"": """", ""month"": ""11"", ""year"": ""106""}",5c72dfbb2b246abd2fbeae7d71b2b200788573aa7af3ddf7df2a89db4d095c59,raw_cache\6435_106_11_list.json,592e807a85cd46ad3fa8f8a103d82047f722ca27dc80be00c0b20f1e5393c602,cache_hit,,2026-07-30T02:10:48+00:00
6435,106,12,mops_api_t05st01,https://mops.twse.com.tw/mops/#/web/t05st01,"{""companyId"": ""6435"", ""firstDay"": """", ""lastDay"": """", ""month"": ""12"", ""year"": ""106""}",82bdab277f875abc8593ce53de8b338fa32c3df84a318cca03033df0f04bc36b,raw_cache\6435_106_12_list.json,4f7450b53e4d76b7aeecb037b41a048a1f231e6bf270e75238cf699802062d2d,cache_hit,,2026-07-30T02:10:48+00:00
6435,107,01,mops_api_t05st01,https://mops.twse.com.tw/mops/#/web/t05st01,"{""companyId"": ""6435"", ""firstDay"": """", ""lastDay"": """", ""month"": ""01"", ""year"": ""107""}",b55f8578b323745bc97593b8468300c19913bb3e89edb1c45bacccba92ca26d3,raw_cache\6435_107_01_list.json,81dcdf0bc05fa4d8b8dada80242302f887db71f2ed34c284b3abc088d719aab3,cache_hit,,2026-07-30T02:10:48+00:00
6435,107,02,mops_api_t05st01,https://mops.twse.com.tw/mops/#/web/t05st01,"{""companyId"": ""6435"", ""firstDay"": """", ""lastDay"": """", ""month"": ""02"", ""year"": ""107""}",4e0c848bda357618d7c84eb5fdaa9f7a51a4054ababc7e972ccf8d4977f27f17,raw_cache\6435_107_02_list.json,56611ae9ac9492daff5458497a9851e9631172b66fc47752b605bfd85c6a17a9,cache_hit,,2026-07-30T02:10:48+00:00
6446,113,11,mops_api_t05st01,https://mops.twse.com.tw/mops/#/web/t05st01,"{""companyId"": ""6446"", ""firstDay"": """", ""lastDay"": """", ""month"": ""11"", ""year"": ""113""}",59c5d8e1697975daec3f3ca6f5f3f45bd83e27c77983691a5da5b423f28254de,raw_cache\6446_113_11_list.json,a5f9f9b5fd8423b08928811896d3a9bcb128ce31de1ccb7a59c8a72908a0543d,cache_hit,,2026-07-30T02:10:48+00:00
6446,113,11,mops_api_t05st01_detail,https://mops.twse.com.tw/mops/#/web/t05st01,"{""companyId"": ""6446"", ""enterDate"": ""1131106"", ""marketKind"": ""sii"", ""serialNumber"": ""1""}",d5609a60a717bbc7fdf329cd462801a734ed1bfb5a3026216e9b91e6c7d7362b,raw_cache\6446_113_11_4_detail.json,e609dc79a6880d4fa788863a2a0028341bb9012a422a606e369d69a38b4dcbd8,cache_hit,,2026-07-30T02:10:48+00:00
6446,113,11,mops_api_t05st01_detail,https://mops.twse.com.tw/mops/#/web/t05st01,"{""companyId"": ""6446"", ""enterDate"": ""1131114"", ""marketKind"": ""sii"", ""serialNumber"": ""1""}",e0e287dee8571c41f2b1ef25f3b06113c1fa64b33f2f892e67cf51f4528d4343,raw_cache\6446_113_11_6_detail.json,26761197a0e695db63ae86965895f86d1ebf1eb750e5bda9944ccc07f465beb8,cache_hit,,2026-07-30T02:10:48+00:00
6446,113,11,mops_api_t05st01_detail,https://mops.twse.com.tw/mops/#/web/t05st01,"{""companyId"": ""6446"", ""enterDate"": ""1131114"", ""marketKind"": ""sii"", ""serialNumber"": ""2""}",cbf00f471ffdd000a2d482972dae1e996dbacf61d481b9184f1953a8e24e4736,raw_cache\6446_113_11_7_detail.json,a7558a197e006281d71789b67d622c24dc342a887c85259583edce3bee457384,cache_hit,,2026-07-30T02:10:48+00:00
6446,113,11,mops_api_t05st01_detail,https://mops.twse.com.tw/mops/#/web/t05st01,"{""companyId"": ""6446"", ""enterDate"": ""1131129"", ""marketKind"": ""sii"", ""serialNumber"": ""1""}",1a1a04e92a72c3b3f86a7e77ae8ac4cb776c80bd323f486532c9283cf7a82620,raw_cache\6446_113_11_10_detail.json,6755258534f8e3f3ebb485e6167c24fe59c7b7c7c0d79cfd6b0657b4c3611e00,cache_hit,,2026-07-30T02:10:48+00:00
6446,113,12,mops_api_t05st01,https://mops.twse.com.tw/mops/#/web/t05st01,"{""companyId"": ""6446"", ""firstDay"": """", ""lastDay"": """", ""month"": ""12"", ""year"": ""113""}",47ea769160aaa3db93e03fa95729d3db15101d8e21e5211706a84b9f5883bd42,raw_cache\6446_113_12_list.json,a18dd5dddd7294bddab336a2e9ecd727bff029f36bbfe0ed416112d57648c5ed,cache_hit,,2026-07-30T02:10:48+00:00
6446,114,01,mops_api_t05st01,https://mops.twse.com.tw/mops/#/web/t05st01,"{""companyId"": ""6446"", ""firstDay"": """", ""lastDay"": """", ""month"": ""01"", ""year"": ""114""}",9ca4b1aff30e5a7ef323069283dcf6d378d3854e1381c49bd147227019e3a320,raw_cache\6446_114_01_list.json,c8d18d450b738a45017c4ad6bc0588303125a4291d3cdc392329e9fdadad0535,cache_hit,,2026-07-30T02:10:48+00:00
6446,114,02,mops_api_t05st01,https://mops.twse.com.tw/mops/#/web/t05st01,"{""companyId"": ""6446"", ""firstDay"": """", ""lastDay"": """", ""month"": ""02"", ""year"": ""114""}",05aa48dab023a43b801ca9a8ef0931eef5be1056daf99b9dfbf3b2b48d8559ef,raw_cache\6446_114_02_list.json,2782f4b4dc9606daf4d2cba154becc141e19551514cb695770008ef3d2012576,cache_hit,,2026-07-30T02:10:48+00:00
6446,114,02,mops_api_t05st01_detail,https://mops.twse.com.tw/mops/#/web/t05st01,"{""companyId"": ""6446"", ""enterDate"": ""1140218"", ""marketKind"": ""sii"", ""serialNumber"": ""6""}",fde5fb24b61743ace99583ddf40b9d295816782abf50057c46f6ec331cb639c9,raw_cache\6446_114_02_1_detail.json,2cfc1a9bd34263d67af608e6eb6c53569665a07047c811df15d213c2af1e6715,cache_hit,,2026-07-30T02:10:48+00:00
6446,114,02,mops_api_t05st01_detail,https://mops.twse.com.tw/mops/#/web/t05st01,"{""companyId"": ""6446"", ""enterDate"": ""1140225"", ""marketKind"": ""sii"", ""serialNumber"": ""1""}",51961e5e7592b359fbf4b7411729595dba9973ddd833081a5246fd2279bf629f,raw_cache\6446_114_02_4_detail.json,a72ece6304d102b468facac15b98387e449ea002ad237fde3bf48272647f3ec4,cache_hit,,2026-07-30T02:10:48+00:00
6446,114,02,mops_api_t05st01_detail,https://mops.twse.com.tw/mops/#/web/t05st01,"{""companyId"": ""6446"", ""enterDate"": ""1140225"", ""marketKind"": ""sii"", ""serialNumber"": ""2""}",f1421a66e93d2ee79fb3ce8cb55e94e99a61e5cf5a950c2d45d4e03eea671720,raw_cache\6446_114_02_5_detail.json,fc417bf2b7702b58eaf57ff949e022a297bfda9fbda9edab253fe9cc361dca2f,cache_hit,,2026-07-30T02:10:48+00:00
6446,114,02,mops_api_t05st01_detail,https://mops.twse.com.tw/mops/#/web/t05st01,"{""companyId"": ""6446"", ""enterDate"": ""1140225"", ""marketKind"": ""sii"", ""serialNumber"": ""5""}",30381c5d9d92f0bd50a51a4e5a75b5ac4199dbf56db515a89e5ce9803280de13,raw_cache\6446_114_02_8_detail.json,e3d66df95ed115eaa738fc9db7736c23d81ff0a2db0a6d6879b4da72134ce3c5,cache_hit,,2026-07-30T02:10:48+00:00
6469,111,04,mops_api_t05st01,https://mops.twse.com.tw/mops/#/web/t05st01,"{""companyId"": ""6469"", ""firstDay"": """", ""lastDay"": """", ""month"": ""04"", ""year"": ""111""}",2ab03ba26c0a0684a70fdecb8b924bcc402fdc0126e881e6a78b4a30f5bac7c1,raw_cache\6469_111_04_list.json,1bab36be490eaa4b915609933e4124c6b8e4c2bd0a223e61e7383a971e8379e9,cache_hit,,2026-07-30T02:10:48+00:00
6469,111,05,mops_api_t05st01,https://mops.twse.com.tw/mops/#/web/t05st01,"{""companyId"": ""6469"", ""firstDay"": """", ""lastDay"": """", ""month"": ""05"", ""year"": ""111""}",027b65ac150d4607eb41d5c5676fe73f5578f38b7b8cfb4e4ee2ea803a530aeb,raw_cache\6469_111_05_list.json,5b04b3fb2d6f454911a820aa36cc2a74ca717875bdd20422f118837bcf768149,cache_hit,,2026-07-30T02:10:48+00:00
6469,111,05,mops_api_t05st01_detail,https://mops.twse.com.tw/mops/#/web/t05st01,"{""companyId"": ""6469"", ""enterDate"": ""1110512"", ""marketKind"": ""otc"", ""serialNumber"": ""1""}",3296aa345c90f8681fcc3b6910dfe10082232c13c56291f0645deefb23cef465,raw_cache\6469_111_05_0_detail.json,48f926ab5bda1b461f29ea25dde53e6a5e8fa4284b6d3129b6e24a10f0c59a4a,cache_hit,,2026-07-30T02:10:48+00:00
6469,111,06,mops_api_t05st01,https://mops.twse.com.tw/mops/#/web/t05st01,"{""companyId"": ""6469"", ""firstDay"": """", ""lastDay"": """", ""month"": ""06"", ""year"": ""111""}",63bc043b5356517221ac8b40b1dca0d54475399e32a55b5f43a0d4d410679314,raw_cache\6469_111_06_list.json,3edd3936290cfefa935f903b13d1398626c53939328c74a76108762819f113c0,cache_hit,,2026-07-30T02:10:48+00:00
6469,111,06,mops_api_t05st01_detail,https://mops.twse.com.tw/mops/#/web/t05st01,"{""companyId"": ""6469"", ""enterDate"": ""1110613"", ""marketKind"": ""otc"", ""serialNumber"": ""1""}",6a01e8a8b34495a4a2648c5cc01733c7e5b4878e0d8bcef6969536908772d704,raw_cache\6469_111_06_1_detail.json,661e25260d5cacecb25dc74e5872eb45e990c9e69abc2d3839c76e331982f769,cache_hit,,2026-07-30T02:10:48+00:00
6469,111,06,mops_api_t05st01_detail,https://mops.twse.com.tw/mops/#/web/t05st01,"{""companyId"": ""6469"", ""enterDate"": ""1110622"", ""marketKind"": ""otc"", ""serialNumber"": ""2""}",1b53bcbfb74d48abd5c3862b8121f52a4e2fd64568b3dbc43fa0d453298947a8,raw_cache\6469_111_06_3_detail.json,c04b3253be400d6fe130277f45f6e3dcfa0ecaf4f5fbd5802a06a233660fc89e,cache_hit,,2026-07-30T02:10:48+00:00
6469,111,07,mops_api_t05st01,https://mops.twse.com.tw/mops/#/web/t05st01,"{""companyId"": ""6469"", ""firstDay"": """", ""lastDay"": """", ""month"": ""07"", ""year"": ""111""}",174ca5f2eff838afd06cb134d2140a77712a174e2f950603a0bca4803fe270e2,raw_cache\6469_111_07_list.json,6c6e6ec41449fd3d9b0da280ac06a35441935729f1645dcec060bebc2ad558c3,cache_hit,,2026-07-30T02:10:48+00:00
6469,111,07,mops_api_t05st01_detail,https://mops.twse.com.tw/mops/#/web/t05st01,"{""companyId"": ""6469"", ""enterDate"": ""1110707"", ""marketKind"": ""otc"", ""serialNumber"": ""2""}",d38c7692daf592984504b176c6871aeac90e70ed247af45ba5d4c5f24d97bac3,raw_cache\6469_111_07_1_detail.json,2f8a6347cf0aff716299cda671557eefbba359d0ecbf1a83cca23ebacbd9478b,cache_hit,,2026-07-30T02:10:48+00:00
6472,111,10,mops_api_t05st01,https://mops.twse.com.tw/mops/#/web/t05st01,"{""companyId"": ""6472"", ""firstDay"": """", ""lastDay"": """", ""month"": ""10"", ""year"": ""111""}",43cca46103aaa84f5746e25ffddbed7ce708a989570af2c1411fbd649d5d3b73,raw_cache\6472_111_10_list.json,426d3485b433e778e0bcbec1011c7022ec7548f794220ddbb5845439c030b771,cache_hit,,2026-07-30T02:10:48+00:00
6472,111,11,mops_api_t05st01,https://mops.twse.com.tw/mops/#/web/t05st01,"{""companyId"": ""6472"", ""firstDay"": """", ""lastDay"": """", ""month"": ""11"", ""year"": ""111""}",118096eea503b034133346bcaaeb47ab940b6137d720beeb54a209b88536824d,raw_cache\6472_111_11_list.json,04f6d92d36980d88d168ce7fbdb91ed3d723ee3f0d1a4c63db90a580c6aa217d,cache_hit,,2026-07-30T02:10:48+00:00
6472,111,11,mops_api_t05st01_detail,https://mops.twse.com.tw/mops/#/web/t05st01,"{""companyId"": ""6472"", ""enterDate"": ""1111110"", ""marketKind"": ""sii"", ""serialNumber"": ""1""}",cd54dc868375fe51181223a014945d2a5e1442429a08bf651698f0d892a08d4d,raw_cache\6472_111_11_0_detail.json,7e42489ec41f42460b84ff8eca91c3422cd1685fd9ac6d874cc38a538814200d,cache_hit,,2026-07-30T02:10:48+00:00
6472,111,11,mops_api_t05st01_detail,https://mops.twse.com.tw/mops/#/web/t05st01,"{""companyId"": ""6472"", ""enterDate"": ""1111114"", ""marketKind"": ""sii"", ""serialNumber"": ""2""}",4438b0f142ebb216802b241f32dc5f9c8202fb3967237e07bb5d86fa26c5ced6,raw_cache\6472_111_11_1_detail.json,da5ac471a5f09c5815b1b2c23d29955167bd27d16e8bdc250145768ea656155d,cache_hit,,2026-07-30T02:10:48+00:00
6472,111,11,mops_api_t05st01_detail,https://mops.twse.com.tw/mops/#/web/t05st01,"{""companyId"": ""6472"", ""enterDate"": ""1111128"", ""marketKind"": ""sii"", ""serialNumber"": ""4""}",faafc9e3136d6231c09e14b5527d54de1ec8bce7a6c3f4086a023b874becb81d,raw_cache\6472_111_11_4_detail.json,1e06b1b4ee5dba41c76c578f55c38604882896af28df902972ee59b037b30307,cache_hit,,2026-07-30T02:10:48+00:00
6472,111,12,mops_api_t05st01,https://mops.twse.com.tw/mops/#/web/t05st01,"{""companyId"": ""6472"", ""firstDay"": """", ""lastDay"": """", ""month"": ""12"", ""year"": ""111""}",2d903d3179af5c915911bb6dae96ee81288c10dedaa917642f458c66749626fd,raw_cache\6472_111_12_list.json,1d1b7006de18b35457dfa0a7329ad8ef827fa317be4999267251f8739f398676,cache_hit,,2026-07-30T02:10:48+00:00
6472,111,12,mops_api_t05st01_detail,https://mops.twse.com.tw/mops/#/web/t05st01,"{""companyId"": ""6472"", ""enterDate"": ""1111227"", ""marketKind"": ""sii"", ""serialNumber"": ""1""}",f199324421ef7c6831f0a7200c92a2bbaab3ce159b7bde774af9076499c83de4,raw_cache\6472_111_12_4_detail.json,efeb16b99a155f8b702b37787fdc0b400a1d160aab5791039219335091220093,cache_hit,,2026-07-30T02:10:48+00:00
6472,112,01,mops_api_t05st01,https://mops.twse.com.tw/mops/#/web/t05st01,"{""companyId"": ""6472"", ""firstDay"": """", ""lastDay"": """", ""month"": ""01"", ""year"": ""112""}",4ec0f9caf7785267875e24b2000cfa8d36d9c59ae5f44d59d0f0851b3aa33df2,raw_cache\6472_112_01_list.json,13896ca5ddf1d09e1393f9058770fabac2c66c28812d022aa5f6161d45407cc2,cache_hit,,2026-07-30T02:10:48+00:00
6472,114,01,mops_api_t05st01,https://mops.twse.com.tw/mops/#/web/t05st01,"{""companyId"": ""6472"", ""firstDay"": """", ""lastDay"": """", ""month"": ""01"", ""year"": ""114""}",df94e901136a3916bf1a96b77106daeff058e96679f3691b51e11e3ecbb07171,raw_cache\6472_114_01_list.json,795469a0cb475e9136d08e4f781a38658a031cdb4a3eb29de7d0bb2eca27b290,cache_hit,,2026-07-30T02:10:48+00:00
6472,114,01,mops_api_t05st01_detail,https://mops.twse.com.tw/mops/#/web/t05st01,"{""companyId"": ""6472"", ""enterDate"": ""1140109"", ""marketKind"": ""sii"", ""serialNumber"": ""2""}",9f5ba1469a2b8a8706e76cdca6e58ff31a24f75fbe43eebec7504c1a77908017,raw_cache\6472_114_01_0_detail.json,48b0e88d3f6002380f471bb6ff88b19607ef80b5d773213f82b645eb9e80581d,cache_hit,,2026-07-30T02:10:48+00:00
6472,114,01,mops_api_t05st01_detail,https://mops.twse.com.tw/mops/#/web/t05st01,"{""companyId"": ""6472"", ""enterDate"": ""1140120"", ""marketKind"": ""sii"", ""serialNumber"": ""3""}",af89861e294dcf181580cabe03bbc59054554559f67b15f899fc51edba192476,raw_cache\6472_114_01_2_detail.json,a18daff99854676ff2eb1939d7d103f95978717b8cc3f88e6351f420dcf8f1be,cache_hit,,2026-07-30T02:10:48+00:00
6472,114,02,mops_api_t05st01,https://mops.twse.com.tw/mops/#/web/t05st01,"{""companyId"": ""6472"", ""firstDay"": """", ""lastDay"": """", ""month"": ""02"", ""year"": ""114""}",019a7d7fe881f4e0d0a330cb6eadcb39e359b48f6c53ba43ff260a3852e735f1,raw_cache\6472_114_02_list.json,cb97e3a31cf80aff1df34f9573476c5a9dc71cfda732b3c55fd28aeb3c9ce85f,cache_hit,,2026-07-30T02:10:48+00:00
6472,114,02,mops_api_t05st01_detail,https://mops.twse.com.tw/mops/#/web/t05st01,"{""companyId"": ""6472"", ""enterDate"": ""1140207"", ""marketKind"": ""sii"", ""serialNumber"": ""1""}",f048683435a72fdc5b972dae0fa2caa0e3d6b45a6445e7dda02402534ed1018c,raw_cache\6472_114_02_0_detail.json,cfae7dca773a73c042269877bf9f82199a04f617cc278015c469c8f109207ffb,cache_hit,,2026-07-30T02:10:48+00:00
6472,114,02,mops_api_t05st01_detail,https://mops.twse.com.tw/mops/#/web/t05st01,"{""companyId"": ""6472"", ""enterDate"": ""1140221"", ""marketKind"": ""sii"", ""serialNumber"": ""2""}",0587499a3776b5ba5ac6b5ef5d9458fc91a6d383b4c29dca7051bfc406bfb2cc,raw_cache\6472_114_02_2_detail.json,6a1daa3e8d9c49f05e27b51c0af028b8cac3febc1de9d0e5553178b85611b72b,cache_hit,,2026-07-30T02:10:48+00:00
6472,114,02,mops_api_t05st01_detail,https://mops.twse.com.tw/mops/#/web/t05st01,"{""companyId"": ""6472"", ""enterDate"": ""1140225"", ""marketKind"": ""sii"", ""serialNumber"": ""5""}",bc1a2c72a907a8e05426183ce3cb00283bbcc1ddecf62a68abc728b5fecbefff,raw_cache\6472_114_02_5_detail.json,65b400b6de6a39fc8684556b9a0601c2cb14873e505d4ba4d8e58e4ed23313ba,cache_hit,,2026-07-30T02:10:48+00:00
6472,114,03,mops_api_t05st01,https://mops.twse.com.tw/mops/#/web/t05st01,"{""companyId"": ""6472"", ""firstDay"": """", ""lastDay"": """", ""month"": ""03"", ""year"": ""114""}",7c57a1cf40f85e98fcb7ecc350ad72198e19b391a624b1885bffa979acbb44ff,raw_cache\6472_114_03_list.json,5d3fee9fe071d519025511e2e5cb60a442b39d988e9dce32c305213c285984fa,cache_hit,,2026-07-30T02:10:48+00:00
6472,114,03,mops_api_t05st01_detail,https://mops.twse.com.tw/mops/#/web/t05st01,"{""companyId"": ""6472"", ""enterDate"": ""1140303"", ""marketKind"": ""sii"", ""serialNumber"": ""2""}",2f2f3cf7a035e26c2734e804eab681e210ad2a31bbb3e3905e126b10984ddf42,raw_cache\6472_114_03_1_detail.json,0e4aad4f526b8f04ffff72244cb30fc6bd5dfcfcbe2a704f78616ffffb1eac3d,cache_hit,,2026-07-30T02:10:48+00:00
6472,114,03,mops_api_t05st01_detail,https://mops.twse.com.tw/mops/#/web/t05st01,"{""companyId"": ""6472"", ""enterDate"": ""1140305"", ""marketKind"": ""sii"", ""serialNumber"": ""3""}",385ae2cd59b0df9ca97ac7cf69413b53e21b49440e2d53308ed18a515cb6754e,raw_cache\6472_114_03_2_detail.json,a3d6bc2316b365370697bdb11b0868389a9a5b36ac896276e5ab72551b525b4c,cache_hit,,2026-07-30T02:10:48+00:00
6488,110,11,mops_api_t05st01,https://mops.twse.com.tw/mops/#/web/t05st01,"{""companyId"": ""6488"", ""firstDay"": """", ""lastDay"": """", ""month"": ""11"", ""year"": ""110""}",2ac3fefe8314272c4fd361dac13f66c054df994c156d40b451bbdc8b07c9f6c6,raw_cache\6488_110_11_list.json,0508c5c74c111de5d4730cbaeb345ea9a16138f4d63036354e84f689c86b5617,cache_hit,,2026-07-30T02:10:48+00:00
6488,110,11,mops_api_t05st01_detail,https://mops.twse.com.tw/mops/#/web/t05st01,"{""companyId"": ""6488"", ""enterDate"": ""1101101"", ""marketKind"": ""otc"", ""serialNumber"": ""1""}",d78bd36897b0c917380e235f1870182863338e1e787e346b4bbfb49ff1cdba58,raw_cache\6488_110_11_0_detail.json,6aad84aa2f3ef49b169dc8e07ff5785af68686562b51c36806f99ccaa203e284,cache_hit,,2026-07-30T02:10:48+00:00
6488,110,11,mops_api_t05st01_detail,https://mops.twse.com.tw/mops/#/web/t05st01,"{""companyId"": ""6488"", ""enterDate"": ""1101125"", ""marketKind"": ""otc"", ""serialNumber"": ""1""}",49dcbf8177ed430216451103296ae719eb904cf77df50526a6ba6930afe95daa,raw_cache\6488_110_11_2_detail.json,83710479a6931b83a158abf26712585b05ae0a89abeb32d6e0619444affd8c5c,cache_hit,,2026-07-30T02:10:48+00:00
6488,110,12,mops_api_t05st01,https://mops.twse.com.tw/mops/#/web/t05st01,"{""companyId"": ""6488"", ""firstDay"": """", ""lastDay"": """", ""month"": ""12"", ""year"": ""110""}",470ed08f9ce468f266dde8095a4cb54d080abb0549b69943d68fbd4d2d43ea83,raw_cache\6488_110_12_list.json,0491867e237d72c6962d61a1e8f4967a122b2902ab467ded2ca808be9f7e87ee,cache_hit,,2026-07-30T02:10:48+00:00
6488,110,12,mops_api_t05st01_detail,https://mops.twse.com.tw/mops/#/web/t05st01,"{""companyId"": ""6488"", ""enterDate"": ""1101207"", ""marketKind"": ""otc"", ""serialNumber"": ""1""}",e65114b213b5e5a0846516100111a0469ea725a5507b529dea23ab0636f279b7,raw_cache\6488_110_12_1_detail.json,9664b0813b942250730031e0bf36722988685b38cc1962a84cbdc2c660d48dfb,cache_hit,,2026-07-30T02:10:48+00:00
6488,110,12,mops_api_t05st01_detail,https://mops.twse.com.tw/mops/#/web/t05st01,"{""companyId"": ""6488"", ""enterDate"": ""1101206"", ""marketKind"": ""otc"", ""serialNumber"": ""2""}",9a53d71a7d42ea3fd68cc078c0bae9b0857a620cc01742003b0321a31de7f3d5,raw_cache\6488_110_12_2_detail.json,6525559c527ec91bfc95dd422e196587e256a0de4044ef0fb5eabf8b63476421,cache_hit,,2026-07-30T02:10:48+00:00
6488,110,12,mops_api_t05st01_detail,https://mops.twse.com.tw/mops/#/web/t05st01,"{""companyId"": ""6488"", ""enterDate"": ""1101229"", ""marketKind"": ""otc"", ""serialNumber"": ""1""}",17de5c8535e5680ef6edc621ac774f982c0b268f374b779c3fb59dff9d3fb918,raw_cache\6488_110_12_5_detail.json,8746cd7a4b1e4d9d767625310831f55deb86e8f4ebb71bc41bf5ccf61df8ecdb,cache_hit,,2026-07-30T02:10:48+00:00
6488,111,01,mops_api_t05st01,https://mops.twse.com.tw/mops/#/web/t05st01,"{""companyId"": ""6488"", ""firstDay"": """", ""lastDay"": """", ""month"": ""01"", ""year"": ""111""}",2917ac2e362a93eab115fbad0634d52052d20d358a19eb4164e0c480b9af5675,raw_cache\6488_111_01_list.json,6a155df5a52cf37b0442da8d900722be35903f585fcfb3bc9da609b796efe20a,cache_hit,,2026-07-30T02:10:48+00:00
6488,111,01,mops_api_t05st01_detail,https://mops.twse.com.tw/mops/#/web/t05st01,"{""companyId"": ""6488"", ""enterDate"": ""1110126"", ""marketKind"": ""otc"", ""serialNumber"": ""1""}",7d4fbba1bf7f7629b53d7a7cbc52bb28899d2752bd75e44d4233ce563430bced,raw_cache\6488_111_01_2_detail.json,b3e357cad8200bc3dc31f921b7a989fcb2c9182223c8b57bf6ddf9d850bac649,cache_hit,,2026-07-30T02:10:48+00:00
6488,111,02,mops_api_t05st01,https://mops.twse.com.tw/mops/#/web/t05st01,"{""companyId"": ""6488"", ""firstDay"": """", ""lastDay"": """", ""month"": ""02"", ""year"": ""111""}",18f064891d8fad98d4396269f70aa9ac441ac7b61c253122fd5aa7cac4646389,raw_cache\6488_111_02_list.json,058bf807547c1c90f348e91e855258ad30362d0d8605d7042b558c45c3bef571,cache_hit,,2026-07-30T02:10:48+00:00
6488,111,02,mops_api_t05st01_detail,https://mops.twse.com.tw/mops/#/web/t05st01,"{""companyId"": ""6488"", ""enterDate"": ""1110225"", ""marketKind"": ""otc"", ""serialNumber"": ""1""}",5ab62876a18c34fb0a9d65e1a0fc04f4536dd20c93de9f100000ab5d54afac08,raw_cache\6488_111_02_4_detail.json,8dd3d5a989d69f72bb12b268dc3176ec051c0943419e53ce80087b7deac9afd4,cache_hit,,2026-07-30T02:10:48+00:00
6504,104,04,mops_api_t05st01,https://mops.twse.com.tw/mops/#/web/t05st01,"{""companyId"": ""6504"", ""firstDay"": """", ""lastDay"": """", ""month"": ""04"", ""year"": ""104""}",9fced0962de9b836a226d53c39f968537eb431153358b8124a84a0e383e70f51,raw_cache\6504_104_04_list.json,7235f54ce7fe33e23c49556befc679da74be8d816b24775f582d9b23a2fa7089,cache_hit,,2026-07-30T02:10:48+00:00
6504,104,05,mops_api_t05st01,https://mops.twse.com.tw/mops/#/web/t05st01,"{""companyId"": ""6504"", ""firstDay"": """", ""lastDay"": """", ""month"": ""05"", ""year"": ""104""}",514e5051411d6807b6076db3ea86429180742f51dd4a8c2fe751f5819febcb91,raw_cache\6504_104_05_list.json,ccbca6e96d6c033d0b083800fbdff2327aba6fee41d9aa43bdc9bb53519a25c9,cache_hit,,2026-07-30T02:10:48+00:00
6504,104,05,mops_api_t05st01_detail,https://mops.twse.com.tw/mops/#/web/t05st01,"{""companyId"": ""6504"", ""enterDate"": ""1040512"", ""marketKind"": ""sii"", ""serialNumber"": ""4""}",c3c6c7cf693fd008a30af64b428a288c3dbadad4f935d5f6872dd828ca0e8803,raw_cache\6504_104_05_2_detail.json,3607f43ddfe6c310e180d152806bade0de1bd5a197420bc95ed5826b37dcd69e,cache_hit,,2026-07-30T02:10:48+00:00
6504,104,06,mops_api_t05st01,https://mops.twse.com.tw/mops/#/web/t05st01,"{""companyId"": ""6504"", ""firstDay"": """", ""lastDay"": """", ""month"": ""06"", ""year"": ""104""}",c4d14714bbc06c01ecf2cbc3dfe70b91d7b9d16994047e8b4486a7bc9a382ff8,raw_cache\6504_104_06_list.json,7b379371ae1372ad85b05e89b6725a7ab3005c972e4d66ea701c810e1a1d7589,cache_hit,,2026-07-30T02:10:48+00:00
6504,104,06,mops_api_t05st01_detail,https://mops.twse.com.tw/mops/#/web/t05st01,"{""companyId"": ""6504"", ""enterDate"": ""1040602"", ""marketKind"": ""sii"", ""serialNumber"": ""2""}",47a60e617d402c04c255195b6384dc924bbd2869c99f73890011ce8a82e93bdf,raw_cache\6504_104_06_1_detail.json,ced4fa0cad07518261e3b14dfdfbfae2f2341e9dfc8024b718948c0b6c2636d5,cache_hit,,2026-07-30T02:10:48+00:00
6504,104,07,mops_api_t05st01,https://mops.twse.com.tw/mops/#/web/t05st01,"{""companyId"": ""6504"", ""firstDay"": """", ""lastDay"": """", ""month"": ""07"", ""year"": ""104""}",00db77a63f5f6830f77c2400340a7548d91e4d97a9b78d03e05f6c8c609cb972,raw_cache\6504_104_07_list.json,abfcf1f6f352b3e6acebf331133ce26bf025768bfa856d0984fbe4f90d4f2776,cache_hit,,2026-07-30T02:10:48+00:00
6505,104,04,mops_api_t05st01,https://mops.twse.com.tw/mops/#/web/t05st01,"{""companyId"": ""6505"", ""firstDay"": """", ""lastDay"": """", ""month"": ""04"", ""year"": ""104""}",acd194ba272c2c8de0dc1ac1b42b30c59b997a728425b69637d8e2d76b6500cd,raw_cache\6505_104_04_list.json,e86edcfff90989b69c84d7a80ee2df21f391bf96bc7418d355c66d6170f04087,cache_hit,,2026-07-30T02:10:48+00:00
6505,104,04,mops_api_t05st01_detail,https://mops.twse.com.tw/mops/#/web/t05st01,"{""companyId"": ""6505"", ""enterDate"": ""1040410"", ""marketKind"": ""sii"", ""serialNumber"": ""1""}",0d0e9e99f980f67204e2aa52691d3f6e41ee3c388fc11d4c66c8941991ef057f,raw_cache\6505_104_04_0_detail.json,4f198b5038f578de6ba56f8e16b729b40da67eecd7d5d003fd69e295af3934c4,cache_hit,,2026-07-30T02:10:48+00:00
6505,104,04,mops_api_t05st01_detail,https://mops.twse.com.tw/mops/#/web/t05st01,"{""companyId"": ""6505"", ""enterDate"": ""1040410"", ""marketKind"": ""sii"", ""serialNumber"": ""2""}",6c934ea992f10a13cba16e3d21e1510647dd6483a943f400da50731dcbd6aa7f,raw_cache\6505_104_04_1_detail.json,fdf2ad23ab8fa458692d1e2ded09bf51f1861129b54d9ae9f63d449de1f367ab,cache_hit,,2026-07-30T02:10:48+00:00
6505,104,05,mops_api_t05st01,https://mops.twse.com.tw/mops/#/web/t05st01,"{""companyId"": ""6505"", ""firstDay"": """", ""lastDay"": """", ""month"": ""05"", ""year"": ""104""}",cddcc3cb8c44425a52b3aaf61db27c792f9cb2990c43944db847f5c491de8575,raw_cache\6505_104_05_list.json,9ca077ef257a447caf108850a2940f02a43ec7d462b0bf62813db8074072cbd8,cache_hit,,2026-07-30T02:10:48+00:00
6505,104,05,mops_api_t05st01_detail,https://mops.twse.com.tw/mops/#/web/t05st01,"{""companyId"": ""6505"", ""enterDate"": ""1040506"", ""marketKind"": ""sii"", ""serialNumber"": ""1""}",eb0f6608caea780f365340e0f255c8a0f951fe91971f74dd9a0bf713b7982537,raw_cache\6505_104_05_2_detail.json,8ca67a02d56456da41851dfe1ef8c3f71bbdebc66a8ec135722efc55b7fa6f0c,cache_hit,,2026-07-30T02:10:48+00:00
6505,104,06,mops_api_t05st01,https://mops.twse.com.tw/mops/#/web/t05st01,"{""companyId"": ""6505"", ""firstDay"": """", ""lastDay"": """", ""month"": ""06"", ""year"": ""104""}",d00e92d7c802e557b4a5d4ce449e32f7198d3776fb273d8e917f60d67f40f1c3,raw_cache\6505_104_06_list.json,4ffd9225e809800a04235cbd6adf8a8ef4a5cd29df8768b32f4d6ba7dec12ac1,cache_hit,,2026-07-30T02:10:48+00:00
6505,104,06,mops_api_t05st01_detail,https://mops.twse.com.tw/mops/#/web/t05st01,"{""companyId"": ""6505"", ""enterDate"": ""1040605"", ""marketKind"": ""sii"", ""serialNumber"": ""1""}",69172d56246ef936393d245091381de162b7b52289affb4a33841ff585c1206a,raw_cache\6505_104_06_0_detail.json,457576f7fa0e0d0178cc05a2f2b197d0dc2f2adc87f15812e020efca2557e6de,cache_hit,,2026-07-30T02:10:48+00:00
6505,104,06,mops_api_t05st01_detail,https://mops.twse.com.tw/mops/#/web/t05st01,"{""companyId"": ""6505"", ""enterDate"": ""1040612"", ""marketKind"": ""sii"", ""serialNumber"": ""3""}",4f495175916fa6d7d2b2e7eb12ac8cbfb7bd005f409568afd2c9cda2884d1fe0,raw_cache\6505_104_06_4_detail.json,a147731a325c53a5fe0cf85c13d9f43281b809968c48bc9adfce0c9e2c4c3847,cache_hit,,2026-07-30T02:10:48+00:00
6505,104,07,mops_api_t05st01,https://mops.twse.com.tw/mops/#/web/t05st01,"{""companyId"": ""6505"", ""firstDay"": """", ""lastDay"": """", ""month"": ""07"", ""year"": ""104""}",3405cc6d2a287c9482680df579926465216093dd672c946f410bd1f0d535866f,raw_cache\6505_104_07_list.json,e4910e0ccc813961571fc156db625871a74424494454797db1fc72774cd1afd1,cache_hit,,2026-07-30T02:10:48+00:00
6505,104,07,mops_api_t05st01_detail,https://mops.twse.com.tw/mops/#/web/t05st01,"{""companyId"": ""6505"", ""enterDate"": ""1040708"", ""marketKind"": ""sii"", ""serialNumber"": ""1""}",2407bb0612fdaca4c331b95b58ea1d6e989bf742c62639dabcdb60a11a317fd3,raw_cache\6505_104_07_0_detail.json,701c2d789db22d598321b6112a9e6d7365d7a84ac92d2c18d99d4cd88b49ca4b,cache_hit,,2026-07-30T02:10:48+00:00
6505,104,07,mops_api_t05st01_detail,https://mops.twse.com.tw/mops/#/web/t05st01,"{""companyId"": ""6505"", ""enterDate"": ""1040708"", ""marketKind"": ""sii"", ""serialNumber"": ""2""}",5316f46647f95d861c681662d94dc4bd0b0c14ef2035390c5e3162bcbb9527c6,raw_cache\6505_104_07_1_detail.json,de738f28a7a6f47b111308d42bc78fdb778828f3763ab418406a8ebb3644745d,cache_hit,,2026-07-30T02:10:48+00:00
6505,104,08,mops_api_t05st01,https://mops.twse.com.tw/mops/#/web/t05st01,"{""companyId"": ""6505"", ""firstDay"": """", ""lastDay"": """", ""month"": ""08"", ""year"": ""104""}",fea6a26de343d462d4141fdead50412b26a2cc36fc2c987335ca7f8d5f18f973,raw_cache\6505_104_08_list.json,73837fc445659ef1d13e34ccff2f0e97dfb7da72364fc493da5baa9cab1f1b3b,cache_hit,,2026-07-30T02:10:48+00:00
6505,104,08,mops_api_t05st01_detail,https://mops.twse.com.tw/mops/#/web/t05st01,"{""companyId"": ""6505"", ""enterDate"": ""1040805"", ""marketKind"": ""sii"", ""serialNumber"": ""1""}",51321b74c5e0902c9d8b3cb375c9ad7d45a0bfb72148866f612fb8928f98f51f,raw_cache\6505_104_08_0_detail.json,d363db7b3a63e26fa91700356f502b63d64d9e4a419f56b44612c0782764612b,cache_hit,,2026-07-30T02:10:48+00:00
6505,104,09,mops_api_t05st01,https://mops.twse.com.tw/mops/#/web/t05st01,"{""companyId"": ""6505"", ""firstDay"": """", ""lastDay"": """", ""month"": ""09"", ""year"": ""104""}",0e73a298ab0deaffee98d390da4d859e532f9cd24e58c3d4d0e6cf3c7cb63782,raw_cache\6505_104_09_list.json,9da3626f8764adf2a1f6d3c5ad6e5c4149be34a07707f4049787a54e3dd61efc,cache_hit,,2026-07-30T02:10:49+00:00
6505,104,09,mops_api_t05st01_detail,https://mops.twse.com.tw/mops/#/web/t05st01,"{""companyId"": ""6505"", ""enterDate"": ""1040904"", ""marketKind"": ""sii"", ""serialNumber"": ""1""}",d8ed276b2b22df25c811a466630481b53f88a16e4e51ac04dee9dbff235a76b4,raw_cache\6505_104_09_0_detail.json,fe6092f58b7b2848a4aaf76304b100fba6e0a4acf649454d22c0b7e0d395314d,cache_hit,,2026-07-30T02:10:49+00:00
6505,104,10,mops_api_t05st01,https://mops.twse.com.tw/mops/#/web/t05st01,"{""companyId"": ""6505"", ""firstDay"": """", ""lastDay"": """", ""month"": ""10"", ""year"": ""104""}",e50886c48c40314acb6ff34ee37c911cf7c2aca547e723f00d8b2a1eac461d7d,raw_cache\6505_104_10_list.json,3c36d95ad142a1c657afb0251c76ac5d2e9f92c58008ddeeb07b91e854095b2e,cache_hit,,2026-07-30T02:10:49+00:00
6505,104,10,mops_api_t05st01_detail,https://mops.twse.com.tw/mops/#/web/t05st01,"{""companyId"": ""6505"", ""enterDate"": ""1041012"", ""marketKind"": ""sii"", ""serialNumber"": ""1""}",128403063f8938d649c22aa2b33f4a4b0466733e14a6ad83f4d11f37989828cd,raw_cache\6505_104_10_0_detail.json,93bb0d9ffbeddab5a33c04f2272158409e94bf5fdb0efc9a079c6adb507ab5c5,cache_hit,,2026-07-30T02:10:49+00:00
6505,104,10,mops_api_t05st01_detail,https://mops.twse.com.tw/mops/#/web/t05st01,"{""companyId"": ""6505"", ""enterDate"": ""1041008"", ""marketKind"": ""sii"", ""serialNumber"": ""3""}",0ffef7630e7fbbb718ae39d0f0cd0fc5c316185dbcc9b064b2e1c7467eace421,raw_cache\6505_104_10_1_detail.json,ab09814c8d4f348a94a4bc2ab09dcd5865151b328233e9cdbfe35dfe8f1fb63d,cache_hit,,2026-07-30T02:10:49+00:00
6505,105,08,mops_api_t05st01,https://mops.twse.com.tw/mops/#/web/t05st01,"{""companyId"": ""6505"", ""firstDay"": """", ""lastDay"": """", ""month"": ""08"", ""year"": ""105""}",334464c8ec97147c5723e69098834f2795653c35b66003655959894c2a75cc29,raw_cache\6505_105_08_list.json,aded8b72b96e084ada9e4bcca836e005df05c455de61f4e285b265e6f54e1fa1,cache_hit,,2026-07-30T02:10:49+00:00
6505,105,08,mops_api_t05st01_detail,https://mops.twse.com.tw/mops/#/web/t05st01,"{""companyId"": ""6505"", ""enterDate"": ""1050808"", ""marketKind"": ""sii"", ""serialNumber"": ""1""}",f8c963da26b91dd6118395f841b14c960e1e68004d45a6c986da5c9465b18698,raw_cache\6505_105_08_1_detail.json,950f19024ea5d122f556c5d396c62872c7b7cbdda73aa04a0bea62f343d6968b,cache_hit,,2026-07-30T02:10:49+00:00
6505,105,09,mops_api_t05st01,https://mops.twse.com.tw/mops/#/web/t05st01,"{""companyId"": ""6505"", ""firstDay"": """", ""lastDay"": """", ""month"": ""09"", ""year"": ""105""}",688132a389a139d05172aeea80db046bbaf84cedc3c1f9649be85be622cebd76,raw_cache\6505_105_09_list.json,d904b78b42238d45864d3bfa2a68bd6af473c4b06a9f137f932764d6ad513f3f,cache_hit,,2026-07-30T02:10:49+00:00
6505,105,09,mops_api_t05st01_detail,https://mops.twse.com.tw/mops/#/web/t05st01,"{""companyId"": ""6505"", ""enterDate"": ""1050905"", ""marketKind"": ""sii"", ""serialNumber"": ""1""}",f66ca6a6f373c9faed6446d69de9be30df90d9573b32ce5902dff2a72b8285ca,raw_cache\6505_105_09_0_detail.json,a4d336cbc39bbacd4e4f723fcdf05ea5eb31133b5887da4526ec285efbbea302,cache_hit,,2026-07-30T02:10:49+00:00
6505,105,10,mops_api_t05st01,https://mops.twse.com.tw/mops/#/web/t05st01,"{""companyId"": ""6505"", ""firstDay"": """", ""lastDay"": """", ""month"": ""10"", ""year"": ""105""}",6d5a473bec3bfa7af1ff35e1e53a7e11b11f85b06d7f32d08805d5b0e09159b4,raw_cache\6505_105_10_list.json,93e805420449a61a2d3bffa55a9abf4dc031d0b31df3167301b3d6f0805ee755,cache_hit,,2026-07-30T02:10:49+00:00
6505,105,10,mops_api_t05st01_detail,https://mops.twse.com.tw/mops/#/web/t05st01,"{""companyId"": ""6505"", ""enterDate"": ""1051007"", ""marketKind"": ""sii"", ""serialNumber"": ""1""}",8ee049ab37632e6981a11f43e4786b5eb5f866f688755d453ea8d482c8b93b70,raw_cache\6505_105_10_0_detail.json,41af7320fead15d3cd36b8d89f5be5db9a6fab87465eb9ea33d7edbe76b426f0,cache_hit,,2026-07-30T02:10:49+00:00
6505,105,10,mops_api_t05st01_detail,https://mops.twse.com.tw/mops/#/web/t05st01,"{""companyId"": ""6505"", ""enterDate"": ""1051007"", ""marketKind"": ""sii"", ""serialNumber"": ""3""}",2ee183360e7cb0dde8b5a3cf2adb316b6b2ca3813c17e94350156a9b4836a832,raw_cache\6505_105_10_1_detail.json,391871cabe93dac0c0406984fe7268022b7b9997c9abe5bab7751367cddafaae,cache_hit,,2026-07-30T02:10:49+00:00
6505,105,11,mops_api_t05st01,https://mops.twse.com.tw/mops/#/web/t05st01,"{""companyId"": ""6505"", ""firstDay"": """", ""lastDay"": """", ""month"": ""11"", ""year"": ""105""}",c57ed6b3a18251c1a9fd68db6bb23e73e92b1bb79c44ca389ceeb7ebf67739ac,raw_cache\6505_105_11_list.json,7d86bb9ec1ac69cf4dde150e22008fd712911ec2aa07f89cb4c385fb32b35edf,cache_hit,,2026-07-30T02:10:49+00:00
6505,105,11,mops_api_t05st01_detail,https://mops.twse.com.tw/mops/#/web/t05st01,"{""companyId"": ""6505"", ""enterDate"": ""1051107"", ""marketKind"": ""sii"", ""serialNumber"": ""1""}",9894c19c49f29cffa6ca1123e13a67f01230b5de42d4ed03e7b41b1c0e6b3d03,raw_cache\6505_105_11_1_detail.json,7f01f5b87cf4b53ef2df3fe08ecbf1f0f693af7ac9fa0017e2d36f8f78f87f91,cache_hit,,2026-07-30T02:10:49+00:00
6505,114,01,mops_api_t05st01,https://mops.twse.com.tw/mops/#/web/t05st01,"{""companyId"": ""6505"", ""firstDay"": """", ""lastDay"": """", ""month"": ""01"", ""year"": ""114""}",7a989f6edb84c0532deac3e21260bb5ed732d26ec0e6cf77fea3bd0602b96b6e,raw_cache\6505_114_01_list.json,d409fa05b50f059de694e04c907783c1ff3c8e34370f866e826adcf1e11709a1,cache_hit,,2026-07-30T02:10:49+00:00
6505,114,01,mops_api_t05st01_detail,https://mops.twse.com.tw/mops/#/web/t05st01,"{""companyId"": ""6505"", ""enterDate"": ""1140108"", ""marketKind"": ""sii"", ""serialNumber"": ""1""}",13f6ee6b7a3f7e2ec7abf390dcc69d03a74cd2ca67d9108a4ea336bbcbbc60d4,raw_cache\6505_114_01_0_detail.json,6ed7d0404e1d105c826e2fd92f661f070eb76b9a3dac869b8dcba1645339f972,cache_hit,,2026-07-30T02:10:49+00:00
6505,114,01,mops_api_t05st01_detail,https://mops.twse.com.tw/mops/#/web/t05st01,"{""companyId"": ""6505"", ""enterDate"": ""1140108"", ""marketKind"": ""sii"", ""serialNumber"": ""2""}",b1c0796de7708aff3d2ba08278248ab25882e301ff8c5a68ebd722b82d62b1da,raw_cache\6505_114_01_1_detail.json,fbdb94fcc7eeb784f6a0e43fee36d6c2ce0c24bcd3219ac0ddeafd624fbb18f7,cache_hit,,2026-07-30T02:10:49+00:00
6505,114,02,mops_api_t05st01,https://mops.twse.com.tw/mops/#/web/t05st01,"{""companyId"": ""6505"", ""firstDay"": """", ""lastDay"": """", ""month"": ""02"", ""year"": ""114""}",57c6ac3bdb11e59bbdefbeed48a86a5567fbc92ed077f6d1aba8ed76d54c4634,raw_cache\6505_114_02_list.json,b780c87315352da0889bbe43579c0847041df78c4726ee5d4b8c644f27026aa0,cache_hit,,2026-07-30T02:10:49+00:00
6505,114,02,mops_api_t05st01_detail,https://mops.twse.com.tw/mops/#/web/t05st01,"{""companyId"": ""6505"", ""enterDate"": ""1140206"", ""marketKind"": ""sii"", ""serialNumber"": ""1""}",4071620a5fe26a74cd5cd8cbb27c46d083bd77e64fdceb99ec87e895eadf0000,raw_cache\6505_114_02_0_detail.json,70243b5fabdd0a6c366e523c907b87709963d85a98bb988200edbde4c51154b9,cache_hit,,2026-07-30T02:10:49+00:00
6505,114,02,mops_api_t05st01_detail,https://mops.twse.com.tw/mops/#/web/t05st01,"{""companyId"": ""6505"", ""enterDate"": ""1140225"", ""marketKind"": ""sii"", ""serialNumber"": ""1""}",534760953e340a0d005056fa2550534a0f54fbb670871389034e27e36632473f,raw_cache\6505_114_02_2_detail.json,66c8386fcb3af75152c93459d01e36918c634cc8276e3bb6d5ec658608cc77b2,cache_hit,,2026-07-30T02:10:49+00:00
6505,114,02,mops_api_t05st01_detail,https://mops.twse.com.tw/mops/#/web/t05st01,"{""companyId"": ""6505"", ""enterDate"": ""1140227"", ""marketKind"": ""sii"", ""serialNumber"": ""2""}",ac6e58dfa868f2befe7a040b19e2f2f93b7526dddb2e9f8a565a35ef181f7241,raw_cache\6505_114_02_3_detail.json,08b22b80249376a91347952b43cfc10ef9eec394622d2c8e37bc99a34970f555,cache_hit,,2026-07-30T02:10:49+00:00
6505,114,03,mops_api_t05st01,https://mops.twse.com.tw/mops/#/web/t05st01,"{""companyId"": ""6505"", ""firstDay"": """", ""lastDay"": """", ""month"": ""03"", ""year"": ""114""}",d68b5a6dcf46bdcc86d31e02586e17c1f7523aadd29319aa39d96ac161e5c842,raw_cache\6505_114_03_list.json,ead6ce3a1ff9065461dd01450cca55a538f19b072e7decb0805308b98141dbfb,cache_hit,,2026-07-30T02:10:49+00:00
6505,114,03,mops_api_t05st01_detail,https://mops.twse.com.tw/mops/#/web/t05st01,"{""companyId"": ""6505"", ""enterDate"": ""1140306"", ""marketKind"": ""sii"", ""serialNumber"": ""1""}",900623567487fa242faab89130352579938a82b7155d03056489c0c2e1108be3,raw_cache\6505_114_03_0_detail.json,d42fdbfe96b1821dc3be135b80cfba8b79f5660dfaa13dee7959e3ed5ef19df9,cache_hit,,2026-07-30T02:10:49+00:00
6515,113,10,mops_api_t05st01,https://mops.twse.com.tw/mops/#/web/t05st01,"{""companyId"": ""6515"", ""firstDay"": """", ""lastDay"": """", ""month"": ""10"", ""year"": ""113""}",2616feb2c59eb82f7e9bdfaa7aff75dff3022dca5a90b899e5eae9144da652f7,raw_cache\6515_113_10_list.json,e4b29a9702591ec625089cd64de4019c370fdb465c2571d4bfd8633f0fb5ac66,cache_hit,,2026-07-30T02:10:49+00:00
6515,113,11,mops_api_t05st01,https://mops.twse.com.tw/mops/#/web/t05st01,"{""companyId"": ""6515"", ""firstDay"": """", ""lastDay"": """", ""month"": ""11"", ""year"": ""113""}",8a770fde9dfe7aad6419d9b04d3f58258c7a99d424eaec36d0337251dc1ae4ef,raw_cache\6515_113_11_list.json,7bbb3fed63fa3e9fcb531ff5619c29031b4798a6dd88cc09a058927906b0f772,cache_hit,,2026-07-30T02:10:49+00:00
6515,113,11,mops_api_t05st01_detail,https://mops.twse.com.tw/mops/#/web/t05st01,"{""companyId"": ""6515"", ""enterDate"": ""1131104"", ""marketKind"": ""sii"", ""serialNumber"": ""1""}",64ef4be498a515828fc7128ff36fc74754b7ae8be029a35f19c9476bae385b51,raw_cache\6515_113_11_0_detail.json,02760e529be49d8fbe3cf6007852e18b8038cf816b1153123c8e6d2cb00c8555,cache_hit,,2026-07-30T02:10:49+00:00
6515,113,11,mops_api_t05st01_detail,https://mops.twse.com.tw/mops/#/web/t05st01,"{""companyId"": ""6515"", ""enterDate"": ""1131112"", ""marketKind"": ""sii"", ""serialNumber"": ""1""}",1a3c783e63807315c09c534f90c7c8e0650684df21aa145a455efe62503e653f,raw_cache\6515_113_11_1_detail.json,47b09acdeaa4d13a85bdd5db033dc843cf7a7213677ad27760b98d22f7ad08d1,cache_hit,,2026-07-30T02:10:49+00:00
6515,113,11,mops_api_t05st01_detail,https://mops.twse.com.tw/mops/#/web/t05st01,"{""companyId"": ""6515"", ""enterDate"": ""1131112"", ""marketKind"": ""sii"", ""serialNumber"": ""3""}",1348916de44b94992cf6e6731243a6d82627572a29088e2cc3d34489a4e1bc57,raw_cache\6515_113_11_3_detail.json,b88c3198b84d3d31a68d61a9ac49056aa45695520f67c3f10874088fa3a35649,cache_hit,,2026-07-30T02:10:49+00:00
6515,113,12,mops_api_t05st01,https://mops.twse.com.tw/mops/#/web/t05st01,"{""companyId"": ""6515"", ""firstDay"": """", ""lastDay"": """", ""month"": ""12"", ""year"": ""113""}",c7502d6b4ca3b701322b687f0180c19fa07602c71cf67674e3c99c50116b20db,raw_cache\6515_113_12_list.json,e7e4db4c0d39dd5294796377966581c0cb511cb4f7603fdd6594cb6996afebc3,cache_hit,,2026-07-30T02:10:49+00:00
6552,108,07,mops_api_t05st01,https://mops.twse.com.tw/mops/#/web/t05st01,"{""companyId"": ""6552"", ""firstDay"": """", ""lastDay"": """", ""month"": ""07"", ""year"": ""108""}",e20860e54cc9e7980b1aa469d3c01e2bdfdb94c815c75e4ac25d807c967ea619,raw_cache\6552_108_07_list.json,67bce17672330127cde046e9946b15d1d99c73a481778333a2906a8395637543,cache_hit,,2026-07-30T02:10:49+00:00
6552,108,08,mops_api_t05st01,https://mops.twse.com.tw/mops/#/web/t05st01,"{""companyId"": ""6552"", ""firstDay"": """", ""lastDay"": """", ""month"": ""08"", ""year"": ""108""}",561fe257b9f69a9d91849993ac4f8ab57eb2fc2165f5c57e9fdc31c184aee071,raw_cache\6552_108_08_list.json,cf17f9ffbbe7dc6c573eddc11bf2b56a0be2ef3f4a4d6c8c658e8e8924c57fa9,cache_hit,,2026-07-30T02:10:49+00:00
6552,108,08,mops_api_t05st01_detail,https://mops.twse.com.tw/mops/#/web/t05st01,"{""companyId"": ""6552"", ""enterDate"": ""1080802"", ""marketKind"": ""sii"", ""serialNumber"": ""1""}",3069cb2c261e1fe1b509eeea76c31af59aa369a36d6d94b5778163828a3f3e36,raw_cache\6552_108_08_0_detail.json,99d54ad9d8214fbc6dd03637cd3d3a20cb68e256c821cb97fdaa65bc317ed7b5,cache_hit,,2026-07-30T02:10:49+00:00
6552,108,09,mops_api_t05st01,https://mops.twse.com.tw/mops/#/web/t05st01,"{""companyId"": ""6552"", ""firstDay"": """", ""lastDay"": """", ""month"": ""09"", ""year"": ""108""}",cc28edf75af58f8ba9644bf0e24f6b49248007c81e058424a3163117d5f155f3,raw_cache\6552_108_09_list.json,1c9dcadf92606daa35b99efb2e60bedb505af53261d09b2473043652e1e0f916,cache_hit,,2026-07-30T02:10:49+00:00
6552,108,10,mops_api_t05st01,https://mops.twse.com.tw/mops/#/web/t05st01,"{""companyId"": ""6552"", ""firstDay"": """", ""lastDay"": """", ""month"": ""10"", ""year"": ""108""}",1b338248579dbe3212a7cec325a77e59a2431f3a4505842e10ea741bae072d4b,raw_cache\6552_108_10_list.json,2f7919d21a5c35574527bb49a12e5ab83d7a8cba8d9023e2b11420204bf9185e,cache_hit,,2026-07-30T02:10:49+00:00
6643,113,02,mops_api_t05st01,https://mops.twse.com.tw/mops/#/web/t05st01,"{""companyId"": ""6643"", ""firstDay"": """", ""lastDay"": """", ""month"": ""02"", ""year"": ""113""}",4e6c3a35d031a18a1e086808ae88e2ee094e5689cd28c933ada93a09e7891984,raw_cache\6643_113_02_list.json,be832d128091fc40a7758b8387fba4c7b55387904c7036e0614370eca7ed9a4f,cache_hit,,2026-07-30T02:10:49+00:00
6643,113,02,mops_api_t05st01_detail,https://mops.twse.com.tw/mops/#/web/t05st01,"{""companyId"": ""6643"", ""enterDate"": ""1130227"", ""marketKind"": ""otc"", ""serialNumber"": ""2""}",51863b0be1f60cd910df1664ffe953dc86e9694ebd13591befe72c63f7526147,raw_cache\6643_113_02_2_detail.json,659ed276d04625322543dc5283c0f6f1d36f9c4754127a058e52bdb42d2e81b7,cache_hit,,2026-07-30T02:10:49+00:00
6643,113,02,mops_api_t05st01_detail,https://mops.twse.com.tw/mops/#/web/t05st01,"{""companyId"": ""6643"", ""enterDate"": ""1130227"", ""marketKind"": ""otc"", ""serialNumber"": ""3""}",85bd2d0efb5a38426eee5b33541c124d939143579e02056adfe2451ba84e04cf,raw_cache\6643_113_02_3_detail.json,555a809417b2bac75ec6afb8150d2f1318f2119ca26832a3664de6af1b3e6653,cache_hit,,2026-07-30T02:10:49+00:00
6643,113,03,mops_api_t05st01,https://mops.twse.com.tw/mops/#/web/t05st01,"{""companyId"": ""6643"", ""firstDay"": """", ""lastDay"": """", ""month"": ""03"", ""year"": ""113""}",926a69aafb18c47e1641b4c65d0bb02fd71161c7c918c9adea23d034547bce62,raw_cache\6643_113_03_list.json,5384a0eca48938990a48f55adfa5a40b12a7df9530b1cc2d102242e4af010f06,cache_hit,,2026-07-30T02:10:49+00:00
6643,113,03,mops_api_t05st01_detail,https://mops.twse.com.tw/mops/#/web/t05st01,"{""companyId"": ""6643"", ""enterDate"": ""1130306"", ""marketKind"": ""otc"", ""serialNumber"": ""4""}",5bd2862d634e90f67d8b426d73d559023a4d7fcaaa125fdca17255d6ca2acf3f,raw_cache\6643_113_03_3_detail.json,47b46ef70ff00a6106ec56ec466ba1fc54cc795952a9f8c53910cc446ef185b1,cache_hit,,2026-07-30T02:10:49+00:00
6643,113,03,mops_api_t05st01_detail,https://mops.twse.com.tw/mops/#/web/t05st01,"{""companyId"": ""6643"", ""enterDate"": ""1130319"", ""marketKind"": ""otc"", ""serialNumber"": ""1""}",ea71221127dd2aa60db2f91aa11052941be51d3932e90e0a78dc56c35e0b8d71,raw_cache\6643_113_03_5_detail.json,2af060d975126d000414278b09d0f72a18f3716d463fb14196cd55df952a264c,cache_hit,,2026-07-30T02:10:49+00:00
6643,113,04,mops_api_t05st01,https://mops.twse.com.tw/mops/#/web/t05st01,"{""companyId"": ""6643"", ""firstDay"": """", ""lastDay"": """", ""month"": ""04"", ""year"": ""113""}",242f97a96f8ddd9d0c06fd33b76a80da0e085656fde0389d1979355695b5def1,raw_cache\6643_113_04_list.json,bdf04997c2c67d12e033af17ed3ffdb04b3634034abea1d0d836864bd2288346,cache_hit,,2026-07-30T02:10:49+00:00
6643,113,04,mops_api_t05st01_detail,https://mops.twse.com.tw/mops/#/web/t05st01,"{""companyId"": ""6643"", ""enterDate"": ""1130429"", ""marketKind"": ""otc"", ""serialNumber"": ""1""}",16eac6f1dab867f54de9d3a2321c512cff3c0d0d2fd64e3be52f4784a0659349,raw_cache\6643_113_04_4_detail.json,f235a40ab9354e95c58c6fdaf28199e35a10126e51ebe2dd883902b41b7844cc,cache_hit,,2026-07-30T02:10:49+00:00
6669,112,08,mops_api_t05st01,https://mops.twse.com.tw/mops/#/web/t05st01,"{""companyId"": ""6669"", ""firstDay"": """", ""lastDay"": """", ""month"": ""08"", ""year"": ""112""}",096ad540036d4204b10604d5447a1b48d3466095bff46a0d22cb0cf23a7cd3ab,raw_cache\6669_112_08_list.json,db05452119f52c308e2a7e6636ef30f7ee673dbf7e1b677a4913fcfe977e8a7f,cache_hit,,2026-07-30T02:10:49+00:00
6669,112,08,mops_api_t05st01_detail,https://mops.twse.com.tw/mops/#/web/t05st01,"{""companyId"": ""6669"", ""enterDate"": ""1120726"", ""marketKind"": ""sii"", ""serialNumber"": ""1""}",6825c9d7b0bdc49ec26ed901d5736a9ef6e7fb6d1830bd3e21e52b47660df95a,raw_cache\6669_112_08_1_detail.json,7092b2568d218598574238668a825f53afa84559be6dcf50106e05da889fed5f,cache_hit,,2026-07-30T02:10:49+00:00
6669,112,09,mops_api_t05st01,https://mops.twse.com.tw/mops/#/web/t05st01,"{""companyId"": ""6669"", ""firstDay"": """", ""lastDay"": """", ""month"": ""09"", ""year"": ""112""}",d2676c59fdecfc27653bb436664a9a7ca993012b952127738a5c325da9bf74a6,raw_cache\6669_112_09_list.json,ba747312e396bb92617b5115289b3eb81f443d936c0073ee98f2376043d35c5f,cache_hit,,2026-07-30T02:10:49+00:00
6669,112,10,mops_api_t05st01,https://mops.twse.com.tw/mops/#/web/t05st01,"{""companyId"": ""6669"", ""firstDay"": """", ""lastDay"": """", ""month"": ""10"", ""year"": ""112""}",f1aa23a7e611873410aa5778b5e1230dbbfd36c147072a6f1dfb31e1063d65a5,raw_cache\6669_112_10_list.json,8d9bd46cf086e27ffb4f5a668b20df2e79343cab93eecb9d79b6ecd46a03fe9d,cache_hit,,2026-07-30T02:10:49+00:00
6669,112,11,mops_api_t05st01,https://mops.twse.com.tw/mops/#/web/t05st01,"{""companyId"": ""6669"", ""firstDay"": """", ""lastDay"": """", ""month"": ""11"", ""year"": ""112""}",d35c5c118507ffdd88b11c83cb57be061f0b171063542d9607edc24871db1e9c,raw_cache\6669_112_11_list.json,5f3444a1658c03653e9d4b7bb4aeff95f2bc929257b7e1ea5ad20805a297ef51,cache_hit,,2026-07-30T02:10:49+00:00
6669,112,11,mops_api_t05st01_detail,https://mops.twse.com.tw/mops/#/web/t05st01,"{""companyId"": ""6669"", ""enterDate"": ""1121102"", ""marketKind"": ""sii"", ""serialNumber"": ""1""}",4a6750a34a15a2a9b3703037c92e761c76a871878c976cd041bbad0ad3c8dd34,raw_cache\6669_112_11_1_detail.json,68bc92b92233ec4d44da030b50e0139330e1a5cb2f58738300ee31dbb4840875,cache_hit,,2026-07-30T02:10:49+00:00
6669,112,12,mops_api_t05st01,https://mops.twse.com.tw/mops/#/web/t05st01,"{""companyId"": ""6669"", ""firstDay"": """", ""lastDay"": """", ""month"": ""12"", ""year"": ""112""}",0dde3723fc94a2bf7ee7d2d09a6f1b975e319922260aed7430ea90485dfed8d1,raw_cache\6669_112_12_list.json,56219375fea09ceca70cf548f128ccaf8e6adfd40f9787f016bec89bbae99e88,cache_hit,,2026-07-30T02:10:49+00:00
6669,113,01,mops_api_t05st01,https://mops.twse.com.tw/mops/#/web/t05st01,"{""companyId"": ""6669"", ""firstDay"": """", ""lastDay"": """", ""month"": ""01"", ""year"": ""113""}",e181afda1fa38f7726dbf5228328cbd9faae8b23ff49a5c844a943321c9604a2,raw_cache\6669_113_01_list.json,e70cace81451bd495361d95b8a1214de68006b37a3192df98f44d5a6d29d50d7,cache_hit,,2026-07-30T02:10:49+00:00
6669,113,01,mops_api_t05st01_detail,https://mops.twse.com.tw/mops/#/web/t05st01,"{""companyId"": ""6669"", ""enterDate"": ""1130115"", ""marketKind"": ""sii"", ""serialNumber"": ""1""}",26fc717b852ff6a62347cb4bdbe7985a50478be0cebdcb12c5fd5a9f2e1f97dd,raw_cache\6669_113_01_0_detail.json,6d54ab83e5d7a8f90a17e9c624ed21fe795aec6e323dfad3dd2c0a06ed027df5,cache_hit,,2026-07-30T02:10:49+00:00
6669,113,02,mops_api_t05st01,https://mops.twse.com.tw/mops/#/web/t05st01,"{""companyId"": ""6669"", ""firstDay"": """", ""lastDay"": """", ""month"": ""02"", ""year"": ""113""}",81e1255f7c6d8e679e085c876462aa58a0b62947c07e8cd4a0731c0f3ea643fa,raw_cache\6669_113_02_list.json,231a9d0819bd326237247da385e680b94d41959636b1b2deb79f792e347beff6,cache_hit,,2026-07-30T02:10:49+00:00
6669,113,02,mops_api_t05st01_detail,https://mops.twse.com.tw/mops/#/web/t05st01,"{""companyId"": ""6669"", ""enterDate"": ""1130221"", ""marketKind"": ""sii"", ""serialNumber"": ""2""}",586851674476294ba867c3cf99077ade6727a15aa99b71d328c03b9600689b17,raw_cache\6669_113_02_1_detail.json,65ede2fb100017a61ffb37e4ab5b7f144ae3b3b137d89973d19a4e50c4b2498a,cache_hit,,2026-07-30T02:10:49+00:00
6669,113,02,mops_api_t05st01_detail,https://mops.twse.com.tw/mops/#/web/t05st01,"{""companyId"": ""6669"", ""enterDate"": ""1130226"", ""marketKind"": ""sii"", ""serialNumber"": ""1""}",7aa331666b46d4ed3c16eff71a72f870fbb878416b64ca52489341d5ad9c7248,raw_cache\6669_113_02_3_detail.json,c10a30be767f02542deba2537506a727e2f437e74a8a044033723097ceb2864d,cache_hit,,2026-07-30T02:10:49+00:00
6669,113,02,mops_api_t05st01_detail,https://mops.twse.com.tw/mops/#/web/t05st01,"{""companyId"": ""6669"", ""enterDate"": ""1130221"", ""marketKind"": ""sii"", ""serialNumber"": ""4""}",486fbca1dac281fb85575cf7d6859e5caf9bac7fbe46b7c396d351fc8a96e15e,raw_cache\6669_113_02_4_detail.json,deda1f7cfc956b0ac763c91053be74175177c82434aa8934ce0d1f3b140a3049,cache_hit,,2026-07-30T02:10:49+00:00
6669,114,02,mops_api_t05st01,https://mops.twse.com.tw/mops/#/web/t05st01,"{""companyId"": ""6669"", ""firstDay"": """", ""lastDay"": """", ""month"": ""02"", ""year"": ""114""}",e12906b5e3f74cc7c077fe6bb9d3d3b9fbe034b5b14bf49d133ee472c3b0be8b,raw_cache\6669_114_02_list.json,ed491214ae098a939d90b57c5ae9e47d11198930a83a419b2ca52bfa89de0cf7,cache_hit,,2026-07-30T02:10:49+00:00
6669,114,02,mops_api_t05st01_detail,https://mops.twse.com.tw/mops/#/web/t05st01,"{""companyId"": ""6669"", ""enterDate"": ""1140206"", ""marketKind"": ""sii"", ""serialNumber"": ""1""}",7f6745371fe01be5ecd047648813227446befa6427564144523a3c75135a2815,raw_cache\6669_114_02_1_detail.json,e0b83d87d16063f1a3b997ada5b6214394820b2347e4de9dbca36d532cc608a9,cache_hit,,2026-07-30T02:10:49+00:00
6669,114,02,mops_api_t05st01_detail,https://mops.twse.com.tw/mops/#/web/t05st01,"{""companyId"": ""6669"", ""enterDate"": ""1140221"", ""marketKind"": ""sii"", ""serialNumber"": ""1""}",1c5f3704458282ba5fc23fe5a7f7b040cbfc6e05003edc4368447db6c99eefcb,raw_cache\6669_114_02_3_detail.json,994166856019032335ad8df3781a5b475db26b5a0c5d4bd571cfd5a008325532,cache_hit,,2026-07-30T02:10:49+00:00
6669,114,02,mops_api_t05st01_detail,https://mops.twse.com.tw/mops/#/web/t05st01,"{""companyId"": ""6669"", ""enterDate"": ""1140220"", ""marketKind"": ""sii"", ""serialNumber"": ""2""}",ccd70e1ea2c855f3a4ef0540cb87e09835604e9ccb3d9833ed70ec80e0bd216a,raw_cache\6669_114_02_6_detail.json,38661657291eb5e3ec7b0f98b32401890e2b56f9f479603e4c383c37a36a0766,cache_hit,,2026-07-30T02:10:49+00:00
6669,114,02,mops_api_t05st01_detail,https://mops.twse.com.tw/mops/#/web/t05st01,"{""companyId"": ""6669"", ""enterDate"": ""1140220"", ""marketKind"": ""sii"", ""serialNumber"": ""4""}",f01df4e04a78ecf72412941bc6e40ba89fb5227d6970fa3e77caf9dd9e423832,raw_cache\6669_114_02_7_detail.json,dda2b105f74958109bf2152455f73447e0be7e4ea0b236b56e2cadc738bbe4bc,cache_hit,,2026-07-30T02:10:49+00:00
6669,114,02,mops_api_t05st01_detail,https://mops.twse.com.tw/mops/#/web/t05st01,"{""companyId"": ""6669"", ""enterDate"": ""1140220"", ""marketKind"": ""sii"", ""serialNumber"": ""3""}",c61240cf104ae1e2f35f7fb2e6862a21c4429ee78fe0384d33f8a38a3e66f822,raw_cache\6669_114_02_8_detail.json,1b33019e136d2901c7c9b15cc5cd1603b9f0c424ce3392c27a894bc7f6a136e8,cache_hit,,2026-07-30T02:10:49+00:00
6669,114,02,mops_api_t05st01_detail,https://mops.twse.com.tw/mops/#/web/t05st01,"{""companyId"": ""6669"", ""enterDate"": ""1140227"", ""marketKind"": ""sii"", ""serialNumber"": ""5""}",09a66fdf919fbeac9bb30333a18c065ba2e1208ba97137fd8c924b5af31b19a8,raw_cache\6669_114_02_10_detail.json,def58711f0182e35fbee2da2428156b438cd772b4068bc95b874be8a6659deaf,cache_hit,,2026-07-30T02:10:49+00:00
6669,114,03,mops_api_t05st01,https://mops.twse.com.tw/mops/#/web/t05st01,"{""companyId"": ""6669"", ""firstDay"": """", ""lastDay"": """", ""month"": ""03"", ""year"": ""114""}",0ae2a892d634ed34310c8b1ce8e12ae2194dbfafa9508e5443a26aad7ddff9ff,raw_cache\6669_114_03_list.json,b9d488000e0dc092f27c2bfdddaacb69ee50265a46c68a6abf2798b074c64f37,cache_hit,,2026-07-30T02:10:49+00:00
6669,114,03,mops_api_t05st01_detail,https://mops.twse.com.tw/mops/#/web/t05st01,"{""companyId"": ""6669"", ""enterDate"": ""1140328"", ""marketKind"": ""sii"", ""serialNumber"": ""2""}",4d51126e73d37fc91183565f7bdb9700f4a1b4c210c4d1231f661f6eebeec03d,raw_cache\6669_114_03_9_detail.json,ff8492e7a3be89bef08ff22131b95de6dac98ba0db281c6b0af02469349f13f8,cache_hit,,2026-07-30T02:10:49+00:00
6669,114,04,mops_api_t05st01,https://mops.twse.com.tw/mops/#/web/t05st01,"{""companyId"": ""6669"", ""firstDay"": """", ""lastDay"": """", ""month"": ""04"", ""year"": ""114""}",d3c6459b6a9295fcb85d7f7421261219b78c3cd2e9c5618e3f504928981a7106,raw_cache\6669_114_04_list.json,90bf00a2c659c66cf62dae1b1b38b8a8afe8883eeb64eea64712c32517d24b4f,cache_hit,,2026-07-30T02:10:49+00:00
6669,114,04,mops_api_t05st01_detail,https://mops.twse.com.tw/mops/#/web/t05st01,"{""companyId"": ""6669"", ""enterDate"": ""1140425"", ""marketKind"": ""sii"", ""serialNumber"": ""1""}",2dfeb8b33137de07077d89a25b9e807a8ab349c3eb510e95c58bfc6d431f7d2f,raw_cache\6669_114_04_1_detail.json,43c79faf1c9eeb8e4986c844b82f865ffa3cd9d22a76c0d1f7d4b2537486d3d3,cache_hit,,2026-07-30T02:10:49+00:00
6669,114,05,mops_api_t05st01,https://mops.twse.com.tw/mops/#/web/t05st01,"{""companyId"": ""6669"", ""firstDay"": """", ""lastDay"": """", ""month"": ""05"", ""year"": ""114""}",2e949cd93cd444de1805247aa1b7d935a01223d7506547669a91552a6c478626,raw_cache\6669_114_05_list.json,7b43327007eb61d15658b49ded2f4dd5f17b6fb1b5424756329584df10c3f47e,cache_hit,,2026-07-30T02:10:49+00:00
6669,114,05,mops_api_t05st01_detail,https://mops.twse.com.tw/mops/#/web/t05st01,"{""companyId"": ""6669"", ""enterDate"": ""1140501"", ""marketKind"": ""sii"", ""serialNumber"": ""1""}",7e4beab3058cfedc9ee1540a0ebcf3af16cb3389a0536034277b204abaa57968,raw_cache\6669_114_05_0_detail.json,3f7d3d45d69346f2f3ef517f4794df7111d8086f7a8e2a1a3d28606681f1a227,cache_hit,,2026-07-30T02:10:49+00:00
6669,114,05,mops_api_t05st01_detail,https://mops.twse.com.tw/mops/#/web/t05st01,"{""companyId"": ""6669"", ""enterDate"": ""1140505"", ""marketKind"": ""sii"", ""serialNumber"": ""1""}",cd05e3b435e5d8fe5915dd258012e3c700fea515ac89cbdfa4309a105a79d3db,raw_cache\6669_114_05_2_detail.json,b0058159fc6960cb6fdb96b9615254eae708239b13c4d0a1fb479309e3c7a5b4,cache_hit,,2026-07-30T02:10:49+00:00
6669,114,05,mops_api_t05st01_detail,https://mops.twse.com.tw/mops/#/web/t05st01,"{""companyId"": ""6669"", ""enterDate"": ""1140520"", ""marketKind"": ""sii"", ""serialNumber"": ""4""}",9876a54e1b0d9c9d43958d43777b26e107e70bf04d2cf04c49791d301577427d,raw_cache\6669_114_05_9_detail.json,9466a47145fe2d0c86b8e1296bd5a6d288af19fa22fc322039623e2d2f23d102,cache_hit,,2026-07-30T02:10:49+00:00
6669,114,06,mops_api_t05st01,https://mops.twse.com.tw/mops/#/web/t05st01,"{""companyId"": ""6669"", ""firstDay"": """", ""lastDay"": """", ""month"": ""06"", ""year"": ""114""}",e73a4553122ffa459f88b1843ef34b9a89d1b215897fd4c949fc621e5588c3c5,raw_cache\6669_114_06_list.json,c31ac8da18d691b7f7da4b6b55f5966940493ec6bf28cb85abe8de9639a7096f,cache_hit,,2026-07-30T02:10:49+00:00
6669,114,07,mops_api_t05st01,https://mops.twse.com.tw/mops/#/web/t05st01,"{""companyId"": ""6669"", ""firstDay"": """", ""lastDay"": """", ""month"": ""07"", ""year"": ""114""}",9fb892df97b2eadae35ba09c3a65d0367d12b367fc23043fc9a98c4a70ef5a80,raw_cache\6669_114_07_list.json,21548ab1b6ce251af76671660fa2159c8a69a5dfba2d7591e342b0b700a1ac7f,cache_hit,,2026-07-30T02:10:49+00:00
6669,114,07,mops_api_t05st01_detail,https://mops.twse.com.tw/mops/#/web/t05st01,"{""companyId"": ""6669"", ""enterDate"": ""1140716"", ""marketKind"": ""sii"", ""serialNumber"": ""1""}",664333d8476443ecc312110b9e23897767847e03c7da5901cd516f1295269816,raw_cache\6669_114_07_2_detail.json,afa86d63ef8abbffa9cba99a8705f90f1f9c94c83aa89b4b4f78821b5dcde7cd,cache_hit,,2026-07-30T02:10:49+00:00
6669,114,08,mops_api_t05st01,https://mops.twse.com.tw/mops/#/web/t05st01,"{""companyId"": ""6669"", ""firstDay"": """", ""lastDay"": """", ""month"": ""08"", ""year"": ""114""}",4d927346f588ea999493a6b6bbc661b24b94d927b48cef873426b0bdcc74ea2b,raw_cache\6669_114_08_list.json,850f5b56f2330cf21170d0f0a7fb042aa35442d63b92ae22341ef94ce1979f54,cache_hit,,2026-07-30T02:10:49+00:00
6669,114,08,mops_api_t05st01_detail,https://mops.twse.com.tw/mops/#/web/t05st01,"{""companyId"": ""6669"", ""enterDate"": ""1140801"", ""marketKind"": ""sii"", ""serialNumber"": ""3""}",e390f53dc0fe1186e0d6ef8c741504a961273e49a953bc41a00d5b1992b6d2ce,raw_cache\6669_114_08_0_detail.json,e85c48babde1d5c7cbe7aadc80563a2674d9544fdc93fd58f49e956df2a3440b,cache_hit,,2026-07-30T02:10:49+00:00
6669,114,09,mops_api_t05st01,https://mops.twse.com.tw/mops/#/web/t05st01,"{""companyId"": ""6669"", ""firstDay"": """", ""lastDay"": """", ""month"": ""09"", ""year"": ""114""}",7b3f1dad449162ec6264b9812facd09bac0c94708e6dedfa6bfbd6fa270b8316,raw_cache\6669_114_09_list.json,e7dc61c894270ce5eda3eabddda979ba9bcb821a8807e9af4531b802ddd3c228,cache_hit,,2026-07-30T02:10:49+00:00
6669,114,10,mops_api_t05st01,https://mops.twse.com.tw/mops/#/web/t05st01,"{""companyId"": ""6669"", ""firstDay"": """", ""lastDay"": """", ""month"": ""10"", ""year"": ""114""}",6569aac810a463dbcd1fece1017b3eb587cfe5099b3fa253126d3247dbbb6157,raw_cache\6669_114_10_list.json,b7b73eeddf3d89f1534e5742bc9332fd02adcc3b6b183483fe5118bc822c0157,cache_hit,,2026-07-30T02:10:49+00:00
6669,114,10,mops_api_t05st01_detail,https://mops.twse.com.tw/mops/#/web/t05st01,"{""companyId"": ""6669"", ""enterDate"": ""1141022"", ""marketKind"": ""sii"", ""serialNumber"": ""1""}",4685484a3265c7a2efec5c814abe55eb7bca0e16ec16451db4944f0646e96b6c,raw_cache\6669_114_10_4_detail.json,bbec321e0a498e5cd95bf47450f92d9df47997991e7cd11b4ee0eb5b1c860d45,cache_hit,,2026-07-30T02:10:49+00:00
6669,114,11,mops_api_t05st01,https://mops.twse.com.tw/mops/#/web/t05st01,"{""companyId"": ""6669"", ""firstDay"": """", ""lastDay"": """", ""month"": ""11"", ""year"": ""114""}",1b9fede046625f9ef751e7e89c66e1c17d7b8bb2ac1a5f3dd054f8c4b089df7c,raw_cache\6669_114_11_list.json,91e558cc65864a7ead0815b44a28acc47096f73918f6ec64e0a7dbf318d1adfe,cache_hit,,2026-07-30T02:10:49+00:00
6669,114,11,mops_api_t05st01_detail,https://mops.twse.com.tw/mops/#/web/t05st01,"{""companyId"": ""6669"", ""enterDate"": ""1141103"", ""marketKind"": ""sii"", ""serialNumber"": ""1""}",e4e6539a931f5d327b59da2434274c399f7ac6f5bd17094af937911b6656602c,raw_cache\6669_114_11_1_detail.json,308cb37271856f63115947293f42990da5e7ef8796a7fad4219d568d59c8314c,cache_hit,,2026-07-30T02:10:49+00:00
6706,110,08,mops_api_t05st01,https://mops.twse.com.tw/mops/#/web/t05st01,"{""companyId"": ""6706"", ""firstDay"": """", ""lastDay"": """", ""month"": ""08"", ""year"": ""110""}",9baf58623f54066aa3218520d9e2e857f4848e645b07d121bd0bb4af384712e5,raw_cache\6706_110_08_list.json,4ce40d7b1e7c14e29522b8f0edba6ea9a5934eb92932d97a01ef7f2a034343b8,cache_hit,,2026-07-30T02:10:49+00:00
6706,110,08,mops_api_t05st01_detail,https://mops.twse.com.tw/mops/#/web/t05st01,"{""companyId"": ""6706"", ""enterDate"": ""1100806"", ""marketKind"": ""sii"", ""serialNumber"": ""2""}",e84ce3cb0f54817975368e10493147452e419dff3b3bbe56223ec7ef28aa11f8,raw_cache\6706_110_08_1_detail.json,41f41ce18bce3cfa1aa929c69b145e49bce866804eecbf5edb55addb5632fca4,cache_hit,,2026-07-30T02:10:49+00:00
6706,110,08,mops_api_t05st01_detail,https://mops.twse.com.tw/mops/#/web/t05st01,"{""companyId"": ""6706"", ""enterDate"": ""1100827"", ""marketKind"": ""sii"", ""serialNumber"": ""8""}",42e2505fd610e73f8ddd29cea8868655450bb8315ae4ad350bbb5c3dfe6bdc8a,raw_cache\6706_110_08_10_detail.json,939b40ddfc34064e0a5faee448d72b5b7a108e0020047884416ded5c28dbbb43,cache_hit,,2026-07-30T02:10:49+00:00
6706,110,09,mops_api_t05st01,https://mops.twse.com.tw/mops/#/web/t05st01,"{""companyId"": ""6706"", ""firstDay"": """", ""lastDay"": """", ""month"": ""09"", ""year"": ""110""}",b5c0b4e112427a0827e2e549b7c0ddf1e57eb57935bef0426a3eaf5104e80e5c,raw_cache\6706_110_09_list.json,2f402f0d3c9d14e081bae7c1e5bd2862df8668ef8420825b8669c145eed4c124,cache_hit,,2026-07-30T02:10:49+00:00
6706,110,10,mops_api_t05st01,https://mops.twse.com.tw/mops/#/web/t05st01,"{""companyId"": ""6706"", ""firstDay"": """", ""lastDay"": """", ""month"": ""10"", ""year"": ""110""}",b1133e2fb6132586b1a18a319570a6fc4e0b4e3945f64bbf3fbe91e890047cdd,raw_cache\6706_110_10_list.json,0c778c9637d7e4bc4afca8430c6b0c4a82e90d1b8001d44d8290b4f74774318b,cache_hit,,2026-07-30T02:10:49+00:00
6706,110,11,mops_api_t05st01,https://mops.twse.com.tw/mops/#/web/t05st01,"{""companyId"": ""6706"", ""firstDay"": """", ""lastDay"": """", ""month"": ""11"", ""year"": ""110""}",045ed01f2185d23ff5702ee28cfa2bd34ccd700f7a58ec707dad9c5135723ed7,raw_cache\6706_110_11_list.json,c9d2df167780f31c5491fe6c499a68efde39375c125f6245eff4c1e655e4308e,cache_hit,,2026-07-30T02:10:49+00:00
6706,110,11,mops_api_t05st01_detail,https://mops.twse.com.tw/mops/#/web/t05st01,"{""companyId"": ""6706"", ""enterDate"": ""1101105"", ""marketKind"": ""sii"", ""serialNumber"": ""1""}",012a48b55c262209c3c5ccc03100a6d89e897f920354abd065fbaadbd6a6d99a,raw_cache\6706_110_11_0_detail.json,138d28934855513ed596a11cb7b628487aee8c9d7e16e7655fd3efa4380f0f8b,cache_hit,,2026-07-30T02:10:49+00:00
6706,110,12,mops_api_t05st01,https://mops.twse.com.tw/mops/#/web/t05st01,"{""companyId"": ""6706"", ""firstDay"": """", ""lastDay"": """", ""month"": ""12"", ""year"": ""110""}",091aab72801459f54032444724b4aab9f1dedbd33a71674e3490ec65e7740b4b,raw_cache\6706_110_12_list.json,19920e02c3590477365ae82f889ec53220371bbd49c60e774a308b68caa3b5a7,cache_hit,,2026-07-30T02:10:49+00:00
6706,111,01,mops_api_t05st01,https://mops.twse.com.tw/mops/#/web/t05st01,"{""companyId"": ""6706"", ""firstDay"": """", ""lastDay"": """", ""month"": ""01"", ""year"": ""111""}",416ccda70104027ead2b7ece978067ed693e7dc697d35da7e0ce55f1d8595af3,raw_cache\6706_111_01_list.json,3dabbb91b1add1e7a5e5a909529822a7954fce3b9aa7513a85a6915f9b348fe5,cache_hit,,2026-07-30T02:10:49+00:00
6781,114,05,mops_api_t05st01,https://mops.twse.com.tw/mops/#/web/t05st01,"{""companyId"": ""6781"", ""firstDay"": """", ""lastDay"": """", ""month"": ""05"", ""year"": ""114""}",bfcf4e6af83b09afe27fbcca43505648a381b52787a79b3f1f3ad41f063a686b,raw_cache\6781_114_05_list.json,9b86e852ef30b2f0a468f88819e69ed1692260a85197f4ec808b047d75c92c99,cache_hit,,2026-07-30T02:10:49+00:00
6781,114,06,mops_api_t05st01,https://mops.twse.com.tw/mops/#/web/t05st01,"{""companyId"": ""6781"", ""firstDay"": """", ""lastDay"": """", ""month"": ""06"", ""year"": ""114""}",63eec0d17fb9e9c1ba888712ee0a15a4f8c96395fb00c24472123f85be5ce07f,raw_cache\6781_114_06_list.json,f6bdbbd79b3e243f3204de1befde46f82e95e8c6b74c3e8b379135954acc3308,cache_hit,,2026-07-30T02:10:49+00:00
6781,114,06,mops_api_t05st01_detail,https://mops.twse.com.tw/mops/#/web/t05st01,"{""companyId"": ""6781"", ""enterDate"": ""1140625"", ""marketKind"": ""sii"", ""serialNumber"": ""1""}",56056f8ba721b0e902f06f166bb8b6e8c5fd5ee04f905608b9ffafb3dc268043,raw_cache\6781_114_06_0_detail.json,b7c834f8e5fbed6fbc09eb8cf9d37c0dcaf7674621dcce7567dccf7e07ec5946,cache_hit,,2026-07-30T02:10:49+00:00
6781,114,07,mops_api_t05st01,https://mops.twse.com.tw/mops/#/web/t05st01,"{""companyId"": ""6781"", ""firstDay"": """", ""lastDay"": """", ""month"": ""07"", ""year"": ""114""}",b57d60cf9d33bb3ff7b5fe89f8221d71e066006b485da87cf968cbb9f9cd0fd3,raw_cache\6781_114_07_list.json,8adfd4537a6efbbe9fd222711ba7e622ff65da9285a4a55c9d5c33fd43f73f26,cache_hit,,2026-07-30T02:10:49+00:00
6781,114,07,mops_api_t05st01_detail,https://mops.twse.com.tw/mops/#/web/t05st01,"{""companyId"": ""6781"", ""enterDate"": ""1140723"", ""marketKind"": ""sii"", ""serialNumber"": ""1""}",bb8ecb7bb29999cc4525691d746f35eaca404468dbb52aaa46bc2fb166c21833,raw_cache\6781_114_07_0_detail.json,e84f100d0bde6e1afebf748bc663dad311e35a0c1c6c937cabe0ce234a50258c,cache_hit,,2026-07-30T02:10:49+00:00
6781,114,08,mops_api_t05st01,https://mops.twse.com.tw/mops/#/web/t05st01,"{""companyId"": ""6781"", ""firstDay"": """", ""lastDay"": """", ""month"": ""08"", ""year"": ""114""}",21a1f69d79b31efd00853d96a09ab6252256780303b7e2fcf51b403de0d540f4,raw_cache\6781_114_08_list.json,697641d7726ceb1988921362bdef69070a4cadc66b3b1f9af36c9047f7f80873,cache_hit,,2026-07-30T02:10:49+00:00
6781,114,08,mops_api_t05st01_detail,https://mops.twse.com.tw/mops/#/web/t05st01,"{""companyId"": ""6781"", ""enterDate"": ""1140801"", ""marketKind"": ""sii"", ""serialNumber"": ""1""}",1e203371caa0b717405fbfd1ba7a866f6f0a043906c21a90a60b8f28d3a2ac07,raw_cache\6781_114_08_0_detail.json,3b01ec34ab6c32d8865a5e31f4198d1f27d12b66effda4cd4fdae9ea2eae5eb2,cache_hit,,2026-07-30T02:10:49+00:00
6781,114,08,mops_api_t05st01_detail,https://mops.twse.com.tw/mops/#/web/t05st01,"{""companyId"": ""6781"", ""enterDate"": ""1140801"", ""marketKind"": ""sii"", ""serialNumber"": ""2""}",2bf590db6abdfedbf68e7f1ee47759203c9b595b2b497e5fce0d48081aa0fe3d,raw_cache\6781_114_08_1_detail.json,1d6de0b8bb2740d76039e3e4c9f0425d41c2cb4db14d6fad1d7cdea516fea987,cache_hit,,2026-07-30T02:10:49+00:00
6919,114,09,mops_api_t05st01,https://mops.twse.com.tw/mops/#/web/t05st01,"{""companyId"": ""6919"", ""firstDay"": """", ""lastDay"": """", ""month"": ""09"", ""year"": ""114""}",efecabb808586edc64536f0ef02b693fdf1cdf1831de19447ebc51034d8f7c5a,raw_cache\6919_114_09_list.json,cc9a9521be303404b113b46d2048dab4873a19b054664e2f84df59622c42615d,cache_hit,,2026-07-30T02:10:49+00:00
6919,114,09,mops_api_t05st01_detail,https://mops.twse.com.tw/mops/#/web/t05st01,"{""companyId"": ""6919"", ""enterDate"": ""1140901"", ""marketKind"": ""sii"", ""serialNumber"": ""1""}",fe68a8ca8a82d1c97de88375efa887e233caf75a56d91b8cfd25f31f9b36fc22,raw_cache\6919_114_09_0_detail.json,e7b62c3ee1d5a51e8d1a71574e0416043000eb78c3d9b800adc397df3a389dff,cache_hit,,2026-07-30T02:10:49+00:00
6919,114,09,mops_api_t05st01_detail,https://mops.twse.com.tw/mops/#/web/t05st01,"{""companyId"": ""6919"", ""enterDate"": ""1140924"", ""marketKind"": ""sii"", ""serialNumber"": ""4""}",2eee02149b89eff51b85ec40552610a12e97a4297804d0f2d228c380a1e63b7a,raw_cache\6919_114_09_8_detail.json,e70aaba881a2fb15816c274c7c7085dea1487812cb35eee800aaa567f13af0d7,cache_hit,,2026-07-30T02:10:49+00:00
6919,114,10,mops_api_t05st01,https://mops.twse.com.tw/mops/#/web/t05st01,"{""companyId"": ""6919"", ""firstDay"": """", ""lastDay"": """", ""month"": ""10"", ""year"": ""114""}",e7b9bd9d4b96a3c260e51417a21e2072a457925d2458c06d7eb87f4d2b61bc81,raw_cache\6919_114_10_list.json,37f6c47ba0af0cb9a492e401a2e371bb7e4455c5399dfa872364c60fa8af24be,cache_hit,,2026-07-30T02:10:49+00:00
6919,114,10,mops_api_t05st01_detail,https://mops.twse.com.tw/mops/#/web/t05st01,"{""companyId"": ""6919"", ""enterDate"": ""1141029"", ""marketKind"": ""sii"", ""serialNumber"": ""1""}",5d829eb737a6dbd225703479b6b75d121e26003c031c7f0ba1c4139ea2a70b45,raw_cache\6919_114_10_1_detail.json,4f313b7f0fccf2f02305ab9b1c52c5800820bfeaeab6e7c7e086c543f99a2fb1,cache_hit,,2026-07-30T02:10:49+00:00
6919,114,11,mops_api_t05st01,https://mops.twse.com.tw/mops/#/web/t05st01,"{""companyId"": ""6919"", ""firstDay"": """", ""lastDay"": """", ""month"": ""11"", ""year"": ""114""}",8da50d30050156281b130547ea6dee61c348fbb6c2ebbc17a2431159b68c2e4d,raw_cache\6919_114_11_list.json,92cdfc12d28e6066e940aa2917af637ada100fa82c0a625ac467d76a5f20551d,cache_hit,,2026-07-30T02:10:49+00:00
6919,114,11,mops_api_t05st01_detail,https://mops.twse.com.tw/mops/#/web/t05st01,"{""companyId"": ""6919"", ""enterDate"": ""1141107"", ""marketKind"": ""sii"", ""serialNumber"": ""3""}",cfa533d5ac7498f47532d1c9bbe31a082e06763893baa5c627365da52c7cc059,raw_cache\6919_114_11_1_detail.json,92da30bca00ac4aab2cf4d0d3668dfe6d85bd4dad68fe0deb26a5f9fdc00d128,cache_hit,,2026-07-30T02:10:49+00:00
6919,114,11,mops_api_t05st01_detail,https://mops.twse.com.tw/mops/#/web/t05st01,"{""companyId"": ""6919"", ""enterDate"": ""1141107"", ""marketKind"": ""sii"", ""serialNumber"": ""4""}",457ae5a8f157d8bcc9988d533d7228c0394d5038f3282497f772ccc39beec671,raw_cache\6919_114_11_2_detail.json,80339f6045fd6bd4da7aad13a0f1840e40e8b5afbb31765de01d82d8fafabb3e,cache_hit,,2026-07-30T02:10:49+00:00
6919,114,12,mops_api_t05st01,https://mops.twse.com.tw/mops/#/web/t05st01,"{""companyId"": ""6919"", ""firstDay"": """", ""lastDay"": """", ""month"": ""12"", ""year"": ""114""}",015d2496b3ae564592fc0b141f522b6beee2b5b5f153510cb602bb38b765a2c9,raw_cache\6919_114_12_list.json,b8088b74842b91305d983cc1e2db6de86e7f45fcdb32697bec16e4f39481a020,cache_hit,,2026-07-30T02:10:49+00:00
6919,114,12,mops_api_t05st01_detail,https://mops.twse.com.tw/mops/#/web/t05st01,"{""companyId"": ""6919"", ""enterDate"": ""1141224"", ""marketKind"": ""sii"", ""serialNumber"": ""2""}",2b895bd2eb76a0fba97bb6117f391b41f2ca699b39f21917b3feb47941e0bca6,raw_cache\6919_114_12_3_detail.json,a542a6f80964fa0c8122712e6489ac1fe5c8f66edb5b69a2176eacf1c99a4173,cache_hit,,2026-07-30T02:10:49+00:00
8028,111,05,mops_api_t05st01,https://mops.twse.com.tw/mops/#/web/t05st01,"{""companyId"": ""8028"", ""firstDay"": """", ""lastDay"": """", ""month"": ""05"", ""year"": ""111""}",15b101dee80904289b4a787557cc51ceab13c70fa5eb192d5a74868a1cc8e944,raw_cache\8028_111_05_list.json,e51fb8107963e0e16201f9315741c2080ea7c2041c04433a0875df7a245bab4f,cache_hit,,2026-07-30T02:10:49+00:00
8028,111,05,mops_api_t05st01_detail,https://mops.twse.com.tw/mops/#/web/t05st01,"{""companyId"": ""8028"", ""enterDate"": ""1110504"", ""marketKind"": ""sii"", ""serialNumber"": ""1""}",2010a6f3628df9dfc2d080cf2b00637dc2b16cabd4acf5ab0b2aa1ef2bcf0a92,raw_cache\8028_111_05_0_detail.json,acd21bb3e7a24abb801d3847c160a0423ad4a09b85db36257bfa29567b5945f4,cache_hit,,2026-07-30T02:10:49+00:00
8028,111,06,mops_api_t05st01,https://mops.twse.com.tw/mops/#/web/t05st01,"{""companyId"": ""8028"", ""firstDay"": """", ""lastDay"": """", ""month"": ""06"", ""year"": ""111""}",e27a26671627602d3528537b9cf6e1e8b59fb0cc4dc7fd71c26bf6571cbf4ea2,raw_cache\8028_111_06_list.json,80144eb18420e89be76adf36680b95e63082ca8f119226bc40e4c8be1c941553,cache_hit,,2026-07-30T02:10:49+00:00
8028,111,06,mops_api_t05st01_detail,https://mops.twse.com.tw/mops/#/web/t05st01,"{""companyId"": ""8028"", ""enterDate"": ""1110624"", ""marketKind"": ""sii"", ""serialNumber"": ""1""}",ab12752364d8536e0233f2e5e9ffef25fde1d4ef686f366f7e41fae50605de6e,raw_cache\8028_111_06_1_detail.json,6458c786178773a484f6f3307a1fdaa32d12fb6133273f67e36d79ea39c84b83,cache_hit,,2026-07-30T02:10:49+00:00
8028,111,07,mops_api_t05st01,https://mops.twse.com.tw/mops/#/web/t05st01,"{""companyId"": ""8028"", ""firstDay"": """", ""lastDay"": """", ""month"": ""07"", ""year"": ""111""}",3b44099f59bb013c8aec66b8d7601bf67eb7f7e0aff2fe1779ca853a9e7ac693,raw_cache\8028_111_07_list.json,0390387180e8cc499edb767aaf5638385a0513416d96b0860f1ee69044465e59,cache_hit,,2026-07-30T02:10:49+00:00
8028,111,08,mops_api_t05st01,https://mops.twse.com.tw/mops/#/web/t05st01,"{""companyId"": ""8028"", ""firstDay"": """", ""lastDay"": """", ""month"": ""08"", ""year"": ""111""}",9d7d658f9b4ab1f25596b4fb597263d701fbe3c5847c4e8b23ea5b3db2708460,raw_cache\8028_111_08_list.json,30c50eecd9adb6bc8bfb856304040c4fb1d64307afa8a6fab96d1b2cdab84b37,cache_hit,,2026-07-30T02:10:49+00:00
8028,111,08,mops_api_t05st01_detail,https://mops.twse.com.tw/mops/#/web/t05st01,"{""companyId"": ""8028"", ""enterDate"": ""1110805"", ""marketKind"": ""sii"", ""serialNumber"": ""1""}",a46ce22beee906bb4646c71f7eee178c67a68f5b7bc6f08059ddfccb5456746b,raw_cache\8028_111_08_0_detail.json,aee01ed3cc7afbfed11bb294e925fedd3b8f14c423d1fbbd8ea74697cda983a4,cache_hit,,2026-07-30T02:10:49+00:00
8028,111,09,mops_api_t05st01,https://mops.twse.com.tw/mops/#/web/t05st01,"{""companyId"": ""8028"", ""firstDay"": """", ""lastDay"": """", ""month"": ""09"", ""year"": ""111""}",8c4d36ce6153d925a3d0d85b05664d19ee02495a7e1966154b699cf052c39cbe,raw_cache\8028_111_09_list.json,6e38b637a994fb7279e7f67bf12e2e17a12ec1f287a49e2a7efaf1e839d0fc95,cache_hit,,2026-07-30T02:10:49+00:00
8042,105,10,mops_api_t05st01,https://mops.twse.com.tw/mops/#/web/t05st01,"{""companyId"": ""8042"", ""firstDay"": """", ""lastDay"": """", ""month"": ""10"", ""year"": ""105""}",7722aca70423360ae4c572a9184ec612617fa4a4a0d1b1364785f6f482c1c10f,raw_cache\8042_105_10_list.json,4e18d6ed6bcc4469dafabb9d6e43bfaef56ae610ef25c48f040941d520ffee0e,cache_hit,,2026-07-30T02:10:49+00:00
8042,105,11,mops_api_t05st01,https://mops.twse.com.tw/mops/#/web/t05st01,"{""companyId"": ""8042"", ""firstDay"": """", ""lastDay"": """", ""month"": ""11"", ""year"": ""105""}",418d4f755e10c1a580050595c2592870993083cec64d9750021926e25898b043,raw_cache\8042_105_11_list.json,b207e0b364c960de3d3017a10573e5e68fdf7d81acdf41f078d123b2b18b43b8,cache_hit,,2026-07-30T02:10:49+00:00
8042,105,12,mops_api_t05st01,https://mops.twse.com.tw/mops/#/web/t05st01,"{""companyId"": ""8042"", ""firstDay"": """", ""lastDay"": """", ""month"": ""12"", ""year"": ""105""}",b1f7edfcfe25f5484700a463ea4592bd31b5a9587a31deef7b0a71ede795bf4f,raw_cache\8042_105_12_list.json,10b976c6626fe0d6c38902fff42357ec7672936d4f155b83543e383412c61f9a,cache_hit,,2026-07-30T02:10:49+00:00
8043,107,06,mops_api_t05st01,https://mops.twse.com.tw/mops/#/web/t05st01,"{""companyId"": ""8043"", ""firstDay"": """", ""lastDay"": """", ""month"": ""06"", ""year"": ""107""}",da5e7ca8f8094e1a5ea444ae509f5be7b855ed3a4c07e46b17c5d7e9f671a164,raw_cache\8043_107_06_list.json,790bd2501a40978950ebb435469fd50aad08f5a414992ac4317d5cf1ddb7c740,cache_hit,,2026-07-30T02:10:49+00:00
8043,107,07,mops_api_t05st01,https://mops.twse.com.tw/mops/#/web/t05st01,"{""companyId"": ""8043"", ""firstDay"": """", ""lastDay"": """", ""month"": ""07"", ""year"": ""107""}",e086bdefa713b613032e6290ef0e30c269c4b5d575aa5cbbd69512fbbd7229b8,raw_cache\8043_107_07_list.json,c18a4b1254d9a885a9952692a8927e0d51a40e2d3081fb4109d3224fcbf38c50,cache_hit,,2026-07-30T02:10:49+00:00
8043,107,08,mops_api_t05st01,https://mops.twse.com.tw/mops/#/web/t05st01,"{""companyId"": ""8043"", ""firstDay"": """", ""lastDay"": """", ""month"": ""08"", ""year"": ""107""}",ca3e861cfd28722bd395efb9d8ca517ece9f8165a98f802a3607f260503d2dc2,raw_cache\8043_107_08_list.json,3881519d1d5496d99b2385123f38a8ac4f1d781a724396191fd5ffb03924d98e,cache_hit,,2026-07-30T02:10:49+00:00
8043,107,08,mops_api_t05st01_detail,https://mops.twse.com.tw/mops/#/web/t05st01,"{""companyId"": ""8043"", ""enterDate"": ""1070803"", ""marketKind"": ""otc"", ""serialNumber"": ""1""}",b0a3152c4debc8e8b5c753c265cc2e2f9c6285174304e6b5b8df0ab58f2655c0,raw_cache\8043_107_08_0_detail.json,37696ff3c7d1bc943575ca1380bc0f891380ae0c7173998107590616e2bfb691,cache_hit,,2026-07-30T02:10:49+00:00
8081,105,10,mops_api_t05st01,https://mops.twse.com.tw/mops/#/web/t05st01,"{""companyId"": ""8081"", ""firstDay"": """", ""lastDay"": """", ""month"": ""10"", ""year"": ""105""}",55d0a319d4334648b2597b1ede5f00e45f401369430b0453eb3d920dbfb18ead,raw_cache\8081_105_10_list.json,5db9359631e5f2f109710b06e9349d553e091e690b48b381acde2b5ff9d28ca6,cache_hit,,2026-07-30T02:10:49+00:00
8081,105,11,mops_api_t05st01,https://mops.twse.com.tw/mops/#/web/t05st01,"{""companyId"": ""8081"", ""firstDay"": """", ""lastDay"": """", ""month"": ""11"", ""year"": ""105""}",0a2de06390bab6b5c24c9e765f7fc5e27960a21f88c40518340fb28ffc643705,raw_cache\8081_105_11_list.json,fedb8343fefd919b0dc3896f1c4079f11c0f8e4d4ded2499be9ea243d739e29c,cache_hit,,2026-07-30T02:10:49+00:00
8081,105,12,mops_api_t05st01,https://mops.twse.com.tw/mops/#/web/t05st01,"{""companyId"": ""8081"", ""firstDay"": """", ""lastDay"": """", ""month"": ""12"", ""year"": ""105""}",496b1e36e22f6e84004b397aac3f4383870c4be1921e38ffe6352100592e430b,raw_cache\8081_105_12_list.json,563323906cbd0ee44546a57e6afcfba2f2bacfc52c7598760dd6ba022eb5960c,cache_hit,,2026-07-30T02:10:49+00:00
8081,106,01,mops_api_t05st01,https://mops.twse.com.tw/mops/#/web/t05st01,"{""companyId"": ""8081"", ""firstDay"": """", ""lastDay"": """", ""month"": ""01"", ""year"": ""106""}",95767b4aa7340122bb28e11ef9c81d43482628430aa717e09b0c88b5f842236e,raw_cache\8081_106_01_list.json,ef66470a010f6596b83fa41eb47942518b91d12c4bd0b69f6e637720366f5367,cache_hit,,2026-07-30T02:10:49+00:00
8111,114,04,mops_api_t05st01,https://mops.twse.com.tw/mops/#/web/t05st01,"{""companyId"": ""8111"", ""firstDay"": """", ""lastDay"": """", ""month"": ""04"", ""year"": ""114""}",f2c11ab56393d959991ab52a5b1f35719b2a2d2a7a89cfec1ed89b298c95ed52,raw_cache\8111_114_04_list.json,43bde90884005c191e2b0e5e2b4f73e674e7fe90ccb2b3c18742965905f6d52b,cache_hit,,2026-07-30T02:10:49+00:00
8111,114,05,mops_api_t05st01,https://mops.twse.com.tw/mops/#/web/t05st01,"{""companyId"": ""8111"", ""firstDay"": """", ""lastDay"": """", ""month"": ""05"", ""year"": ""114""}",be802f5963f564fbd1465811a0f9e7a4b658996a8c5c9e0ae3d26707c657c570,raw_cache\8111_114_05_list.json,04d7f6a02d2c077f71ada898b3314747b7b8b41830a6cca34b3b0aa29bf59e4b,cache_hit,,2026-07-30T02:10:49+00:00
8111,114,05,mops_api_t05st01_detail,https://mops.twse.com.tw/mops/#/web/t05st01,"{""companyId"": ""8111"", ""enterDate"": ""1140507"", ""marketKind"": ""otc"", ""serialNumber"": ""1""}",08dcf1286626a005b810dbbfc10ac53e653d5e188a56b2b3f82470752fa66cf0,raw_cache\8111_114_05_1_detail.json,03b51d15a1c84b8355f5872281481fa237bc065dae99590601a2368259ba784b,cache_hit,,2026-07-30T02:10:49+00:00
8111,114,06,mops_api_t05st01,https://mops.twse.com.tw/mops/#/web/t05st01,"{""companyId"": ""8111"", ""firstDay"": """", ""lastDay"": """", ""month"": ""06"", ""year"": ""114""}",fa03732d2eda8d6e690b666ed7d31d343b4530c180957fa040c1ea43fe85a6f2,raw_cache\8111_114_06_list.json,255e4b9436f133de8c47ee233e9ed7b9d8dd9c498c390845b82f9ae2b512990b,cache_hit,,2026-07-30T02:10:49+00:00
8111,114,06,mops_api_t05st01_detail,https://mops.twse.com.tw/mops/#/web/t05st01,"{""companyId"": ""8111"", ""enterDate"": ""1140604"", ""marketKind"": ""otc"", ""serialNumber"": ""1""}",e58dc9696aeabcefc3c807213b698443dc8a8020cab5cad15c627c6aa7c07b20,raw_cache\8111_114_06_0_detail.json,2ac258d41d901ba75fbc13f0a3ab0bd88faef569d8b4ff1aa43246646e481b70,cache_hit,,2026-07-30T02:10:49+00:00
8227,112,02,mops_api_t05st01,https://mops.twse.com.tw/mops/#/web/t05st01,"{""companyId"": ""8227"", ""firstDay"": """", ""lastDay"": """", ""month"": ""02"", ""year"": ""112""}",30840094a284619e7a7fee91cbe6ac6d4a7ae425568331343b4f6868377099ad,raw_cache\8227_112_02_list.json,e3d51292094c374606c24bf88b486624f2d41ffb864a4078ca55b271c6bb7f56,cache_hit,,2026-07-30T02:10:49+00:00
8227,112,03,mops_api_t05st01,https://mops.twse.com.tw/mops/#/web/t05st01,"{""companyId"": ""8227"", ""firstDay"": """", ""lastDay"": """", ""month"": ""03"", ""year"": ""112""}",14f7b8c5857e90f40bbe5d311c6e3ce270c94e740016f37ddfb313be327a2c2b,raw_cache\8227_112_03_list.json,b8b0ee8c98ada892e770b1e137834810379616d25f9e6944ba30213aa6864946,cache_hit,,2026-07-30T02:10:49+00:00
8227,112,03,mops_api_t05st01_detail,https://mops.twse.com.tw/mops/#/web/t05st01,"{""companyId"": ""8227"", ""enterDate"": ""1120317"", ""marketKind"": ""otc"", ""serialNumber"": ""3""}",a2405b1b71b793ce23c3357adfcd08a7b777914856598d02f8cf048e1929b5a9,raw_cache\8227_112_03_5_detail.json,8e30001c50417d637c91692cf0f4a3283f732151b37234d657476d4ad0cd3210,cache_hit,,2026-07-30T02:10:49+00:00
8227,112,04,mops_api_t05st01,https://mops.twse.com.tw/mops/#/web/t05st01,"{""companyId"": ""8227"", ""firstDay"": """", ""lastDay"": """", ""month"": ""04"", ""year"": ""112""}",2e4fcd9c83d7bd2437366de2941b9aaf4eb5a801fd5b4d9b3f5e1fd0329e6e1d,raw_cache\8227_112_04_list.json,88dcfefd97005020ce70ab05e6b675d03bc2a4367c6d5c2bc68ca95be70c3f97,cache_hit,,2026-07-30T02:10:49+00:00
8227,112,05,mops_api_t05st01,https://mops.twse.com.tw/mops/#/web/t05st01,"{""companyId"": ""8227"", ""firstDay"": """", ""lastDay"": """", ""month"": ""05"", ""year"": ""112""}",a37837a14972d9937b9be15f73361df4cab7e8c84684d35b4774a88a69cc8f2d,raw_cache\8227_112_05_list.json,e3a8ded6c6391abcecfe60d113709233c3798f4e868bdd8570a354d010c15f1f,cache_hit,,2026-07-30T02:10:49+00:00
8261,111,05,mops_api_t05st01,https://mops.twse.com.tw/mops/#/web/t05st01,"{""companyId"": ""8261"", ""firstDay"": """", ""lastDay"": """", ""month"": ""05"", ""year"": ""111""}",a8c34ad5144bf096f3711022d10a5e293ab1ec7164ad09619bd9afc7d76c80a5,raw_cache\8261_111_05_list.json,52e066acb6d1126a9ee74529dafbf867b5c87c891a84d06787e041a1f32c652f,cache_hit,,2026-07-30T02:10:49+00:00
8261,111,05,mops_api_t05st01_detail,https://mops.twse.com.tw/mops/#/web/t05st01,"{""companyId"": ""8261"", ""enterDate"": ""1110503"", ""marketKind"": ""sii"", ""serialNumber"": ""1""}",163aa827102d4436046c96e1948c5cf513081b81d49063057e2e86beabe6a7fa,raw_cache\8261_111_05_0_detail.json,b4d1a32bd88b26b6629f6b6b18fd2a41d851c9c5231f5ef64be4b583b9e3a482,cache_hit,,2026-07-30T02:10:49+00:00
8261,111,05,mops_api_t05st01_detail,https://mops.twse.com.tw/mops/#/web/t05st01,"{""companyId"": ""8261"", ""enterDate"": ""1110503"", ""marketKind"": ""sii"", ""serialNumber"": ""2""}",9fdf27a9f6062d68b38900409fc51b5250a5060033082185db07d0f8e3724863,raw_cache\8261_111_05_1_detail.json,eee570406120264ae557b09dbf977a3e1cef75351a929e8d724b78c23b911d44,cache_hit,,2026-07-30T02:10:49+00:00
8261,111,06,mops_api_t05st01,https://mops.twse.com.tw/mops/#/web/t05st01,"{""companyId"": ""8261"", ""firstDay"": """", ""lastDay"": """", ""month"": ""06"", ""year"": ""111""}",d607275afc8cfe38e21a9b70412b6c3bb03db099783725466da7361abc2c8cdd,raw_cache\8261_111_06_list.json,1c7eb3b8fbbee460fee861bfd586952dd644496be0952bb6c179eb67b43d9168,cache_hit,,2026-07-30T02:10:49+00:00
8261,111,07,mops_api_t05st01,https://mops.twse.com.tw/mops/#/web/t05st01,"{""companyId"": ""8261"", ""firstDay"": """", ""lastDay"": """", ""month"": ""07"", ""year"": ""111""}",c00d4b37738355bc0e61cda79dce4996394ce19bbd2c2b30eec27551d6e47b1e,raw_cache\8261_111_07_list.json,21a8aaf22ebcb34942f5ecaf5dff04cb87752478a2b6266c7afb55bdf6991aa2,cache_hit,,2026-07-30T02:10:49+00:00
8374,113,11,mops_api_t05st01,https://mops.twse.com.tw/mops/#/web/t05st01,"{""companyId"": ""8374"", ""firstDay"": """", ""lastDay"": """", ""month"": ""11"", ""year"": ""113""}",86c3ef86d731d22c7a47db63b489b3efce197953c2a43d7877c8c5c8342b5eab,raw_cache\8374_113_11_list.json,077093c5213a300792a8e5f3b90f3187c354620590b1006a17195490d5c982d5,cache_hit,,2026-07-30T02:10:49+00:00
8374,113,11,mops_api_t05st01_detail,https://mops.twse.com.tw/mops/#/web/t05st01,"{""companyId"": ""8374"", ""enterDate"": ""1131101"", ""marketKind"": ""sii"", ""serialNumber"": ""1""}",1b29b0c9a2b25444dcaebd8bc4b89c70ba3156e53d58f39b676927ea123ae463,raw_cache\8374_113_11_0_detail.json,04ff7faffdae4607b8b14fb83b9caef71298ffadbbf1bd3429910bc3d313c1d3,cache_hit,,2026-07-30T02:10:49+00:00
8374,113,12,mops_api_t05st01,https://mops.twse.com.tw/mops/#/web/t05st01,"{""companyId"": ""8374"", ""firstDay"": """", ""lastDay"": """", ""month"": ""12"", ""year"": ""113""}",df4be08ec95f5e03d5242faeccc181cb5a1f9b7dfc53fefaf69348cfef5b7944,raw_cache\8374_113_12_list.json,87f4a8e56fe04929bed809fbb4401a77cb455ac58102d427931c5e5a722b0cae,cache_hit,,2026-07-30T02:10:49+00:00
8374,114,01,mops_api_t05st01,https://mops.twse.com.tw/mops/#/web/t05st01,"{""companyId"": ""8374"", ""firstDay"": """", ""lastDay"": """", ""month"": ""01"", ""year"": ""114""}",d9ae1158a909b71532f8d9c8d8888d7449056a3b719654cb2693e3a0c1ab6d2c,raw_cache\8374_114_01_list.json,c579873bdf041dc551adaedf0cb304e224332e9e74da5dd677d4fa09ed477bec,cache_hit,,2026-07-30T02:10:49+00:00
8942,104,03,mops_api_t05st01,https://mops.twse.com.tw/mops/#/web/t05st01,"{""companyId"": ""8942"", ""firstDay"": """", ""lastDay"": """", ""month"": ""03"", ""year"": ""104""}",5f04b34d271026fd5790941453f060dbe298b3d2d37a0b0bf4aa12f2286d171a,raw_cache\8942_104_03_list.json,b36157d2985e1e0ba57256b41f101805a4b34867fe7bce5373afef6f33ac58d7,cache_hit,,2026-07-30T02:10:49+00:00
8942,104,03,mops_api_t05st01_detail,https://mops.twse.com.tw/mops/#/web/t05st01,"{""companyId"": ""8942"", ""enterDate"": ""1040320"", ""marketKind"": ""otc"", ""serialNumber"": ""1""}",6abfd16c322b12ff525b7c8780194e42bfa75d8400ec1ed2615a5b5076b27a81,raw_cache\8942_104_03_0_detail.json,011e7e5ad2da44e52d5cad88bb0a44e3cc1bcb2aaf6b4deaa21125432796b5e6,cache_hit,,2026-07-30T02:10:49+00:00
8942,104,03,mops_api_t05st01_detail,https://mops.twse.com.tw/mops/#/web/t05st01,"{""companyId"": ""8942"", ""enterDate"": ""1040320"", ""marketKind"": ""otc"", ""serialNumber"": ""2""}",aede1b75bf5737e6daccec61309b8bb3b62da4108c1aed4bed0e304126e7538a,raw_cache\8942_104_03_1_detail.json,4d9aa4ecc96bb6eb0375973b66648040733e2c8a83c9ab1fe7e178b3b55fbc5b,cache_hit,,2026-07-30T02:10:49+00:00
8942,104,03,mops_api_t05st01_detail,https://mops.twse.com.tw/mops/#/web/t05st01,"{""companyId"": ""8942"", ""enterDate"": ""1040324"", ""marketKind"": ""otc"", ""serialNumber"": ""2""}",1775e21f6ca39b013e603e538e2c347d5fd216e741b36e5fbe76861b1d0fda5f,raw_cache\8942_104_03_3_detail.json,c57a9f60b85f5b52406cd3a48591fe52b4053f0ed79656e8cd2c34e216b95806,cache_hit,,2026-07-30T02:10:49+00:00
8942,104,04,mops_api_t05st01,https://mops.twse.com.tw/mops/#/web/t05st01,"{""companyId"": ""8942"", ""firstDay"": """", ""lastDay"": """", ""month"": ""04"", ""year"": ""104""}",8482a3701b78cbfcabf55338d57333d9242d784d2cb5883c7687de6796196b7e,raw_cache\8942_104_04_list.json,cebbf88d279d3a15ea4f2afc646dd8c2b7dc670b7fa4a329c56b1a30e2915aed,cache_hit,,2026-07-30T02:10:49+00:00
8942,104,04,mops_api_t05st01_detail,https://mops.twse.com.tw/mops/#/web/t05st01,"{""companyId"": ""8942"", ""enterDate"": ""1040429"", ""marketKind"": ""otc"", ""serialNumber"": ""4""}",3b5f06595388ee6cf6380e0566881ae273d9d74a6fc958a739adaf0266edfdb7,raw_cache\8942_104_04_1_detail.json,76a5291f5a0b64451a67fdc78db6729e0c4d676eac9c862f9d657c1d9eaf1c72,cache_hit,,2026-07-30T02:10:49+00:00
8942,104,05,mops_api_t05st01,https://mops.twse.com.tw/mops/#/web/t05st01,"{""companyId"": ""8942"", ""firstDay"": """", ""lastDay"": """", ""month"": ""05"", ""year"": ""104""}",05e5545bcb8d0abb68543c58194381343396666f26d54aa11ac057a01a3ed817,raw_cache\8942_104_05_list.json,b4f7877b82934ffa8ede57a07c3205752b056950246498d8c40b1d65cc365880,cache_hit,,2026-07-30T02:10:49+00:00
8942,104,05,mops_api_t05st01_detail,https://mops.twse.com.tw/mops/#/web/t05st01,"{""companyId"": ""8942"", ""enterDate"": ""1040520"", ""marketKind"": ""otc"", ""serialNumber"": ""5""}",bbe0e5d232daa0b3d37ee66885dc404f5e40a401e23052b678901a50d2f7376b,raw_cache\8942_104_05_2_detail.json,e96cb65457f282048603a2d9841923bd1217702482e2bd558a2967fd19de7fbb,cache_hit,,2026-07-30T02:10:49+00:00
8942,104,06,mops_api_t05st01,https://mops.twse.com.tw/mops/#/web/t05st01,"{""companyId"": ""8942"", ""firstDay"": """", ""lastDay"": """", ""month"": ""06"", ""year"": ""104""}",b5badb5954abf1a6479c6ac6e1ab819cead844a1a9a9fa60fdf38cd418f4b991,raw_cache\8942_104_06_list.json,cef90ab1945a19b4fe924c630685b4b64332622455007f03eed7ad4e211d75a1,cache_hit,,2026-07-30T02:10:49+00:00
8996,112,03,mops_api_t05st01,https://mops.twse.com.tw/mops/#/web/t05st01,"{""companyId"": ""8996"", ""firstDay"": """", ""lastDay"": """", ""month"": ""03"", ""year"": ""112""}",20565fedc0041fbf8bb145a728139f1ab0ef43cbe9bc80ac44b498c0ec0ddeea,raw_cache\8996_112_03_list.json,ba7facb7267cb0496160d5a695cf76494906ecff9c9ff8e4eb0dba43c50f2bdc,cache_hit,,2026-07-30T02:10:49+00:00
8996,112,03,mops_api_t05st01_detail,https://mops.twse.com.tw/mops/#/web/t05st01,"{""companyId"": ""8996"", ""enterDate"": ""1120321"", ""marketKind"": ""sii"", ""serialNumber"": ""1""}",ec469b892edc9590e96e88dfc86ba56e94a8bee67a1b01b0d4e24dcdcfbf3682,raw_cache\8996_112_03_0_detail.json,f80f91ef21aa19f01e0c45cf9a1eb422e237f8ce06f8bb9b704eb3d2e4e74099,cache_hit,,2026-07-30T02:10:49+00:00
8996,112,03,mops_api_t05st01_detail,https://mops.twse.com.tw/mops/#/web/t05st01,"{""companyId"": ""8996"", ""enterDate"": ""1120322"", ""marketKind"": ""sii"", ""serialNumber"": ""1""}",4473c517cba9e9b0d2cdaa54c0f4935ac2ede86348f20b3eb041ab15182acb84,raw_cache\8996_112_03_2_detail.json,e7fc9406d0ab8252ba13aa3b76c532f552b295fb8a5aba86e2c34739159fdc74,cache_hit,,2026-07-30T02:10:49+00:00
8996,112,03,mops_api_t05st01_detail,https://mops.twse.com.tw/mops/#/web/t05st01,"{""companyId"": ""8996"", ""enterDate"": ""1120322"", ""marketKind"": ""sii"", ""serialNumber"": ""2""}",b118a638079586475068871c70216a52d045611c866c29d47bd7b35c88c64db1,raw_cache\8996_112_03_3_detail.json,6b249f013bf2c2682252e2913ff932a2c69d214b47092b914c5fcd8fa0c07253,cache_hit,,2026-07-30T02:10:49+00:00
8996,112,04,mops_api_t05st01,https://mops.twse.com.tw/mops/#/web/t05st01,"{""companyId"": ""8996"", ""firstDay"": """", ""lastDay"": """", ""month"": ""04"", ""year"": ""112""}",cdbe230c618a61884a64ce5368f248d059e13029d16850e6a2431f11bf8ce10b,raw_cache\8996_112_04_list.json,761d5af56a9ebdd0ee786c1ca1879683adea924acbbb5bbb2e26ecca5bab1935,cache_hit,,2026-07-30T02:10:49+00:00
8996,112,05,mops_api_t05st01,https://mops.twse.com.tw/mops/#/web/t05st01,"{""companyId"": ""8996"", ""firstDay"": """", ""lastDay"": """", ""month"": ""05"", ""year"": ""112""}",c41745330347a2457960deb832760fe6f6b52fe945313628330329b5cc3c0679,raw_cache\8996_112_05_list.json,6c61b8d65f081d882f5b8b1fe5cb33e2a713893de7ae544dd7161046f2004942,cache_hit,,2026-07-30T02:10:49+00:00
8996,112,05,mops_api_t05st01_detail,https://mops.twse.com.tw/mops/#/web/t05st01,"{""companyId"": ""8996"", ""enterDate"": ""1120504"", ""marketKind"": ""sii"", ""serialNumber"": ""2""}",664678476853d1dfa7b81610c756140b11702b4a2ec02fdccc8360512bd078fe,raw_cache\8996_112_05_1_detail.json,12544dadc46a6a2159b57bd481eacb6a91a05037fd1c3e91f8757d2bb170aeac,cache_hit,,2026-07-30T02:10:49+00:00
8996,112,06,mops_api_t05st01,https://mops.twse.com.tw/mops/#/web/t05st01,"{""companyId"": ""8996"", ""firstDay"": """", ""lastDay"": """", ""month"": ""06"", ""year"": ""112""}",35bbfe9493038a0faa81e5fec07602650f62f6151814b43bbe684842cf690539,raw_cache\8996_112_06_list.json,d80ba1c5093b00ed52790c54fd04cd3cca4c6f6ee90355ec436a035bd2b1d616,cache_hit,,2026-07-30T02:10:49+00:00
8996,115,03,mops_api_t05st01,https://mops.twse.com.tw/mops/#/web/t05st01,"{""companyId"": ""8996"", ""firstDay"": """", ""lastDay"": """", ""month"": ""03"", ""year"": ""115""}",858974ed97f1bd604723b3bfea0a2c14829dd69ef0af5e61df9488624ed9874c,raw_cache\8996_115_03_list.json,3758731af4e727d4db12679dae78fa1f4943b130658a2a5057ce8d90bb10d2e7,cache_hit,,2026-07-30T02:10:49+00:00
8996,115,03,mops_api_t05st01_detail,https://mops.twse.com.tw/mops/#/web/t05st01,"{""companyId"": ""8996"", ""enterDate"": ""1150311"", ""marketKind"": ""sii"", ""serialNumber"": ""3""}",62d2e0777f9d13104438ca4d0716acbcb63492edcc3fd742c45bcc9a6f82652b,raw_cache\8996_115_03_1_detail.json,1a106b01ce1c0daf2ba139c78bc703bcd93e876d8c5947abf77b9270ec68621d,cache_hit,,2026-07-30T02:10:49+00:00
8996,115,03,mops_api_t05st01_detail,https://mops.twse.com.tw/mops/#/web/t05st01,"{""companyId"": ""8996"", ""enterDate"": ""1150311"", ""marketKind"": ""sii"", ""serialNumber"": ""4""}",c16872bd8967a330c2b68fad4fd9e00524c72a58ce298081d615d8c680fe9e86,raw_cache\8996_115_03_2_detail.json,9b3fb19970da26e180d5596f34169606eeb98f486b7b98245951240fa6498a8a,cache_hit,,2026-07-30T02:10:49+00:00
8996,115,03,mops_api_t05st01_detail,https://mops.twse.com.tw/mops/#/web/t05st01,"{""companyId"": ""8996"", ""enterDate"": ""1150312"", ""marketKind"": ""sii"", ""serialNumber"": ""1""}",a29ea24c48417342e603edb1269f1e9fbaa60f2d110e81189617607b53425393,raw_cache\8996_115_03_3_detail.json,e08722c15b5225d6bdc673b971ddc04de3bf8f3a45c25e1ae661b9b01b0adeef,cache_hit,,2026-07-30T02:10:49+00:00
8996,115,04,mops_api_t05st01,https://mops.twse.com.tw/mops/#/web/t05st01,"{""companyId"": ""8996"", ""firstDay"": """", ""lastDay"": """", ""month"": ""04"", ""year"": ""115""}",affd8b8ed3d3bbb04b247bf9a0a4b4caf733995a9af3d07296d70aea35dbcc73,raw_cache\8996_115_04_list.json,720adcb44d2ddf094c5c817505fc96ff9faad8f9953abc2240c5e82d3172d2b6,cache_hit,,2026-07-30T02:10:49+00:00
8996,115,05,mops_api_t05st01,https://mops.twse.com.tw/mops/#/web/t05st01,"{""companyId"": ""8996"", ""firstDay"": """", ""lastDay"": """", ""month"": ""05"", ""year"": ""115""}",ed703b336f7d49024f6c815c9be50ce2bf56f69f2d6b9abc65effedcb52374ac,raw_cache\8996_115_05_list.json,8cbc11234a64bbef6433ece59095fd0a37572cf413f57a657cab7f863b216ca4,cache_hit,,2026-07-30T02:10:49+00:00
8996,115,05,mops_api_t05st01_detail,https://mops.twse.com.tw/mops/#/web/t05st01,"{""companyId"": ""8996"", ""enterDate"": ""1150508"", ""marketKind"": ""sii"", ""serialNumber"": ""1""}",62dc8dbd41b28dc510698513275f6cba69fcc638631e10676dd88b474b485442,raw_cache\8996_115_05_1_detail.json,723dfaf60bccf3e1104e8ec25b8119a547b14729d7a31c308cfc2793781d0ad2,cache_hit,,2026-07-30T02:10:49+00:00
9904,105,07,mops_api_t05st01,https://mops.twse.com.tw/mops/#/web/t05st01,"{""companyId"": ""9904"", ""firstDay"": """", ""lastDay"": """", ""month"": ""07"", ""year"": ""105""}",08ea114f02879166349dc7577d4b9ca7a59cdbc1957d45f4c7b9d9c8f9106305,raw_cache\9904_105_07_list.json,9f2556f3fec6caf8f0230bdffb60c3fbd0b586dfc4b50fd3beb880c13e7efc08,cache_hit,,2026-07-30T02:10:49+00:00
9904,105,07,mops_api_t05st01_detail,https://mops.twse.com.tw/mops/#/web/t05st01,"{""companyId"": ""9904"", ""enterDate"": ""1050718"", ""marketKind"": ""sii"", ""serialNumber"": ""1""}",123e63d4dc9560babcd081406e14f3441f04e41f9bbd8c8677ccbd31f246f2f9,raw_cache\9904_105_07_1_detail.json,2eae310d495591d29a8e5751ebe6e45b2d1f9a45e1277dd6c9c8601f329a49be,cache_hit,,2026-07-30T02:10:49+00:00
9904,105,08,mops_api_t05st01,https://mops.twse.com.tw/mops/#/web/t05st01,"{""companyId"": ""9904"", ""firstDay"": """", ""lastDay"": """", ""month"": ""08"", ""year"": ""105""}",77f6fde05a76e66511236c25095d9ebe34fa49df48a976ee077438aa5b20531f,raw_cache\9904_105_08_list.json,5b1ebf221395de953fb29cec4ef45f7fead96efc3a4576e48e542f391136b9d4,cache_hit,,2026-07-30T02:10:49+00:00
9904,105,08,mops_api_t05st01_detail,https://mops.twse.com.tw/mops/#/web/t05st01,"{""companyId"": ""9904"", ""enterDate"": ""1050812"", ""marketKind"": ""sii"", ""serialNumber"": ""1""}",cd6dd6e30f2d088d1aaf00427d65d896aaa7cafe3d518c64ee128a38a2dd9e46,raw_cache\9904_105_08_2_detail.json,11a916fcbeecf0d5a821d07c561bd885260cef062d0b1a4c4578f98fa06ea825,cache_hit,,2026-07-30T02:10:49+00:00
9904,105,09,mops_api_t05st01,https://mops.twse.com.tw/mops/#/web/t05st01,"{""companyId"": ""9904"", ""firstDay"": """", ""lastDay"": """", ""month"": ""09"", ""year"": ""105""}",3a27d499966e789b9e6c17b7e60e1afcb7576ad7c21ef5311bdae153a5734cf4,raw_cache\9904_105_09_list.json,b0284bf01c42206f48c034fb958134a5cea40e3407a15999b69de052adbc5b56,cache_hit,,2026-07-30T02:10:49+00:00
9904,105,10,mops_api_t05st01,https://mops.twse.com.tw/mops/#/web/t05st01,"{""companyId"": ""9904"", ""firstDay"": """", ""lastDay"": """", ""month"": ""10"", ""year"": ""105""}",9dc4ed6f4de78bed2b114a96786574544883e59a025e8ca8b5cc9261d1bc902e,raw_cache\9904_105_10_list.json,86dba6f158897f58c9fe635d9d5c89e02aa52f258c3ac46bd80158cb8ab09555,cache_hit,,2026-07-30T02:10:49+00:00
9904,105,10,mops_api_t05st01_detail,https://mops.twse.com.tw/mops/#/web/t05st01,"{""companyId"": ""9904"", ""enterDate"": ""1051027"", ""marketKind"": ""sii"", ""serialNumber"": ""1""}",7626ce189526d8587f3692cffe96b37d1d37fb115d37942e14d51cf37a5ade88,raw_cache\9904_105_10_2_detail.json,2fbcabe51b8051244f8278eff3f36aff38e61579ca800e93e7f825dbbf5c1bbb,cache_hit,,2026-07-30T02:10:49+00:00
9919,109,06,mops_api_t05st01,https://mops.twse.com.tw/mops/#/web/t05st01,"{""companyId"": ""9919"", ""firstDay"": """", ""lastDay"": """", ""month"": ""06"", ""year"": ""109""}",5e878c23e42a1bb78dbc48cc2ab9b1c0563f9584311dedb10b33f38ee5b13ecc,raw_cache\9919_109_06_list.json,12dbcdad3281a37835d8f75dcdf9db1216dbe4ec52c0024cc4942599c01fc42d,cache_hit,,2026-07-30T02:10:49+00:00
9919,109,07,mops_api_t05st01,https://mops.twse.com.tw/mops/#/web/t05st01,"{""companyId"": ""9919"", ""firstDay"": """", ""lastDay"": """", ""month"": ""07"", ""year"": ""109""}",8c0de3f8d5d68eb725e56dc4177ce89062fbb1bdd1ba66427e99940bfcbca8d1,raw_cache\9919_109_07_list.json,f707afc2f9529670877b35cdd04a3fc5e78397bb92b6276440647e16cc937909,cache_hit,,2026-07-30T02:10:49+00:00
9919,109,07,mops_api_t05st01_detail,https://mops.twse.com.tw/mops/#/web/t05st01,"{""companyId"": ""9919"", ""enterDate"": ""1090701"", ""marketKind"": ""sii"", ""serialNumber"": ""1""}",12bbac4c5af41c295be36734b576c0b02edfead3b560bcb84360e5cd5ac6e81f,raw_cache\9919_109_07_0_detail.json,b11a88e01e66f193f820774d1be6ffe1ce600016e5820b7c9e2b729693999245,cache_hit,,2026-07-30T02:10:49+00:00
9919,109,08,mops_api_t05st01,https://mops.twse.com.tw/mops/#/web/t05st01,"{""companyId"": ""9919"", ""firstDay"": """", ""lastDay"": """", ""month"": ""08"", ""year"": ""109""}",857ae7a9df4926960726760b4981e24a2247cfefe2d85cfedb6e6113ecec2fec,raw_cache\9919_109_08_list.json,31ff04cc28b9206129ad7801a680fe3f78ee34a2de004a36c9c8cf626f020f72,cache_hit,,2026-07-30T02:10:49+00:00
9938,106,08,mops_api_t05st01,https://mops.twse.com.tw/mops/#/web/t05st01,"{""companyId"": ""9938"", ""firstDay"": """", ""lastDay"": """", ""month"": ""08"", ""year"": ""106""}",4cbacc16807130737157a6d60a620a875ee841e6671983eb4b0bfcc4c42ab6e5,raw_cache\9938_106_08_list.json,f874f428ca3b676571e646aae760309257f66b12e62c0223f694e9b7e73a70a7,cache_hit,,2026-07-30T02:10:49+00:00
9938,106,08,mops_api_t05st01_detail,https://mops.twse.com.tw/mops/#/web/t05st01,"{""companyId"": ""9938"", ""enterDate"": ""1060807"", ""marketKind"": ""sii"", ""serialNumber"": ""1""}",c9fe1edcd88143439d51dbab106aa27a0bff8aeb324412a212e752951ce25183,raw_cache\9938_106_08_0_detail.json,8b4318806e25c9a67a45261e9a072f651f16918c3d6fefe5810dc0975120c895,cache_hit,,2026-07-30T02:10:49+00:00
9938,106,08,mops_api_t05st01_detail,https://mops.twse.com.tw/mops/#/web/t05st01,"{""companyId"": ""9938"", ""enterDate"": ""1060809"", ""marketKind"": ""sii"", ""serialNumber"": ""3""}",b4f251a11142670877e62339acb6fb4c026596923402828e73355c4a33118610,raw_cache\9938_106_08_3_detail.json,a1bd8252ec4c6e3899a5706ff32be4cf8f7ddaffe9a073ab2aa6b6a7fdaa1da2,cache_hit,,2026-07-30T02:10:49+00:00
9938,106,08,mops_api_t05st01_detail,https://mops.twse.com.tw/mops/#/web/t05st01,"{""companyId"": ""9938"", ""enterDate"": ""1060814"", ""marketKind"": ""sii"", ""serialNumber"": ""1""}",ebaf4de50e9c2f8b0547ce1bc6bb6c323a6625c7ff8352a013f1576c2c9fc023,raw_cache\9938_106_08_5_detail.json,cc2d071f66e099de203b45e551834c12ec1f8be9540649644ffddc03693a02e1,cache_hit,,2026-07-30T02:10:49+00:00
9938,106,08,mops_api_t05st01_detail,https://mops.twse.com.tw/mops/#/web/t05st01,"{""companyId"": ""9938"", ""enterDate"": ""1060825"", ""marketKind"": ""sii"", ""serialNumber"": ""1""}",fa69cfd9938f8cac88043cd33c8c8fbf9e4526f047e4fd98da01b94cd4db394b,raw_cache\9938_106_08_6_detail.json,0d0ef44df51e29dbce3d731f9db57b3288b4af807e428dbfca494c17d1586f90,cache_hit,,2026-07-30T02:10:49+00:00
9938,106,09,mops_api_t05st01,https://mops.twse.com.tw/mops/#/web/t05st01,"{""companyId"": ""9938"", ""firstDay"": """", ""lastDay"": """", ""month"": ""09"", ""year"": ""106""}",4b623ca40053e878ec31da46e320ca48a1a3fc1ae5e84d7cc43489dede73c2a8,raw_cache\9938_106_09_list.json,72f33f999bf70a4f7574e0bef7efabf5d6c16143fb358a9c2d569116fc2f9842,cache_hit,,2026-07-30T02:10:49+00:00
9938,106,09,mops_api_t05st01_detail,https://mops.twse.com.tw/mops/#/web/t05st01,"{""companyId"": ""9938"", ""enterDate"": ""1060907"", ""marketKind"": ""sii"", ""serialNumber"": ""1""}",2e33c4ec671c25203d71962f8e07bd46302ed271d2bc699db35e192f17717769,raw_cache\9938_106_09_0_detail.json,8e16d1b5a826352a3b9b23356f72928d30aa0dfeb39e5bfb01d3d992f3bed79f,cache_hit,,2026-07-30T02:10:49+00:00
9938,106,09,mops_api_t05st01_detail,https://mops.twse.com.tw/mops/#/web/t05st01,"{""companyId"": ""9938"", ""enterDate"": ""1060908"", ""marketKind"": ""sii"", ""serialNumber"": ""1""}",7413a079576f608da01ec677e1f7fad40fb395be930ddfba4c85c6e4cd133281,raw_cache\9938_106_09_1_detail.json,5238cf62ffe2b3f822eea8cdee7bdc34ef7969ad14fecdc305895c13fa20a8e5,cache_hit,,2026-07-30T02:10:49+00:00
9938,106,09,mops_api_t05st01_detail,https://mops.twse.com.tw/mops/#/web/t05st01,"{""companyId"": ""9938"", ""enterDate"": ""1060913"", ""marketKind"": ""sii"", ""serialNumber"": ""1""}",3a9710be9a9ad3f6526faf2cdf947e5036361bf192612ffb3bb34c393f879a2a,raw_cache\9938_106_09_3_detail.json,54c4feee21fdcf15cd8cf2fee4712cb59efea97ff468063916ef43e686f2c0e3,cache_hit,,2026-07-30T02:10:49+00:00
9938,106,09,mops_api_t05st01_detail,https://mops.twse.com.tw/mops/#/web/t05st01,"{""companyId"": ""9938"", ""enterDate"": ""1060914"", ""marketKind"": ""sii"", ""serialNumber"": ""1""}",d7997a4bdccf26788e5b3899aaa402e78ed9ad2f05bd4e8afad8e3c344131671,raw_cache\9938_106_09_4_detail.json,94f7a6f55480895c64286cdbd85b97491b7242c9b179395d9be83ed7ef9df1b9,cache_hit,,2026-07-30T02:10:49+00:00
9938,106,10,mops_api_t05st01,https://mops.twse.com.tw/mops/#/web/t05st01,"{""companyId"": ""9938"", ""firstDay"": """", ""lastDay"": """", ""month"": ""10"", ""year"": ""106""}",5babb9328054adfd60a09274fc8dc576b12c6fd4d8366be6644df399b9ecd9ee,raw_cache\9938_106_10_list.json,7c03b699d6e24828abc47d8501b67723a6ecb275d66e62d1cbfb589a437ddf0b,cache_hit,,2026-07-30T02:10:49+00:00
9938,106,10,mops_api_t05st01_detail,https://mops.twse.com.tw/mops/#/web/t05st01,"{""companyId"": ""9938"", ""enterDate"": ""1061006"", ""marketKind"": ""sii"", ""serialNumber"": ""1""}",a68617aa3b5e1b87939e40215f8a76b5e282ab604876a0b11ffa332358805179,raw_cache\9938_106_10_0_detail.json,60b13023c93a1cb90afc753c921f649bc10240a0cca1d730b4c86042c0eff017,cache_hit,,2026-07-30T02:10:49+00:00
9938,106,10,mops_api_t05st01_detail,https://mops.twse.com.tw/mops/#/web/t05st01,"{""companyId"": ""9938"", ""enterDate"": ""1061012"", ""marketKind"": ""sii"", ""serialNumber"": ""1""}",a29bb0567ee3d6ceb59a0b5969e653e9c1904ff0e1b3242115c838074a0e803b,raw_cache\9938_106_10_1_detail.json,fdbc60daa7108310062340cf1e818f52e1a55867e1d2e962159c81cb0d73385b,cache_hit,,2026-07-30T02:10:49+00:00
9938,106,11,mops_api_t05st01,https://mops.twse.com.tw/mops/#/web/t05st01,"{""companyId"": ""9938"", ""firstDay"": """", ""lastDay"": """", ""month"": ""11"", ""year"": ""106""}",2678b83604fae77f0c60b631f1d86c1d0779de2be1b5680b466246664b0cd72f,raw_cache\9938_106_11_list.json,eb155e606deb8c0b75c063148692f178094b958d7c9c42bfc26f13373b73e5b2,cache_hit,,2026-07-30T02:10:49+00:00
9938,106,11,mops_api_t05st01_detail,https://mops.twse.com.tw/mops/#/web/t05st01,"{""companyId"": ""9938"", ""enterDate"": ""1061107"", ""marketKind"": ""sii"", ""serialNumber"": ""1""}",38fa4c636bb2267205b5e381a1157528f0d662c140b7802b8704cfeeb95bf13a,raw_cache\9938_106_11_0_detail.json,2c19def13d7763137b60c4a5b7bba13e4936e95ed2b19e8d88643081326d3f45,cache_hit,,2026-07-30T02:10:49+00:00
9938,106,11,mops_api_t05st01_detail,https://mops.twse.com.tw/mops/#/web/t05st01,"{""companyId"": ""9938"", ""enterDate"": ""1061107"", ""marketKind"": ""sii"", ""serialNumber"": ""2""}",1837fc022a0a39b592befd64feae12fd714dedbbee851bbf6d336ac35ab8da70,raw_cache\9938_106_11_1_detail.json,fe204b90b31762d298d960ba69f1cdc98421bd794464509874b51d74dc822eda,cache_hit,,2026-07-30T02:10:49+00:00
9938,106,11,mops_api_t05st01_detail,https://mops.twse.com.tw/mops/#/web/t05st01,"{""companyId"": ""9938"", ""enterDate"": ""1061110"", ""marketKind"": ""sii"", ""serialNumber"": ""1""}",383b534f42ae40aafd6d7d9922f56d58870e05e1a63469822877c89f9931c559,raw_cache\9938_106_11_3_detail.json,6636db3483be4874c9a1134d47808e4619f0520fbeee62e059beec08d4dd2437,cache_hit,,2026-07-30T02:10:49+00:00
9938,106,11,mops_api_t05st01_detail,https://mops.twse.com.tw/mops/#/web/t05st01,"{""companyId"": ""9938"", ""enterDate"": ""1061114"", ""marketKind"": ""sii"", ""serialNumber"": ""1""}",1de05833a13b0e400692746b1de24001a0375b9f4520bfa3b3f9b9707ec0173a,raw_cache\9938_106_11_4_detail.json,16aa9f2435842d76dabd78f5f5a4eddd4a35b9647c85b4633881d06e7fb7b394,cache_hit,,2026-07-30T02:10:49+00:00
9938,106,11,mops_api_t05st01_detail,https://mops.twse.com.tw/mops/#/web/t05st01,"{""companyId"": ""9938"", ""enterDate"": ""1061122"", ""marketKind"": ""sii"", ""serialNumber"": ""1""}",d0f5890ddc1d1c949c840d085749be6e6d14740f7b32e10ef34281b5cdca3f4f,raw_cache\9938_106_11_5_detail.json,9ef4b3ccaaba7ac87e876100b0b393d17dc6a16f6b5f6b0001f6438ea2af5054,cache_hit,,2026-07-30T02:10:49+00:00
