ticker,query_year_roc,query_month,announcement_date_roc,announcement_time,market_available_at,subject,event_type,cash_dividend_per_share,ex_date,payment_date,effective_date,resumption_date,event_date_in_held_authority,holder_scale_exclusion,accepted_cash_distribution_event,accepted_capital_change_event,detail_excerpt,detail_source_url,detail_response_hash,future_data_violation_count
1101,104,03,104/03/27,18:25:30,2015-03-27 18:25:30,董事會決議股利分派,capital_change,,,,,,False,False,False,False,"1. 董事會決議日期：2015/03/27 2. 股東配發內容： (1)盈餘分配之現金股利(元/股)：2.49000000 (2)法定盈餘公積、資本公積發放之現金(元/股)：0 (3)股東配發之現金(股利)總金額(元)：9,193,517,914 (4)盈餘轉增資配股(元/股)：0 (5)法定盈餘公積、資本公積轉增資配股(元/股)：0 (6)股東配股總股數(股)：0 3. 董監酬勞(元)：93,455,858 4. 員工紅利： (1)現金紅利金額(元)：58,612,166 (2)股票紅利金額(元)：0 5. 其他應敘明事項： 前述擬議派發金額，員工紅利與董監事酬勞與103年度帳上估列數相同。 6. 普通股每股面額欄位：新台幣 10.0000元",https://mops.twse.com.tw/mops/#/web/t05st01,f04ce318df2a5c4a50b216a51372d7ee2429b81ac6baa716657613ff5a2201a5,0
1101,104,04,104/04/15,15:47:21,2015-04-15 15:47:21,"代重要子公司和平電力股份有限公司公告民國103年度
現金股利配發基準日",distribution,,2015-04-16,,,,True,True,False,False,"1.董事會、股東會決議或公司決定日期:104/04/15 2.除權、息類別（請填入「除權」、「除息」或「除權息」）:除息 3.發放股利種類及金額:普通股現金股利新台幣4,436,178,342元 4.除權（息）交易日:104/04/16 5.最後過戶日:104/04/17 6.停止過戶起始日期:104/04/20 7.停止過戶截止日期:104/04/24 8.除權（息）基準日:104/04/24 9.其他應敘明事項: (1)現金股利發放日：104/04/24。 (2)凡持有本公司股票而尚未辦理過戶之股東，請於民國104年04月17日前親臨本公司 辦理過戶手續，掛號郵寄者以民國104年04月17日（最後過戶日）郵戳日期為憑。 ",https://mops.twse.com.tw/mops/#/web/t05st01,cde1eebbb93d580cae3666272882775e4424be045a4a7f8452ef30cf00ba26a3,0
1101,109,07,109/07/16,06:05:56,2020-07-16 06:05:56,"公告本公司108年股利除權除息基準日及107年度第一次海外
無擔保可轉換公司債之停止轉換期間",distribution,,2020-08-12,,,,False,False,False,False,"1.董事會、股東會決議或公司決定日期:109/07/15 2.除權、息類別（請填入「除權」、「除息」或「除權息」）:除權息 3.發放股利種類及金額: (1)普通股現金股利新台幣13,644,048,010元及股票股利2,728,809,600元。 (2)特別股股息新台幣350,000,000元。 4.除權（息）交易日:109/08/12 5.最後過戶日:109/08/13 6.停止過戶起始日期:109/08/14 7.停止過戶截止日期:109/08/18 8.除權（息）基準日:109/08/18 9.其他應敘明事項: (1)現金股利發放日：109/09/16 (2)107年度第一次海外無擔保可轉換公司債停止轉換期間：109/07/24至109/08/18。 ",https://mops.twse.com.tw/mops/#/web/t05st01,3b43126c2ed16197ef089624ec83c080c26e232fdd6fe95ab7d36f9ebfd199bc,0
1101,109,07,109/07/27,14:23:05,2020-07-27 14:23:05,公告本公司調整配股配息率,distribution,2.5,,,,,False,False,False,False,"1.董事會或股東會決議日期:NA 2.原發放股利種類及金額: 普通股現金股利：新台幣13,644,048,010元，每股配發約2.5元。 普通股股票股利：新台幣2,728,809,600元，每股配發約0.5元。 3.變更後發放股利種類及金額: 普通股現金股利：新台幣13,644,048,010元，每股配發約2.50081632元。 普通股股票股利：新台幣2,728,809,600元，每股配發約0.50016326元。 4.變更原因: 因本公司買回之庫藏股11,521,600股尚未轉讓予員工，及107年度第一次海外 無擔保可轉換公司債轉換普通股1,740,095股尚未辦理變更登記，致影響流通 在外股數。 5.其他應敘明事項: 依本公司109/07/15董事會決議，授權董事長調整配股配息率。 ",https://mops.twse.com.tw/mops/#/web/t05st01,56b859ca789ee9d499799aa44674a8487eb7472107ffcd9fc15bd62075c957cd,0
1101,109,09,109/09/16,20:37:04,2020-09-16 20:37:04,"本公司董事會通過以現金進行股份轉換方式取得子公司信昌化學
工業股份有限公司100%股權",capital_change,,,,,,False,True,False,False,"1.併購種類(如合併、分割、收購或股份受讓): 股份轉換 2.事實發生日:109/9/16 3.參與併購公司名稱(如合併另一方公司、分割新設公司、收購或受讓股份標的公司之 名稱: 受讓方：臺灣水泥股份有限公司(下稱「本公司」) 讓與方：信昌化學工業股份有限公司(下稱「信昌化公司」) 4.交易相對人(如合併另一方公司、分割讓與他公司、收購或受讓股份之交易對象): 信昌化公司 5.交易相對人為關係人:是 6.交易相對人與公司之關係(本公司轉投資持股達XX%之被投資公司)，並說明選定 收購、受讓他公司股份之對象為關係企業或關係人之原因及是否不影響股東權益: 信昌化公司為本公司之子公司，本公司對其合計持股為71.10%，加計本公司之關係人 對其合計持股則為73.61%。本股份轉換案依雙方議定之股份轉換契約及相關法令進行 股份轉換，對本公司股東權益應無影響。 7.併購目的: 整合集團資源以尋求發揮最大綜效。 8.併購後預計產生之效益: 有利於本公司調整其業務經營模式及財務結構，後續不排除由本公司長期繼續持有信 昌化公司，亦有可能考慮出售信昌化公司股權或資產，或者引進策略聯盟夥伴共同經 營，期以創造集團整體利益。 9.併購對每股淨值及每股盈餘之影響: 如達成併購目的，合理預期對本公司每股淨值及每股盈餘將有正面之助益。 10.併購後續處理方式，包括支付併購對價之時間及方法等: 本公司取得信昌化公司每1股普通股股份之對價為現金新臺幣18元。信昌化公司股東 （本公司除外）轉讓予本公司之股份預計為38,152,495股，本公司預計支付信昌化 公司股東（本公司除外）之現金對價合計為686,744,910元。惟本公司實際支付之現 金對價總數，仍應以信昌化公司於股份轉換基準日已發行股份總數扣減本公司所持 有信昌化公司股份93,857,430股，再減去信昌化公司因本股份轉換案依法買回異議 股東股份數後之股份數額，按每股現金對價計算，並按個別股東配發至「元」為止 （元以下無條件捨去）。 11.併購之對價種類及資金來源: 本股份轉換案之對價全數以現金支付，本公司將以自有資金支應。 12.換股比例及其計算依據: (1)換股比例：本次股份轉換案，本公司擬支付每股現金新台幣18元予信昌化公司 其餘股東，以取得信昌化公司全數已發行股份。 (2)計算依據：參酌信昌化公司經營狀況、業務發展及其他可能影響股東權益之因 素，並參考委任之獨立專家所出具之價格合理性意見書後訂定之。 13.本次交易會計師、律師或證券承銷商出具非合理性意見:否 14.會計師或律師事務所名稱或證券承銷商公司名稱: 利安達平和聯合會計師事務所 15.會計師或律師姓名: 吳明儀會計師 16.會計師或律師開業證書字號: 會計師開業證書字號：吳明儀會計師-金管證審字第1000036796號。 17.獨立專家就本次併購換股比例、配發股東之現",https://mops.twse.com.tw/mops/#/web/t05st01,67bb5933766396ead13aabb9e76ea44937385482f13f2c725bdd73394b587a0c,0
1101,112,02,112/02/24,19:30:56,2023-02-24 19:30:56,公告本公司董事會通過111年第4季合併財務報告,capital_change,,,,,,False,False,False,False,"1.提報董事會或經董事會決議日期:112/02/24 2.審計委員會通過日期:112/02/24 3.財務報告或年度自結財務資訊報導期間 起訖日期(XXX/XX/XX~XXX/XX/XX):111/01/01~111/12/31 4.1月1日累計至本期止營業收入(仟元):113,929,706 5.1月1日累計至本期止營業毛利(毛損) (仟元):9,583,967 6.1月1日累計至本期止營業利益(損失) (仟元):1,162,138 7.1月1日累計至本期止稅前淨利(淨損) (仟元):6,646,097 8.1月1日累計至本期止本期淨利(淨損) (仟元):4,157,085 9.1月1日累計至本期止歸屬於母公司業主淨利(損) (仟元):5,404,984 10.1月1日累計至本期止基本每股盈餘(損失) (元):0.74 11.期末總資產(仟元):460,808,961 12.期末總負債(仟元):222,533,181 13.期末歸屬於母公司業主之權益(仟元):217,894,766 14.其他應敘明事項:無。 ",https://mops.twse.com.tw/mops/#/web/t05st01,733b9668c840643965cc2a122addbc66d802db42cc6c1878769421d0f43eba43,0
1101,112,03,112/03/24,19:32:15,2023-03-24 19:32:15,公告本公司董事會決議發放普通股股利,capital_change,,,,,,False,False,False,False,"1. 董事會擬議日期：112/03/24 2. 股利所屬年(季)度：111年 年度 3. 股利所屬期間：111/01/01 至 111/12/31 4. 股東配發內容： (1)盈餘分配之現金股利(元/股)：0.50000000 (2)法定盈餘公積發放之現金(元/股)：0 (3)資本公積發放之現金(元/股)：0 (4)股東配發之現金(股利)總金額(元)：3,566,090,871 (5)盈餘轉增資配股(元/股)：0 (6)法定盈餘公積轉增資配股(元/股)：0 (7)資本公積轉增資配股(元/股)：0 (8)股東配股總股數(股)：0 5. 其他應敘明事項： (1)股利之計算按發行股數扣除公司法規定 不得享有股東權利之股數。 (2)本次盈餘分派嗣後如因海外無擔保可轉 換公司債轉換普通股，及庫藏股轉讓或註銷 等，影響流通在外股份數量，致使股東配息 率發生變動而需修正時，授權董事長全權處 理。 6. 普通股每股面額欄位：新台幣10.0000元",https://mops.twse.com.tw/mops/#/web/t05st01,d41f085442080588189f176c08df4cf56e6eb60e46e8e6973eb33185e9eac4b0,0
1101,112,03,112/03/24,19:32:41,2023-03-24 19:32:41,公告本公司董事會決議發放特別股股利,capital_change,,,,,,False,False,False,False,"1. 董事會擬議日期：112/03/24 2. 股利所屬年(季)度：111年 年度 3. 股利所屬期間：111/01/01 至 111/12/31 4. 股東配發內容： (1)盈餘分配之現金股利(元/股)：1.75000000 (2)法定盈餘公積發放之現金(元/股)：0 (3)資本公積發放之現金(元/股)：0 (4)股東配發之現金(股利)總金額(元)：350,000,000 (5)盈餘轉增資配股(元/股)：0 (6)法定盈餘公積轉增資配股(元/股)：0 (7)資本公積轉增資配股(元/股)：0 (8)股東配股總股數(股)：0 5. 其他應敘明事項： 本公司107年12月13日發行特別股200,000,000 股，按發行價格50元，特別股股息年率3.50% 計算，合計發放350,000,000元。 6. 普通股每股面額欄位：新台幣10.0000元",https://mops.twse.com.tw/mops/#/web/t05st01,1c469be46e461318eb6d352d2452304211897dc7dd663891a022de8a4ccca95f,0
1101,112,05,112/05/11,18:53:04,2023-05-11 18:53:04,公告本公司董事會通過112年第1季合併財務報告,capital_change,,,,,,False,False,False,False,"1.提報董事會或經董事會決議日期:112/05/11 2.審計委員會通過日期:112/05/11 3.財務報告或年度自結財務資訊報導期間 起訖日期(XXX/XX/XX~XXX/XX/XX):112/01/01~112/03/31 4.1月1日累計至本期止營業收入(仟元):26,295,929 5.1月1日累計至本期止營業毛利(毛損) (仟元):2,469,221 6.1月1日累計至本期止營業利益(損失) (仟元):166,067 7.1月1日累計至本期止稅前淨利(淨損) (仟元):1,480,889 8.1月1日累計至本期止本期淨利(淨損) (仟元):1,005,644 9.1月1日累計至本期止歸屬於母公司業主淨利(損) (仟元):1,407,161 10.1月1日累計至本期止基本每股盈餘(損失) (元):0.20 11.期末總資產(仟元):461,648,368 12.期末總負債(仟元):221,567,334 13.期末歸屬於母公司業主之權益(仟元):220,077,058 14.其他應敘明事項:無。 ",https://mops.twse.com.tw/mops/#/web/t05st01,0ab1403d47886345f58e656e6e6aa73347379a8bc64de69a2df8fc10954a1c31,0
1216,106,01,106/01/13,16:08:38,2017-01-13 16:08:38,"代重要子公司統一企業(中國)投資有限公司公告董事會決議
發放股利",distribution,,,,,,False,True,False,False,1.董事會決議日期:106/01/13 2.發放股利種類及金額:發放現金股利總金額為人民幣4.5億 3.其他應敘明事項:無 ,https://mops.twse.com.tw/mops/#/web/t05st01,3006da38b85bacdde31b9f70186d62551e77c9390c60822409a4936b17cc86dc,0
1216,106,01,106/01/16,16:20:49,2017-01-16 16:20:49,"代重要子公司UNI-PRESIDENT ASIA HOLDINGS LTD.公告董事會決議
發放股利",distribution,,,,,,False,True,False,False,1.董事會決議日期:106/01/16 2.發放股利種類及金額:發放現金股利總金額為人民幣6億 3.其他應敘明事項:無 ,https://mops.twse.com.tw/mops/#/web/t05st01,3d917ba5d03300c62df2778c6827c677aa089c51a2b6cb246cd619ed480ccd54,0
1216,106,01,106/01/16,16:21:53,2017-01-16 16:21:53,"代重要子公司統一企業香港控股有限公司公告董事會決議
發放股利",distribution,,,,,,False,True,False,False,1.董事會決議日期:106/01/16 2.發放股利種類及金額:發放現金股利總金額為人民幣6億 3.其他應敘明事項:無 ,https://mops.twse.com.tw/mops/#/web/t05st01,4eb46e99ff8468527053af371d96a79b4a9104c707ce4abc0eec5c7a07aa286a,0
1216,106,03,106/03/24,16:40:54,2017-03-24 16:40:54,"代重要子公司統一企業中國控股有限公司公告董事會
決議分派2016年股利",distribution,,,,,,False,True,False,False,"1.董事會決議日期:106/03/24 2.發放股利種類及金額:發放現金末期股利, 每股人民幣2.812分 3.其他應敘明事項:無 ",https://mops.twse.com.tw/mops/#/web/t05st01,8b5f8c43e796c28c1c5befb18a3fcb5093d6864d0a99ff2a5ae6e721e491dc1d,0
1216,106,03,106/03/29,16:16:30,2017-03-29 16:16:30,董事會決議股利分派,capital_change,,,,,,False,False,False,False,"1. 董事會決議日期：106/03/29 2. 股東配發內容： (1)盈餘分配之現金股利(元/股)：2.10000000 (2)法定盈餘公積、資本公積發放之現金(元/股)：0 (3)股東配發之現金(股利)總金額(元)：11,932,232,384 (4)盈餘轉增資配股(元/股)：0 (5)法定盈餘公積、資本公積轉增資配股(元/股)：0 (6)股東配股總股數(股)：0 3. 其他應敘明事項： 無 4. 普通股每股面額欄位：新台幣 10.0000元",https://mops.twse.com.tw/mops/#/web/t05st01,974a52a4f4c1098846de56db644663db1d2419bc6d5fa97c5ed4aea31fda4ec3,0
1216,106,07,106/07/06,16:51:15,2017-07-06 16:51:15,公告本公司除息基準日事宜,distribution,2.1,2017-08-03,,,,False,False,False,False,1.董事會、股東會決議或公司決定日期:106/07/06 2.除權、息類別（請填入「除權」、「除息」或「除權息」）:除息 3.發放股利種類及金額:發放現金股利每股2.1元 4.除權（息）交易日:106/08/03 5.最後過戶日:106/08/04 6.停止過戶起始日期:106/08/07 7.停止過戶截止日期:106/08/11 8.除權（息）基準日:106/08/11 9.其他應敘明事項:(一)現金股利發放日:106/09/08 ,https://mops.twse.com.tw/mops/#/web/t05st01,185f759edbc668df084d5836b0532674424f7b3f043941e4e85680bbbc00cae4,0
1216,106,12,106/12/07,16:17:33,2017-12-07 16:17:33,"代重要子公司統一企業(中國)投資有限公司公告董事會決議
發放股利",distribution,,,,,,False,True,False,False,1.董事會決議日期:106/12/07 2.發放股利種類及金額:發放現金股利總金額為人民幣2億 3.其他應敘明事項:無 ,https://mops.twse.com.tw/mops/#/web/t05st01,4c578d186c43e6d84530236ac021e25cf54943d9dad45724c92e6bff7b7bb44f,0
1216,106,12,106/12/07,16:18:31,2017-12-07 16:18:31,"代重要子公司UNI-PRESIDENT ASIA HOLDINGS LTD.公告董事會決議
發放股利",distribution,,,,,,False,True,False,False,1.董事會決議日期:106/12/07 2.發放股利種類及金額:發放現金股利總金額為人民幣2億 3.其他應敘明事項:無 ,https://mops.twse.com.tw/mops/#/web/t05st01,74956daf048079a80e1950abf9adc242b08e8281568f25494a5dc5370adcb5e0,0
1216,106,12,106/12/07,16:19:14,2017-12-07 16:19:14,"代重要子公司統一企業香港控股有限公司公告董事會決議
發放股利",distribution,,,,,,False,True,False,False,1.董事會決議日期:106/12/07 2.發放股利種類及金額:發放現金股利總金額為人民幣2億 3.其他應敘明事項:無 ,https://mops.twse.com.tw/mops/#/web/t05st01,51abd04888c34fe82925ba5312c40b55716bcd814d124356931c1b34d46755ff,0
1216,108,03,108/03/22,17:09:16,2019-03-22 17:09:16,"代重要子公司統一企業(中國)投資有限公司公告董事會決議
發放股利",distribution,,,,,,False,True,False,False,1.董事會決議日期:108/03/22 2.發放股利種類及金額:發放現金股利總金額為人民幣3億 3.其他應敘明事項:無 ,https://mops.twse.com.tw/mops/#/web/t05st01,cda809260850d48a65859dbc4de490954bd79802635c3f1d38dfc77fb850240b,0
1216,108,03,108/03/22,17:13:10,2019-03-22 17:13:10,"代重要子公司統一企業中國控股有限公司公告董事會
決議分派2018年股利",distribution,,,,,,False,True,False,False,"1.董事會決議日期:108/03/22 2.發放股利種類及金額:發放現金末期股利, 每股人民幣23.84分 3.其他應敘明事項:無 ",https://mops.twse.com.tw/mops/#/web/t05st01,b7d15358b3ac6ad2902706888a1cdae3a9fb3052875e4746b1dbe4ede5e352b5,0
1216,108,03,108/03/22,17:19:30,2019-03-22 17:19:30,"代重要子公司UNI-PRESIDENT ASIA HOLDINGS LTD.
公告董事會決議發放股利",distribution,,,,,,False,True,False,False,1.董事會決議日期:108/03/22 2.發放股利種類及金額:發放現金股利總金額為人民幣2.85億 3.其他應敘明事項:無 ,https://mops.twse.com.tw/mops/#/web/t05st01,ce1fef92826381a854e2e96363cab2af7f69cd9209372fd5a30c64158be847dd,0
1216,108,03,108/03/22,17:20:31,2019-03-22 17:20:31,"代重要子公司統一企業香港控股有限公司公告董事會決議
發放股利",distribution,,,,,,False,True,False,False,1.董事會決議日期:108/03/22 2.發放股利種類及金額:發放現金股利總金額為人民幣2.85億 3.其他應敘明事項:無 ,https://mops.twse.com.tw/mops/#/web/t05st01,1c322505802ebb996e913e6a4973da087be082da70b373d2d5e31f89fef463fc,0
1216,108,03,108/03/27,16:35:16,2019-03-27 16:35:16,董事會決議股利分派,capital_change,,,,,,False,False,False,False,"1. 董事會決議日期：108/03/27 2. 股東配發內容： (1)盈餘分配之現金股利(元/股)：2.50000000 (2)法定盈餘公積、資本公積發放之現金(元/股)：0 (3)股東配發之現金(股利)總金額(元)：14,205,038,553 (4)盈餘轉增資配股(元/股)：0 (5)法定盈餘公積、資本公積轉增資配股(元/股)：0 (6)股東配股總股數(股)：0 3. 其他應敘明事項： 無 4. 普通股每股面額欄位：新台幣 10.0000元",https://mops.twse.com.tw/mops/#/web/t05st01,5afeab62e4e6b6012b0a57337f7b361d099b660e7121ebf7a1156d1c3a2f0c40,0
1216,108,05,108/05/16,16:05:39,2019-05-16 16:05:39,"代重要子公司統一企業(中國)投資有限公司公告董事會決議
發放股利",distribution,,,,,,False,True,False,False,1.董事會決議日期:108/05/16 2.發放股利種類及金額:發放現金股利總金額為人民幣2.7億 3.其他應敘明事項:無 ,https://mops.twse.com.tw/mops/#/web/t05st01,c460329b23821b5d0b861ca218cfa941bbc118992bbccf484c4245d2b9278696,0
1216,108,05,108/05/16,16:08:05,2019-05-16 16:08:05,"代重要子公司UNI-PRESIDENT ASIA HOLDINGS LTD.
公告董事會決議發放股利",distribution,,,,,,False,True,False,False,1.董事會決議日期:108/05/16 2.發放股利種類及金額:發放現金股利總金額為人民幣2.565億 3.其他應敘明事項:無 ,https://mops.twse.com.tw/mops/#/web/t05st01,fcf14f4e8341015e9354416c6de38276ef2acb8140f59b0c1f1084f056479bc0,0
1216,108,05,108/05/16,16:09:35,2019-05-16 16:09:35,"代重要子公司統一企業香港控股有限公司公告董事會決議
發放股利",distribution,,,,,,False,True,False,False,1.董事會決議日期:108/05/16 2.發放股利種類及金額:發放現金股利總金額為人民幣2.565億 3.其他應敘明事項:無 ,https://mops.twse.com.tw/mops/#/web/t05st01,e3b6d4a952efce05ab7adc52b2eb8cdad7a273a2ea63db10a0766a695ac37407,0
1216,108,05,108/05/17,16:37:00,2019-05-17 16:37:00,代重要子公司統一企業中國控股有限公司公告除息基準日,distribution,,2019-05-21,,,,True,True,False,False,1.董事會、股東會決議或公司決定日期:108/05/17 2.除權、息類別（請填入「除權」、「除息」或「除權息」）:除息 3.發放股利種類及金額:發放現金股利每股人民幣23.84分 4.除權（息）交易日:108/05/21 5.最後過戶日:108/05/22 6.停止過戶起始日期:108/05/23 7.停止過戶截止日期:108/05/27 8.除權（息）基準日:108/05/27 9.其他應敘明事項:無 ,https://mops.twse.com.tw/mops/#/web/t05st01,9b488b44a1badf40d528ba36916c6dc0c82cddb00482b124c9610015345c0aa4,0
1216,108,06,108/06/28,17:01:01,2019-06-28 17:01:01,"代重要子公司統一企業(中國)投資有限公司公告董事會決議
發放股利",distribution,,,,,,False,True,False,False,1.董事會決議日期:108/06/28 2.發放股利種類及金額:發放現金股利總金額為人民幣3億 3.其他應敘明事項:無 ,https://mops.twse.com.tw/mops/#/web/t05st01,ed387f62aca0a159cafcbd9072b815095cdfb184ba8fec5e73554d5dccd8fb54,0
1216,108,06,108/06/28,17:01:19,2019-06-28 17:01:19,"代重要子公司UNI-PRESIDENT ASIA HOLDINGS LTD.
公告董事會決議發放股利",distribution,,,,,,False,True,False,False,1.董事會決議日期:108/06/28 2.發放股利種類及金額:發放現金股利總金額為人民幣2.85億 3.其他應敘明事項:無 ,https://mops.twse.com.tw/mops/#/web/t05st01,630ff9928165f8cf9c451f6cfe3a9d274cb22bc5da9dce06a50aad17347b72b3,0
1216,108,06,108/06/28,17:01:49,2019-06-28 17:01:49,"代重要子公司統一企業香港控股有限公司公告董事會決議
發放股利",distribution,,,,,,False,True,False,False,1.董事會決議日期:108/06/28 2.發放股利種類及金額:發放現金股利總金額為人民幣2.85億 3.其他應敘明事項:無 ,https://mops.twse.com.tw/mops/#/web/t05st01,e0bf0f17e5456081821eff6ee0f064b2cf5fe60f34be0c0f93653fd0169fd625,0
1216,109,11,109/11/11,16:31:20,2020-11-11 16:31:20,公告本公司董事會通過109年第三季合併財務報告,capital_change,,,,,,False,False,False,False,"1.財務報告提報董事會或經董事會決議日期:109/11/11 2.審計委員會通過財務報告日期:109/11/09 3.財務報告年季:109年第三季 4.報導期間累計營業收入(仟元):340,811,964 5.報導期間累計營業毛利(損) (仟元):119,033,380 6.報導期間累計營業淨利(損) (仟元):25,610,325 7.報導期間累計稅前淨利(損) (仟元):32,440,247 8.報導期間歸屬於母公司累計淨利(損) (仟元):17,999,274 9.報導期間累計基本每股盈餘(損失) (元):3.17 10.報導期間期末總資產(仟元):491,359,925 11.報導期間期末總負債(仟元):315,831,808 12.報導期間期末歸屬於母公司業主之權益(仟元):110,527,304 13.其他應敘明事項:無 ",https://mops.twse.com.tw/mops/#/web/t05st01,0549e73dfae47ca76772b26d03f7dc53c32535675af3223de680e86fd995c544,0
1216,109,11,109/11/27,16:59:06,2020-11-27 16:59:06,"代重要子公司統一企業(中國)投資有限公司公告董事會決議
發放股利",distribution,,,,,,False,True,False,False,1.董事會決議日期:109/11/27 2.發放股利種類及金額:發放現金股利總金額為人民幣2.4億 3.其他應敘明事項:無 ,https://mops.twse.com.tw/mops/#/web/t05st01,12e2c1a67d935b6051176f502fe7f025c7a7241946ebec0fbb0ac74386666c0e,0
1216,109,11,109/11/27,17:00:51,2020-11-27 17:00:51,"代重要子公司UNI-PRESIDENT ASIA HOLDINGS LTD.
公告董事會決議發放股利",distribution,,,,,,False,True,False,False,1.董事會決議日期:109/11/27 2.發放股利種類及金額:發放現金股利總金額為人民幣2.28億 3.其他應敘明事項:無 ,https://mops.twse.com.tw/mops/#/web/t05st01,a6b5d7e2d556a48f5d81f81e6b2f609c6e513fa67f2a9b7c47753e079617d7ec,0
1216,109,11,109/11/27,17:02:04,2020-11-27 17:02:04,"代重要子公司統一企業香港控股有限公司公告董事會決議
發放股利",distribution,,,,,,False,True,False,False,1.董事會決議日期:109/11/27 2.發放股利種類及金額:發放現金股利總金額為人民幣2.28億 3.其他應敘明事項:無 ,https://mops.twse.com.tw/mops/#/web/t05st01,4585c947b5164d5210266282caa5ef321d43d800696405b0dad71e07713a36b9,0
1216,111,05,111/05/11,16:26:39,2022-05-11 16:26:39,公告本公司董事會通過111年第1季合併財務報告,capital_change,,,,,,False,False,False,False,"1.提報董事會或經董事會決議日期:111/05/11 2.審計委員會通過日期:111/05/09 3.財務報告或年度自結財務資訊報導期間 起訖日期(XXX/XX/XX~XXX/XX/XX):111/01/01~111/03/31 4.1月1日累計至本期止營業收入(仟元):124,204,308 5.1月1日累計至本期止營業毛利(毛損) (仟元):40,531,790 6.1月1日累計至本期止營業利益(損失) (仟元):7,956,322 7.1月1日累計至本期止稅前淨利(淨損) (仟元):8,537,871 8.1月1日累計至本期止本期淨利(淨損) (仟元):6,442,727 9.1月1日累計至本期止歸屬於母公司業主淨利(損) (仟元):4,233,600 10.1月1日累計至本期止基本每股盈餘(損失) (元):0.75 11.期末總資產(仟元):520,702,807 12.期末總負債(仟元):328,241,902 13.期末歸屬於母公司業主之權益(仟元):124,286,508 14.其他應敘明事項:無 ",https://mops.twse.com.tw/mops/#/web/t05st01,d8a418b500513a846927a0d93f202d1929f422021c15851a0c1961762bc74556,0
1216,111,05,111/05/11,16:31:10,2022-05-11 16:31:10,"代重要子公司統一企業(中國)投資有限公司公告董事會決議
發放股利",distribution,,,,,,False,True,False,False,1.董事會決議日期:111/05/11 2.發放股利種類及金額:發放現金股利總金額為人民幣3億 3.其他應敘明事項:無 ,https://mops.twse.com.tw/mops/#/web/t05st01,c854ad22435e115bcf5908dcbe045c30bce9399a16808481eb103e3d95a49f92,0
1216,111,05,111/05/11,16:32:23,2022-05-11 16:32:23,"代重要子公司統一企業香港控股有限公司公告董事會決議
發放股利",distribution,,,,,,False,True,False,False,1.董事會決議日期:111/05/11 2.發放股利種類及金額:發放現金股利總金額為人民幣2.85億 3.其他應敘明事項:無 ,https://mops.twse.com.tw/mops/#/web/t05st01,4c3b37ce18bd5e1e344d0647fe8457bfa0f06a31439cb3d53babbf1754a60ddd,0
1216,111,05,111/05/11,16:33:45,2022-05-11 16:33:45,"代重要子公司UNI-PRESIDENT ASIA HOLDINGS LTD.
公告董事會決議發放股利",distribution,,,,,,False,True,False,False,1.董事會決議日期:111/05/11 2.發放股利種類及金額:發放現金股利總金額為人民幣2.85億 3.其他應敘明事項:無 ,https://mops.twse.com.tw/mops/#/web/t05st01,aca0a6a579b8312e3a24bd9cccd895cadabbdb09b1504c604504a09d2bcf7e84,0
1216,111,05,111/05/18,16:21:02,2022-05-18 16:21:02,"代重要子公司統一企業(中國)投資有限公司公告董事會決議
發放股利",distribution,,,,,,False,True,False,False,1.董事會決議日期:111/05/18 2.發放股利種類及金額:發放現金股利總金額為人民幣3億 3.其他應敘明事項:無 ,https://mops.twse.com.tw/mops/#/web/t05st01,fc456296d18a7d94c392536107da013400fb5f494938d8f69124026056bc7842,0
1216,111,05,111/05/18,16:23:13,2022-05-18 16:23:13,"代重要子公司統一企業香港控股有限公司公告董事會決議
發放股利",distribution,,,,,,False,True,False,False,1.董事會決議日期:111/05/18 2.發放股利種類及金額:發放現金股利總金額為人民幣2.85億 3.其他應敘明事項:無 ,https://mops.twse.com.tw/mops/#/web/t05st01,313d7d5bb0e7574afef3c54b410e7ba7f9cab61b266682f3f77cd53ae0f101ae,0
1216,111,05,111/05/18,16:25:48,2022-05-18 16:25:48,"代重要子公司UNI-PRESIDENT ASIA HOLDINGS LTD.
公告董事會決議發放股利",distribution,,,,,,False,True,False,False,1.董事會決議日期:111/05/18 2.發放股利種類及金額:發放現金股利總金額為人民幣2.85億 3.其他應敘明事項:無 ,https://mops.twse.com.tw/mops/#/web/t05st01,d82c1f4f6984777cfb58c4be52aedbeb71afbf6e252b80ec49d30bab331ffa59,0
1216,111,05,111/05/25,16:23:05,2022-05-25 16:23:05,"代重要子公司統一企業(中國)投資有限公司公告董事會決議
發放股利",distribution,,,,,,False,True,False,False,1.董事會決議日期:111/05/25 2.發放股利種類及金額:發放現金股利總金額為人民幣3億 3.其他應敘明事項:無 ,https://mops.twse.com.tw/mops/#/web/t05st01,5fa53efccea7214fa73a9d24dd7fb0a32be04ae129a593e40a769f7ca2670362,0
1216,111,05,111/05/25,16:23:41,2022-05-25 16:23:41,"代重要子公司統一企業香港控股有限公司公告董事會決議
發放股利",distribution,,,,,,False,True,False,False,1.董事會決議日期:111/05/25 2.發放股利種類及金額:發放現金股利總金額為人民幣2.85億 3.其他應敘明事項:無 ,https://mops.twse.com.tw/mops/#/web/t05st01,449b8bc4fedbce243e14e71e6d82b15d3e1595b97eae1dd54c8f96558d717ae9,0
1216,111,05,111/05/25,16:24:28,2022-05-25 16:24:28,"代重要子公司UNI-PRESIDENT ASIA HOLDINGS LTD.
公告董事會決議發放股利",distribution,,,,,,False,True,False,False,1.董事會決議日期:111/05/25 2.發放股利種類及金額:發放現金股利總金額為人民幣2.85億 3.其他應敘明事項:無 ,https://mops.twse.com.tw/mops/#/web/t05st01,d53dc5648c4a132d9c865a59f126e7caa7619688290da734d670a2515db2aecc,0
1216,111,05,111/05/27,17:06:03,2022-05-27 17:06:03,代重要子公司統一企業中國控股有限公司公告除息基準日,distribution,,2022-05-31,,,,False,True,False,False,1.董事會、股東會決議或公司決定日期:111/05/27 2.除權、息類別（請填入「除權」、「除息」或「除權息」）:除息 3.發放股利種類及金額:發放現金股利每股人民幣41.69分 4.除權（息）交易日:111/05/31 5.最後過戶日:111/06/01 6.停止過戶起始日期:111/06/02 7.停止過戶截止日期:111/06/07 8.除權（息）基準日:111/06/07 9.其他應敘明事項:無 ,https://mops.twse.com.tw/mops/#/web/t05st01,c8229a64f7d5d0111629b1d804f91d01cd0d1ddb776887cf1941b219dd3ea62e,0
1216,111,06,111/06/08,15:07:02,2022-06-08 15:07:02,"代重要子公司統一企業(中國)投資有限公司公告董事會決議
發放股利",distribution,,,,,,False,True,False,False,1.董事會決議日期:111/06/08 2.發放股利種類及金額:發放現金股利總金額為人民幣3億 3.其他應敘明事項:無 ,https://mops.twse.com.tw/mops/#/web/t05st01,1524926f3e9a41bb62913d0448480aa8d5d0a703d0b12be80cd81d8eba13d035,0
1216,111,06,111/06/08,15:07:35,2022-06-08 15:07:35,"代重要子公司統一企業香港控股有限公司公告董事會決議
發放股利",distribution,,,,,,False,True,False,False,1.董事會決議日期:111/06/08 2.發放股利種類及金額:發放現金股利總金額為人民幣2.85億 3.其他應敘明事項:無 ,https://mops.twse.com.tw/mops/#/web/t05st01,f0eedd42d3ac9a059703fef5e3daa96c9cacc874e40d42b4e68a044a0b43e5a4,0
1216,111,06,111/06/08,15:10:07,2022-06-08 15:10:07,"代重要子公司UNI-PRESIDENT ASIA HOLDINGS LTD.
公告董事會決議發放股利",distribution,,,,,,False,True,False,False,1.董事會決議日期:111/06/08 2.發放股利種類及金額:發放現金股利總金額為人民幣2.85億 3.其他應敘明事項:無 ,https://mops.twse.com.tw/mops/#/web/t05st01,3465bf569b8c0ec914a9d1ef585a0279bb183a6295b2dbb8d92aceb73932ee8f,0
1216,111,06,111/06/13,14:33:05,2022-06-13 14:33:05,公告本公司除息基準日事宜,distribution,2.7,2022-08-04,,,,False,False,False,False,1.董事會、股東會決議或公司決定日期:111/06/13 2.除權、息類別（請填入「除權」、「除息」或「除權息」）:除息 3.發放股利種類及金額:發放現金股利每股2.7元 4.除權（息）交易日:111/08/04 5.最後過戶日:111/08/06 6.停止過戶起始日期:111/08/07 7.停止過戶截止日期:111/08/11 8.除權（息）基準日:111/08/11 9.其他應敘明事項:現金股利發放日:111/09/08 ,https://mops.twse.com.tw/mops/#/web/t05st01,d23ce9e6ab9093b17d63702085a6d14b09682e1b54a3196faf8a8e740593a8c9,0
1216,111,08,111/08/10,16:20:53,2022-08-10 16:20:53,公告本公司董事會通過111年第2季合併財務報告,capital_change,,,,,,False,False,False,False,"1.提報董事會或經董事會決議日期:111/08/10 2.審計委員會通過日期:111/08/08 3.財務報告或年度自結財務資訊報導期間 起訖日期(XXX/XX/XX~XXX/XX/XX):111/01/01~111/06/30 4.1月1日累計至本期止營業收入(仟元):254,735,335 5.1月1日累計至本期止營業毛利(毛損) (仟元):82,356,244 6.1月1日累計至本期止營業利益(損失) (仟元):15,076,591 7.1月1日累計至本期止稅前淨利(淨損) (仟元):18,163,358 8.1月1日累計至本期止本期淨利(淨損) (仟元):13,904,675 9.1月1日累計至本期止歸屬於母公司業主淨利(損) (仟元):9,086,647 10.1月1日累計至本期止基本每股盈餘(損失) (元):1.60 11.期末總資產(仟元):537,538,324 12.期末總負債(仟元):362,822,522 13.期末歸屬於母公司業主之權益(仟元):113,458,199 14.其他應敘明事項:無 ",https://mops.twse.com.tw/mops/#/web/t05st01,a94a5055674f039c9e25a823c109e76a7d8ed83f163669ad662d7c16a00f476d,0
1216,113,02,113/02/26,15:51:54,2024-02-26 15:51:54,"代重要子公司Cayman President Holdings LTD.公告
董事會決議發放股利",distribution,,,,,,False,True,False,False,1.董事會決議日期:113/02/26 2.發放股利種類及金額:發放現金股利總金額為美元20佰萬 3.其他應敘明事項:無 ,https://mops.twse.com.tw/mops/#/web/t05st01,c47d9bd88b2ca4995c10cbcd40c880b07c3ea6c312d6d9929e1ada07cebc6809,0
1216,113,03,113/03/01,18:08:56,2024-03-01 18:08:56,"代重要子公司家福股份有限公司公告董事會決議
不分派股利",distribution,,,,,,False,True,False,False,1.董事會決議日期:113/03/01 2.發放股利種類及金額:無 3.其他應敘明事項:無 ,https://mops.twse.com.tw/mops/#/web/t05st01,94418520cd3ce7c57a9834e6456f22131f2f8ac6acd70f99de253efd6980bde3,0
1216,113,03,113/03/04,16:17:30,2024-03-04 16:17:30,"代重要子公司Cayman President Holdings LTD.公告
董事會決議發放股利",distribution,,,,,,False,True,False,False,1.董事會決議日期:113/03/04 2.發放股利種類及金額:發放現金股利總金額為美元40佰萬 3.其他應敘明事項:無 ,https://mops.twse.com.tw/mops/#/web/t05st01,81266e3ed7a2f33d531af23f953911b0b5738b68f3509dee7a06316e83df6ba5,0
1216,113,03,113/03/07,17:25:55,2024-03-07 17:25:55,公告本公司董事會通過112年度合併財務報告,capital_change,,,,,,False,False,False,False,"1.提報董事會或經董事會決議日期:113/03/07 2.審計委員會通過日期:113/03/05 3.財務報告或年度自結財務資訊報導期間 起訖日期(XXX/XX/XX~XXX/XX/XX):112/01/01~112/12/31 4.1月1日累計至本期止營業收入(仟元):581,102,935 5.1月1日累計至本期止營業毛利(毛損) (仟元):187,813,698 6.1月1日累計至本期止營業利益(損失) (仟元):28,640,834 7.1月1日累計至本期止稅前淨利(淨損) (仟元):48,690,946 8.1月1日累計至本期止本期淨利(淨損) (仟元):30,286,149 9.1月1日累計至本期止歸屬於母公司業主淨利(損) (仟元):18,336,478 10.1月1日累計至本期止基本每股盈餘(損失) (元):3.23 11.期末總資產(仟元):665,879,318 12.期末總負債(仟元):470,664,990 13.期末歸屬於母公司業主之權益(仟元):124,887,732 14.其他應敘明事項:無 ",https://mops.twse.com.tw/mops/#/web/t05st01,013afb0a5d4b10264ff41c4ee105e3256e75ef91451158c8848022925d7381d9,0
1216,113,03,113/03/07,17:56:59,2024-03-07 17:56:59,董事會決議股利分派,capital_change,,,,,,False,False,False,False,"1. 董事會擬議日期：113/03/07 2. 股利所屬年(季)度：112年 年度 3. 股利所屬期間：112/01/01 至 112/12/31 4. 股東配發內容： (1)盈餘分配之現金股利(元/股)：3.00000000 (2)法定盈餘公積發放之現金(元/股)：0 (3)資本公積發放之現金(元/股)：0 (4)股東配發之現金(股利)總金額(元)：17,046,046,263 (5)盈餘轉增資配股(元/股)：0 (6)法定盈餘公積轉增資配股(元/股)：0 (7)資本公積轉增資配股(元/股)：0 (8)股東配股總股數(股)：0 5. 其他應敘明事項： 無 6. 普通股每股面額欄位：新台幣10.0000元",https://mops.twse.com.tw/mops/#/web/t05st01,10b9126f96020e6df315ffb9f48672312c850a4698aa4f79e335c93b1730901a,0
1216,113,03,113/03/26,15:36:35,2024-03-26 15:36:35,"代重要子公司Cayman President Holdings LTD.公告
董事會決議發放股利",distribution,,,,,,False,True,False,False,1.董事會決議日期:113/03/26 2.發放股利種類及金額:發放現金股利總金額為美元20佰萬 3.其他應敘明事項:無 ,https://mops.twse.com.tw/mops/#/web/t05st01,d5bb365c8470b0770728fe75a660633608d3d0ef5b4c8657881b9df214cbc11e,0
1216,113,03,113/03/26,15:38:49,2024-03-26 15:38:49,"代重要子公司統一企業(中國)投資有限公司公告董事會決議
發放股利",distribution,,,,,,False,True,False,False,1.董事會決議日期:113/03/26 2.發放股利種類及金額:發放現金股利總金額為人民幣3億 3.其他應敘明事項:無 ,https://mops.twse.com.tw/mops/#/web/t05st01,c062f16a924b3f238befe78b7f5870832e832755b2c9248fb1fee939457dd476,0
1216,113,03,113/03/26,15:40:18,2024-03-26 15:40:18,"代重要子公司統一企業香港控股有限公司公告董事會決議
發放股利",distribution,,,,,,False,True,False,False,1.董事會決議日期:113/03/26 2.發放股利種類及金額:發放現金股利總金額為人民幣2.85億 3.其他應敘明事項:無 ,https://mops.twse.com.tw/mops/#/web/t05st01,8510d0f28fec7e2202ca952d38af29ace873484232f9e604531cc793119bb6c6,0
1216,113,03,113/03/26,15:41:29,2024-03-26 15:41:29,"代重要子公司UNI-PRESIDENT ASIA HOLDINGS LTD.
公告董事會決議發放股利",distribution,,,,,,False,True,False,False,1.董事會決議日期:113/03/26 2.發放股利種類及金額:發放現金股利總金額為人民幣2.85億 3.其他應敘明事項:無 ,https://mops.twse.com.tw/mops/#/web/t05st01,e0081abbd207490f5dd4673a87a3c7edb3f4274890ba88e6cbc6737cf4df782b,0
1216,113,04,113/04/11,15:39:35,2024-04-11 15:39:35,"代重要子公司統一企業(中國)投資有限公司公告董事會決議
發放股利",distribution,,,,,,False,True,False,False,1.董事會決議日期:113/04/11 2.發放股利種類及金額:發放現金股利總金額為人民幣3億 3.其他應敘明事項:無 ,https://mops.twse.com.tw/mops/#/web/t05st01,e96d35533b819ed3136565d60c7fd4c7aa0aeb2dd088c6553854cc080a60970d,0
1216,113,04,113/04/11,15:40:02,2024-04-11 15:40:02,"代重要子公司統一企業香港控股有限公司公告董事會決議
發放股利",distribution,,,,,,False,True,False,False,1.董事會決議日期:113/04/11 2.發放股利種類及金額:發放現金股利總金額為人民幣2.85億 3.其他應敘明事項:無 ,https://mops.twse.com.tw/mops/#/web/t05st01,2e7c76bd6994384ac0f690f8af05b610c7a46227dcc78968ddc380499ffcf03d,0
1216,113,04,113/04/11,15:40:29,2024-04-11 15:40:29,"代重要子公司UNI-PRESIDENT ASIA HOLDINGS LTD.
公告董事會決議發放股利",distribution,,,,,,False,True,False,False,1.董事會決議日期:113/04/11 2.發放股利種類及金額:發放現金股利總金額為人民幣2.85億 3.其他應敘明事項:無 ,https://mops.twse.com.tw/mops/#/web/t05st01,7009534a2da298b2e32b56a56fe60f8aa12e8f05fec2cf6ef3418ed4130b4f65,0
1216,113,04,113/04/19,15:59:23,2024-04-19 15:59:23,"代重要子公司Cayman President Holdings LTD.公告
董事會決議發放股利",distribution,,,,,,False,True,False,False,1.董事會決議日期:113/04/19 2.發放股利種類及金額:發放現金股利總金額為美元20佰萬 3.其他應敘明事項:無 ,https://mops.twse.com.tw/mops/#/web/t05st01,22476e1a4fd0a680d8e81d921fef576c1ae02f290464c600665f395b216a489f,0
1216,113,04,113/04/24,16:38:54,2024-04-24 16:38:54,"代重要子公司統一企業(中國)投資有限公司公告董事會決議
發放股利",distribution,,,,,,False,True,False,False,1.董事會決議日期:113/04/24 2.發放股利種類及金額:發放現金股利總金額為人民幣3億 3.其他應敘明事項:無 ,https://mops.twse.com.tw/mops/#/web/t05st01,6fe32f266ada02daf527c3d81a1bc88d69ae6d3e4f23784b247f6b740a5aec1d,0
1216,113,04,113/04/24,16:39:14,2024-04-24 16:39:14,"代重要子公司統一企業香港控股有限公司公告董事會決議
發放股利",distribution,,,,,,False,True,False,False,1.董事會決議日期:113/04/24 2.發放股利種類及金額:發放現金股利總金額為人民幣2.85億 3.其他應敘明事項:無 ,https://mops.twse.com.tw/mops/#/web/t05st01,30ab93d599246a205334e98eeee4aeaa26404477c764572fd3112e0f7fa2c59b,0
1216,113,04,113/04/24,16:39:31,2024-04-24 16:39:31,"代重要子公司UNI-PRESIDENT ASIA HOLDINGS LTD.
公告董事會決議發放股利",distribution,,,,,,False,True,False,False,1.董事會決議日期:113/04/24 2.發放股利種類及金額:發放現金股利總金額為人民幣2.85億 3.其他應敘明事項:無 ,https://mops.twse.com.tw/mops/#/web/t05st01,848d7b174c0fb0f5ec36665a3b1141427ba9b5af7df2bd10daadb3da81a96f8d,0
1216,113,05,113/05/09,16:28:15,2024-05-09 16:28:15,公告本公司董事會通過113年第1季合併財務報告,capital_change,,,,,,False,False,False,False,"1.提報董事會或經董事會決議日期:113/05/09 2.審計委員會通過日期:113/05/07 3.財務報告或年度自結財務資訊報導期間 起訖日期(XXX/XX/XX~XXX/XX/XX):113/01/01~113/03/31 4.1月1日累計至本期止營業收入(仟元):158,756,079 5.1月1日累計至本期止營業毛利(毛損) (仟元):51,717,500 6.1月1日累計至本期止營業利益(損失) (仟元):8,683,990 7.1月1日累計至本期止稅前淨利(淨損) (仟元):10,860,028 8.1月1日累計至本期止本期淨利(淨損) (仟元):8,323,003 9.1月1日累計至本期止歸屬於母公司業主淨利(損) (仟元):5,533,901 10.1月1日累計至本期止基本每股盈餘(損失) (元):0.97 11.期末總資產(仟元):674,819,759 12.期末總負債(仟元):466,362,514 13.期末歸屬於母公司業主之權益(仟元):134,042,267 14.其他應敘明事項:無 ",https://mops.twse.com.tw/mops/#/web/t05st01,bab2d2f9f4bf5ad6fcf22620cfb6c105936907c4e3a92b18e5b3af1f4e8f7434,0
1216,113,05,113/05/16,15:30:11,2024-05-16 15:30:11,"代重要子公司統一企業(中國)投資有限公司公告董事會決議
發放股利",distribution,,,,,,False,True,False,False,1.董事會決議日期:113/05/16 2.發放股利種類及金額:發放現金股利總金額為人民幣3億 3.其他應敘明事項:無 ,https://mops.twse.com.tw/mops/#/web/t05st01,9347543ced1548e5b284677b0aa81e170cc48c582b418bd7008a06340849c8fd,0
1216,113,05,113/05/16,15:30:44,2024-05-16 15:30:44,"代重要子公司統一企業香港控股有限公司公告董事會決議
發放股利",distribution,,,,,,False,True,False,False,1.董事會決議日期:113/05/16 2.發放股利種類及金額:發放現金股利總金額為人民幣2.85億 3.其他應敘明事項:無 ,https://mops.twse.com.tw/mops/#/web/t05st01,098e55d3b28d1bd81a5bcf80a4bcfd18c4cdb1db63a9663db83ac444b0b83256,0
1216,113,05,113/05/16,15:31:10,2024-05-16 15:31:10,"代重要子公司UNI-PRESIDENT ASIA HOLDINGS LTD.
公告董事會決議發放股利",distribution,,,,,,False,True,False,False,1.董事會決議日期:113/05/16 2.發放股利種類及金額:發放現金股利總金額為人民幣2.85億 3.其他應敘明事項:無 ,https://mops.twse.com.tw/mops/#/web/t05st01,b500cfd89afedb7ba1d0794da99ded2197d222e5deea1ca40051803f5ca2b09b,0
1216,113,05,113/05/31,16:58:17,2024-05-31 16:58:17,代重要子公司統一企業中國控股有限公司公告除息基準日,distribution,,2024-06-04,,,,False,True,False,False,1.董事會、股東會決議或公司決定日期:113/05/31 2.除權、息類別（請填入「除權」、「除息」或「除權息」）:除息 3.發放股利種類及金額:發放現金股利每股人民幣42.45分 4.除權（息）交易日:113/06/04 5.最後過戶日:113/06/05 6.停止過戶起始日期:113/06/06 7.停止過戶截止日期:113/06/11 8.除權（息）基準日:113/06/11 9.其他應敘明事項:無 ,https://mops.twse.com.tw/mops/#/web/t05st01,3e7663a9e96d3a5de8fecbbf9d6dfa3d775cf52f3c2c3cd17099ff068cef20d8,0
1216,114,06,114/06/06,16:46:14,2025-06-06 16:46:14,代重要子公司統一企業中國控股有限公司公告除息基準日,distribution,,2025-06-10,,,,False,True,False,False,1.董事會、股東會決議或公司決定日期:114/06/06 2.除權、息類別（請填入「除權」、「除息」或「除權息」）:除息 3.發放股利種類及金額:發放現金股利每股人民幣42.81分 4.除權（息）交易日:114/06/10 5.最後過戶日:114/06/11 6.停止過戶起始日期:114/06/12 7.停止過戶截止日期:114/06/16 8.除權（息）基準日:114/06/16 9.其他應敘明事項:無 ,https://mops.twse.com.tw/mops/#/web/t05st01,90c4164e15dd192bba633f48f4c6e739ed586d6ddff3c8d2e613422bb8112b4a,0
1216,114,06,114/06/10,13:39:48,2025-06-10 13:39:48,公告本公司除息基準日事宜,distribution,3.00,2025-07-31,2025-09-05,,,False,False,False,False,1.董事會、股東會決議或公司決定日期:114/06/10 2.除權、息類別（請填入「除權」、「除息」或「除權息」）:除息 3.普通股發放股利種類及金額:發放現金股利每股3.00元 4.除權（息）交易日:114/07/31 5.最後過戶日:114/08/03 6.停止過戶起始日期:114/08/04 7.停止過戶截止日期:114/08/08 8.除權（息）基準日:114/08/08 9.債券最後申請轉換日期:不適用 10.債券停止轉換起始日期:不適用 11.債券停止轉換截止日期:不適用 12.普通股現金股利發放日期:114/09/05 13.其他應敘明事項:無 ,https://mops.twse.com.tw/mops/#/web/t05st01,6300319ec4eaf2c37bcbb0b13f08f69a445f5704246a275b8d8b10dc1a591a25,0
1216,114,06,114/06/23,15:16:55,2025-06-23 15:16:55,"代重要子公司Cayman President Holdings LTD.公告
董事會決議發放股利",distribution,,,,,,False,True,False,False,1.董事會決議日期:114/06/23 2.發放股利種類及金額:發放現金股利總金額為美元10佰萬 3.其他應敘明事項:無 ,https://mops.twse.com.tw/mops/#/web/t05st01,e958b0e7a050c34f9a1fc7dbf64ff66d970dee3a9addbea992fafae88362a3a5,0
1216,114,07,114/07/10,15:39:16,2025-07-10 15:39:16,"代重要子公司統一企業(中國)投資有限公司公告董事會決議
發放股利",distribution,,,,,,False,True,False,False,1.董事會決議日期:114/07/10 2.發放股利種類及金額:發放現金股利總金額為人民幣3億 3.其他應敘明事項:無 ,https://mops.twse.com.tw/mops/#/web/t05st01,70d5980878d42dbe3f72105b0a9a36915c91c889404c16b39b87388459fd301a,0
1216,114,07,114/07/10,15:40:16,2025-07-10 15:40:16,"代重要子公司統一企業香港控股有限公司公告董事會決議
發放股利",distribution,,,,,,False,True,False,False,1.董事會決議日期:114/07/10 2.發放股利種類及金額:發放現金股利總金額為人民幣2.85億 3.其他應敘明事項:無 ,https://mops.twse.com.tw/mops/#/web/t05st01,f05758c6b6794b48784c9415bd7914a507a6398ce72caa43a6bab8c4b024aeb9,0
1216,114,07,114/07/10,15:40:36,2025-07-10 15:40:36,"代重要子公司UNI-PRESIDENT ASIA HOLDINGS LTD.
公告董事會決議發放股利",distribution,,,,,,False,True,False,False,1.董事會決議日期:114/07/10 2.發放股利種類及金額:發放現金股利總金額為人民幣2.85億 3.其他應敘明事項:無 ,https://mops.twse.com.tw/mops/#/web/t05st01,3e269452a5e5d0c6a7316b55b832d92659fa8b7db66f45483e3720637d36b5bc,0
1216,114,07,114/07/14,15:03:40,2025-07-14 15:03:40,"代重要子公司Cayman President Holdings LTD.公告
董事會決議發放股利",distribution,,,,,,False,True,False,False,1.董事會決議日期:114/07/14 2.發放股利種類及金額:發放現金股利總金額為美元10佰萬 3.其他應敘明事項:無 ,https://mops.twse.com.tw/mops/#/web/t05st01,5a1984f55539c8622b15c98a516fe63b2c5ff8444806f4ba15606ba685368d18,0
1216,114,07,114/07/21,15:10:41,2025-07-21 15:10:41,"代重要子公司Cayman President Holdings LTD.公告
董事會決議發放股利",distribution,,,,,,False,True,False,False,1.董事會決議日期:114/07/21 2.發放股利種類及金額:發放現金股利總金額為美元10佰萬 3.其他應敘明事項:無 ,https://mops.twse.com.tw/mops/#/web/t05st01,22758dda90f753ce0eec3a6ac04b6722dd98ddfb7272bb6edc7d383168e71e3f,0
1216,114,08,114/08/07,15:56:00,2025-08-07 15:56:00,公告本公司董事會通過114年第2季合併財務報告,capital_change,,,,,,False,False,False,False,"1.提報董事會或經董事會決議日期:114/08/07 2.審計委員會通過日期:114/08/05 3.財務報告或年度自結財務資訊報導期間 起訖日期(XXX/XX/XX~XXX/XX/XX):114/01/01~114/06/30 4.1月1日累計至本期止營業收入(仟元):338,837,523 5.1月1日累計至本期止營業毛利(毛損) (仟元):113,456,566 6.1月1日累計至本期止營業利益(損失) (仟元):20,309,805 7.1月1日累計至本期止稅前淨利(淨損) (仟元):23,276,181 8.1月1日累計至本期止本期淨利(淨損) (仟元):17,037,967 9.1月1日累計至本期止歸屬於母公司業主淨利(損) (仟元):10,669,705 10.1月1日累計至本期止基本每股盈餘(損失) (元):1.88 11.期末總資產(仟元):707,078,722 12.期末總負債(仟元):524,050,555 13.期末歸屬於母公司業主之權益(仟元):116,622,674 14.其他應敘明事項:無 ",https://mops.twse.com.tw/mops/#/web/t05st01,717a57b35b456a4cc5c5e386b5803829485eef230991cf050889e2fb4ca31e07,0
1216,114,08,114/08/20,16:01:07,2025-08-20 16:01:07,"代重要子公司Cayman President Holdings LTD.公告
董事會決議發放股利",distribution,,,,,,False,True,False,False,1.董事會決議日期:114/08/20 2.發放股利種類及金額:發放現金股利總金額為美元10佰萬 3.其他應敘明事項:無 ,https://mops.twse.com.tw/mops/#/web/t05st01,6517faa7d22c5bcbe4c96a4a8c9e2495b97f278934ef8110f543e21b048d6b35,0
1216,114,09,114/09/04,16:06:38,2025-09-04 16:06:38,"代重要子公司Cayman President Holdings LTD.公告
董事會決議發放股利",distribution,,,,,,False,True,False,False,1.董事會決議日期:114/09/04 2.發放股利種類及金額:發放現金股利總金額為美元10佰萬 3.其他應敘明事項:無 ,https://mops.twse.com.tw/mops/#/web/t05st01,e0c4dcd0ed415dcd93814af8b9254b287d97d9d18960e24f2b26862e2a154faa,0
1301,110,07,110/07/07,14:47:50,2021-07-07 14:47:50,董事會決議股利配發基準日,distribution,2.4,2021-07-30,,,,False,False,False,False,1.董事會、股東會決議或公司決定日期:110/07/07 2.除權、息類別（請填入「除權」、「除息」或「除權息」）:除息 3.發放股利種類及金額: 現金股利：每股分派新台幣2.4元。 4.除權（息）交易日:110/07/30 5.最後過戶日:110/08/02 6.停止過戶起始日期:110/08/03 7.停止過戶截止日期:110/08/07 8.除權（息）基準日:110/08/07 9.其他應敘明事項: (1)現金股利發放日110/08/27。 (2)盈餘分派議案尚待股東常會通過。 (3)本次盈餘分派如因不可抗力或配合主管機關法令要求，再次變更延期召開股東常會 之日期，由董事會授權董事長訂定更新後之分派現金股利基準日及發放日。 ,https://mops.twse.com.tw/mops/#/web/t05st01,b81e79339fd3a17b7ca5b496072911fc5070a85d12ad76cf6a665bf7d235189a,0
1301,110,07,110/07/09,13:32:28,2021-07-09 13:32:28,公告本公司2021年6月合併營業額,capital_change,,,,,,False,True,False,False,"1.事實發生日:110/07/09 2.公司名稱:台灣塑膠工業股份有限公司 3.與公司關係(請輸入本公司或子公司):本公司 4.相互持股比例:不適用 5.發生緣由:公告本公司2021年6月合併營業額 6.因應措施:無 7.其他應敘明事項: 一、2021年6月合併營業額與2021年5月比較： 2021年6月合併營業額229億3,808萬元，創歷史同期新高，與2021年5月比較，減少14億 970萬元，衰退5.8％，說明如下： 1.銷售量差方面，減少8億元： 因6月有5個廠安排歲修或工檢，比5月2個廠多3個廠，產銷量減少，因此，2021年6月PE 、PP及AE銷售量，合計比5月減少1.8萬噸，影響營業額減少8.3億元。 2.銷售價差方面，減少6億元： PVC價格於2021年5月漲至歷史高點，但因印度6月進入雨季，且東南亞及南亞疫情嚴峻， PVC需求減少，因此，本公司2021年6月PVC價格比5月下跌8.5％，影響營業額減少 5.3億元。 二、2021年6月合併營業額與2020年6月比較： 2021年6月合併營業額229億3,808萬元，和2020年6月比較，增加81億6,152萬元，成長 55.2％，主要是銷售價差增加，說明如下： 去年上半年受疫情影響，石化產品價格大跌，但下半年起疫情趨緩，需求增加，加上美 國氣候異常導致德州石化廠供給大減，持續推升石化產品行情，因此，2021年6月各產 品價格比去年同期上漲，幅度介於29~142％。 ",https://mops.twse.com.tw/mops/#/web/t05st01,d52b37b50f20c85f7c5f423774e347ba8c648c64595010c9f4855eb04429d095,0
1301,110,07,110/07/09,13:32:42,2021-07-09 13:32:42,公告本公司2021年第2季自結合併損益,capital_change,,,,,,False,True,False,False,"1.事實發生日:110/07/09 2.公司名稱:台灣塑膠工業股份有限公司 3.與公司關係(請輸入本公司或子公司):本公司 4.相互持股比例:不適用 5.發生緣由:公告本公司2021年第2季自結合併損益 6.因應措施:無 7.其他應敘明事項: 一、2021年第2季自結合併損益與2021年第1季比較： (一)2021年第2季合併營業額716億元，比上季增加110億元，成長18.2％，說明如下： 1.銷售價差方面，增加93.3億元： 美國德州2月遭逢暴風雪，當地7成石化廠被迫停工，同業紛紛宣布不可抗力，導致石化 產品市場嚴重供需失衡、價格大幅攀升，第2季因同業尚未建立足夠庫存，缺貨效應持續 發酵，因此，本公司2021年第2季各產品價格都比第1季上漲，幅度介於9~45％。 2.銷售量差方面，增加17.2億元： 第1季麥寮HDPE、AN及MMA廠安排歲修，第2季正常生產，加上中國大陸太陽能封裝膜市 場買氣熱絡，且隨著疫苗施打，全球大宗原物料需求復甦，客戶購買意願增加，因此， 第2季PE、EVA、AN及MMA產品合計銷售量比第1季增加6.9萬噸。 (二)2021年第2季本業利益184億元，比上季增加55億元，成長42.9％，合併稅前利益 245億元，比上季增加65億元，成長36.1％，每股稅前盈餘為3.86元，合併稅後利益 202億元，比上季增加52億元，成長35.2％，歸屬母公司每股稅後盈餘為3.18元，說明 如下： 1.受美國德州2月中旬暴風雪及全球疫情緩解影響，石化產品價格持續上漲，利差擴大 ，因此，今年第2季合併營業利益比第1季大幅成長。 2.認列權益法投資收益66億元，比上季增加14億元，主要因： A.台塑石化公司：認列39.2億元，比上季減少10億元； B.台塑美國公司：認列14.8億元，比上季增加13.1億元，主要係第2季各產品售價上漲 所致。 C.台塑烯烴美國公司(OL-3)：認列8.6億元，比上季增加7.8億元。 3.第2季兌換損失4.5億元，比第1季兌換損失0.9億元，減少利益3.6億元。 二、2021年上半年自結合併損益與2020年上半年比較： (一)2021年上半年合併營業額1,322億元，創歷史同期新高，比去年同期增加472億元， 成長55.6％，說明如下： 1.銷售價差方面，增加410億元： 去年疫情蔓延全球，導致4/21紐約西德州原油期貨首度出現負值，重挫石化產品價格， 今年因疫苗施打後疫情趨緩，且美國德州石化廠因暴風雪停工、全球石化同業故障頻傳 ，石化產品供給減少，加上2021年上半年杜拜原油及乙、丙烯現貨平均價格分別比去年 同期上漲56％、56％及40％，推升2021年上半年各產品價格比去年同期上漲，幅度介於 16~123％。 2.銷售量差方面，增加62億元： 去年上半年疫情爆發，各國陸續宣布封城鎖國，需求大幅萎縮，今年因疫苗施打逐漸",https://mops.twse.com.tw/mops/#/web/t05st01,bd3e48d8bc82d732a154c6530dfef51c333e94e07ca825979ecc791bf1693d16,0
1301,110,07,110/07/29,16:46:37,2021-07-29 16:46:37,公告本公司股利配發基準日,distribution,2.4,2021-07-30,,,,False,False,False,False,1.董事會、股東會決議或公司決定日期:110/07/29 2.除權、息類別（請填入「除權」、「除息」或「除權息」）:除息 3.發放股利種類及金額: 現金股利：每股分派新台幣2.4元。 4.除權（息）交易日:110/07/30 5.最後過戶日:110/08/02 6.停止過戶起始日期:110/08/03 7.停止過戶截止日期:110/08/07 8.除權（息）基準日:110/08/07 9.其他應敘明事項: (1)現金股利發放日110/08/27。 (2)盈餘分派議案業經股東常會通過。 ,https://mops.twse.com.tw/mops/#/web/t05st01,06e300444bbeb715c4c400894b845ffbed80fb4970086cb0d55bb7a909e580d7,0
1301,110,08,110/08/06,13:33:06,2021-08-06 13:33:06,公告本公司2021年7月合併營業額,capital_change,,,,,,False,True,False,False,"1.事實發生日:110/08/06 2.公司名稱:台灣塑膠工業股份有限公司 3.與公司關係(請輸入本公司或子公司):本公司 4.相互持股比例:不適用 5.發生緣由:公告本公司2021年7月合併營業額 6.因應措施:無 7.其他應敘明事項: 一、2021年7月合併營業額與2021年6月比較： 2021年7月合併營業額223億4,406萬元，創歷史同期新高，與2021年6月比較，減少5億 9,402萬元，衰退2.6％，主要是銷售價差減少，說明如下： 東南亞及南亞疫情嚴峻，且印度正逢雨季，PVC需求減少，加上中國大陸PVC同業密集檢 修期結束，供應增加，因此，本公司2021年7月PVC價格比6月下跌7.8％，影響營業額減 少4.7億元。 二、2021年7月合併營業額與2020年7月比較： 2021年7月合併營業額223億4,406萬元，和2020年7月比較，增加66億2,777萬元，成 長42.2％，主要是銷售價差增加，說明如下： 去年初疫情爆發，需求急凍，石化產品價格持續走跌，惟受美國德州去年8月颶風及 今年2月暴風雪、全球石化同業故障頻傳等影響，石化產品供給減少，加上2021年7月 杜拜原油及乙、丙烯合約平均價格分別比去年同期上漲68.5％、40.6％及42.8％，推 升2021年7月各產品價格比去年同期上漲，幅度介於20~117％。 ",https://mops.twse.com.tw/mops/#/web/t05st01,b5d3ebe09f34cdcba70c50e1b5935e2808f539fd47c3eafcc140bfa0070c8bca,0
1301,110,08,110/08/11,15:26:47,2021-08-11 15:26:47,公告本公司110年第2季合併財務報告業經提報董事會,capital_change,,,,,,False,False,False,False,"1.財務報告提報董事會或經董事會決議日期:110/08/11 2.審計委員會通過財務報告日期:不適用 3.財務報告報導期間起訖日期(XXX/XX/XX~XXX/XX/XX):110/01/01~110/06/30 4.1月1日累計至本期止營業收入(仟元):132,254,846 5.1月1日累計至本期止營業毛利(毛損) (仟元):38,681,038 6.1月1日累計至本期止營業利益(損失) (仟元):31,301,074 7.1月1日累計至本期止稅前淨利(淨損) (仟元):42,644,040 8.1月1日累計至本期止本期淨利(淨損) (仟元):35,190,643 9.1月1日累計至本期止歸屬於母公司業主淨利(損) (仟元):35,190,643 10.1月1日累計至本期止基本每股盈餘(損失) (元):5.53 11.期末總資產(仟元):513,293,495 12.期末總負債(仟元):154,965,678 13.期末歸屬於母公司業主之權益(仟元):358,327,817 14.其他應敘明事項:無 ",https://mops.twse.com.tw/mops/#/web/t05st01,5c0c8269dfd3eb5ac2a5a03066ce82830a5446182215a59c897f831cd5606155,0
1301,110,09,110/09/06,13:36:12,2021-09-06 13:36:12,公告本公司2021年8月合併營業額,capital_change,,,,,,False,True,False,False,"1.事實發生日:110/09/06 2.公司名稱:台灣塑膠工業股份有限公司 3.與公司關係(請輸入本公司或子公司):本公司 4.相互持股比例:不適用 5.發生緣由:公告本公司2021年8月合併營業額 6.因應措施:無 7.其他應敘明事項: 一、2021年8月合併營業額與2021年7月比較： 2021年8月合併營業額231億5,860萬元，與2021年7月比較，增加8億1,454萬元，成長 3.6％，說明如下： 1.銷售量差方面，增加5.6億元： 因7月麥寮NBA廠及寧波PP廠安排歲修，8月恢復正常生產，產銷量增加，因此，2021年 8月NBA及PP銷售量，合計比7月增加1.5萬噸，影響營業額增加6.1億元。 2.銷售價差方面，增加2.5億元： A.因日本同業EDC裝置故障，液鹼配合減產，加上中國大陸同業考量工安，調降開工率 ，市場供給減少，因此，本公司2021年8月液鹼價格比7月上漲8.7％，影響營業額增加 1.2億元。 B.由於北美PE市場供應短缺、庫存偏低且需求強勁，行情持續上漲，因此，本公司子 公司台塑工業美國2021年8月LLDPE價格比7月上漲10.8％，影響營業額增加0.9億元。 二、2021年8月合併營業額與2020年8月比較： 2021年8月合併營業額231億5,860萬元，和2020年8月比較，增加85億3,610萬元，成長 58.4％，主要是銷售價差增加，說明如下： 去年8月受疫情影響，需求萎縮，且同業新增產能開出，拖累石化產品價格，但美國德 州去年8月底颶風及今年2月暴風雪、全球石化同業故障頻傳，導致國際石化產品市場 區域性供需失衡，推升2021年8月各產品價格比去年同期上漲，幅度介於18~211％。 ",https://mops.twse.com.tw/mops/#/web/t05st01,67b93a17d8fca8e1620154460df7ef248df7a2880011989d87809b72a9755deb,0
1301,110,10,110/10/08,13:34:49,2021-10-08 13:34:49,公告本公司2021年9月合併營業額,capital_change,,,,,,False,True,False,False,"1.事實發生日:110/10/08 2.公司名稱:台灣塑膠工業股份有限公司 3.與公司關係(請輸入本公司或子公司):本公司 4.相互持股比例:不適用 5.發生緣由:公告本公司2021年9月合併營業額 6.因應措施:無 7.其他應敘明事項: 一、2021年9月合併營業額與2021年8月比較： 2021年9月合併營業額214億3,373萬元，與2021年8月比較，減少17億2,487萬元，衰退 7.4％，主要是銷售量差減少，說明如下： 1.因9月麥寮PVC、VCM、鹼及ECH廠安排歲修或工檢，產銷量減少，因此，2021年9月PVC 、VCM、液鹼及ECH銷售量，合計比8月減少7萬噸，影響營業額減少12億元。 2.因東南亞疫情影響，PE及EVA下游加工客戶減產，需求減少，加上部分AE訂單因塞港， 船期延誤，延至10月交貨，因此，2021年9月PE、EVA及AE銷售量，合計比8月減少0.9萬 噸，影響營業額減少4.5億元。 二、2021年9月合併營業額與2020年9月比較： 2021年9月合併營業額214億3,373萬元，和2020年9月比較，增加55億9,764萬元，成長 35.3％，主要是銷售價差增加，說明如下： 去年9月受疫情及新增產能投產影響，石化產品價格下跌，今年隨著疫情趨緩，需求增加 ，加上美國暴風雪及颶風、全球石化同業故障頻傳，市場供給減少，因此，2021年9月各 產品價格比去年同期上漲，幅度介於13~120％。 ",https://mops.twse.com.tw/mops/#/web/t05st01,0ac5c1fbaa3c29209c8186ea18e45601b87f5304d6e858dd069fb7505382c675,0
1301,110,10,110/10/08,13:35:03,2021-10-08 13:35:03,公告本公司2021年第3季自結合併損益,capital_change,,,,,,False,True,False,False,"1.事實發生日:110/10/08 2.公司名稱:台灣塑膠工業股份有限公司 3.與公司關係(請輸入本公司或子公司):本公司 4.相互持股比例:不適用 5.發生緣由:公告本公司2021年第3季自結合併損益 6.因應措施:無 7.其他應敘明事項: 一、2021年第3季自結合併損益與2021年第2季比較： (一)2021年第3季合併營業額669億元，比上季減少47億元，衰退6.6％，說明如下： 1.銷售價差方面，減少23.6億元： 第3季受亞洲疫情影響，加上適逢印度雨季，需求疲軟，因此，本公司第3季PVC價格 比第2季下跌13.8％，影響營業額減少24.6億元。 2.銷售量差方面，減少23.5億元： 本公司第3季有10個廠歲修或工檢，加上麥寮正丁醇廠停車更換觸媒，合計11個廠， 比第2季7個廠增加4個廠，產銷量減少，因此，2021年第3季各產品銷售量合計比第2 季減少5.2萬噸。 (二)2021年第3季本業利益127億元，比上季減少56億元，衰退30.7％，合併稅前利益 225億元，比上季減少20億元，衰退8.4％，合併稅後利益193億元，比上季減少9億元 ，衰退4.5％，歸屬母公司每股稅後盈餘為3.03元，原因說明如下： 1.因歲修廠數增加，產銷量減少，因此第3季本業獲利比上季減少56億元。 2.認列權益法投資收益68億元，比上季增加1億元，主要因： A.台塑石化公司：認列29.7億元，比上季減少9.5億元； B.台塑美國公司：認列24.9億元，比上季增加10.1億元，主要因美國受Ida颶風影響， 市場供需失衡，石化產品價格上漲，利差擴大所致。 C.台塑烯烴美國公司(OL-3)：認列10.6億元，比上季增加2億元。 3.第3季現金股利收入30億元。 4.第3季兌換利益1億元，比上季兌換損失4.5億元，利益增加5.5億元。 二、2021年前3季自結合併損益與2020年前3季比較： (一)2021年前3季合併營業額1,991億元，創歷史同期新高，比去年同期增加680億元， 成長51.8％，說明如下： 1.銷售價差方面，增加630億元： 去年受疫情衝擊，石化產品價格重挫，今年因疫情趨緩，且因美國天候異常及全球石 化同業故障頻傳，市場供給減少，加上2021年前3季杜拜原油及乙、丙烯合約平均價格 分別比去年同期上漲60％、48％及44％，推升2021年前3季各產品價格比去年同期上漲 ，幅度介於20~138％。 2.銷售量差方面，增加50億元： 去年受疫情影響，需求萎縮，部分產品降低開工率，產銷量減少，今年產銷正常，因此 ，本公司2021年前3季各產品銷售量合計比去年同期增加29.2萬噸。 (二)2021年前3季本業利益440億元，比去年同期增加357億元，成長433％，合併稅前 利益651億元，比去年同期增加539億元，成長482％，稅後利益545億元，比去年同期 增加4",https://mops.twse.com.tw/mops/#/web/t05st01,5f08a75e6e239f92fcaf7069706020ab690507f6816ca9d41659f5675f5c7b49,0
1301,111,08,111/08/08,13:32:34,2022-08-08 13:32:34,公告本公司2022年7月合併營業額,capital_change,,,,,,False,True,False,False,"1.事實發生日:111/08/08 2.公司名稱:台灣塑膠工業股份有限公司 3.與公司關係(請輸入本公司或子公司):本公司 4.相互持股比例:不適用 5.發生緣由:公告本公司2022年7月合併營業額 6.因應措施:無 7.其他應敘明事項: 一、2022年7月合併營業額與2022年6月比較： 2022年7月合併營業額199億3,605萬元，與2022年6月比較，減少39億9,569萬元，衰退 16.7％，銷售量、價都減少，說明如下： 1.銷售量差方面，減少26.2億元： 7月如原預期配合台塑石化公司OL-2歲修，開工率降低，產銷量減少，加上全球通膨高 漲及產業鏈庫存調整，需求持續萎縮，客戶購料保守，因此，2022年7月各產品銷售量 合計比6月減少5.9萬噸。 2.銷售價差方面，減少13.7億元： 由於歐美持續升息，各國陸續跟進，引發全球房地產、家電及電子等產業景氣疲弱、 終端消費需求低迷，拖累石化產品市場行情，因此，本公司2022年7月各產品價格都比 6月下跌，幅度介於5~10％。 二、2022年7月合併營業額與2021年7月比較： 2022年7月合併營業額199億3,605萬元，與2021年7月比較，減少24億800萬元，衰退 10.8％，說明如下： 1.銷售量差方面，減少39.9億元： 去年7月因海運缺倉、缺櫃及塞港，供應鏈不順暢，且中國大陸實施能耗雙控，客戶 增加採購量，儲備庫存，惟今年以來全球通膨高漲，經濟成長減緩，需求降低，客戶 優先去化庫存，減少購買量，因此，2022年7月各產品銷售量合計比去年同期減少 11.6萬噸。 2.銷售價差方面，增加15.9億元： 俄烏戰爭爆發以來，全球能源價格大漲，增加再生能源建置，EVA太陽能封裝膜需求 暢旺，且歐洲液鹼同業因能源成本飆漲減產，市場供給減少，因此，2022年7月EVA 及液鹼價格比去年同期上漲，幅度介於42~108％。 ",https://mops.twse.com.tw/mops/#/web/t05st01,c7a83e612b5621286d55abc83c6c93281739128551ecc4480530ca364d85c2f3,0
1301,111,08,111/08/11,15:49:56,2022-08-11 15:49:56,公告本公司111年第2季合併財務報告業經董事會決議通過,capital_change,,,,,,False,False,False,False,"1.提報董事會或經董事會決議日期:111/08/11 2.審計委員會通過日期:111/08/11 3.財務報告或年度自結財務資訊報導期間 起訖日期(XXX/XX/XX~XXX/XX/XX):111/01/01~111/06/30 4.1月1日累計至本期止營業收入(仟元):144,928,136 5.1月1日累計至本期止營業毛利(毛損) (仟元):36,960,019 6.1月1日累計至本期止營業利益(損失) (仟元):28,626,449 7.1月1日累計至本期止稅前淨利(淨損) (仟元):45,034,572 8.1月1日累計至本期止本期淨利(淨損) (仟元):37,775,749 9.1月1日累計至本期止歸屬於母公司業主淨利(損) (仟元):37,775,749 10.1月1日累計至本期止基本每股盈餘(損失) (元):5.93 11.期末總資產(仟元):550,676,392 12.期末總負債(仟元):175,059,443 13.期末歸屬於母公司業主之權益(仟元):375,616,949 14.其他應敘明事項:無 ",https://mops.twse.com.tw/mops/#/web/t05st01,888cb09f0dae394b7d2489136aaec92d134e47eed09e0cadbfe043e86d8d35ad,0
1301,111,09,111/09/07,13:35:45,2022-09-07 13:35:45,公告本公司2022年8月合併營業額,capital_change,,,,,,False,True,False,False,"1.事實發生日:111/09/07 2.公司名稱:台灣塑膠工業股份有限公司 3.與公司關係(請輸入本公司或子公司):本公司 4.相互持股比例:不適用 5.發生緣由:公告本公司2022年8月合併營業額 6.因應措施:無 7.其他應敘明事項: 一、2022年8月合併營業額與2022年7月比較： 2022年8月合併營業額174億5,079萬元，與2022年7月比較，減少24億8,526萬元，衰退 12.5％，銷售價、量都減少，說明如下： 1.銷售價差方面，減少21億元： 由於全球民生終端需求疲軟，加上美國內需減少，且同業新增產能投產，石化產品持續 大量出口，拖累亞洲市場行情走低，因此，本公司2022年8月各產品平均價格都比7月下 跌，幅度介於5~26％。 2.銷售量差方面，減少3.8億元： 本公司8月有10個廠歲修，比7月增加3個廠，產銷量減少，加上產業鏈持續進行庫存調 整，訂單減少，需求萎縮，因此，2022年8月各產品銷售量合計比7月減少4.1萬噸。 二、2022年8月合併營業額與2021年8月比較： 2022年8月合併營業額174億5,079萬元，與2021年8月比較，減少57億781萬元，衰退 24.6％，銷售量、價都減少，說明如下： 1.銷售量差方面，減少50.8億元： 今年8月本公司有10個廠安排歲修，去年8月僅2個廠，產銷量減少，加上今年全球通膨 高漲，歐美持續升息，消費者購買力降低，需求低迷，因此，2022年8月各產品銷售量 合計比去年同期減少14.4萬噸。 2.銷售價差方面，減少6.2億元： 因歐美啟動升息循環，多國央行紛紛跟進，拖累房地產景氣，PVC需求降低，因此， 2022年8月PVC價格比去年同期下跌15.5％，影響營業額減少6.7億元。 ",https://mops.twse.com.tw/mops/#/web/t05st01,580e30563bbe90fd67e7913905e2cf24d25530854496e8577ced67797d539d5e,0
1301,111,10,111/10/11,13:35:39,2022-10-11 13:35:39,公告本公司2022年9月合併營業額,capital_change,,,,,,False,True,False,False,"1.事實發生日:111/10/11 2.公司名稱:台灣塑膠工業股份有限公司 3.與公司關係(請輸入本公司或子公司):本公司 4.相互持股比例:不適用 5.發生緣由:公告本公司2022年9月合併營業額 6.因應措施:無 7.其他應敘明事項: 一、2022年9月合併營業額與2022年8月比較： 2022年9月合併營業額182億6,628萬元，與2022年8月比較，增加8億1,549萬元，成長 4.7％，說明如下： 1.銷售量差方面，增加17億元： 本公司9月有8個廠歲修，比8月減少2個廠，開工率提高，且配合客戶船期安排，液鹼 出貨量比8月增加，因此，2022年9月主要產品銷售量合計比8月增加4.1萬噸。 2.銷售價差方面，減少8.8億元： 由於全球通膨居高不下，歐美持續升息，消費者購買力降低，產業鏈持續進行庫存調整 ，終端需求減少，加上美國及中東地區石化產品低價外銷亞洲市場，因此，本公司2022 年9月各產品平均價格都比8月下跌，幅度介於3~11％。 二、2022年9月合併營業額與2021年9月比較： 2022年9月合併營業額182億6,628萬元，與2021年9月比較，減少31億6,744萬元，衰退 14.8％，銷售價、量都減少，說明如下： 1.銷售價差方面，減少18.1億元： 今年以來歐美持續升息，各國多數央行紛紛跟進，導致房地產景氣疲弱，建材、塗料及 家電需求大減，因此，2022年9月PVC、AE及AN價格比去年同期下跌，幅度介於22~45％。 2.銷售量差方面，減少13.5億元： 本公司今年9月有8個廠安排歲修，去年9月僅3個廠，產銷量減少，且今年以來通膨嚴重 ，消費者購買力降低，歐美需求萎縮，影響中國大陸及東南亞來料加工訂單減少，因此 ，2022年9月各產品銷售量合計比去年同期減少5.3萬噸。 ",https://mops.twse.com.tw/mops/#/web/t05st01,4bf384a0bb808614d8bbd23be2b5a1fbb2978d61f587db37001f8802a8e66144,0
1301,111,10,111/10/11,13:35:57,2022-10-11 13:35:57,公告本公司2022年第3季自結合併損益,capital_change,,,,,,False,True,False,False,"1.事實發生日:111/10/11 2.公司名稱:台灣塑膠工業股份有限公司 3.與公司關係(請輸入本公司或子公司):本公司 4.相互持股比例:不適用 5.發生緣由:公告本公司2022年第3季自結合併損益 6.因應措施:無 7.其他應敘明事項: 一、2022年第3季自結合併損益與2022年第2季比較： (一)2022年第3季合併營業額556億元，比上季減少182億元，衰退24.7％，銷售價、量 都減少，說明如下： 1.銷售價差方面，減少94.4億元： 全球終端消費需求疲軟，加上美國、中東地區及中國大陸挾低成本優勢大量出口石化 產品，影響亞洲市場行情，因此，本公司2022年第3季各產品平均價格比第2季下跌， 幅度介於8~33％。 2.銷售量差方面，減少88.2億元： 本公司第3季安排18個廠歲修，比第2季5個廠增加13個廠，產銷量減少，加上產業鏈持 續進行庫存調整，下游客戶訂單大幅減少，因此，2022年第3季各產品銷售量合計比 第2季減少22.5萬噸。 (二)2022年第3季本業利益4億元，比上季減少148億元，衰退96.9％，合併稅前利益61億 元，比上季減少192億元，衰退75.9％，合併稅後利益57億元，比上季減少154億元，衰 退72.8％，歸屬母公司每股稅後盈餘為0.91元，原因說明如下： 1.因歲修廠數增加，產銷量減少，加上石化產品需求不振，價格走跌，且用電成本增加 ，因此第3季本業獲利比上季減少148億元。 2.認列權益法投資損失17億元，比上季收益66億元，減少83億元，主要因： A.台塑石化公司：認列-16.9億元，比上季收益48億元，減少64.9億元，主要因存貨跌價 損失及烯烴產品價差縮減所致。 B.台塑美國公司：認列2.7億元，比上季減少24億元，主要因產品售價下跌，加上HDPE及 LDPE廠安排歲修，產銷量減少所致。 C.麥寮汽電公司：認列0.1億元，比上季增加7.5億元。 3.第3季現金股利收入62億元，比上季增加40億元。 4.第3季兌換利益10.1億元，比上季兌換利益8.8億元，利益增加1.3億元。 二、2022年前3季自結合併損益與2021年前3季比較： (一)2022年前3季合併營業額2,005億元，創歷史同期新高，比去年同期增加14億元， 成長0.7％，說明如下： 1.銷售價差方面，增加175億元： 今年初爆發俄烏戰爭，推升前3季杜拜原油及乙、丙烯合約平均價格，分別比去年同期上 漲51％、15％及7％，帶動石化產品價格上漲，因此，本公司2022年前3季主要產品平均 價格比去年同期上漲，幅度介於7~109％。 2.銷售量差方面，減少161億元： 前3季歲修廠數比去年同期增加，產銷量減少，加上今年以來歐美持續升息對抗高通膨， 房地產、汽車及家電等產業景氣趨緩，民生用終端需求萎縮，影響中國大陸及東南亞來 料加工訂單減少，因此，本公司",https://mops.twse.com.tw/mops/#/web/t05st01,e1c238c5b71ee881fd76a540fe614dc363242367901aa8e554acebf7ff19ed5f,0
1301,113,12,113/12/06,13:31:35,2024-12-06 13:31:35,公告本公司2024年11月合併營業額,capital_change,,,,,,False,True,False,False,"1.事實發生日:113/12/06 2.公司名稱:台灣塑膠工業股份有限公司 3.與公司關係(請輸入本公司或子公司):本公司 4.相互持股比例:不適用 5.發生緣由:公告本公司2024年11月合併營業額 6.因應措施:無 7.其他應敘明事項(若事件發生或決議之主體係屬公開發行以上公司，本則重大訊息同時 符合證券交易法施行細則第7條第9款所定對股東權益或證券價格有重大影響之事項): 一、2024年11月合併營業額與2024年10月比較： 2024年11月合併營業額181億4,658萬元，與2024年10月比較，增加24億769萬元， 成長15.3％，主要是銷售量差增加，說明如下： 配合液鹼客戶船期安排，10月部分訂單延至11月交運，加上受10月底康芮颱風影響， 部分PVC訂單延至11月交運，因此，2024年11月液鹼及PVC銷售量，合計比10月增加 11.8萬噸。 二、2024年11月合併營業額與2023年11月比較： 2024年11月合併營業額181億4,658萬元，與2023年11月比較，增加17億4,023萬元， 成長10.6％，主要是銷售量差增加，說明如下： 1.今年10月受客戶船期安排及颱風影響，部分液鹼及PVC訂單延至11月交運，因此， 2024年11月液鹼及PVC銷售量，合計比去年同期增加4.5萬噸。 2.寧波PDH廠自今年初投產，原料丙烯供應充足，PP產銷量增加，因此，2024年11月 PP銷售量比去年同期增加1.1萬噸。 3.中國大陸推出家電汰舊換新政策，帶動ABS需求增加，且AN同業安排歲修，本公司 支援供貨國內客戶，因此，2024年11月AN銷售量比去年同期增加1萬噸。 ",https://mops.twse.com.tw/mops/#/web/t05st01,45bb90f52f8f782d1b83d8cf53120b50fb4a8de7832130d8db41df511e611504,0
1301,113,12,113/12/20,16:01:10,2024-12-20 16:01:10,"代子公司台塑工業(寧波)有限公司公告董事會決議
發放股利",distribution,,,,,,False,True,False,False,"1.董事會決議日期:113/12/20 2.發放股利種類及金額:董事會決議發放現金股利人民幣1,126,000,000元。 3.其他應敘明事項:無。 ",https://mops.twse.com.tw/mops/#/web/t05st01,9a60ec2cfb7f34b9a35f23840551c3e665e579847db0fa0e182a9842284b265f,0
1301,113,12,113/12/20,16:02:09,2024-12-20 16:02:09,"代子公司台塑工業(香港)有限公司公告董事會決議
發放股利",distribution,,,,,,False,True,False,False,"1.董事會決議日期:113/12/20 2.發放股利種類及金額:董事會決議發放現金股利人民幣1,250,000,000元。 3.其他應敘明事項:無。 ",https://mops.twse.com.tw/mops/#/web/t05st01,252756384a2a81ff473c06c229f69907db5a8d7597c73ef3a4ae4b99df01c578,0
1301,113,12,113/12/20,16:03:01,2024-12-20 16:03:01,"代子公司台灣塑膠工業（開曼）有限公司公告董事會決議
發放股利",distribution,,,,,,False,True,False,False,"1.董事會決議日期:113/12/20 2.發放股利種類及金額:董事會決議發放現金股利人民幣1,250,000,000元。 3.其他應敘明事項:無。 ",https://mops.twse.com.tw/mops/#/web/t05st01,9914bb9925f43542f84232d69a2c6abb4a5532f1a924ac17ccda37c48b872a2c,0
1301,114,01,114/01/10,13:32:04,2025-01-10 13:32:04,公告本公司2024年12月合併營業額,capital_change,,,,,,False,True,False,False,"1.事實發生日:114/01/10 2.公司名稱:台灣塑膠工業股份有限公司 3.與公司關係(請輸入本公司或子公司):本公司 4.相互持股比例:不適用 5.發生緣由:公告本公司2024年12月合併營業額 6.因應措施:無 7.其他應敘明事項(若事件發生或決議之主體係屬公開發行以上公司，本則重大訊息同時 符合證券交易法施行細則第7條第9款所定對股東權益或證券價格有重大影響之事項): 一、2024年12月合併營業額與2024年11月比較： 2024年12月合併營業額164億4,528萬元，與2024年11月比較，減少17億129萬元， 衰退9.4％，主要是銷售量差減少，說明如下： 配合液鹼客戶船期安排，10月部分訂單延至11月交運，12月交運量恢復正常，加上 AN廠安排歲修，產銷量減少，因此，2024年12月液鹼及AN銷售量，合計比11月減少 9.5萬噸。 二、2024年12月合併營業額與2023年12月比較： 2024年12月合併營業額164億4,528萬元，與2023年12月比較，增加14億1,513萬元， 成長9.4％，主要是銷售量差增加，說明如下： 1.寧波PDH廠於2024年初投產，原料丙烯充分供應下游PP廠，產銷量增加，因此， 2024年12月PP銷售量比去年同期增加1.4萬噸。 2.本公司麥寮EVA廠原以生產鞋材發泡料為主，2024年第4季成功開發太陽能 封裝膜料，並拓展中國大陸及東南亞市場，因此，2024年12月EVA銷售量比去年 同期增加0.6萬噸。 ",https://mops.twse.com.tw/mops/#/web/t05st01,f4f821bf744687fd6781f7efebcef630a836daf1ee19337afeae56724af84d32,0
1301,114,01,114/01/10,13:32:48,2025-01-10 13:32:48,公告本公司2024年度自結合併損益,capital_change,,,,,,False,True,False,False,"1.事實發生日:114/01/10 2.公司名稱:台灣塑膠工業股份有限公司 3.與公司關係(請輸入本公司或子公司):本公司 4.相互持股比例:不適用 5.發生緣由:公告本公司2024年度自結合併損益 6.因應措施:無 7.其他應敘明事項(若事件發生或決議之主體係屬公開發行以上公司，本則重大訊息同時 符合證券交易法施行細則第7條第9款所定對股東權益或證券價格有重大影響之事項): 一、2024年第4季自結合併損益與2024年第3季比較： （一）2024年第4季合併營業額503.3億元，比第3季減少1.6億元，微幅衰退0.3％， 說明如下： 1.銷售價差減少18.1億元： 由於石化同業歲修工廠陸續恢復開車，且新增產能陸續投產，市場供給增加，加上 第4季杜拜原油及乙、丙烯合約平均價格分別比第3季下跌6.2％、1.8％及3％， 因此，本公司2024年第4季各產品價格比第3季下跌，幅度介於5~16％。 2.銷售量差增加16.5億元： A.由於麥寮、林園及寧波PVC廠安排8月歲修，產銷量減少，因此，2024年第4季PVC 銷售量比第3季增加3萬噸。 B.本公司麥寮EVA廠第4季成功開發太陽能封裝膜料，並拓銷亞洲市場，且第4季為鞋材 傳統需求旺季，因此，2024年 第4季EVA銷售量比第3季增加1.5萬噸。 C.中國大陸9月底宣布刺激經濟政策以提振內需，包含家電及汽車汰舊換新，帶動PP 需求增加，因此，2024年第4季PP銷售量比第3季增加1.4萬噸。 （二）2024年第4季本業虧損13.8億元，比上季虧損減少1.3億元；合併稅前虧損 9.1億元，比上季虧損減少23.3億元，每股稅前盈餘為-0.14元；合併稅後盈餘 2.3億元，與上季比較轉虧為盈，利益增加33.3億元，歸屬母公司每股稅後盈餘為 0.04元，說明如下： 1.雖然本公司第4季歲修廠數比第3季減少，開工率提高，產銷量增加，但原料 乙、丙烯成本維持高價，且同業新增產能陸續投產，市場供過於求，拖累行情， 致本業持續虧損。 2.認列權益法投資收益3.2億元，比上季投資損失15.9億元，利益增加19.1億元， 其中： A.台塑石化公司：認列3.6億元，比上季-8.6億元，利益增加12.2億元。 B.台塑美國公司：認列-3.2億元，比上季減少4.3億元，主要係乙烷及天然氣價格 上漲，原料成本增加，產品利差縮小所致。 C.福欣特殊鋼公司：認列-3.1億元，比上季-16.4億元，虧損減少13.3億元。 3.第3季有現金股利收入8.6億元。 4.第4季兌換利益5.7億元，比第3季兌換損失4.4億元，利益增加10.1億元。 二、2024年自結合併損益與2023年比較： （一）2024年合併營業額2,000億元，比2023年增加9億元，成長0.5％，說明如下： 1.銷售量差方面，增加27.6億元： A.2024年初寧波PDH廠完工投",https://mops.twse.com.tw/mops/#/web/t05st01,ad3bb966d9fef073538cc15fad8fac422fcae02b692923f14c4e52e8ee1e7021,0
1301,114,02,114/02/07,13:32:37,2025-02-07 13:32:37,公告本公司2025年1月合併營業額,capital_change,,,,,,False,True,False,False,"1.事實發生日:114/02/07 2.公司名稱:台灣塑膠工業股份有限公司 3.與公司關係(請輸入本公司或子公司):本公司 4.相互持股比例:不適用 5.發生緣由:公告本公司2025年1月合併營業額 6.因應措施:無 7.其他應敘明事項(若事件發生或決議之主體係屬公開發行以上公司，本則重大訊息同時 符合證券交易法施行細則第7條第9款所定對股東權益或證券價格有重大影響之事項): 一、2025年1月合併營業額與2024年12月比較： 2025年1月合併營業額139億8,002萬元，與2024年12月比較，減少24億6,526萬元， 衰退15％，主要是銷售量差減少，說明如下： 由於1月適逢農曆春節，下游加工廠停工，需求減少，因此，2025年1月各主要產品 銷售量，合計比去年12月減少8.6萬噸。 二、2025年1月合併營業額與2024年1月比較： 2025年1月合併營業額139億8,002萬元，與2024年1月比較，減少35億3,619萬元， 衰退20.2％，主要是銷售量差減少，說明如下： 去年農曆春節假期2/8~2/14，但今年農曆春節假期為1/25~2/2，出貨天數減少， 加上麥寮有3個廠安排歲修，產銷量減少，因此，2025年1月各產品銷售量合計比去年 同期減少16.1萬噸。 ",https://mops.twse.com.tw/mops/#/web/t05st01,6c35be5e229fb2f4237f4fc2bc2c819ba186abc22cc88d79ed61c083339b0905,0
1301,114,03,114/03/07,13:37:24,2025-03-07 13:37:24,公告本公司2025年2月合併營業額,capital_change,,,,,,False,True,False,False,"1.事實發生日:114/03/07 2.公司名稱:台灣塑膠工業股份有限公司 3.與公司關係(請輸入本公司或子公司):本公司 4.相互持股比例:不適用 5.發生緣由:公告本公司2025年2月合併營業額 6.因應措施:無 7.其他應敘明事項(若事件發生或決議之主體係屬公開發行以上公司，本則重大訊息同時 符合證券交易法施行細則第7條第9款所定對股東權益或證券價格有重大影響之事項): 一、2025年2月合併營業額與2025年1月比較： 2025年2月合併營業額161億2,981萬元，與2025年1月比較，增加21億4,979萬元，成長 15.4％，主要是銷售量差增加，說明如下： 1月底適逢農曆春節(1/25~2/2)，出貨天數較少，春節後中國大陸下游加工廠陸續復工 ，回補庫存，且部分工廠1月歲修完成，加上將步入塑料傳統需求旺季，客戶購料意願 提高，因此，2025年2月各主要產品銷售量，合計比2025年1月增加4.9萬噸。 二、2025年2月合併營業額與2024年2月比較： 2025年2月合併營業額161億2,981萬元，與2024年2月比較，增加31億9,714萬元，成長 24.7％，主要是銷售量差增加，說明如下： 去年2月受農曆春節假期(2/8~2/14)影響，出貨天數減少，今年2月正常產銷，加上 部分石化同業故障檢修，市場供給偏緊，產銷量增加，因此，2025年2月各主要產品 銷售量，合計比去年同期增加6.5萬噸。 ",https://mops.twse.com.tw/mops/#/web/t05st01,6768e5d08ec32e8d0382d1dac91787cc52abedaecee7a921f4ccbf8d6ac08d6c,0
1301,114,03,114/03/13,15:49:48,2025-03-13 15:49:48,公告本公司113年度合併財務報告業經董事會決議通過,capital_change,,,,,,False,False,False,False,"1.提報董事會或經董事會決議日期:114/03/13 2.審計委員會通過日期:114/03/13 3.財務報告或年度自結財務資訊報導期間 起訖日期(XXX/XX/XX~XXX/XX/XX):113/01/01~113/12/31 4.1月1日累計至本期止營業收入(仟元):200,040,347 5.1月1日累計至本期止營業毛利(毛損) (仟元):10,148,418 6.1月1日累計至本期止營業利益(損失) (仟元):(4,161,750) 7.1月1日累計至本期止稅前淨利(淨損) (仟元):(2,414,233) 8.1月1日累計至本期止本期淨利(淨損) (仟元):(1,231,765) 9.1月1日累計至本期止歸屬於母公司業主淨利(損) (仟元):(1,231,765) 10.1月1日累計至本期止基本每股盈餘(損失) (元):(0.19) 11.期末總資產(仟元):496,830,078 12.期末總負債(仟元):207,849,143 13.期末歸屬於母公司業主之權益(仟元):288,980,935 14.其他應敘明事項:無 ",https://mops.twse.com.tw/mops/#/web/t05st01,c275e19e65ea141634f63f22f1b16719bdae0d66784a72301bf448d858ef2ee5,0
1301,114,03,114/03/13,15:52:19,2025-03-13 15:52:19,公告本公司董事會決議股利分派,capital_change,,,,,,False,False,False,False,"1. 董事會決議日期：114/03/13 2. 股利所屬年(季)度：113年 年度 3. 股利所屬期間：113/01/01 至 113/12/31 4. 股東配發內容： (1)盈餘分配之現金股利(元/股)：0.50000000 (2)法定盈餘公積發放之現金(元/股)：0 (3)資本公積發放之現金(元/股)：0 (4)股東配發之現金(股利)總金額(元)：3,182,870,391 (5)盈餘轉增資配股(元/股)：0 (6)法定盈餘公積轉增資配股(元/股)：0 (7)資本公積轉增資配股(元/股)：0 (8)股東配股總股數(股)：0 5. 其他應敘明事項： 無 6. 普通股每股面額欄位：新台幣10.0000元",https://mops.twse.com.tw/mops/#/web/t05st01,32e452ad55e31e57b551c89877a33b9bfae417d9fcb597405bc46882470ebd61,0
1301,114,11,114/11/07,13:31:44,2025-11-07 13:31:44,公告本公司2025年10月合併營業額,capital_change,,,,,,False,True,False,False,"1.事實發生日:114/11/07 2.公司名稱:台灣塑膠工業股份有限公司 3.與公司關係(請輸入本公司或子公司):本公司 4.相互持股比例:不適用 5.發生緣由:公告本公司2025年10月合併營業額 6.因應措施:無 7.其他應敘明事項(若事件發生或決議之主體係屬公開發行以上公司，本則重大訊息同時 符合證券交易法施行細則第7條第9款所定對股東權益或證券價格有重大影響之事項): 一、2025年10月合併營業額與2025年9月比較： 2025年10月合併營業額134億1,001萬元，與2025年9月比較，減少6億769萬元， 衰退4.3％，主要是銷售量差減少，說明如下： 配合液鹼外銷客戶船期安排，10月部分訂單提前至9月出貨，因此，本公司 2025年10月液鹼銷售量比2025年9月減少5萬噸。 二、2025年10月合併營業額與2024年10月比較： 2025年10月合併營業額134億1,001萬元，與2024年10月比較，減少23億2,887萬元， 衰退14.8％，主要是銷售價差減少，說明如下： 今年以來中國大陸石化同業持續擴建新產能，市場供給量增加，且10月新台幣兌 美元平均匯率較去年10月升值4.8％，加上杜拜原油及乙、丙烯合約平均價格分別 比去年同期下跌13.3％、12.1％及11.3％，因此，本公司2025年10月各產品平均 價格比去年同期下跌，幅度介於7~44％。 ",https://mops.twse.com.tw/mops/#/web/t05st01,1391211d5ddc5586afb86fff780e20b2e80ef7fe0084e1ae1a95d7baccc9f493,0
1301,114,11,114/11/12,14:38:08,2025-11-12 14:38:08,公告本公司114年第3季合併財務報告業經董事會決議通過,capital_change,,,,,,False,False,False,False,"1.提報董事會或經董事會決議日期:114/11/12 2.審計委員會通過日期:114/11/12 3.財務報告或年度自結財務資訊報導期間 起訖日期(XXX/XX/XX~XXX/XX/XX):114/01/01~114/09/30 4.1月1日累計至本期止營業收入(仟元):134,307,258 5.1月1日累計至本期止營業毛利(毛損) (仟元):4,624,168 6.1月1日累計至本期止營業利益(損失) (仟元):(5,138,961) 7.1月1日累計至本期止稅前淨利(淨損) (仟元):(7,330,790) 8.1月1日累計至本期止本期淨利(淨損) (仟元):(7,177,387) 9.1月1日累計至本期止歸屬於母公司業主淨利(損) (仟元):(7,177,387) 10.1月1日累計至本期止基本每股盈餘(損失) (元):(1.13) 11.期末總資產(仟元):489,417,160 12.期末總負債(仟元):197,520,230 13.期末歸屬於母公司業主之權益(仟元):291,896,930 14.其他應敘明事項:無 ",https://mops.twse.com.tw/mops/#/web/t05st01,29d7a5e5812b918940f3144e18540d9c44e98cb0b1ce04492a8e5d50a55f9d05,0
1301,114,12,114/12/08,13:32:35,2025-12-08 13:32:35,公告本公司2025年11月合併營業額,capital_change,,,,,,False,True,False,False,"1.事實發生日:114/12/08 2.公司名稱:台灣塑膠工業股份有限公司 3.與公司關係(請輸入本公司或子公司):本公司 4.相互持股比例:不適用 5.發生緣由:公告本公司2025年11月合併營業額 6.因應措施:無 7.其他應敘明事項(若事件發生或決議之主體係屬公開發行以上公司，本則重大訊息同時 符合證券交易法施行細則第7條第9款所定對股東權益或證券價格有重大影響之事項): 一、2025年11月合併營業額與2025年10月比較： 2025年11月合併營業額133億8,939萬元，與2025年10月比較，減少2,062萬元， 微幅衰退0.2％，說明如下： 1.銷售價差方面，減少2.3億元： 由於中國大陸及美國同業持續新增石化產能，且內需不佳，大量低價競銷亞洲 市場，拖累行情，因此，本公司2025年11月PVC、液鹼及AE平均價格比2025年10月 下跌，幅度介於2~7％。 2.銷售量差方面，增加2.1億元： 配合液鹼外銷客戶船期安排，10月部分訂單延至11月出貨，因此，本公司2025年 11月液鹼銷售量比2025年10月增加2.6萬噸。 二、2025年11月合併營業額與2024年11月比較： 2025年11月合併營業額133億8,939萬元，與2024年11月比較，減少47億5,718萬元， 衰退26.2％，銷售量、價都減少，說明如下： 1.銷售量差方面，減少29.3億元： A.去年10月受颱風及客戶船期安排影響，PVC及液鹼部分訂單延至11月交運，因此， 2025年11月液鹼及PVC銷售量，合計比去年同期減少9萬噸。 B.由於美國實施對等關稅，且中國大陸經濟復甦不如預期，石化產品需求減少， 因此，2025年11月EVA、AN、PP及AE等產品銷售量，合計比去年同期減少3.1萬噸。 2.銷售價差方面，減少18.2億元： 今年以來中國大陸石化同業新增產能陸續投產，市場供給增加，且2025年11月 新台幣兌美元平均匯率比去年11月升值3.8％，加上杜拜原油及乙、丙烯現貨平均 價格分別比去年同期下跌11.2％、15.7％及12.9％，因此，本公司2025年11月 各產品平均價格比去年同期下跌，幅度介於6~33％。 ",https://mops.twse.com.tw/mops/#/web/t05st01,63e25b47c3d84ab87b10367a4d365efd8e97e1d01628d5a8cb7f011f9b802427,0
1301,115,01,115/01/12,13:41:05,2026-01-12 13:41:05,公告本公司2025年12月合併營業額,capital_change,,,,,,False,True,False,False,"1.事實發生日:115/01/12 2.公司名稱:台灣塑膠工業股份有限公司 3.與公司關係(請輸入本公司或子公司):本公司 4.相互持股比例:不適用 5.發生緣由:公告本公司2025年12月合併營業額 6.因應措施:無 7.其他應敘明事項(若事件發生或決議之主體係屬公開發行以上公司，本則重大訊息同時 符合證券交易法施行細則第7條第9款所定對股東權益或證券價格有重大影響之事項): 一、2025年12月合併營業額與2025年11月比較： 2025年12月合併營業額143億473萬元，與2025年11月比較，增加9億1,534萬元， 成長6.8％，主要是銷售量差增加，說明如下： 1.配合船期安排，PVC及丙烯酸酯(AE)部分訂單由2025年11月延至12月交貨，因此， 本公司2025年12月PVC及AE銷售量，分別比2025年11月增加9千噸及1萬噸。 2.由於麥寮EVA廠安排2025年11月停車清槽，產銷量減少，12月恢復正常產銷， 因此，本公司2025年12月EVA銷售量比2025年11月增加0.3萬噸。 二、2025年12月合併營業額與2024年12月比較： 2025年12月合併營業額143億473萬元，與2024年12月比較，減少21億4,054萬元， 衰退13％，主要是銷售價差減少，說明如下： 2025年中國大陸石化同業持續新增產能，並大量低價出口競銷，且2025年12月 新台幣兌美元平均匯率比2024年12月升值約4％，加上杜拜原油及乙、丙烯合約 平均價格分別比去年同期下跌15.3％、16％及12％，拖累市場行情，因此， 本公司2025年12月各產品平均價格比去年同期下跌，幅度介於6~30％。 ",https://mops.twse.com.tw/mops/#/web/t05st01,c04ae19d631e972e3ac09acc6b7703e9b242510b89d2e2bb5dd861e19858b1af,0
1301,115,01,115/01/12,13:41:51,2026-01-12 13:41:51,公告本公司2025年度自結合併損益,capital_change,,,,,,False,True,False,False,"1.事實發生日:115/01/12 2.公司名稱:台灣塑膠工業股份有限公司 3.與公司關係(請輸入本公司或子公司):本公司 4.相互持股比例:不適用 5.發生緣由:公告本公司2025年度自結合併損益 6.因應措施:無 7.其他應敘明事項(若事件發生或決議之主體係屬公開發行以上公司，本則重大訊息同時 符合證券交易法施行細則第7條第9款所定對股東權益或證券價格有重大影響之事項): 一、2025年第4季自結合併損益與2025年第3季比較： （一）2025年第4季合併營業額411億元，比第3季減少6.1億元，微幅衰退1.5％， 說明如下： 1.銷售量差減少8.4億元： 配合液鹼外銷客戶船期安排，10月部分訂單提前至9月出貨，因此，本公司2025年 第4季液鹼銷售量比第3季減少5.7萬噸。 2.銷售價差增加2.3億元： 由於2025年第4季液鹼低價外銷訂單比第3季減少4.8萬噸，因此，本公司2025年 第4季液鹼平均價格比第3季增加5.4％。 （二）2025年第4季合併稅前虧損29億元，比上季虧損增加23.3億元，每股稅前盈餘 為-0.46元；合併稅後虧損28.7億元，比上季虧損增加22.7億元，歸屬母公司每股 稅後盈餘為-0.45元，說明如下： 1.本公司第4季本業虧損23.6億元，比上季虧損減少3.2億元，係因第4季為EVA鞋材 需求旺季，價格上漲，且液鹼減少低價外銷銷售量，加上第4季原料乙、丙烯合約 平均價格分別比第3季下跌，成本下降，致虧損金額減少。 2.認列權益法投資收益-1.1億元，比上季投資收益17.8億元，利益減少18.9億元， 其中： A.台塑石化公司：認列14.7億元，比上季24.3億元，利益減少9.6億元。 B.台塑美國公司：認列-7.6億元，比上季-5億元，虧損增加2.6億元，主要係各產品 售價下跌，利差縮小所致。 C.台塑烯烴美國公司：認列-4.4億元，比上季2.4億元，利益減少6.8億元，主要係 OL-3乙烯廠第4季歲修所致。 3.第3季有現金股利收入8.1億元。 4.第4季兌換利益3.4億元，比第3季兌換利益2.1億元，利益增加1.3億元。 二、2025年自結合併損益與2024年比較： （一）2025年合併營業額1,754億元，比2024年減少246億元，衰退12.3％，銷售 價、量都減少，說明如下： 1.銷售價差方面，減少180.6億元： 由於2025年中國大陸及美國持續新增石化產能，大量出口低價競銷，且美國實施 對等關稅，影響石化產品需求，加上杜拜原油及乙、丙烯合約平均價格分別比去年 同期下跌12.9％、11.3％及 9.2％，拖累市場行情，因此，本公司2025年各產品 平均價格比去年同期下跌，幅度介於4~29％。 2.銷售量差方面，減少65.7億元： 受中國大陸新增石化產能及內需不振影響，且美國實施對等關稅，石化產品需求 萎縮，本公",https://mops.twse.com.tw/mops/#/web/t05st01,e9c406ea6368a130e03df5610348499266a3cb3346b80d5b751ef24d87cd1460,0
1301,115,02,115/02/06,13:31:13,2026-02-06 13:31:13,公告本公司2026年1月合併營業額,capital_change,,,,,,False,True,False,False,"1.事實發生日:115/02/06 2.公司名稱:台灣塑膠工業股份有限公司 3.與公司關係(請輸入本公司或子公司):本公司 4.相互持股比例:不適用 5.發生緣由:公告本公司2026年1月合併營業額 6.因應措施:無 7.其他應敘明事項(若事件發生或決議之主體係屬公開發行以上公司，本則重大訊息同時 符合證券交易法施行細則第7條第9款所定對股東權益或證券價格有重大影響之事項): 一、2026年1月合併營業額與2025年12月比較： 2026年1月合併營業額138億9,108萬元，與2025年12月比較，減少4億1,365萬元， 衰退2.9％，主要是銷售量差減少，說明如下： 2026年1月麥寮AN廠、MMA廠及寧波AE廠安排歲修，產銷量減少，因此，本公司 2026年1月AN、MMA及AE銷售量，合計比2025年12月減少1.1萬噸。 二、2026年1月合併營業額與2025年1月比較： 2026年1月合併營業額138億9,108萬元，與2025年1月比較，減少8,894萬元，微幅 衰退0.6％，說明如下： 1.銷售價差減少23.6億元： 2025年以來中國大陸石化同業新增產能陸續投產，市場供給量增加，且杜拜原油及 乙、丙烯合約平均價格分別比去年同期下跌22.8％、16.9％及14.5％，拖累市場 行情，因此，本公司2026年1月各產品平均價格比去年同期下跌，幅度介於6~29％。 2.銷售量差增加22.7億元： 去年1月底適逢農曆春節假期(1/25~2/2)，出貨天數減少，且下游加工廠停工，石化 產品需求減少，今年春節假期為2/14~2/22，因此，本公司2026年1月各產品銷售量， 合計比去年同期增加9萬噸。 ",https://mops.twse.com.tw/mops/#/web/t05st01,d1e5a22c1913abeb87202200b49dddf03435259d0d825eb61ee0f9ccfcaaaa28,0
1301,115,03,115/03/06,13:31:44,2026-03-06 13:31:44,公告本公司2026年2月合併營業額,capital_change,,,,,,False,True,False,False,"1.事實發生日:115/03/06 2.公司名稱:台灣塑膠工業股份有限公司 3.與公司關係(請輸入本公司或子公司):本公司 4.相互持股比例:不適用 5.發生緣由:公告本公司2026年2月合併營業額 6.因應措施:無 7.其他應敘明事項(若事件發生或決議之主體係屬公開發行以上公司，本則重大訊息同時 符合證券交易法施行細則第7條第9款所定對股東權益或證券價格有重大影響之事項): 一、2026年2月合併營業額與2026年1月比較： 2026年2月合併營業額107億3,964萬元，與2026年1月比較，減少31億5,143萬元，衰退 22.7％，主要是銷售量差減少，說明如下： 由於2月適逢農曆春節，出貨天數較少，且下游加工廠停工，需求減少，加上配合中油 天然氣管線施工及四輕停車，南部廠區所有廠安排歲修，產銷量減少，因此，2026年 2月各主要產品銷售量，合計比2026年1月減少11.5萬噸。 二、2026年2月合併營業額與2025年2月比較： 2026年2月合併營業額107億3,964萬元，與2025年2月比較，減少53億9,017萬元，衰退 33.4％，銷售量、價都減少，說明如下： 1.銷售量差減少35.8億元： 去年農曆春節假期1/25~2/2，但今年春節假期為2/14~2/22，出貨天數減少，因此， 本公司2026年2月各產品銷售量，合計比去年同期減少12.2萬噸。 2.銷售價差減少18.1億元： 由於中國大陸石化同業持續擴建新產能，並大量低價出口競銷，且今年2月新台幣兌 美元平均匯率比去年2月升值4％，加上杜拜原油及乙、丙烯合約平均價格分別比去年 同期下跌12.2％、15.4％及7.4％，拖累市場行情，因此，本公司2026年2月各產品 平均價格比去年同期下跌，幅度介於13~25％。 ",https://mops.twse.com.tw/mops/#/web/t05st01,b8e24575db10220492c813ab86869ab54abec7f12111a407770563974f8fc066,0
1301,115,03,115/03/06,17:05:08,2026-03-06 17:05:08,公告本公司114年度合併財務報告業經董事會決議通過,capital_change,,,,,,False,False,False,False,"1.提報董事會或經董事會決議日期:115/03/06 2.審計委員會通過日期:115/03/06 3.財務報告或年度自結財務資訊報導期間 起訖日期(XXX/XX/XX~XXX/XX/XX):114/01/01~114/12/31 4.1月1日累計至本期止營業收入(仟元):175,411,403 5.1月1日累計至本期止營業毛利(毛損) (仟元):5,603,311 6.1月1日累計至本期止營業利益(損失) (仟元):(7,505,483) 7.1月1日累計至本期止稅前淨利(淨損) (仟元):(10,215,000) 8.1月1日累計至本期止本期淨利(淨損) (仟元):(10,048,659) 9.1月1日累計至本期止歸屬於母公司業主淨利(損) (仟元):(10,048,659) 10.1月1日累計至本期止基本每股盈餘(損失) (元):(1.58) 11.期末總資產(仟元):557,502,008 12.期末總負債(仟元):194,279,579 13.期末歸屬於母公司業主之權益(仟元):363,222,429 14.其他應敘明事項:無 ",https://mops.twse.com.tw/mops/#/web/t05st01,d73a68a39be4077f3a537c07ff485a1405b0fdcdf8a33a9f5eecb810baa0ea93,0
1301,115,03,115/03/06,17:43:34,2026-03-06 17:43:34,公告本公司董事會決議股利分派,capital_change,,,,,,False,False,False,False,"1. 董事會決議日期：115/03/06 2. 股利所屬年(季)度：114年 年度 3. 股利所屬期間：114/01/01 至 114/12/31 4. 股東配發內容： (1)盈餘分配之現金股利(元/股)：0.50000000 (2)法定盈餘公積發放之現金(元/股)：0 (3)資本公積發放之現金(元/股)：0 (4)股東配發之現金(股利)總金額(元)：3,182,870,391 (5)盈餘轉增資配股(元/股)：0 (6)法定盈餘公積轉增資配股(元/股)：0 (7)資本公積轉增資配股(元/股)：0 (8)股東配股總股數(股)：0 5. 其他應敘明事項： 無 6. 普通股每股面額欄位：新台幣10.0000元",https://mops.twse.com.tw/mops/#/web/t05st01,1e3930d541b2d4cc48d5f8ab76dc4e090d2ef5d5a74183004e8be22bb6f44007,0
1303,115,04,115/04/10,13:30:10,2026-04-10 13:30:10,公告本公司2026年3月合併營業額,capital_change,,,,,,False,True,False,False,1.事實發生日:115/04/10 2.公司名稱:南亞塑膠工業股份有限公司。 3.與公司關係(請輸入本公司或子公司):本公司。 4.相互持股比例:不適用。 5.發生緣由:公告本公司2026年3月合併營業額。 6.因應措施:無。 7.其他應敘明事項(若事件發生或決議之主體係屬公開發行以上公司，本則重大訊息同時 符合證券交易法施行細則第7條第9款所定對股東權益或證券價格有重大影響之事項): 一、2026年3月合併營業額與2026年2月比較： 本公司3月份合併營收271.7億元，為2022年9月以來，近43個月的單月新高。 與2026年2月比較(2月生產天數較少)，增加86.1億元(量差+72.6億元， 價差+13.5億元)，成長46.4%。在各產品中，電子材料產品營收占比達5成以上 ，營運狀況最佳。由於AI市場規模持續擴張、中高階材料供應緊缺，連帶使 一般電子材料供給漸趨緊張，再加上消費電子需求增溫、用料升級，帶動 銅箔基板、ABF載板、銅箔、玻纖布等產品銷售量、價大增，營收大幅成長； 其他產品受到春節連假後下游開工、上月船期遞延、原料成本上漲推升產品 售價、美國市場增加境內採購等多重因素影響，營收皆有增加。說明如下： (一)電子材料產品營業額增加43.5億元(量差+36.1，價差+7.4)： AI需求激增，雲端服務業者持續擴大投資，使中高階材料供不應求，而因 產能資源排擠，也導致一般電子材料逐漸產生供需缺口，再加上邊緣運算 與消費電子的升級需要，帶動了各類電子材料產品銷售量、價顯著成長， 整體營收不斷向上攀升。 (二)化工產品營業額增加16.0億元(量差+11.3，價差+4.7)： 1.EG增加6.0億元(量差+4.3，價差+1.7) 主要是德州2月訂單有2.5萬噸配合船期延至3月出貨所致。 2.可塑劑系列增加5.5億元(量差+4.8，價差+0.7) 春節後下游加工業開工，產品銷售量增加。 3.BPA增加4.2億元(量差+1.9，價差+2.3) 下游客戶於年後開工、補充庫存，加上原料成本上漲，產品售價配合調整， 致營收增加。 (三)聚酯產品營業額增加14.0億元(量差+11.7，價差+2.3)： 亞洲市場於春節後交運量回升，美國市場也因關稅、海運費因素使客戶 增加境內採購、南卡廠銷量增加，再加上原料成本上漲推升產品售價， 以及光學用途聚酯膜訂單增加，使整體聚酯產品營收成長。 (四)塑膠加工產品營業額增加11.1億元(量差+12.0，價差-0.9)： 春節假期後下游產業快速復工，銷售量及營收增加。 二、2026年3月合併營業額與2025年3月比較： 2026年3月合併營收與2025年3月比較，增加41.5億元(量差+27.2億元， 價差+14.3億元)，成長18.1%，主要是電子材料產品受惠於AI產業擴張， 營收大幅成長；聚酯產品因美國南卡廠進口替代訂單增加，塑,https://mops.twse.com.tw/mops/#/web/t05st01,273434c0f2372919cd8d269eb74962dff7e5ff51b249d537aac48514987840b5,0
1303,115,04,115/04/10,13:30:21,2026-04-10 13:30:21,公告本公司2026年第1季自結合併損益,capital_change,,,,,,False,True,False,False,1.事實發生日:115/04/10 2.公司名稱:南亞塑膠工業股份有限公司。 3.與公司關係(請輸入本公司或子公司):本公司。 4.相互持股比例:不適用。 5.發生緣由:公告本公司2026年第1季自結合併損益 6.因應措施:無。 7.其他應敘明事項(若事件發生或決議之主體係屬公開發行以上公司，本則重大訊息同時 符合證券交易法施行細則第7條第9款所定對股東權益或證券價格有重大影響之事項): 一、2026年第1季自結合併損益與2025年第4季比較： 本公司2026年第1季EPS向上攀升至1.80元，達到最近15季以來新高，與上季、去年 同期比較，皆大幅成長。獲利加速的動能主要來自於電子三大領域的貢獻：南亞 電子材料、子公司南亞電路板，以及轉投資的南亞科技。在AI浪潮急速推進之下， 雲端服務、資料中心業者大舉擴張資本支出，而高速網通、存儲設施、邊緣運算、 電源控制之需求也不斷激增、升級，導致相關材料供不應求、業績大幅成長；同時 也因產能資源排擠效應，連帶使消費電子用料供需缺口擴大，進一步推升南亞電子 材料、南電、南亞科各類產品的營收與利益，引領本公司單季獲利一舉超越前三年度 的獲利總和。說明如下： (一)合併營業額686.0億元較2025年第4季增加41.3億元(量差+1.3，價差+40.0)， 成長6.4%。其中電子材料產品營收占比達5成以上，受惠於市場需求持續強勁，本季 銷售量、價及營收皆顯著成長；聚酯產品因美國市場增加境內採購取代進口，使 南卡廠營收增加；塑膠加工產品在亞洲及美國需求略為增溫，業績小幅成長；化工 產品業績持平。 (二)合併稅前利益較2025年第4季增加102.3億元： 1.營業利益37.8億元，較2025年第4季有利24.5億元： 電子材料產品本季營業利益48.0億元，較上季倍增，其中ABF載板、銅箔、玻纖布 (絲)、銅箔基板皆有顯著貢獻；塑膠加工產品、聚酯產品營運略優於上季；化工 產品持平。 2.權益法投資收益121.2億元，較2025年第4季有利82.0億元： (1)認列台塑石化47.1億元(影響本公司EPS0.59元)，較上季有利35.3億元。 (2)認列南亞科技76.3億元(影響本公司EPS0.96元)，較上季有利43.8億元。 (3)認列台朔重工-0.2億元(影響本公司EPS-0.002元)，與上季相當。 (4)認列麥寮汽電0.2億元(影響本公司EPS0.003元)，較上季不利2.7億元。 (5)認列台塑烯烴(美國)1.3億元(影響本公司EPS0.02元)，較上季有利4.1億元。 3.外幣兌盈4.9億元，較2025年第4季不利2.5億元。主要係2026年第1季台幣兌 美元匯率貶值，幅度小於2025年第4季，故相對不利。 4.利息收支、資產處分、廢料標售、基金評價、政府補助、租金收入等雜項收支 共不利1.7億元。 (三)2026年第1,https://mops.twse.com.tw/mops/#/web/t05st01,13f487ee196a0d058a9d616522f70469206ec4f43db971e69545b89791a309c8,0
1303,115,05,115/05/07,13:30:10,2026-05-07 13:30:10,公告本公司2026年4月合併營業額,capital_change,,,,,,False,True,False,False,1.事實發生日:115/05/07 2.公司名稱:南亞塑膠工業股份有限公司。 3.與公司關係(請輸入本公司或子公司):本公司。 4.相互持股比例:不適用。 5.發生緣由:公告本公司2026年4月合併營業額。 6.因應措施:無。 7.其他應敘明事項(若事件發生或決議之主體係屬公開發行以上公司，本則重大訊息同時 符合證券交易法施行細則第7條第9款所定對股東權益或證券價格有重大影響之事項): 一、2026年4月合併營業額與2026年3月比較： 本公司4月份合併營收276.8億元，比2026年3月增加5.1億元(量差-16.9億元， 價差+22.0億元)，成長1.9%。近來中東局勢持續緊張，原料供應大受衝擊，價格劇烈 波動，船舶調度吃緊，產品報價接單、產銷調配的壓力急遽升高，導致大多數產品 皆呈現「量減、價增」的局面。在此同時，電子材料產品需求依然旺盛，業績攀高； 德州EG廠也在利差加大、原料供應無虞的有利條件下全能生產，貢獻營收；而南卡 聚酯廠因美國客戶以境內購料取代進口，轉單需要增加，加上瓶用粒進入旺季， 使售價漲幅擴大，帶動本公司營收進一步成長，將單月營收推升至近45個月新高。 說明如下： (一)聚酯產品營業額增加3.6億元(量差-1.9，價差+5.5)： 亞洲因原料供應受限，致產銷量減少；但美國南卡廠由於瓶用粒進入旺季，報價提高， 再加上關稅、海運費對亞洲低價傾銷形成障礙，使美國客戶回歸境內採購，進而推升 產品售價，帶動整體營收明顯增加。 (二)化工產品營業額增加1.6億元(量差-6.0，價差+7.6)： 1.EG減少0.3億元(量差-2.6，價差+2.3) 麥寮廠因原料不足，暫停生產、減量供應；德州廠則在原料正常供應的優勢下， 全能生產。雖因部分2月訂單延至3月出口以至於4月交運量相對略減，但售價上漲、 利差擴大，整體營運績效顯著提升。 2.可塑劑系列增加0.8億元(量差-2.7，價差+3.5)、 BPA增加.7億元(量差-1.0，價差+1.7) 考量原料供應的不確定性，維持基本開動率並搭配庫存銷售，使產業鏈正常運作。 因售價調漲，營收增加。 (三)電子材料產品營業額增加0.3億元(量差-5.0，價差+5.3)： 業界看好AI算力規模於未來幾年內仍會大幅成長，雲端服務供應商及產業鏈相關業者 持續推進資本支出，使中高階電子材料需求維持旺盛，業績良好。本月雖然環氧樹脂 受到上游化工原料供應不足影響，產能利用率下滑，銷售量暫時減少，但船舶、車體、 風電等應用需求正在成長，售價依市況調漲，且銅箔基板、ABF載板、玻纖布(絲) 等產品銷售動能依然強勁，價、量持續放大，使整體電子材料產品營業額再度攀升， 比上月成長。 (四)塑膠加工產品營業額增加0.1億元(量差-3.5，價差+3.6)： 在上游供料許可的範圍內，盡可能穩定出貨，並機動調漲售價以反應成本。本月量減、 價,https://mops.twse.com.tw/mops/#/web/t05st01,6e01bb95d0ff933474c13060617ec7ad00f4231a03df2931bf9eebd742e017f9,0
1303,115,05,115/05/12,15:57:14,2026-05-12 15:57:14,公告本公司115年第1季合併財務報告業經董事會決議通過,capital_change,,,,,,False,False,False,False,"1.提報董事會或經董事會決議日期:115/05/12 2.審計委員會通過日期:115/05/12 3.財務報告或年度自結財務資訊報導期間 起訖日期(XXX/XX/XX~XXX/XX/XX):115/01/01~115/03/31 4.1月1日累計至本期止營業收入(仟元):68,596,393 5.1月1日累計至本期止營業毛利(毛損) (仟元):8,186,597 6.1月1日累計至本期止營業利益(損失) (仟元):3,741,833 7.1月1日累計至本期止稅前淨利(淨損) (仟元):16,080,166 8.1月1日累計至本期止本期淨利(淨損) (仟元):14,674,818 9.1月1日累計至本期止歸屬於母公司業主淨利(損) (仟元):14,254,717 10.1月1日累計至本期止基本每股盈餘(損失) (元):1.80 11.期末總資產(仟元):647,743,623 12.期末總負債(仟元):247,168,932 13.期末歸屬於母公司業主之權益(仟元):383,826,269 14.其他應敘明事項:無 ",https://mops.twse.com.tw/mops/#/web/t05st01,6038494fae26b5937708fa59552f61170ec16edcc8d2851dd56dc43a511321ab,0
1303,115,05,115/05/29,15:56:37,2026-05-29 15:56:37,公告本公司董事會決議分派現金股利基準日,distribution,0.8,2026-07-08,2026-08-07,,,False,False,False,False,1.董事會、股東會決議或公司決定日期:115/05/29 2.除權、息類別（請填入「除權」、「除息」或「除權息」）:除息 3.普通股發放股利種類及金額:現金股利，每股分派新台幣0.8元 4.除權（息）交易日:115/07/08 5.最後過戶日:115/07/09 6.停止過戶起始日期:115/07/10 7.停止過戶截止日期:115/07/14 8.除權（息）基準日:115/07/14 9.債券最後申請轉換日期:不適用 10.債券停止轉換起始日期:不適用 11.債券停止轉換截止日期:不適用 12.普通股現金股利發放日期:115/08/07 13.其他應敘明事項:無 ,https://mops.twse.com.tw/mops/#/web/t05st01,3cf7a6d4ea9c79e10a04d1003d3f26fe5e225599afd10ec9dd7b67bd0d5b891d,0
1303,115,06,115/06/08,13:30:36,2026-06-08 13:30:36,公告本公司2026年5月合併營業額,capital_change,,,,,,False,True,False,False,1.事實發生日:115/06/08 2.公司名稱:南亞塑膠工業股份有限公司。 3.與公司關係(請輸入本公司或子公司):本公司。 4.相互持股比例:不適用。 5.發生緣由:公告本公司2026年5月合併營業額。 6.因應措施:無。 7.其他應敘明事項(若事件發生或決議之主體係屬公開發行以上公司，本則重大訊息同時 符合證券交易法施行細則第7條第9款所定對股東權益或證券價格有重大影響之事項): 一、2026年5月合併營業額與2026年4月比較： 本公司5月份合併營收288.3億元，比2026年4月增加11.5億元 (量差+8.7億元，價差+2.8億元)，成長4.2%。近來原物料價格雖有回落，但中東情勢 變數仍多，關稅波折也尚未落幕，全球市場對通膨與升息的擔憂升高，導致一般民生 相關行業信心不足，採購觀望、謹慎控制庫存。然而，AI產業持續發揮韌性，雲端業者 不受地緣衝突與短期經濟變化影響，加速投入資本支出，帶動周邊供應鏈產值不斷 擴大。南亞掌握產業發展趨勢、積極布局高值化電子材料產品，成果良好，業績攀升； 再加上德州EG廠未受中東局勢衝擊，兩條產線全產全銷、營收顯著成長，挹注南亞 5月份合併營收進一步上揚，站上47個月新高。說明如下： (一)化工產品營業額增加11.4億元(量差+12.0，價差-0.6)： 1.EG增加15.9億元(量差+15.2，價差+0.7) 相較於美伊戰爭對中東同業產能及原料供應的打擊，本公司德州EG廠產銷及運輸不受 中東局勢影響，兩套裝置皆維持全能生產，銷售量及營收增加。 2.可塑劑系列減少2.4億元(量差-2.2，價差-0.2) 下游加工業因五一連假，下單減少。 3.BPA減少1.7億元(量差-0.6，價差-1.1) 售價隨原料成本下滑，營收減少。 (二)電子材料產品營業額增加3.9億元(量差+1.9，價差+2.0)： 雲端服務供應商看好急速成長的人工智慧需求，積極打造相關設施、佈署未來算力， 不僅未因戰爭、通膨而減緩擴張速度，且還加速投資，使資本支出不斷創新高，帶動 整體供應鏈蓬勃發展。本公司在電子材料的布局除與AI產業的長線發展密切結合以外， 針對廣大的消費型產品市場亦有領先的技術品質與產能規模，近來穩定維持高產能 利用率，銷售價、量上揚，營收成長。 (三)聚酯產品營業額減少3.4億元(量差-5.4，價差+2.0)： 高物價影響消費者購買力，業界採購轉趨觀望，保守下單，嚴控庫存，致產品銷售量 減少。 (四)塑膠加工產品營業額減少1.2億元(量差-0.6，價差-0.6)： 中東局勢導致物價指數升高，通膨疑慮再起，各國對於升息的討論普遍增加，市場 消費信心不足，產品營收下滑。 二、2026年5月合併營業額與2025年5月比較： 2026年5月合併營收與2025年5月比較，增加68.8億元(量差+16.6億元， 價差+52.2億元)，成長31.,https://mops.twse.com.tw/mops/#/web/t05st01,cd4f8dd044de5b53a4b79fcd6c146de4746e7d4e5afa0f40a0738b63bb439c4b,0
1325,109,03,109/03/25,16:59:13,2020-03-25 16:59:13,公告本公司董事會決議現金股利分派,capital_change,,,,,,False,False,False,False,"1. 董事會決議日期：109/03/25 2. 股利所屬年(季)度：108年 年度 3. 股利所屬期間：108/01/01 至 108/12/31 4. 股東配發內容： (1)盈餘分配之現金股利(元/股)：0.30000000 (2)法定盈餘公積、資本公積發放之現金(元/股)：0 (3)股東配發之現金(股利)總金額(元)：25,584,360 (4)盈餘轉增資配股(元/股)：0 (5)法定盈餘公積、資本公積轉增資配股(元/股)：0 (6)股東配股總股數(股)：0 5. 其他應敘明事項： 無 6. 普通股每股面額欄位：新台幣 10.0000元",https://mops.twse.com.tw/mops/#/web/t05st01,dad32dcb88ce2863d452c41faf656c11c8d3186b015e36315bff7e31399cf7c4,0
1326,105,02,105/02/05,13:31:01,2016-02-05 13:31:01,公告本公司105年1月合併營業額,capital_change,,,,,,False,True,False,False,"1.事實發生日:105/02/05 2.公司名稱:臺灣化學纖維股份有限公司 3.與公司關係(請輸入本公司或子公司):本公司 4.相互持股比例:不適用 5.傳播媒體名稱:不適用 6.報導內容:不適用 7.發生緣由:公告本公司105年1月合併營業額24,629,815仟元 8.因應措施:無 9.其他應敘明事項: 一、105年1月合併營業額與104年12月比較： (一)與104年12月比較衰退5.9％， 其中量差減少10.1億元，售價差減少5.3億元。 (二)售量方面： (1)台化：減少9.3億元 PX、OX配合產銷調節，外售量減少約1.5萬噸，影響3.8億元；苯酚、PS、ABS、PP 因農曆春節將至，下游買氣減弱，部份出貨延至年後，影響2.2億元；SM自用增加 ，減少外售0.8億元；PIA年度定檢，配合產銷計劃降低銷售量，影響0.6億元；萃 餘油回售塑化減少1.9億元。另PTA增加外銷大陸客戶合約量，影響1.1億元。 (2)台化出光：減少1.5億元 主要上游BPA廠丙二酚供應量減少影響產銷量。 (三)售價方面： 台化減少3.8億元，台化寧波減少1.1億元：主要原油市場仍供過於求，產油國未達 成減產協議，每桶油價跌破30美元，石化品報價調降。 二、105年1月合併營業額與104年1月比較： (一)與104年1月比較衰退8.6％， 其中量差增加2.0億元，售價差減少25.3億元。 (二)售量方面： (1)台化：減少4.2億元 SM、BZ自用增加減少外售，影響3.1億元；PX、OX調整產銷庫存外售減少2.4億元； 耐隆絲因原料下跌，客戶看跌後市減量下訂，影響1.6億元；PS買氣觀望銷售減少 0.5億元；萃餘油回售塑化減少1.4億元。另PTA因104年1月行情走弱，計劃性減產 並降低外銷量，105年1月產銷回穩，銷售增加5.1億元。 (2)台化寧波：增加3.6億元 主要苯酚廠104年4月份開始銷售，增加3.4萬噸影響6.9億元，另PTA配合4月年度 定檢，保留庫存減少外售，影響3.3億元。 (3)越南FIC：增加1.8億元 主要係長纖二期及紡紗四廠擴建陸續投產，加工絲及棉紗產銷量增加。 (4)其他公司增加0.9億。 (三)售價方面： 台化減少12.8億元、台化寧波減少5.8億元、福懋減少2.4億元、越南FIC減少2.3億 元，台灣醋酸減少1.0億元；主要係原油較去年同期下跌33%，成品價格同步跟跌。 ",https://mops.twse.com.tw/mops/#/web/t05st01,2404e3d7f514050820b0b9627be181fef46e162d0c0aa7977f6faa3603192eb8,0
1326,105,03,105/03/07,13:31:24,2016-03-07 13:31:24,公告本公司105年2月合併營業額,capital_change,,,,,,False,True,False,False,"1.事實發生日:105/03/07 2.公司名稱:臺灣化學纖維股份有限公司 3.與公司關係(請輸入本公司或子公司):本公司 4.相互持股比例:不適用 5.傳播媒體名稱:不適用 6.報導內容:不適用 7.發生緣由:公告本公司105年2月合併營業額22,401,462仟元 8.因應措施:無 9.其他應敘明事項: 一、105年2月合併營業額與105年1月比較： (一)與105年1月比較衰退9.0％， 其中量差減少21.3億元，售價差減少1.0億元。 (二)售量方面： (1)台化：減少9.1億元 因農曆春節營業天數減少，PTA、SM、塑膠粒比上月減少約4萬噸，影響11.3億元； 苯酚、丙酮因應3月設備工檢，減量銷售維持庫存，影響2.8億元。另PIA因同業設 備異常停車等因素，客戶積極備料，銷售增加1.7億元；PX調節庫存銷售增加1.3億 元；萃餘油回售塑化增加2.2億元。 (2)台化寧波：減少5.8億元 PTA配合4月定檢，保留庫存減少外售；ABS、電力因農曆春節營業天數減少銷售量 減少。 (3)台灣醋酸：減少1.1億元 因應3月醋酸廠定檢，增加庫存外售減少。 (4)福懋公司：減少4.4億元 春節期間營業天數減少，簾布與柴油銷售量減少。 (三)售價方面： 台化減少2.6億元，台化寧波增加1.5億元：受產油國在凍產、減產政策拉扯，油價 上下波動，與主要國家經濟成長仍有疑慮，除受乙烯價格帶動之產品價格漲勢確立 外，其餘石化品行情走勢仍待確認。 二、105年2月合併營業額與104年2月比較： (一)與104年2月比較衰退8.2％， 其中量差增加2.3億元，售價差減少22.3億元。 (二)售量方面： (1)台化：減少10.1億元 去年農曆春節6天，今年9天，影響PX、OX、PTA產銷量，外售減少3.6萬噸，影響 7.9億元；SM自用增加，外售減少1.6億元；耐隆絲因原料下跌，虧損產品減量銷售 ，影響1.3億元；苯酚因應105年3月設備工檢，減少銷售量維持庫存，影響1.3億元 ；PS買氣觀望銷售減少1.2億元。另萃餘油回售塑化增加2.8億元。 (2)台化寧波：增加7.6億元 主要苯酚廠104年4月份開始銷售，增加3.3萬噸，影響6.9億元；ABS原料行情反彈 吸引回補庫存買單，銷售增加1.3億元。 (3)越南FIC：增加3.3億元 主要VN3機組及紡紗四廠擴建陸續投產，電力及棉紗產銷量增加。 (4)台化出光：增加1.8億元 下游客戶端缺料，補充客戶需求，銷售量增加。 (5)其他公司減少0.3億元 (三)售價方面： 台化減少13.5億元、台化寧波減少3.4億元、越南FIC減少2.7億元、福懋減少2.3億元； 主要係原油價格較去年同期下跌40%，成品價格同步跟跌。 ",https://mops.twse.com.tw/mops/#/web/t05st01,4ef28c5051d2a7dbf6b4476f3c8ee64f9e0334a04849abd99d98a13b14746c46,0
1326,105,03,105/03/16,16:33:31,2016-03-16 16:33:31,董事會決議股利分派,capital_change,,,,,,False,False,False,False,"1. 董事會決議日期：2016/03/16 2. 股東配發內容： (1)盈餘分配之現金股利(元/股)：3.50000000 (2)法定盈餘公積、資本公積發放之現金(元/股)：0 (3)股東配發之現金(股利)總金額(元)：20,514,152,018 (4)盈餘轉增資配股(元/股)：0 (5)法定盈餘公積、資本公積轉增資配股(元/股)：0 (6)股東配股總股數(股)：0 3. 其他應敘明事項： 無 4. 普通股每股面額欄位：新台幣 10.0000元",https://mops.twse.com.tw/mops/#/web/t05st01,53031e496e4f088cfbd2df803a2f099670764e4d33d7a09895f2835ca81570de,0
1326,105,04,105/04/11,13:31:57,2016-04-11 13:31:57,公告本公司105年3月合併營業額,capital_change,,,,,,False,True,False,False,"1.事實發生日:105/04/11 2.公司名稱:臺灣化學纖維股份有限公司 3.與公司關係(請輸入本公司或子公司):本公司 4.相互持股比例:不適用 5.傳播媒體名稱:不適用 6.報導內容:不適用 7.發生緣由:公告本公司105年3月合併營業額28,768,227仟元 8.因應措施:無 9.其他應敘明事項: 一、105年3月合併營業額與105年2月比較： (一)與105年2月比較成長28.4％， 其中量差增加53.2億元，售價差增加10.4億元。 (二)售量方面： (1)台化：增加26.9億元 PTA下游聚酯開動率上升，客戶提貨量增加2.4萬噸，影響4.7億元；塑料行情落底 PS、ABS、PP下游補庫存銷售增加2.2萬噸，影響8.2億元；SM、苯酚市況佳，增加 銷售2.1萬噸，影響5.4億元；PX、OX、耐隆粒、耐隆絲、縲縈棉等生產天數增加， 影響8.6億元。 (2)台化寧波：增加9.9億元 主要係PTA、ABS、PS下游客戶補庫存提貨量增加。 (3)越南FIC：增加5.8億元 主要原油回穩又逢旺季主要客戶交運增加。 (4)出光：增加2.1億元 趁高價促銷出清庫存，銷售量增加。 (5)福懋：增加8.1億元 主要秋冬訂單長纖成品旺季銷售量增加。 (三)售價方面： 台化增加7.6億元，台化寧波增加2.8億元：主要油價築底及原料上漲，在成本支撐 及客戶回補庫存下，行情向上。 二、105年3月合併營業額與104年3月比較： (一)與104年3月比較衰退2.7％， 其中量差增加20.9億元，售價差減少28.7億元。 (二)售量方面： (1)台化：減少4.9億元 PX調整產銷，外售量減少2.7萬噸，影響7億元；SM轉部及交運寧波自用較多，影響 0.7億元。另苯酚、PIA行情上漲加強銷售，影響2.6億元。 (2)台化寧波：增加16.8億元 主要苯酚廠104年4月始開始銷售，增加4.1萬噸影響9.3億元，及PTA下游聚酯開動率上 升，客戶增加提貨量，影響6.6億元。 (3)台化出光：增加6.3億元 趁高價促銷出清庫存，銷售量增加。 (4)越南FIC：增加2.7億元 主要係VN3機組於105年2月運轉，發電量及外售電量增加，長纖二期及紡四廠擴建陸續 投產，加工絲及棉紗產銷量增加。 (三)售價方面： 台化減少18.1億元，台化寧波減少2.6億元，越南FIC減少4.3億元，福懋減少3.3億元。 主要係原料價格較去年低且市場供應多，成品行情跟跌。 ",https://mops.twse.com.tw/mops/#/web/t05st01,b4f3057150c76a1c67843304c12df135f244ee341a22d56734eee6f3b32c098f,0
1326,105,04,105/04/11,13:34:06,2016-04-11 13:34:06,公告本公司105年第1季自結合併損益,capital_change,,,,,,False,True,False,False,"1.事實發生日:105/04/11 2.公司名稱:臺灣化學纖維股份有限公司 3.與公司關係(請輸入本公司或子公司):本公司 4.相互持股比例:不適用 5.傳播媒體名稱:不適用 6.報導內容:不適用 7.發生緣由:公告本公司105年第1季自結合併損益 8.因應措施:無 9.其他應敘明事項: 一、105年第1季自結合併損益與104年第4季比較： (一)105年第1季營業額與104年第4季比較衰退3.6％， 其中量差減少6.4億元，售價差減少22.3億元。 1.售量方面： (1)台化：減少6.8億元。 主要PX因2月油價築底，減量銷售以待價格上漲增進獲利，影響3億元，PS、 ABS因市場能見度低，加上春節前後銷售量較少，影響3.9億元。 (2)台化寧波：減少5.7億元 主要PTA配合4月定檢，減少銷售保留適量庫存。 (3)越南FIC：增加6.10億元 主要越南進入枯水期，水力發電量減少，越電調度電量增加，及紡紗四廠擴 建投產產銷量增加。 2.售價方面： 台化減少17.6億元、台化寧波減少1.4億元、越南FIC減少3.4億元，主要係 104年第四季原油及塑化原料價格仍受供給面影響下探，石化品價格跟隨下 滑至105年第1季築底。 (二)105年第1季合併稅前淨利91.4億元與104年第4季比較，增加11.9億元， 成長14.9%，主要為： 1.營業利益增加25.3億元： 主要係油價104年第4季緩步築底，105年第1季美國聯準會考量全球經濟成長 趨緩，放慢升息腳步，美元走貶原物料價格上漲，石化品與原料成本利差比 104年第4季回升，營業利益增加。 2.營業外淨收益減少13.5億元： (1)塑化釋股利益減少10.9億元。 (2)權益法投資收益減少0.9億元。 (3)兌換損失增加，利益減少0.7億元。 (4)資產讓售收益減少0.6億元。 (三)105年第1季歸屬母公司稅後利益為67億6,628萬元，每股稅後盈餘1.16元， 比104年第4季增加0.12元。 二、105年第1季自結合併損益與104年第1季比較： (一)105年第1季營業額，與104年第1季比較衰退6.3％， 其中量差增加24.0億元，售價差減少75.1億。 1.售量方面： (1)台化：減少19.8億元 PX、OX因原油價格築底，減量銷售5.8萬噸拉抬價格上漲，影響14.4億元，SM轉部 及交運寧波自用較多，影響4.3億元，耐隆絲虧損產品減量銷售，影響3.3億元。 另PTA行情回升且積極拓銷影響增加2.1億元。 (2)台化寧波：增加27.6億元 主要苯酚廠104年4月份開始銷售，增加10.8萬噸影響23.2億元，及ABS低價吸引買 盤，銷售增加3.4億元。 (3)越南FIC：增加7.8億元 主要係VN3機組於105年2月運轉，發電量及外售電量增加，及長纖二期及紡四廠擴 建陸續投產，加工絲及棉紗產銷量增加。 (",https://mops.twse.com.tw/mops/#/web/t05st01,9fd069b03ccb2aa8a93f6e4da511118167d980c1e27e9ec9bcc763fc610de447,0
1326,105,05,105/05/06,13:30:50,2016-05-06 13:30:50,公告本公司105年4月合併營業額,capital_change,,,,,,False,True,False,False,"1.事實發生日:105/05/06 2.公司名稱:臺灣化學纖維股份有限公司 3.與公司關係(請輸入本公司或子公司):本公司 4.相互持股比例:不適用 5.傳播媒體名稱:不適用 6.報導內容:不適用 7.發生緣由:公告本公司105年4月合併營業額26,874,740仟元 8.因應措施:無 9.其他應敘明事項: 一、105年4月合併營業額與105年3月比較： (一)與105年3月比較衰退6.6％， 其中量差減少28億元，售價差增加9.1億元。 (二)售量方面： (1)台化：減少10.7億元 PS、ABS因SM價格下跌，客戶觀望銷售減少9,200噸，影響3.6億元；本月運轉天數 減少一天，SM產銷量減少5,700噸，影響2億元；麥寮PTA-1預計6月份定檢，PTA產 銷調度銷售減少1萬噸，影響2億元；PIA因ARO-1定檢，MX供應量減少降載生產，影 響1.8億元；新港公用廠定檢，外售電減少0.7億元。 (2)台化寧波：減少13億元 PTA本月安排定檢，銷售量減少6萬6,000噸，影響13億元。 (3)出光：減少1.7億元 配合庫存調節減量銷售。 (4)醋酸：減少0.9億元 醋酸廠定檢影響產銷量。 (5)其它：減少1.7億元 (三)售價方面： 台化增加7.1億元，台化寧波增加1.6億元：主要受原油價格影響及下游需求增加， 石化及塑膠產品價格皆有提升。 二、105年4月合併營業額與104年4月比較： (一)與104年4月比較衰退11.1％， 其中量差減少4.2億元，售價差減少29.3億元。 (二)售量方面： (1)台化：減少8.6億元 本月SM自用較多，外售比較同期減少1萬1,400噸，影響4.3億元；因ARO-1定檢，萃 餘油回售塑化減少7.8億元，受ARO-1定檢影響，MX供應不足PIA降載生產，產銷減 少0.8億元。另寧波PTA本月安排定檢，台灣PX外售增加1萬2,500噸，影響3.4億元 ；PP因市場供應緊俏，增加銷售5,800噸，影響2.5億元。 (2)醋酸：減少3.2億元 醋酸廠定檢影響產銷量。 (3)越南FIC：增加4.6億元 主要VN3機組2月加入運轉，發電量及外售電量增加；長纖二期及紡紗四廠擴建陸續 投產，加工絲及棉紗產銷量增加。 (4)台化寧波：增加3.1億元 主要苯酚、丙酮去年4月開車初期產銷量少，今年產銷正常增加12.2億元；另PTA定 檢，產銷量減少7.3億元。 (三)售價方面： 台化減少17.4億元，台化寧波減少4.7億元，越南FIC減少2.9億元，福懋減少3.8億 元。主要係石化品及塑膠價格仍較去年同期低。 ",https://mops.twse.com.tw/mops/#/web/t05st01,995eebd55ba4802caaf0f7b23ac6531f64beea10ac4773a9db7f27f494d57138,0
1326,107,05,107/05/07,13:31:21,2018-05-07 13:31:21,公告本公司2018年4月合併營業額,capital_change,,,,,,False,True,False,False,"1.事實發生日:107/05/07 2.公司名稱:臺灣化學纖維股份有限公司 3.與公司關係(請輸入本公司或子公司):本公司 4.相互持股比例:不適用 5.發生緣由:公告本公司2018年4月合併營業額33,118,193仟元 6.因應措施:無 7.其他應敘明事項: 一、2018年4月合併營業額與2018年3月比較： (一)與2018年3月比較衰退5.8％，與4月初預估吻合， 其中量差減少20.6億元，售價差增加0.2億元。 (二)售量方面： 1.台化：減少1.9億元 配合PTA-1及PTA-3廠5、6月安排檢修，ARO-3廠5月安排定檢，PTA與PX減量銷售備 庫存共1.3萬噸，影響3.2億元；麥寮PABS廠3月定檢結束後，SM自用量增加，及OX 南亞提貨量減少、苯酚產銷日數少一天等因素，共影響2.2億元。另ABS、PS市況 轉趨熱絡買氣提升，銷售增加3.8億元。 2.台化寧波：減少5.0億元 4月苯酚廠、NB3發電機組均安排定檢，PTA廠亦自4/25開始定檢，為儲備庫存減少 銷售量，共影響8.1億元；另PS、ABS市況轉趨熱絡買氣提升，銷售增加3.3億元。 3.台化出光：減少4.3億元 受台灣醋酸CO供應異常影響，產銷量減少。 4.福懋：減少4.0億元 主要長纖成衣秋冬布訂單進入尾聲，出貨減少所致。 5.越南FIC：減少3.2億元 市況轉弱及中國大陸削價競爭銷售減少。 6.台灣醋酸：減少2.0億元 醋酸廠CO吸附單元運轉效率降低停車檢修，產銷量減少。 (三)售價方面： 除苯酚因亞洲同業檢修，供應偏緊支撐行情外，其他主要產品市場供應寬鬆， 行情一般。 二、2018年4月合併營業額與2017年4月比較： (一)與2017年4月比較成長19.9％，其中量差增加27.8億元，售價差增加27.2億元。 (二)售量方面： 1.台化：增加36.4億元 去年3月起安排苯酚廠定檢，4月ARO-3廠、SM-3廠定檢，今年產銷正常，共增加10.9 萬噸，影響33.2億元；苯調節庫存增加銷售，及萃餘油等回售台塑化增加，共影響 10.4億元。另OX不敷成本減少銷售2.9億元；PS、ABS去年3月急跌買氣急凍，4月止 跌回升用戶補庫存，今年正常銷售，銷售減少2.5億元；PIA市場供應寬鬆，銷售減 少1.3億元；配合5月檢修PTA減量銷售備庫存，影響1.1億元。 2.越南FIC：增加4.5億元 主要SPP粒日本用戶轉單越南、三部發電機組全載，調電時數增加，及耐隆絲(粒)銷 售客戶增加所致。 3.台化寧波：減少7.8億元 苯酚廠4月份定檢，銷售減少3.3萬噸，影響8.3億元，ABS買氣較去年緩和，減少0.7 億元；另PS去瓶頸後產銷量增加1.1億元。 4.台化出光：減少3.8億元 受台灣醋酸CO供應異常影響，產銷量減少。 5.台灣醋酸：減少1.3億元 醋酸廠CO吸附單元運轉效率降低停車檢修",https://mops.twse.com.tw/mops/#/web/t05st01,bf6f98483409de2da003539bf60881a3c0fc3127b2e17ca259d55c244b7840f9,0
1326,107,06,107/06/06,13:31:09,2018-06-06 13:31:09,公告本公司2018年5月合併營業額,capital_change,,,,,,False,True,False,False,"1.事實發生日:107/06/06 2.公司名稱:臺灣化學纖維股份有限公司 3.與公司關係(請輸入本公司或子公司):本公司 4.相互持股比例:不適用 5.發生緣由:公告本公司2018年5月合併營業額32,644,221仟元 6.因應措施:無 7.其他應敘明事項: 一、2018年5月合併營業額與2018年4月比較： (一)與2018年4月比較衰退1.4％，其中量差減少18.6億元，售價差增加13.9億。 (二)售量方面： 1.台化：減少20.4億元 主要係5月ARO-3廠工檢，及PP第二系列停車保養，產銷量減少2.6萬噸，影響7.6億 元；SM減量銷售積累庫存1.3萬噸，影響5.0億元，及萃餘油等回售台塑化減少，影 響10.0億元。另龍德發電機組運轉時數提升，及PIA、PS下游客戶補庫存需求,銷售 增加3.1億元。 2.台化寧波：減少2.6億元 主要PTA廠4/25～5/23定檢，產銷量減少10.7億元；另苯酚廠4月定檢結束，產銷量增 加7.5億元。 3.台化出光：增加2.2億元 產銷調節，銷售量增加。 4.越南FIC：增加1.5億元 進入旺季下游訂單需求提升，及拓展外銷所致。 5.福懋：增加1.3億元 主要簾布外銷需求增加，及營運天數增加一天，油品、封測營收增加。 (三)售價方面： 主要油價上漲推升原料行情，產品售價隨成本上漲，加上苯酚因亞洲同業檢修，供應 偏緊支撐行情所致。 二、2018年5月合併營業額與2017年5月比較： (一)與2017年5月比較成長22.5％，其中量差增加5.2億元，售價差增加54.6億元。 (二)售量方面： 1.台化：增加11.3億元 去年4月安排ARO-3廠、SM-3廠定檢，今年僅ARO-3廠例行工檢，產銷量增加6.6萬噸， 影響18.4億元，萃餘油等回售台塑化增加1.1億元。另PS、ABS因價高，買盤力道低於 去年，減少2.9億元，苯調節庫存銷售減少2.3億元，PP第二系列停車保養，銷售減少 2.2億元，OX不敷成本減少銷售1.7億元。 2.越南FIC：增加6.7億元 主要越南水力發電減少，三部發電機組全載，調電時數增加，影響2.5億元，SPP粒外 銷美國地區增加，聚酯棉及耐隆粒(絲)客戶穩定下單，並拓展外銷增加所致。 3.台化寧波：減少9.3億元 主要PTA廠4/25～5/23定檢，產銷量減少5.9億元，ABS買氣不及去年，減少3.1億元。 4.台化出光：減少2.8億元 配合6月檢修，減量銷售備庫存。 5.台灣醋酸：減少1.5億元 醋酸廠CO吸附單元運轉效率降低影響，產銷量減少。 (三)售價方面： 台化增加28.9億元、寧波增加13.0億元、出光增加4.3億元、福懋增加3.6億元、FIC 增加3.3億元：主要油價墊高原料成本，加上苯酚供應仍屬偏緊，各產品售價高於去年 ，僅PIA因同業供應增加壓抑價格。 ",https://mops.twse.com.tw/mops/#/web/t05st01,b8e3e4e0635a01c231238363f28c42cc9152ec3574182a4dbb55995c7efdeffb,0
1326,107,06,107/06/15,16:24:55,2018-06-15 16:24:55,公告本公司董事會決議分派現金股利基準日,distribution,7.0,2018-07-05,,,,False,False,False,False,1.董事會、股東會決議或公司決定日期:107/06/15 2.除權、息類別（請填入「除權」、「除息」或「除權息」）:除息 3.發放股利種類及金額: 現金股利:每股分派新台幣7.0元 4.除權（息）交易日:107/07/05 5.最後過戶日:107/07/06 6.停止過戶起始日期:107/07/07 7.停止過戶截止日期:107/07/11 8.除權（息）基準日:107/07/11 9.其他應敘明事項:現金股利發放日107/08/01 ,https://mops.twse.com.tw/mops/#/web/t05st01,83d2c8e07827784523fe0039f820f8d904d4a1ab98a4a77d65a7c60d29e92b80,0
1326,107,07,107/07/10,13:31:01,2018-07-10 13:31:01,公告本公司2018年6月合併營業額,capital_change,,,,,,False,True,False,False,"1.事實發生日:107/07/10 2.公司名稱:臺灣化學纖維股份有限公司 3.與公司關係(請輸入本公司或子公司):本公司 4.相互持股比例:不適用 5.發生緣由:公告本公司2018年6月合併營業額33,934,532仟元 6.因應措施:無 7.其他應敘明事項: 一、2018年6月合併營業額與2018年5月比較： (一)與2018年5月比較成長4.0％，其中量差增加11.8億元，售價差增加1.1億元。 (二)售量方面： 1.台化：增加5.7億元 主要係ARO-3廠5月工檢後復車，PX產銷量，及萃餘油等回售台塑化增加，影響8.2億元 ；OX、苯酚、ABS用戶提貨增加，影響1.7億元；SM自用減少外售增加，影響1.1億元。 另PTA因PTA-1定檢、PTA-3無煙改善工程，產銷量減少2.1億元；PIA受市場供應較多， 且客戶預期價格趨跌，買氣以剛需補貨為主，銷售減少2.0億元；PS、PP行情震盪買方 觀望，銷售較少1.2億元。 2.台化寧波：增加12.0億元 主要係PTA、苯酚、NB3機組定檢及技改陸續完成，6月產銷量增加。 3.台化出光：減少3.3億元 配合6月底定檢，減量銷售備庫存。 4.福懋：減少2.9億元 主要係秋冬成衣及運動戶外布訂單出貨尾聲，及營運天數減少一天，油品營收減少。 (三)售價方面： 受油價上漲推升原料行情，產品售價隨成本上漲；僅苯酚、丙酮因新產能投入，行情 走弱。 二、2018年6月合併營業額與2017年6月比較： (一)與2017年6月比較成長21.7％，其中量差減少1.4億元，售價差增加61.8億元。 (二)售量方面： 1.台化：增加4.4億元 去年因ARO-3廠、SM-3廠歲修產銷量減少，今年產銷正常，銷售量增加4.8萬噸，影響 14.0億元。另苯去年配合SM-3定檢外售，今年沒有，影響4.5億元；PIA市場供應偏寬 鬆，客戶買料以剛需補貨為主，銷售減少2.7億元；PS行情震盪買方觀望，銷售較少 2.0億元。 2.越南FIC：增加5.1億元 主要發電機組全載，調電時數增加，影響2.4億元，及SPP粒日本客戶轉單越南，膠膜 、聚酯棉銷售均增加所致。 3.台化寧波：減少6.3億元 主要受PTA定檢及技改、苯酚調節庫存，及ABS原料行情轉折回檔，客戶觀望，共影響 7.5億元。另去年NB3機組檢修調停，今年正常運轉，銷售增加1.2億元。 4.台化出光：減少3.2億元 配合6月底定檢，減量銷售備庫存。 (三)售價方面： 台化增加35.8億元、寧波增加12.7億元、FIC增加4.1億元、福懋增加3.7億元、出光增 加3.5億元。主要產品原料成本隨油價上漲，及需求增加支撐售價。 ",https://mops.twse.com.tw/mops/#/web/t05st01,639b8fcc55011987580ace5664a0a0ad7701ab12963efff8e78b20cb898c112d,0
1326,107,07,107/07/10,13:31:28,2018-07-10 13:31:28,公告本公司2018年第2季自結合併損益,capital_change,,,,,,False,True,False,False,"1.事實發生日:107/07/10 2.公司名稱:臺灣化學纖維股份有限公司 3.與公司關係(請輸入本公司或子公司):本公司 4.相互持股比例:不適用 5.發生緣由:公告本公司2018年第2季自結合併損益 6.因應措施:無 7.其他應敘明事項: 一、2018年第2季自結合併損益與2018年第1季比較： (一)2018年第2季營業額與2018第1季比較成長0.7％。 1.售量方面：不利24.3億元，其中： (1)台化：減少8.5億元 主要ARO-3廠工檢影響，萃餘油等回售台塑化減少16億元；PTA-1定檢及PTA-3無煙 改善工程，產銷量減少4.5億元；PIA供應寬鬆，客戶以剛性買料為主，銷售減少 2.8億元；苯酚、PP需求減緩，銷售較少3.6億元。另PS、ABS下游補庫存提貨增加 ，影響7.3億元；PX、丙酮調節庫存銷售增加6.6億元；SM轉運寧波自用減少，外 售增加5.1億元。 (2)台化出光：減少10.2億元 配合年度檢修，減少銷售累積庫存。 (3)台灣醋酸：減少6.3億元 醋酸廠CO吸附單元運轉效率降低，產銷量減少。 (4)台化寧波：減少4.2億元 主要受苯酚、NB3機組定檢及PTA技改工程影響，產銷量減少15.2億元。另PS、ABS 下游補庫存提貨增加11億元。 (5)福懋：增加4.1億元 主要係第二季為成衣訂單出貨旺季。 2.售價方面：有利31.7億元，其中台化增加16.1億元、福懋增加6.0億元、FIC增加 4.5億元：受油價震盪走高影響，帶動主要石化品及塑料價格，每噸均價PX+50美元 、苯酚+52美元、PTA+42美元、SM+28美元、PS+30美元，僅丙酮因大陸環保嚴查， 需求走弱，及PIA同業供給增加壓抑價格。 (二)2018年第2季合併稅前淨利197.7億元，與2018年第1季比較增加36.4億元；其中 營業利益減少16.1億元，衰退13.3%，營業外利益增加52.5億元，主要原因： 1.營業利益減少16.1億元： 主要油價第2季震盪走高，墊高原料成本，加上第2季ARO-3廠工檢、PTA-1定檢，及 PTA-3廠進行環保改善工程，導致營業利益減少。 2.合併營業外淨收益增加52.5億元，其中： (1)權益法投資收益增加18.9億元，主要係塑化增加14.4億元、重工增加1.7億元、 麥電1.3億元。 (2)現金股利增加12.8億元，其中南亞科12.3億元。 (3)出售土地利益增加8.7億(福懋出售斗南北銘段土地) (4)兌換盈餘增加6.7億元(6.9億元/Q2；0.2億元/Q1) (三)2018年第2季歸屬母公司稅後利益為143億2,037萬元，每股稅後盈餘2.46元， 比2018年第1季每股稅後盈餘2.22元，增加0.24元，成長10.8%，已經連續四個季 度稅後EPS在2元以上。 二、2018年上半年自結合併損益與2017年上半年比較：",https://mops.twse.com.tw/mops/#/web/t05st01,8562721b89bd01d6419724faf049a548278f30674cd51d3df3c3292b33942d36,0
1326,107,08,107/08/06,13:30:51,2018-08-06 13:30:51,公告本公司2018年7月合併營業額,capital_change,,,,,,False,True,False,False,"1.事實發生日:107/08/06 2.公司名稱:臺灣化學纖維股份有限公司 3.與公司關係(請輸入本公司或子公司):本公司 4.相互持股比例:不適用 5.發生緣由:公告本公司2018年7月合併營業額34,294,487仟元 6.因應措施:無 7.其他應敘明事項: 一、2018年7月合併營業額與2018年6月比較： (一)與2018年6月比較成長1.1％，其中量差增加6.9億元，售價差減少3.3億元。 (二)售量方面： 1.台化：減少3.9億元 主要係ARO-2廠7/11開始，進行50天定檢，產銷量減少3萬噸，影響9.3億元；SM寧波自 用增加外售減少1.9億元。另6月PTA-1定檢、PTA-3無煙改善工程完成，及苯酚本月份生 產日數多一天，影響2.8億元；PIA、PS售價走低，下游買盤意願提高，影響2.3億元。 2.台化寧波：增加13.2億元 主要6月PTA定檢及技改完成初期積累庫存，本月產銷正常，影響8.4億元；PS、ABS售價 走低，下游逢低補庫存訂單增加，及苯酚生產日數多一天，影響4.3億元。 3.台灣醋酸：增加1.2億元 預期行情下修，加強銷售。 4.FIC：減少2.9億元 主要VN3機組7/1~8/10定檢，發電量減少所致。 (三)售價方面： 主要SM行情自高點USD1,605元/噸下修，PS、ABS成本支撐減弱，苯酚、丙酮、PIA則供 應寬鬆行情走跌；另油價上漲推升原料行情PX、PP跟漲，PTA受下游聚酯高開動率影響 ，補庫存需求帶動價格上漲。 二、2018年7月合併營業額與2017年7月比較： (一)與2017年7月比較成長17.4％，其中量差減少1.4億元，售價差增加52.3億元。 (二)售量方面： 1.台化：減少5.0億元 主要係ARO-2廠定檢，產銷量減少影響14.3億元；PIA市場供過於求行情下跌，客戶購料 以剛需補備為主，銷售減少1.3億元。另去年SM-3廠、PP第3系列定檢產銷量減少，今年 產銷正常，銷售增加8.4億元；PTA下游聚酯維持高開動率提貨增加、ABS行情平穩，銷 售合計增加1.3億元。 2.台化出光：減少3.5億元 主要受PC廠定檢影響，產銷量減少。 3.台化寧波：增加6.3億元 主要PS今年4月去瓶頸後，產銷量增加7,300噸，影響3.2億元，PTA下游聚酯維持高開動 率提貨增加，ABS買方採購意願增強，及NB2機組運轉時數增加，共影響3.1億元。 4.福懋：增加1.4億元 服飾消費市場景氣持續回溫，整體銷售量略增。 (三)售價方面： 台化增加30.2億元、寧波增加9.5億元、FIC增加4.3億元、福懋增加3.4億元、出光增加 2.9億元、醋酸1.5億元：主要油價較去年同期高，以及需求增加支撐售價，僅PIA、丙酮 因供給增加行情走弱。 ",https://mops.twse.com.tw/mops/#/web/t05st01,12457d6a680e599d1fdb4758fa6e8aae32158817e9898c31275b9a1378733fc2,0
1326,107,09,107/09/06,13:31:43,2018-09-06 13:31:43,公告本公司2018年8月合併營業額,capital_change,,,,,,False,True,False,False,"1.事實發生日:107/09/06 2.公司名稱:臺灣化學纖維股份有限公司 3.與公司關係(請輸入本公司或子公司):本公司 4.相互持股比例:不適用 5.發生緣由:公告本公司2018年8月合併營業額36,401,692仟元 6.因應措施:無 7.其他應敘明事項: 一、2018年8月合併營業額與2018年7月比較： (一)與2018年7月比較成長6.1％，其中量差增加6.7億元，售價差增加14.4億元。 (二)售量方面： 1.台化：增加0.4億元 主要係7月PTA-1定檢、PTA-3無煙改善工程陸續完成，8月產銷量提升，影響3.4億元； SM寧波自用減少外售增加2.1億元。另PP#3系列更換製程設備，產銷量減少2.1億元； ARO-2廠7/11～8/29進行定檢，產銷量減少2億元；PIA市場供應寬鬆，ABS行情回跌， 買氣均以剛需補備為主，共影響1.1億元。 2.台化出光：增加6.2億元 PC廠7月中旬檢修完成，8月全產全銷，銷售量增加。 3.台灣醋酸：增加1.5億元 醋酸廠CO吸附單元更換完成，效率提升產銷量增加。 4.台化寧波：減少2.1億元 主要PS、ABS行情回跌買氣以剛需為主，影響2.9億元，PTA庫存偏低減少銷售積累庫存 ，影響1.3億元；另苯酚市況佳，增加銷售影響1.5億元。 (三)售價方面： PTA受下游聚酯補庫存需求帶動價格上漲，PX連帶受惠，行情能否持續尚需觀察；SM、 苯酚、丙酮則受同業異常檢修推升行情；PS、ABS因家電庫存增加，及經濟前景不明， 僅剛需支撐售價；PC、PIA因供應寬鬆行情走跌。 二、2018年8月合併營業額與2017年8月比較： (一)與2017年8月比較成長23.9％，其中量差增加6.4億元，售價差增加63.8億元。 (二)售量方面： 1.台化：減少1.5億元 主要ARO-2廠自7月開始50天定檢，產銷量減少影響10.6億元；PS、ABS行情較去年走跌 、PIA市場供給寬鬆，客戶均以剛需補備為主，銷售減少4.1億元。另去年SM-3廠定檢剛 結束初期產量較少、PP#3系列整月定檢中，今年產銷正常，增加8.8億元；PTA因下游聚 酯維持高開動率提貨增加、R棉加強外銷，合計增加4.4億元。 2.台化寧波：增加2.7億元 主要苯酚市況佳，銷售增加1.3億元，及NB2機組運轉時數增加，影響1.2億元。 3.FIC：增加1.7億元 主要SPP粒美、日用戶轉單越南，越電調度量增加所致。 4.福懋(科)：增加1.7億元 品牌服飾訂單增加，及20奈米晶粒代工量增加所致。 5.台化出光：增加1.2億元 PC廠今年定檢安排於6~7月，去年為9~10月所致。 6.台灣醋酸：增加1.2億元 醋酸廠去年9月定檢前減量銷售，今年產銷正常。 (三)售價方面，售價差增加63.8億元： 除油價較去年同期高外，聚酯高開動率、BPA/PC新產能投產，及SM",https://mops.twse.com.tw/mops/#/web/t05st01,5f222b69214444b61372d2965d705facf88a5b177cb9857e76e3d87d76ea1210,0
1326,115,03,115/03/06,13:30:10,2026-03-06 13:30:10,公告本公司2026年2月合併營業額,capital_change,,,,,,False,True,False,False,"1.事實發生日:115/03/06 2.公司名稱:臺灣化學纖維股份有限公司 3.與公司關係(請輸入本公司或子公司):本公司 4.相互持股比例:不適用 5.發生緣由:公告本公司2026年2月合併營業額22,981,250千元 6.因應措施:無 7.其他應敘明事項(若事件發生或決議之主體係屬公開發行以上公司，本則重大訊息同時 符合證券交易法施行細則第7條第9款所定對股東權益或證券價格有重大影響之事項): 一、2026年2月合併營業額與2026年1月比較： (一)2026年2月合併營業額229億8,125萬元，與2026年1月250億4,001萬元比較，減少 20.6億元，減少8.2％，其中量差減少29.6億元，售價差增加9億元。 (二)售量方面： 1.台化：減少4.3億元 2月營業天數減少及並適逢春節假期，影響SM、苯酚、PTA、PS、ABS、PP，合計減少 10.8億元；因製程投入原料組成變化，萃餘油回售台塑化減少2.7億元。另PX市況改 善，增加外售10.8億元。 2.台化寧波：減少13億元 營業天數減少及春節假期影響，客戶用料需求降低，影響PTA、PS、ABS、丙酮合計減 少12.1億元。 3.其他子公司： 主要受春節假期影響，福懋減少6.1億元、台灣醋酸減少1.5億元、台化出光減少1.2億 元；越南FIC聚酯絲及棉紗銷售減少1.4億元，發電機組配合國家電網調度運轉時數減 少1.2億元。 (三)售價方面： 受美伊等地緣政治風險升溫影響，原油價格上漲推動PX、酚酮、PTA、SM、PS、ABS行 情上揚。 二、2026年2月合併營業額與2025年2月比較： (一)206年2月合併營業額229億8,125萬元，與2025年2月271億4,349萬元比較，減少 41.6億元，減少15.3％，其中量差減少19.8億元，售價差減少21.8億元。 (二)售量方面： 1.台化：減少0.6億元 受2月春節假期、下游客戶復工進度較晚及同業新產能加入等影響，PTA、PS、ABS、PP ，合計減少9.4億元；OX市況不佳，減少銷售4.6億元；萃餘油回售台塑化減少3.9億元 ；酚酮下游客戶設備定檢，需求降低調降開動，產銷減少3億元。另PX、SM行情上揚利 差改善，合計增加銷售20.5億元。 2.台化寧波：減少9億元 逢春節客戶用料需求減少及新產能加入等影響，PTA、PS、ABS，合計減少9.2億元。 3.其他子公司： 受春節影響營業天數及需求減少，福懋減少6.5億元、越南FIC減少2.1億元、台化出光 減少1.1億元。 (三)售價方面： 近期原油價格上漲但仍低於去年，影響石化塑膠原料成本支撐較弱，且整體市況維持 供過於求，加上同業競銷、客戶減產按需採購等影響，產品價格下跌。 ",https://mops.twse.com.tw/mops/#/web/t05st01,8a6ac5ba11eb1fdc25d36fb903ff1e3eaef0a1b5c32f3c173cd3be183b912449,0
1326,115,03,115/03/10,16:26:24,2026-03-10 16:26:24,本公司114年合併財務報告業經董事會決議通過,capital_change,,,,,,False,False,False,False,"1.提報董事會或經董事會決議日期:115/03/10 2.審計委員會通過日期:115/03/10 3.財務報告或年度自結財務資訊報導期間 起訖日期(XXX/XX/XX~XXX/XX/XX):114/01/01~114/12/31 4.1月1日累計至本期止營業收入(仟元):287,033,924 5.1月1日累計至本期止營業毛利(毛損) (仟元):9,326,951 6.1月1日累計至本期止營業利益(損失) (仟元):-4,043,825 7.1月1日累計至本期止稅前淨利(淨損) (仟元):-5,007,647 8.1月1日累計至本期止本期淨利(淨損) (仟元):-5,770,784 9.1月1日累計至本期止歸屬於母公司業主淨利(損) (仟元):-5,797,137 10.1月1日累計至本期止基本每股盈餘(損失) (元):-0.99 11.期末總資產(仟元):538,941,986 12.期末總負債(仟元):157,840,109 13.期末歸屬於母公司業主之權益(仟元):345,866,503 14.其他應敘明事項:無 ",https://mops.twse.com.tw/mops/#/web/t05st01,ccf0277cc17873ad1f671e1d97c48e266ff71287950042e2338d90b6603f616e,0
1326,115,03,115/03/10,16:27:17,2026-03-10 16:27:17,公告本公司董事會決議股利分派,capital_change,,,,,,False,False,False,False,"1. 董事會決議日期：115/03/10 2. 股利所屬年(季)度：114年 年度 3. 股利所屬期間：114/01/01 至 114/12/31 4. 股東配發內容： (1)盈餘分配之現金股利(元/股)：0.60000000 (2)法定盈餘公積發放之現金(元/股)：0 (3)資本公積發放之現金(元/股)：0 (4)股東配發之現金(股利)總金額(元)：3,516,711,775 (5)盈餘轉增資配股(元/股)：0 (6)法定盈餘公積轉增資配股(元/股)：0 (7)資本公積轉增資配股(元/股)：0 (8)股東配股總股數(股)：0 5. 其他應敘明事項： 無 6. 普通股每股面額欄位：新台幣10.0000元",https://mops.twse.com.tw/mops/#/web/t05st01,4e72848022bdffa8a4519d02d5d5a4327832f41950b021b520f580fa8869d51a,0
1326,115,03,115/03/18,14:57:43,2026-03-18 14:57:43,本公司114年度自結合併損益與會計師查核差異說明,capital_change,,,,,,False,True,False,False,1.事實發生日: 20260318 2.與公司關係(請輸入本公司或聯屬公司):本公司 3.相互持股比例:不適用 4.發生緣由: 自結損益與會計師查核差異說明，主要係調整母子公司交易沖銷差異數。 5.因應措施: 主要係調整母子公司 交易沖銷差異數。 6.其他應敘明事項:無,https://mops.twse.com.tw/mops/#/web/t05st01,15fada26b5837ca645400961840d2707cddf3f5d5576ce317c953c96ae628eb9,0
1326,115,04,115/04/10,13:30:09,2026-04-10 13:30:09,公告本公司2026年3月合併營業額,capital_change,,,,,,False,True,False,False,"1.事實發生日:115/04/10 2.公司名稱:臺灣化學纖維股份有限公司 3.與公司關係(請輸入本公司或子公司):本公司 4.相互持股比例:不適用 5.發生緣由:公告本公司2026年3月合併營業額33,728,547千元 6.因應措施:無 7.其他應敘明事項(若事件發生或決議之主體係屬公開發行以上公司，本則重大訊息同時 符合證券交易法施行細則第7條第9款所定對股東權益或證券價格有重大影響之事項): 一、2026年3月合併營業額與2026年2月比較： (一)2026年3月合併營業額337億2,855萬元，與2026年2月229億8,125萬元比較，增加 107.5億元，成長46.8％，其中量差增加47.1億元，售價差增加60.4億元。 (二)售量方面： 1.台化：增加16.9億元 上月營業天數較少且適逢春節，本月客戶陸續復車，影響SM、酚酮、PTA、PS、ABS、 PP合計增加13.4億元；因製程投入原料組合變化，萃餘油回售台塑化增加2.6億元。 2.台化寧波：增加14.2億元 營業天數增加及節後增補庫存需求提升，影響酚酮、PTA、PS、ABS合計增加10.6億元 ；萃餘油產銷調節增加外售2.4億元。 3.其他子公司： 福懋公司增加7.9億元，主要係長纖布出貨旺季銷售增加，及營業天數增加影響油品售 量提升。越南FIC公司增加5.6億元，主要係發電機組運轉時數配合國家電網調度，及 營業天數增加影響SPP粒、耐隆粒及紡纖產品銷售增加。 (三)售價方面： 受美國、以色列對伊朗軍事衝突影響，原油行情大幅上漲，帶動石化塑膠產品價格跟 漲。 二、2026年3月合併營業額與2025年3月比較： (一)206年3月合併營業額337億2,855萬元，與2025年3月277億4,673萬元比較，增加 59.8億元，成長21.6％，其中量差增加20.3億元，售價差增加39.5億元。 (二)售量方面： 1.台化：增加16.3億元 PX價格上漲加工利差改善，產銷增加13.2億元；SM、酚酮去年安排定檢產銷量減少， 今年產銷正常增加12.3億元。另 OX、PTA、PIA因下游市況不佳客戶減產，影響銷售 減少7.7億元。 2.台化寧波：增加3.3億元 萃餘油產銷調節增加外售2.8億元；苯酚、PS、ABS、PIA行情上漲，增加銷售改善獲 利，影響2.7億元。另PTA原料價格大幅上漲，但下游市況不佳，客戶保守謹慎致成本 無法順利轉嫁，銷售減少2.9億元。 (三)售價方面： 美伊戰爭導致部分石化能源設施受損，荷姆茲海峽航線封鎖等，供需失衡影響原油及 石化塑膠產品價格大漲。 ",https://mops.twse.com.tw/mops/#/web/t05st01,c1ba8fc8f0ce53ba92c0628b8727aab74452bb0c9b755365f7980236b4aa1f49,0
1326,115,04,115/04/10,13:30:45,2026-04-10 13:30:45,公告本公司2026年第一季自結合併損益,capital_change,,,,,,False,True,False,False,"1.事實發生日:115/04/10 2.公司名稱:臺灣化學纖維股份有限公司 3.與公司關係(請輸入本公司或子公司):本公司 4.相互持股比例:不適用 5.發生緣由:公告本公司2026年第一季自結合併損益 6.因應措施:無 7.其他應敘明事項(若事件發生或決議之主體係屬公開發行以上公司，本則重大訊息同時 符合證券交易法施行細則第7條第9款所定對股東權益或證券價格有重大影響之事項): 一、2026年第1季自結合併損益與2025年第4季比較： (一)2026年第1季合併營業額817億4,981萬元，與2025年第4季比較增加167.5億元， 成長25.8％，其中量差增加55.1億元，售價差增加112.4億元。 1.售量方面： (1)台化：增加42.2億元 PX行情上漲加工利差改善，提高開動及萃餘油回售台塑化增加，合計影響35億元；去 年麥寮SM定檢，今年生產正常，銷售增加15.6億元；苯酚下游客戶開動提升，銷售增 加3.1億元。另OX利潤不佳，減少產銷量6.1億元；PTA受春節假期影響，客戶減產停工 ，銷售減少5億元。 (2)其他子公司： 越南FIC增加4億元，主要係機組運轉時數增加，及SPP粒銷售增加。福懋增加4.4億元 ，主要長纖布進入秋冬訂單出貨旺季。台化出光增加2.4億元及台灣醋酸增加2.1億元 ，主要原油價格急漲拉抬產品行情，客戶補貨需求增加。 2.售價方面： 3月伊朗與周邊中東國家持續發生軍事攻擊，原油供應短缺行情大漲，並帶動石化塑膠 產品價格跟漲。 (二)2026年第1季合併稅前利益73億元與2025年第4季比較，增加71.4億元，主要為： 1.營業利益增加40.1億元： 本季芳香烴產品加工利差逐步改善，適時提升產銷量爭取利益，且3月美伊戰事發生後 ，原油及石化塑膠產品價格大漲，為降低未來行情反轉的影響，謹慎操作擇優接單， 加上庫存成本相對較低，致營業利益明顯提升。 2.合併營業外淨收益增加31.3億元： (1)權益法投資收益增加30.9億元，主要塑化增加33.4億元，麥寮汽電減少2.8億元。 (三)2026年第1季歸屬母公司稅後利益為62億4,667萬元，每股稅後盈餘1.07元， 比2025年第4季增加1.12元/股。 二、2026年第1季自結合併損益與2025年第1季比較： (一)2026年第1季合併營業額817億4,981萬元，與2025年第1季比較增加28.4億元， 成長3.6％，其中量差增加44.7億元，售價差減少16.3億元。 1.售量方面： (1)台化：增加45.3億元 PX及SM加工效益改善增加開動，影響67.3億元；麥寮合成酚廠去年安排定檢，今年產 銷正常，酚酮合計增加5.4億元。另OX利益不佳且客戶降載，產銷減少13.8億元；PS、 PP持續精實化產銷調節，減少9.2億元；PTA下游市況不佳，客戶降載影響產銷減少 4.5億元。 (",https://mops.twse.com.tw/mops/#/web/t05st01,9a842e53604b9567915029da7804e5c8a88de16c4dd2a8dfdb32ec9fae41ddcd,0
1326,115,05,115/05/07,13:30:06,2026-05-07 13:30:06,公告本公司2026年4月合併營業額,capital_change,,,,,,False,True,False,False,"1.事實發生日:115/05/07 2.公司名稱:臺灣化學纖維股份有限公司 3.與公司關係(請輸入本公司或子公司):本公司 4.相互持股比例:不適用 5.發生緣由:公告本公司2026年4月合併營業額32,101,065千元 6.因應措施:無 7.其他應敘明事項(若事件發生或決議之主體係屬公開發行以上公司，本則重大訊息同時 符合證券交易法施行細則第7條第9款所定對股東權益或證券價格有重大影響之事項): 一、2026年4月合併營業額與2026年3月比較： (一)2026年4月合併營業額321億107萬元，與2026年3月337億2,855萬元比較， 減少16.3億元，減少4.8％，其中量差減少49.2億元，售價差增加32.9億元。 (二)售量方面： 1.台化：減少36.7億元 ARO-3廠進行年度檢修，PX及萃餘油回售台塑化，合計減少25.3億元；SM安排5月定檢， 減量銷售備庫存，減少5.3億元；酚酮、PTA、PS、ABS因成本上漲推升價格，下游部分 客戶觀望或減產等因素，合計減少4.7億元。 2.台化寧波：減少9.9億元 主要係PS、ABS行情高漲後，下游客戶難以轉嫁成本，採購動能萎縮，影響市況滑落， 擇優接單減少7.3億元；萃餘油配合庫存產銷調節，減少外售3億元。 (三)售價方面： 受中東軍事衝突尚未完成停戰協議影響，荷姆茲海峽持續封鎖，原油行情維持高點， 帶動石化塑膠產品價格跟漲。 二、2026年4月合併營業額與2025年4月比較： (一)206年4月合併營業額321億107萬元，與2025年4月250億3,360萬元比較， 增加70.7億元，成長28.2％，其中量差減少9.8億元，售價差增加80.5億元。 (二)售量方面： 1.台化：減少1.1億元 OX及PTA因下游客戶市況不佳減產停車，影響提貨量減少7.2億元；PS、ABS推動精實生 產，減少2.2億元。另 SM、酚酮去年安排定檢，今年穩定生產，增加8.9億元。 2.台化寧波：減少8.3億元 ABS因同業增產行情大幅波動，及PTA客戶無法順利轉嫁原料成本安排減產，買氣縮手 影響銷售減少6.3億元；萃餘油配合庫存產銷調節，減少外售2.8億元。 3.其他子公司：越南FIC增加2億元，主要係SPP粒拓展工業規格，優化產品組合並爭取 流失客戶回購。台化出光PC行情上漲，客戶採購意願降低，減少0.8億元。 (三)售價方面： 美以伊戰爭導致部分石化能源設施受損，荷姆茲海峽航線封鎖等，供需失衡影響原油 及石化塑膠產品價格大漲。 ",https://mops.twse.com.tw/mops/#/web/t05st01,b9eaaa7ba761e3adca7b7677102dc53c54f5d9acf41b79fb70876beeffb53e6e,0
1326,115,05,115/05/08,15:56:36,2026-05-08 15:56:36,本公司115年第1季合併財務報告業經董事會決議通過,capital_change,,,,,,False,False,False,False,"1.提報董事會或經董事會決議日期:115/05/08 2.審計委員會通過日期:115/05/08 3.財務報告或年度自結財務資訊報導期間 起訖日期(XXX/XX/XX~XXX/XX/XX):115/01/01~115/03/31 4.1月1日累計至本期止營業收入(仟元):81,749,811 5.1月1日累計至本期止營業毛利(毛損) (仟元):6,327,773 6.1月1日累計至本期止營業利益(損失) (仟元):3,120,431 7.1月1日累計至本期止稅前淨利(淨損) (仟元):7,294,502 8.1月1日累計至本期止本期淨利(淨損) (仟元):6,534,544 9.1月1日累計至本期止歸屬於母公司業主淨利(損) (仟元):6,245,039 10.1月1日累計至本期止基本每股盈餘(損失) (元):1.07 11.期末總資產(仟元):581,165,153 12.期末總負債(仟元):170,197,763 13.期末歸屬於母公司業主之權益(仟元):373,639,435 14.其他應敘明事項:無 ",https://mops.twse.com.tw/mops/#/web/t05st01,1dde6f4aa887fccc09f2acb1b87b18c74234415f5c29f0d4c2d0b6d325487d43,0
1326,115,05,115/05/27,15:54:16,2026-05-27 15:54:16,公告本公司分派現金股利基準日,distribution,0.6,2026-06-24,2026-07-28,,,False,False,False,False,1.董事會、股東會決議或公司決定日期:115/05/27 2.除權、息類別（請填入「除權」、「除息」或「除權息」）:除息 3.普通股發放股利種類及金額:每股分派新台幣0.6元 4.除權（息）交易日:115/06/24 5.最後過戶日:115/06/25 6.停止過戶起始日期:115/06/26 7.停止過戶截止日期:115/06/30 8.除權（息）基準日:115/06/30 9.債券最後申請轉換日期:不適用 10.債券停止轉換起始日期:不適用 11.債券停止轉換截止日期:不適用 12.普通股現金股利發放日期:115/07/28 13.其他應敘明事項:無 ,https://mops.twse.com.tw/mops/#/web/t05st01,688f30d47441a10e879909fc771092eda0a0ff3f0085a849aa11eb1f833a17c0,0
1326,115,06,115/06/08,13:30:16,2026-06-08 13:30:16,公告本公司2026年5月合併營業額,capital_change,,,,,,False,True,False,False,"1.事實發生日:115/06/08 2.公司名稱:臺灣化學纖維股份有限公司 3.與公司關係(請輸入本公司或子公司):本公司 4.相互持股比例:不適用 5.發生緣由:公告本公司2026年5月合併營業額27,386,895千元 6.因應措施:無 7.其他應敘明事項(若事件發生或決議之主體係屬公開發行以上公司，本則重大訊息同時 符合證券交易法施行細則第7條第9款所定對股東權益或證券價格有重大影響之事項): 一、2026年5月合併營業額與2026年4月比較： (一)2026年5月合併營業額273億8,690萬元，與2026年4月321億107萬元比較， 減少47.1億元，減少14.7％，其中量差減少43.1億元，售價差減少4億元。 (二)售量方面： 1.台化：減少36.8億元 麥寮ARO-3廠、SM-2廠安排年度定檢，影響PX、SM外售及萃餘油回售台塑化，合計減 少26億元；PS、ABS、PP下游客戶因價高無法轉嫁或行情變動快速，普遍觀望並按剛 需採購，合計減少8.5億元。 2.台化寧波：減少5.4億元 PTA-6廠安排定檢影響產銷量減少5.2億元；PS、ABS、PIA客戶無法順利轉嫁高價原料 成本或期待行情續跌，採購心態保守，影響銷售減少3.9億元。另苯酚及萃餘油配合 市況及庫存，增加外售3.6億元。 3.其他子公司：福懋減少1.3億元，主要係受地緣政治及關稅風險等影響，長纖品牌 客戶下單保守所致。另台灣醋酸配合客戶船期，部分訂單延後至5月交運，增加2.3 億元。 (三)售價方面： 受美伊和談進展反覆影響，油價震盪偏弱，客戶謹慎下單，部分同業削價競爭等因素 ，影響石化塑膠產品售價弱勢走跌。 二、2026年5月合併營業額與2025年5月比較： (一)206年5月合併營業額273億8,690萬元，與2025年5月237億2,126萬元比較， 增加36.7億元，成長15.5％，其中量差減少40.4億元，售價差增加77.1億元。 (二)售量方面： 1.台化：減少28億元 市況不佳影響客戶降載停車並按需採購，及推動精實生產等因素，OX、酚酮、PTA 、PIA、PS、ABS、PP，合計減少14.7億元；ARO-3廠進行年度檢修，PX及萃餘油回售 台塑化，合計減少11.8億元。 2.台化寧波：減少11.6億元 ABS推動精實生產及行情下跌客戶觀望，銷售減少6.3億元；PTA-6安排定檢影響產銷 量減少4.1億元；PIA客戶無法順利轉嫁高價原料，設備降載需求減少，影響2.1億元。 3.福懋公司：減少1.3億元 主要係受通膨及地緣政治風險影響，長纖品牌客戶下單減少及汽柴油等油品價格偏高 ，市場消費保守所致。 (三)售價方面： 美以伊戰爭導致中東地區部分石化能源設施受損，及荷姆茲海峽航線封鎖，影響油價 及原料行情上漲，帶動產品售價跟漲。 ",https://mops.twse.com.tw/mops/#/web/t05st01,a41dbd1f02bee7629c652eb0a5cdb63d9644da9377a1d7e0bd184a3ed05823ba,0
1326,115,06,115/06/08,13:38:09,2026-06-08 13:38:09,代子公司台化投資(開曼)公司公告董事會決議發放股利,distribution,,,,,,False,True,False,False,"1.董事會決議日期:115/06/08 2.發放股利種類及金額:現金股利人民幣213,035,389元 3.其他應敘明事項:無 ",https://mops.twse.com.tw/mops/#/web/t05st01,c1bbedbf415a14c31861b381682fb96cf3a8de008459ec4e07685fdd1c28a63b,0
1326,115,06,115/06/08,13:38:30,2026-06-08 13:38:30,"代子公司台化興業(寧波)有限公司公告
董事會決議不發放股利",distribution,,,,,,False,True,False,False,1.董事會決議日期:115/06/08 2.發放股利種類及金額:董事會決議不發放股利 3.其他應敘明事項:無 ,https://mops.twse.com.tw/mops/#/web/t05st01,30e92b417224bb98d80aa459a2604cc444279f0d4c06faa3b8428279118346d1,0
1402,105,03,105/03/25,19:33:48,2016-03-25 19:33:48,本公司董事會決議發放股利內容,capital_change,,,,,,False,False,False,False,"1. 董事會決議日期：2016/03/25 2. 股東配發內容： (1)盈餘分配之現金股利(元/股)：1.00000000 (2)法定盈餘公積、資本公積發放之現金(元/股)：0 (3)股東配發之現金(股利)總金額(元)：5,352,875,227 (4)盈餘轉增資配股(元/股)：0 (5)法定盈餘公積、資本公積轉增資配股(元/股)：0 (6)股東配股總股數(股)：0 3. 其他應敘明事項： 1.惟本公司於除息基準日前因依證券交易法第28條之2及其他法令規定，而影響流通在外 股數時，擬由董事會依本次盈餘分配案決議之現金股利之金額，按除息基準日實際流通 在外股數，調整股東配息率。 2.擬由本次董事會授權董事長於股東常會通過後，另訂定除息基準日分配之。 4. 普通股每股面額欄位：新台幣 10.0000元",https://mops.twse.com.tw/mops/#/web/t05st01,5ff35259c8f0e923f97d8f5a8e6a152abb389c8a0a8fdc16d2c59fd6a6150da3,0
1409,107,08,107/08/10,16:46:43,2018-08-10 16:46:43,本公司董事會決議配發106年度現金股利之除息基準日,distribution,0.50,2018-08-28,,,,False,False,False,False,"1.董事會、股東會決議或公司決定日期:107/08/10 2.除權、息類別（請填入「除權」、「除息」或「除權息」）:除息 3.發放股利種類及金額:普通股現金股利新台幣809,204,646元，每股配發0.50元 4.除權（息）交易日:107/08/28 5.最後過戶日:107/08/29 6.停止過戶起始日期:107/08/30 7.停止過戶截止日期:107/09/03 8.除權（息）基準日:107/09/03 9.其他應敘明事項:現金股利發放日訂於107年09月21日。 ",https://mops.twse.com.tw/mops/#/web/t05st01,2d0aef8df8a7c3a7cba41c2335b725009ff9a9867ae7efe4ada244ef67031907,0
1476,108,06,108/06/19,08:52:32,2019-06-19 08:52:32,公告本公司訂定108年現金股利除息基準日,distribution,11,2019-07-11,,,,False,False,False,False,"1.董事會、股東會決議或公司決定日期:108/06/19 2.除權、息類別（請填入「除權」、「除息」或「除權息」）:除息 3.發放股利種類及金額: 現金股利：每股分派新台幣11元，合計新台幣3,018,038,221元 4.除權（息）交易日:108/07/11 5.最後過戶日:108/07/12 6.停止過戶起始日期:108/07/13 7.停止過戶截止日期:108/07/17 8.除權（息）基準日:108/07/17 9.其他應敘明事項:無 ",https://mops.twse.com.tw/mops/#/web/t05st01,efe906f04d3898e80f908a3a14b72f468606f533b12c54cdb6821c59f9850109,0
1477,108,04,108/04/16,14:05:36,2019-04-16 14:05:36,公告本公司108年3月份自結合併稅前淨利,capital_change,,,,,,False,True,False,False,"1.事實發生日:108/04/16 2.公司名稱:聚陽實業股份有限公司 3.與公司關係(請輸入本公司或子公司):本公司 4.相互持股比例:不適用 5.發生緣由:無 6.因應措施:不適用 7.其他應敘明事項:本公司自結合併營收及獲利情形如下: (1)108年1-3月份合併營收為6,719,575仟元,較去年同期5,131,088仟元成長30.96%。 (2)108年3月份稅前淨利為245,105仟元,累積1-3月份稅前淨利為627,222仟元,較 去年同期406,651仟元成長54.24%。 (3)以目前加權平均股數2.09億股計算之稅前每股盈餘為3.00元。 ",https://mops.twse.com.tw/mops/#/web/t05st01,8a4c87605a93d5b44eec7ad2febd8c8d3af263dfdf34857a211901c80f6ac918,0
1477,108,05,108/05/14,14:07:25,2019-05-14 14:07:25,公告本公司108年4月份自結合併稅前淨利,capital_change,,,,,,False,True,False,False,"1.事實發生日:108/05/14 2.公司名稱:聚陽實業股份有限公司 3.與公司關係(請輸入本公司或子公司):本公司 4.相互持股比例:不適用 5.發生緣由:無 6.因應措施:不適用 7.其他應敘明事項:本公司自結合併營收及獲利情形如下: (1)108年1-4月份合併營收為8,538,581仟元,較去年同期6,748,872仟元成長26.52%。 (2)108年4月份稅前淨利為130,659仟元,累積1-4月份稅前淨利為757,881仟元,較 去年同期499,749仟元成長51.65%。 (3)以目前加權平均股數2.09億股計算之稅前每股盈餘為3.62元。 ",https://mops.twse.com.tw/mops/#/web/t05st01,cc8c515b03cb6a60939e959c6368705beade3efe117b8d723bef8bc1ca087e1c,0
1477,108,06,108/06/13,14:58:25,2019-06-13 14:58:25,公告本公司108年5月份自結合併稅前淨利,capital_change,,,,,,False,True,False,False,"1.事實發生日:108/06/13 2.公司名稱:聚陽實業股份有限公司 3.與公司關係(請輸入本公司或子公司):本公司 4.相互持股比例:不適用 5.發生緣由:無 6.因應措施:不適用 7.其他應敘明事項:本公司自結合併營收及獲利情形如下: (1)108年1-5月份合併營收為10,601,324仟元,較去年同期8,219,036仟元成長28.99%。 (2)108年5月份稅前淨利為138,476仟元,累積1-5月份稅前淨利為896,357仟元,較 去年同期582,807仟元成長53.80%。 (3)以目前加權平均股數2.09億股計算之稅前每股盈餘為4.28元。 ",https://mops.twse.com.tw/mops/#/web/t05st01,4c7c11cb9192dea4b4cd0679584f58df862a103afa4b2ad7d89e709d567e7960,0
1477,108,06,108/06/26,16:11:03,2019-06-26 16:11:03,公告本公司董事會決議訂定除權息基準日,capital_change,7.1,2019-07-22,,,,False,False,False,False,"1.董事會、股東會決議或公司決定日期:108/06/26 2.除權、息類別（請填入「除權」、「除息」或「除權息」）:除權息 3.發放股利種類及金額:分派普通股股票股利 104,693,610元(每仟股無償配發50股)及 現金股利1,486,649,262元(每股7.1元) 4.除權（息）交易日:108/07/22 5.最後過戶日:108/07/23 6.停止過戶起始日期:108/07/24 7.停止過戶截止日期:108/07/28 8.除權（息）基準日:108/07/28 9.其他應敘明事項: (1)本次盈餘分配案及增資案如因本公司普通股股數發生變動，發放比例因而發生變動 而需修正時由董事長全權處理。 (2)配發不足壹股之畸零股，得由股東自行於停止過戶日起五日內，向本公司股務代理機 構辦理拼湊整股之登記，拼湊不足壹股之畸零股，依法改發現金計算至元為止，並授權 董事長洽特定人按面額認購之。 (3)現金股利按分配比例計算至元為止，元以下捨去，配發不足一元之畸零款合計數列入 公司之其他收入。匯費及郵資由股東自行負擔。 ",https://mops.twse.com.tw/mops/#/web/t05st01,f1c180dc718a8901227e5a95af6716943bedfa841e3964549aec3e8f69b6e2df,0
1477,108,07,108/07/16,14:01:22,2019-07-16 14:01:22,公告本公司108年6月份自結合併稅前淨利,capital_change,,,,,,False,True,False,False,"1.事實發生日:108/07/16 2.公司名稱:聚陽實業股份有限公司 3.與公司關係(請輸入本公司或子公司):本公司 4.相互持股比例:不適用 5.發生緣由:無 6.因應措施:不適用 7.其他應敘明事項:本公司自結合併營收及獲利情形如下: (1)108年1-6月份合併營收為12,899,813仟元,較去年同期10,196,328仟元成長26.51%。 (2)108年6月份稅前淨利為214,267仟元,累積1-6月份稅前淨利為1,110,624仟元,較 去年同期725,471仟元成長53.09%。 (3)以目前加權平均股數2.09億股計算之稅前每股盈餘為5.30元。 ",https://mops.twse.com.tw/mops/#/web/t05st01,19ae669fb7ff4418fa71e1e6cd6002dd56917932cb312ba816804ff8a2b4cbee,0
1513,113,11,113/11/12,15:30:38,2024-11-12 15:30:38,X代子公司CHEM POWER LIMITED公告辦理現金減資,capital_change,,,,,,False,True,False,False,"1.董事會決議日期:113/11/12 2.減資緣由:現金減資退還股款 3.減資金額:美金7,563,051元 4.消除股份:7,563,051股 5.減資比率:13.3% 6.減資後股本:美金49,380,000元 7.預定股東會日期:不適用 8.預計減資新股上市後之上市普通股股數:不適用 9.預計減資新股上市後之上市普通股股數占已發行普通股比率 （減資後上市普通股股數/減資後已發行普通股股數）:不適用 10.前二項預計減資後上巿普通股股數未達6000萬股且未達25%者， 請說明股權流通性偏低之因應措施:不適用 11.減資基準日:授權董事長決行。 12.其他應敘明事項:無。 ",https://mops.twse.com.tw/mops/#/web/t05st01,e8bda6ae123ca933e79dd7724c6c293d30b4756cde4bec8005ccdc7c02f8b446,0
1513,113,11,113/11/12,15:34:57,2024-11-12 15:34:57,公告本公司董事會通過113年度第三季合併財務報告,capital_change,,,,,,False,False,False,False,"1.提報董事會或經董事會決議日期:113/11/12 2.審計委員會通過日期:113/11/12 3.財務報告或年度自結財務資訊報導期間 起訖日期(XXX/XX/XX~XXX/XX/XX):113/01/01~113/09/30 4.1月1日累計至本期止營業收入(仟元):18,658,856 5.1月1日累計至本期止營業毛利(毛損) (仟元):4,938,816 6.1月1日累計至本期止營業利益(損失) (仟元):3,323,568 7.1月1日累計至本期止稅前淨利(淨損) (仟元):3,366,009 8.1月1日累計至本期止本期淨利(淨損) (仟元):2,774,003 9.1月1日累計至本期止歸屬於母公司業主淨利(損) (仟元):2,770,461 10.1月1日累計至本期止基本每股盈餘(損失) (元):5.61 11.期末總資產(仟元):49,250,970 12.期末總負債(仟元):30,597,847 13.期末歸屬於母公司業主之權益(仟元):18,446,000 14.其他應敘明事項:無 ",https://mops.twse.com.tw/mops/#/web/t05st01,57970d12c78a6858087dfd8c32d95fca6921e9869807bcbd1c987c0327a8541b,0
1513,114,03,114/03/05,15:41:05,2025-03-05 15:41:05,公告本公司董事會通過113年度合併財務報告,capital_change,,,,,,False,False,False,False,"1.提報董事會或經董事會決議日期:114/03/05 2.審計委員會通過日期:114/03/05 3.財務報告或年度自結財務資訊報導期間 起訖日期(XXX/XX/XX~XXX/XX/XX):113/01/01~113/12/31 4.1月1日累計至本期止營業收入(仟元):25,609,456 5.1月1日累計至本期止營業毛利(毛損) (仟元):6,721,115 6.1月1日累計至本期止營業利益(損失) (仟元):4,536,921 7.1月1日累計至本期止稅前淨利(淨損) (仟元):4,460,894 8.1月1日累計至本期止本期淨利(淨損) (仟元):3,627,150 9.1月1日累計至本期止歸屬於母公司業主淨利(損) (仟元):3,622,778 10.1月1日累計至本期止基本每股盈餘(損失) (元):7.33 11.期末總資產(仟元):49,267,832 12.期末總負債(仟元):30,022,911 13.期末歸屬於母公司業主之權益(仟元):19,037,725 14.其他應敘明事項:無 ",https://mops.twse.com.tw/mops/#/web/t05st01,e39dd26c7aaac59b532b4ca052c7e5b7fc6523a3dd09c2aa72d61cf70544afb2,0
1513,114,03,114/03/05,16:02:36,2025-03-05 16:02:36,公告本公司董事會決議發放現金股利,capital_change,,,,,,False,False,False,False,"1. 董事會擬議日期：114/03/05 2. 股利所屬年(季)度：113年 年度 3. 股利所屬期間：113/01/01 至 113/12/31 4. 股東配發內容： (1)盈餘分配之現金股利(元/股)：4.60000000 (2)法定盈餘公積發放之現金(元/股)：0 (3)資本公積發放之現金(元/股)：0 (4)股東配發之現金(股利)總金額(元)：2,314,317,569 (5)盈餘轉增資配股(元/股)：0 (6)法定盈餘公積轉增資配股(元/股)：0 (7)資本公積轉增資配股(元/股)：0 (8)股東配股總股數(股)：0 5. 其他應敘明事項： 無 6. 普通股每股面額欄位：新台幣10.0000元",https://mops.twse.com.tw/mops/#/web/t05st01,480d6abca472a742841754b87d0396a6947dba4710f12239f313487b2e92298f,0
1513,114,05,114/05/12,15:42:55,2025-05-12 15:42:55,公告本公司董事會通過114年度第一季合併財務報告,capital_change,,,,,,False,False,False,False,"1.提報董事會或經董事會決議日期:114/05/12 2.審計委員會通過日期:114/05/12 3.財務報告或年度自結財務資訊報導期間 起訖日期(XXX/XX/XX~XXX/XX/XX):114/01/01~114/03/31 4.1月1日累計至本期止營業收入(仟元):6,447,658 5.1月1日累計至本期止營業毛利(毛損) (仟元):1,639,580 6.1月1日累計至本期止營業利益(損失) (仟元):1,208,105 7.1月1日累計至本期止稅前淨利(淨損) (仟元):1,165,740 8.1月1日累計至本期止本期淨利(淨損) (仟元):877,816 9.1月1日累計至本期止歸屬於母公司業主淨利(損) (仟元):878,598 10.1月1日累計至本期止基本每股盈餘(損失) (元):1.78 11.期末總資產(仟元):48,637,305 12.期末總負債(仟元):29,101,015 13.期末歸屬於母公司業主之權益(仟元):19,326,314 14.其他應敘明事項:無 ",https://mops.twse.com.tw/mops/#/web/t05st01,0ab02b136f621c2a9d89868395a8addb263b8111a4cae848e26dcd16c172d83d,0
1519,112,11,112/11/08,17:34:48,2023-11-08 17:34:48,公告本公司112年第3季合併財務報告業經提報董事會通過,capital_change,,,,,,False,False,False,False,1.提報董事會或經董事會決議日期:112/11/08 2.審計委員會通過日期:112/11/08 3.財務報告或年度自結財務資訊報導期間 起訖日期(XXX/XX/XX~XXX/XX/XX):112/01/01~112/09/30 4.1月1日累計至本期止營業收入(仟元):8287731 5.1月1日累計至本期止營業毛利(毛損) (仟元):2546779 6.1月1日累計至本期止營業利益(損失) (仟元):1590294 7.1月1日累計至本期止稅前淨利(淨損) (仟元):1760584 8.1月1日累計至本期止本期淨利(淨損) (仟元):1452127 9.1月1日累計至本期止歸屬於母公司業主淨利(損) (仟元):1462409 10.1月1日累計至本期止基本每股盈餘(損失) (元):5.60 11.期末總資產(仟元):13897539 12.期末總負債(仟元):8853417 13.期末歸屬於母公司業主之權益(仟元):4932832 14.其他應敘明事項:無 ,https://mops.twse.com.tw/mops/#/web/t05st01,0d87fd8caf762f42a6b2bc2449b37886e3475c063ab6374aaeefcf8fed0c237e,0
1560,111,02,111/02/23,15:31:31,2022-02-23 15:31:31,本公司民國110年度合併財務報告業經董事會決議通過,capital_change,,,,,,False,False,False,False,"1.提報董事會或經董事會決議日期:111/02/23 2.審計委員會通過日期:111/02/23 3.財務報告或年度自結財務資訊報導期間 起訖日期(XXX/XX/XX~XXX/XX/XX):110/01/01~110/12/31 4.1月1日累計至本期止營業收入(仟元):6,027,838 5.1月1日累計至本期止營業毛利(毛損) (仟元):1,862,624 6.1月1日累計至本期止營業利益(損失) (仟元):933,761 7.1月1日累計至本期止稅前淨利(淨損) (仟元):885,867 8.1月1日累計至本期止本期淨利(淨損) (仟元):721,678 9.1月1日累計至本期止歸屬於母公司業主淨利(損) (仟元):676,574 10.1月1日累計至本期止基本每股盈餘(損失) (元):4.78 11.期末總資產(仟元):10,161,515 12.期末總負債(仟元):5,110,901 13.期末歸屬於母公司業主之權益(仟元):4,748,688 14.其他應敘明事項:無 ",https://mops.twse.com.tw/mops/#/web/t05st01,c6fde719ca42ac3bd958e53a439addef8d648dac60b068cdb7314b93dc601e91,0
1560,111,04,111/04/26,15:48:26,2022-04-26 15:48:26,公告本公司董事會決議股利分派,capital_change,,,,,,False,False,False,False,"1. 董事會擬議日期：111/04/26 2. 股利所屬年(季)度：110年 年度 3. 股利所屬期間：110/01/01 至 110/12/31 4. 股東配發內容： (1)盈餘分配之現金股利(元/股)：2.80000000 (2)法定盈餘公積發放之現金(元/股)：0 (3)資本公積發放之現金(元/股)：0 (4)股東配發之現金(股利)總金額(元)：400,279,600 (5)盈餘轉增資配股(元/股)：0 (6)法定盈餘公積轉增資配股(元/股)：0 (7)資本公積轉增資配股(元/股)：0 (8)股東配股總股數(股)：0 5. 其他應敘明事項： 無 6. 普通股每股面額欄位：新台幣10.0000元",https://mops.twse.com.tw/mops/#/web/t05st01,714ea1a182cc0ccb83b82c2297fb50182a065c0e9cca1eb9ce4555976d48b0d9,0
1597,114,02,114/02/26,16:41:16,2025-02-26 16:41:16,公告本公司113年度合併財務報告。,capital_change,,,,,,False,False,False,False,"1.提報董事會或經董事會決議日期:114/02/26 2.審計委員會通過日期:114/02/26 3.財務報告或年度自結財務資訊報導期間 起訖日期(XXX/XX/XX~XXX/XX/XX):113/01/01~113/12/31 4.1月1日累計至本期止營業收入(仟元):1,036,581 5.1月1日累計至本期止營業毛利(毛損) (仟元):424,159 6.1月1日累計至本期止營業利益(損失) (仟元): 94,977 7.1月1日累計至本期止稅前淨利(淨損) (仟元):117,955 8.1月1日累計至本期止本期淨利(淨損) (仟元): 93,813 9.1月1日累計至本期止歸屬於母公司業主淨利(損) (仟元):93,813 10.1月1日累計至本期止基本每股盈餘(損失) (元):1.08 11.期末總資產(仟元):4,159,927 12.期末總負債(仟元):1,768,111 13.期末歸屬於母公司業主之權益(仟元):2,391,816 14.其他應敘明事項:無 ",https://mops.twse.com.tw/mops/#/web/t05st01,3378789022a586caaccdab7dfd4b48ebfa1b88b08bb9b6d4c6bfdc3c26854d5f,0
1597,114,02,114/02/26,16:52:42,2025-02-26 16:52:42,董事會決議股利分派,capital_change,,,,,,False,False,False,False,"1. 董事會決議日期：114/02/26 2. 股利所屬年(季)度：113年 下半年 3. 股利所屬期間：113/07/01 至 113/12/31 4. 股東配發內容： (1)盈餘分配之現金股利(元/股)：0.70000000 (2)法定盈餘公積發放之現金(元/股)：0 (3)資本公積發放之現金(元/股)：0 (4)股東配發之現金(股利)總金額(元)：61,083,263 (5)盈餘轉增資配股(元/股)：0 (6)法定盈餘公積轉增資配股(元/股)：0 (7)資本公積轉增資配股(元/股)：0 (8)股東配股總股數(股)：0 5. 其他應敘明事項： 無 6. 普通股每股面額欄位：新台幣10.0000元",https://mops.twse.com.tw/mops/#/web/t05st01,187a5cd4f85bb2fe8e0d822d0d3117bf0b3f835f8b9eeb598127febce7555c86,0
1608,110,05,110/05/10,16:45:31,2021-05-10 16:45:31,公告本公司董事會通過110年第一季合併財務報告。,capital_change,,,,,,False,False,False,False,"1.財務報告提報董事會或經董事會決議日期:110/05/10 2.審計委員會通過財務報告日期:110/05/10 3.財務報告報導期間起訖日期(XXX/XX/XX~XXX/XX/XX):110/01/01-110/03/31 4.1月1日累計至本期止營業收入(仟元):2,249,784 5.1月1日累計至本期止營業毛利(毛損) (仟元):243,636 6.1月1日累計至本期止營業利益(損失) (仟元):186,342 7.1月1日累計至本期止稅前淨利(淨損) (仟元):1,060,771 8.1月1日累計至本期止本期淨利(淨損) (仟元):941,120 9.1月1日累計至本期止歸屬於母公司業主淨利(損) (仟元):874,666 10.1月1日累計至本期止基本每股盈餘(損失) (元):2.06(屬於母公司) 11.期末總資產(仟元):12,619,573 12.期末總負債(仟元):3,743,109 13.期末歸屬於母公司業主之權益(仟元):7,687,660 14.其他應敘明事項:無 ",https://mops.twse.com.tw/mops/#/web/t05st01,ddb7a156376653b36d0770ed34c07603f25ec9f02fde879649d2032fcecad674,0
1785,109,11,109/11/06,16:49:25,2020-11-06 16:49:25,公告本公司109年第3季合併財務報告業經提報董事會,capital_change,,,,,,False,False,False,False,"1.財務報告提報董事會或經董事會決議日期:109/11/06 2.審計委員會通過財務報告日期:不適用 3.財務報告年季:109年第三季 4.報導期間累計營業收入(仟元):19,355,035 5.報導期間累計營業毛利(損) (仟元):1,983,384 6.報導期間累計營業淨利(損) (仟元):933,040 7.報導期間累計稅前淨利(損) (仟元):798,126 8.報導期間歸屬於母公司累計淨利(損) (仟元):580,353 9.報導期間累計基本每股盈餘(損失) (元):1.16 10.報導期間期末總資產(仟元):20,939,865 11.報導期間期末總負債(仟元):12,819,498 12.報導期間期末歸屬於母公司業主之權益(仟元):7,859,448 13.其他應敘明事項: 基本每股盈餘係依本公司109年度截至第三季止加權平均流通在外股數498,431仟股。 有關109年第三季合併財務報告詳細資訊，將於主管機關規定期限內完成上傳公告作業。 ",https://mops.twse.com.tw/mops/#/web/t05st01,0776776cd02a52302a7bdfa23ba30ca9f27dd821747a3d6a31fd79d05ac2e64c,0
1909,106,08,106/08/04,18:50:37,2017-08-04 18:50:37,公告本公司董事會通過106年度第二季合併財務報表案,capital_change,,,,,,False,True,False,False,"1.事實發生日:106/08/04 2.公司名稱:榮成紙業股份有限公司 3.與公司關係(請輸入本公司或子公司):本公司 4.相互持股比例:不適用。 5.傳播媒體名稱:不適用。 6.報導內容:不適用。 7.發生緣由:無。 8.因應措施:無。 9.其他應敘明事項:本公司106年上半年合併財務報表簡要說明如下： (1)合併營業收入：新台幣19,413,060仟元 (2)合併營業毛利：新台幣4,410,427仟元 (3)合併營業淨利：新台幣2,419,916仟元 (4)合併總(損)益：新台幣1,897,202仟元 (5)稅後每股盈餘：新台幣1.71元 ",https://mops.twse.com.tw/mops/#/web/t05st01,7889372aa150595ebe6741b99e7e2cf07a070f8f92929457a4c82e3eda405cae,0
1909,106,08,106/08/07,16:00:06,2017-08-07 16:00:06,公告本公司106年7月份及1-7月累計合併自結損益,capital_change,,,,,,False,True,False,False,"1.事實發生日:106/08/07 2.公司名稱:榮成紙業股份有限公司 3.與公司關係(請輸入本公司或子公司):本公司 4.相互持股比例:不適用 5.傳播媒體名稱:不適用 6.報導內容:不適用 7.發生緣由:公告本公司106年7月份及1-7月累計合併自結損益 7月自結合併營業損益：413,370仟元 1-7月累計自結合併營業損益：2,833,286仟元 7月自結合併稅前損益：385,804仟元 1-7月累計自結合併稅前損益：2,994,338仟元 7月自結合併稅前淨利歸屬於母公司業主:315,303仟元 1-7月累計自結合併稅前淨利歸屬於母公司業主:2,521,574仟元 7月自結合併稅前EPS：0.29元/股 1-7月累計自結合併稅前EPS：2.30元/股 8.因應措施:無。 9.其他應敘明事項: (1)本公司以加權平均流通在外股數10.95億股為稅前EPS計算基礎， 係已加計1-7月份可轉債轉換股數103,317,902股。 (2)1-7月累計自結合併營業損益及1-7月累計自結合併稅前損益，為會 計師第二季核閱數加上7月自結數。 ",https://mops.twse.com.tw/mops/#/web/t05st01,bdadac330906be969bf57f2a0726dc9ae0da40856e4eaca24b252857157c4ffc,0
1909,106,08,106/08/25,17:51:44,2017-08-25 17:51:44,"公告本公司106年07月份自結合併財務報表中高流動資產、
短期借款、應付短期票券及一年內到期之長期負債等財務資訊",capital_change,,,,,,False,False,False,False,"1.事實發生日:106/08/25 2.發生緣由:依據臺灣證券交易所臺證上一字第1041803889號函辦理，公告本公司 106年07月份自結合併財務報表中高流動資產、短期借款、應付短期票券及一年 內到期之長期負債等財務資訊 3.財務資訊年度月份:106/07 4.現金及約當現金（單位:仟元）:4,581,204仟元 5.透過損益按公允價值衡量之金融資產－流動（單位:仟元）:553仟元 6.備供出售金融資產－流動（單位:仟元）:0仟元 7.持有至到期日金融資產－流動（單位:仟元）:0仟元 8.非流動資產中屬上市櫃有價證券者（含未實現評價金額） （單位:仟元）:1,144,075仟元 9.短期借款（單位仟元）:10,614,252仟元 10.應付短期票券（單位仟元）:1,249,168仟元 11.一年內到期之長期負債（單位:仟元）:2,215,756仟元 12.其他會計項目及金額（單位:仟元）:0仟元 13.因應措施:本公司與各銀行往來情形良好且按時支付利息，銀行額度足以支應 營運週轉資金需求且有每月穩定的應收帳款及應收票據可快速兌現、以支應還 款需求，故並無資金缺口問題。 14.其他應敘明事項:無。 ",https://mops.twse.com.tw/mops/#/web/t05st01,fbd28935238b9345beeb29c88805413fb59060ae5f642d41e11473ccacc49016,0
1909,106,09,106/09/05,20:49:50,2017-09-05 20:49:50,公告本公司106年8月份及1-8月累計合併自結損益,capital_change,,,,,,False,True,False,False,"1.事實發生日:106/09/05 2.公司名稱:榮成紙業股份有限公司 3.與公司關係(請輸入本公司或子公司):本公司 4.相互持股比例:不適用 5.傳播媒體名稱:不適用 6.報導內容:不適用 7.發生緣由:公告本公司106年8月份及1-8月累計合併自結損益 8月自結合併營業損益：447,003仟元 1-8月累計自結合併營業損益：3,280,289仟元 8月自結合併稅前損益：523,714仟元 1-8月累計自結合併稅前損益：3,518,052仟元 8月自結合併稅前淨利歸屬於母公司業主:452,239仟元 1-8月累計自結合併稅前淨利歸屬於母公司業主:2,973,813仟元 8月自結合併稅前EPS：0.41元/股 1-8月累計自結合併稅前EPS：2.71元/股 8.因應措施:無。 9.其他應敘明事項:本公司以加權平均流通在外股數10.97億股為稅前EPS計算基礎， 係已加計1-8月份可轉債轉換股數103,317,902股。 ",https://mops.twse.com.tw/mops/#/web/t05st01,241b0fafecc61e887bec9354623aaada49a2a10887718c27a34e97a3b295438e,0
1909,106,09,106/09/29,17:03:47,2017-09-29 17:03:47,"公告本公司106年08月份自結合併財務報表中高流動資產、
短期借款、應付短期票券及一年內到期之長期負債等財務資訊",capital_change,,,,,,False,False,False,False,"1.事實發生日:106/09/29 2.發生緣由:依據臺灣證券交易所臺證上一字第1041803889號函辦理，公告本公司 106年08月份自結合併財務報表中高流動資產、短期借款、應付短期票券及一年 內到期之長期負債等財務資訊 3.財務資訊年度月份:106/08 4.現金及約當現金（單位:仟元）:5,251,132仟元 5.透過損益按公允價值衡量之金融資產－流動（單位:仟元）:27,559仟元 6.備供出售金融資產－流動（單位:仟元）:0仟元 7.持有至到期日金融資產－流動（單位:仟元）:0仟元 8.非流動資產中屬上市櫃有價證券者（含未實現評價金額） （單位:仟元）:1,300,797仟元 9.短期借款（單位仟元）:11,293,459仟元 10.應付短期票券（單位仟元）:1,149,021仟元 11.一年內到期之長期負債（單位:仟元）:2,221,855仟元 12.其他會計項目及金額（單位:仟元）:0仟元 13.因應措施:本公司與各銀行往來情形良好且按時支付利息，銀行額度足以支應 營運週轉資金需求且有每月穩定的應收帳款及應收票據可快速兌現、以支應還 款需求，故並無資金缺口問題。 14.其他應敘明事項:無。 ",https://mops.twse.com.tw/mops/#/web/t05st01,b56bab764c033833128218ca727066345149b38141378dbc0f7dbc889eab6c71,0
1909,106,10,106/10/05,18:03:32,2017-10-05 18:03:32,公告本公司106年9月份及1-9月累計合併自結損益,capital_change,,,,,,False,True,False,False,"1.事實發生日:106/10/05 2.公司名稱:榮成紙業股份有限公司 3.與公司關係(請輸入本公司或子公司):本公司 4.相互持股比例:不適用 5.傳播媒體名稱:不適用 6.報導內容:不適用 7.發生緣由:公告本公司106年9月份及1-9月累計合併自結損益 9月自結合併營業損益：447,464仟元 1-9月累計自結合併營業損益：3,727,753仟元 9月自結合併稅前損益：538,644仟元 1-9月累計自結合併稅前損益：4,056,696仟元 9月自結合併稅前淨利歸屬於母公司業主:490,760仟元 1-9月累計自結合併稅前淨利歸屬於母公司業主:3,464,573仟元 9月自結合併稅前EPS：0.45元/股 1-9月累計自結合併稅前EPS：3.15元/股 8.因應措施:無。 9.其他應敘明事項:本公司以加權平均流通在外股數11.01億股為稅前EPS計算基礎， 係已加計1-8月份可轉債轉換股數103,317,902股。 ",https://mops.twse.com.tw/mops/#/web/t05st01,4b7978b21ca2f31975f82d96d1e77cf152159d9906d5b7ea4e3d905408485619,0
1909,106,10,106/10/27,17:55:57,2017-10-27 17:55:57,"公告本公司106年09月份自結合併財務報表中高流動資產、
短期借款、應付短期票券及一年內到期之長期負債等財務資訊",capital_change,,,,,,False,False,False,False,"1.事實發生日:106/10/27 2.發生緣由:依據臺灣證券交易所臺證上一字第1041803889號函辦理，公告本公司 106年09月份自結合併財務報表中高流動資產、短期借款、應付短期票券及一年 內到期之長期負債等財務資訊 3.財務資訊年度月份:106/09 4.現金及約當現金（單位:仟元）:3,682,930仟元 5.透過損益按公允價值衡量之金融資產－流動（單位:仟元）:16,521仟元 6.備供出售金融資產－流動（單位:仟元）:0仟元 7.持有至到期日金融資產－流動（單位:仟元）:0仟元 8.非流動資產中屬上市櫃有價證券者（含未實現評價金額） （單位:仟元）:1,758,566仟元 9.短期借款（單位仟元）:11,525,029仟元 10.應付短期票券（單位仟元）:1,148,355仟元 11.一年內到期之長期負債（單位:仟元）:1,820,403仟元 12.其他會計項目及金額（單位:仟元）:0仟元 13.因應措施:本公司與各銀行往來情形良好且按時支付利息，銀行額度足以支應 營運週轉資金需求且有每月穩定的應收帳款及應收票據可快速兌現、以支應還 款需求，故並無資金缺口問題。 14.其他應敘明事項:無。 ",https://mops.twse.com.tw/mops/#/web/t05st01,d11296666eeb4f6d322f10ca935985d0a26484d4f5f3079f176014a5733054a3,0
2002,113,08,113/08/05,17:02:29,2024-08-05 17:02:29,公告本公司113年第2季合併財務報告提報董事會日期,capital_change,,,,,,False,False,False,False,1.董事會召集通知日:113/08/05 2.董事會預計召開日期:113/08/13 3.預計提報董事會或經董事會決議之財務報告或 年度自結財務資訊年季:113年第2季 4.其他應敘明事項:無 ,https://mops.twse.com.tw/mops/#/web/t05st01,fe107065805a6f937b53affcc22b096fb67ad83d5068ae74b343904aa162b358,0
2002,113,08,113/08/13,13:35:14,2024-08-13 13:35:14,公告本公司113年第2季合併財務報告,capital_change,,,,,,False,False,False,False,"1.提報董事會或經董事會決議日期:113/08/13 2.審計委員會通過日期:113/08/02 3.財務報告或年度自結財務資訊報導期間 起訖日期(XXX/XX/XX~XXX/XX/XX):113/01/01~113/06/30 4.1月1日累計至本期止營業收入(仟元):188,326,130 5.1月1日累計至本期止營業毛利(毛損) (仟元):8,871,450 6.1月1日累計至本期止營業利益(損失) (仟元):2,072,960 7.1月1日累計至本期止稅前淨利(淨損) (仟元):3,498,386 8.1月1日累計至本期止本期淨利(淨損) (仟元):2,771,820 9.1月1日累計至本期止歸屬於母公司業主淨利(損) (仟元):1,964,902 10.1月1日累計至本期止基本每股盈餘(損失) (元):0.13 11.期末總資產(仟元):693,063,697 12.期末總負債(仟元):349,945,541 13.期末歸屬於母公司業主之權益(仟元):305,668,074 14.其他應敘明事項:不適用 ",https://mops.twse.com.tw/mops/#/web/t05st01,f2aafdd02e359e0a07af066635efa872d5459ed2679aaa45ecc9ba75cdf1debb,0
2002,113,08,113/08/26,13:40:00,2024-08-26 13:40:00,公告本公司113年7月份自結合併營收及稅前盈餘,capital_change,,,,,,False,True,False,False,"1.事實發生日:113/08/26 2.公司名稱:中鋼公司 3.與公司關係(請輸入本公司或子公司):本公司 4.相互持股比例:不適用 5.發生緣由:無 6.因應措施:無 7.其他應敘明事項(若事件發生或決議之主體係屬公開發行以上公司，本則重大訊息同時 符合證券交易法施行細則第7條第9款所定對股東權益或證券價格有重大影響之事項): 本公司自行結算113年7月份之合併營業收入29,273,051千元；自行結算合併稅前淨利 581,713千元。 ",https://mops.twse.com.tw/mops/#/web/t05st01,4920e423a88d0d6ff9866473a6f616cf0d0b3168a0a424f388be1d66c5026bc6,0
2002,113,09,113/09/27,14:01:22,2024-09-27 14:01:22,公告本公司113年8月份自結合併營收及稅前盈餘,capital_change,,,,,,False,True,False,False,"1.事實發生日:113/09/27 2.公司名稱:中鋼公司 3.與公司關係(請輸入本公司或子公司):本公司 4.相互持股比例:不適用 5.發生緣由:無 6.因應措施:無 7.其他應敘明事項(若事件發生或決議之主體係屬公開發行以上公司，本則重大訊息同時 符合證券交易法施行細則第7條第9款所定對股東權益或證券價格有重大影響之事項): 本公司自行結算113年8月份之合併營業收入29,595,067千元；自行結算合併稅前淨利 236,087千元。 ",https://mops.twse.com.tw/mops/#/web/t05st01,e3d36ada986125fd9207e93203a16e615c60a98c70b9c7b59694b1c62864183c,0
2002,113,10,113/10/25,13:44:24,2024-10-25 13:44:24,公告本公司113年9月份自結合併營收及稅前盈餘,capital_change,,,,,,False,True,False,False,"1.事實發生日:113/10/25 2.公司名稱:中鋼公司 3.與公司關係(請輸入本公司或子公司):本公司 4.相互持股比例:不適用 5.發生緣由:無 6.因應措施:無 7.其他應敘明事項(若事件發生或決議之主體係屬公開發行以上公司，本則重大訊息同時 符合證券交易法施行細則第7條第9款所定對股東權益或證券價格有重大影響之事項): 本公司自行結算113年9月份之合併營業收入26,747,619千元；自行結算合併稅前淨損 674,870千元。 ",https://mops.twse.com.tw/mops/#/web/t05st01,86fc611fdb6d2ac808e610585580c5706a49d7b8260eb8758838a06743798d9e,0
2002,113,10,113/10/31,14:21:50,2024-10-31 14:21:50,公告本公司113年第3季合併財務報告提報董事會日期,capital_change,,,,,,False,False,False,False,1.董事會召集通知日:113/10/31 2.董事會預計召開日期:113/11/08 3.預計提報董事會或經董事會決議之財務報告或 年度自結財務資訊年季:113年第3季 4.其他應敘明事項:無 ,https://mops.twse.com.tw/mops/#/web/t05st01,04bde562021b7042d2c2d0aea53f1aac5a86d06faedb45747f0835b132200fcc,0
2049,113,02,113/02/27,15:47:28,2024-02-27 15:47:28,公告本公司112年度合併財務報告業經董事會決議通過,capital_change,,,,,,False,False,False,False,"1.提報董事會或經董事會決議日期:113/02/27 2.審計委員會通過日期:113/02/27 3.財務報告或年度自結財務資訊報導期間 起訖日期(XXX/XX/XX~XXX/XX/XX):112/01/01~112/12/31 4.1月1日累計至本期止營業收入(仟元):24,632,772 5.1月1日累計至本期止營業毛利(毛損) (仟元):7,655,250 6.1月1日累計至本期止營業利益(損失) (仟元):2,650,950 7.1月1日累計至本期止稅前淨利(淨損) (仟元):2,540,050 8.1月1日累計至本期止本期淨利(淨損) (仟元):1,831,510 9.1月1日累計至本期止歸屬於母公司業主淨利(損) (仟元):2,034,748 10.1月1日累計至本期止基本每股盈餘(損失) (元):5.75 11.期末總資產(仟元):51,436,790 12.期末總負債(仟元):16,322,465 13.期末歸屬於母公司業主之權益(仟元):34,998,024 14.其他應敘明事項:無 ",https://mops.twse.com.tw/mops/#/web/t05st01,72559cc7e9a6c4833a5f5bf8e88373e594f888df42af485735be7a381c48dd60,0
2049,113,02,113/02/27,17:01:58,2024-02-27 17:01:58,董事會決議股利分派,capital_change,,,,,,False,False,False,False,"1. 董事會決議日期：113/02/27 2. 股利所屬年(季)度：112年 年度 3. 股利所屬期間：112/01/01 至 112/12/31 4. 股東配發內容： (1)盈餘分配之現金股利(元/股)：2.50000000 (2)法定盈餘公積發放之現金(元/股)：0 (3)資本公積發放之現金(元/股)：0 (4)股東配發之現金(股利)總金額(元)：884,480,600 (5)盈餘轉增資配股(元/股)：0 (6)法定盈餘公積轉增資配股(元/股)：0 (7)資本公積轉增資配股(元/股)：0 (8)股東配股總股數(股)：0 5. 其他應敘明事項： 無 6. 普通股每股面額欄位：新台幣10.0000元",https://mops.twse.com.tw/mops/#/web/t05st01,ddf3b69f7491da7350ebecbf3b66f3a95632bfa176c671059f2d2b4afee8378f,0
2108,110,03,110/03/17,14:05:18,2021-03-17 14:05:18,公告本公司除息基準日及相關事宜。,distribution,4.0,2021-04-07,,,,False,False,False,False,"1.董事會、股東會決議或公司決定日期:110/03/17 2.除權、息類別（請填入「除權」、「除息」或「除權息」）:除息 3.發放股利種類及金額: 現金股利：1,969,666,636元（每股無償配發4.0元） 4.除權（息）交易日:110/04/07 5.最後過戶日:110/04/08 6.停止過戶起始日期:110/04/09 7.停止過戶截止日期:110/04/13 8.除權（息）基準日:110/04/13 9.其他應敘明事項: 1.現金股利發放日為110/05/07 2.貴股東如需更改原登記銀行匯款帳號者，請於110/4/26前親臨或 郵寄(以郵戳為憑)通知本股務代理機構辦理，逾期不候。 ",https://mops.twse.com.tw/mops/#/web/t05st01,0a15f1929c41d6f14ad9862d1cdc2c6544788c91aa2ebd0d6b2e29816b73a51c,0
2108,110,03,110/03/17,14:06:17,2021-03-17 14:06:17,代子公司鎮江南帝公司公告董事會決議不分配股利案。,distribution,,,,,,False,True,False,False,1.董事會決議日期:110/03/17 2.發放股利種類及金額:鎮江南帝化工有限公司董事會決議 不分配股利。 3.其他應敘明事項:無 ,https://mops.twse.com.tw/mops/#/web/t05st01,325f8f3bd1e73f243b8cbb912b8360bf84009bbe66caded64966d3cf1b7a055e,0
2108,110,03,110/03/17,15:27:19,2021-03-17 15:27:19,公告本公司109年度股利分派情形,capital_change,,,,,,False,False,False,False,"1. 董事會決議日期：110/03/17 2. 股利所屬年(季)度：109年 年度 3. 股利所屬期間：109/01/01 至 109/12/31 4. 股東配發內容： (1)盈餘分配之現金股利(元/股)：4.00000000 (2)法定盈餘公積發放之現金(元/股)：0 (3)資本公積發放之現金(元/股)：0 (4)股東配發之現金(股利)總金額(元)：1,969,666,636 (5)盈餘轉增資配股(元/股)：0 (6)法定盈餘公積轉增資配股(元/股)：0 (7)資本公積轉增資配股(元/股)：0 (8)股東配股總股數(股)：0 5. 其他應敘明事項： 無 6. 普通股每股面額欄位：新台幣10.0000元",https://mops.twse.com.tw/mops/#/web/t05st01,49e72a32a12835a2f57fa85c2eeaeea564382134ebf976bed3a1cf6b923e8a63,0
2108,110,03,110/03/17,16:04:41,2021-03-17 16:04:41,公告本公司董事會通過109年度合併財務報告。,capital_change,,,,,,False,False,False,False,1.財務報告提報董事會或經董事會決議日期:110/03/17 2.審計委員會通過財務報告日期:110/03/17 3.財務報告報導期間起訖日期(XXX/XX/XX~XXX/XX/XX): 109/01/01~109/12/31 4.1月1日累計至本期止營業收入(仟元):14402725 5.1月1日累計至本期止營業毛利(毛損) (仟元):6478459 6.1月1日累計至本期止營業利益(損失) (仟元):4821037 7.1月1日累計至本期止稅前淨利(淨損) (仟元):4706295 8.1月1日累計至本期止本期淨利(淨損) (仟元):3620225 9.1月1日累計至本期止歸屬於母公司業主淨利(損) (仟元): 3548909 10.1月1日累計至本期止基本每股盈餘(損失) (元):7.21 11.期末總資產(仟元):14409854 12.期末總負債(仟元):3122444 13.期末歸屬於母公司業主之權益(仟元):10868819 14.其他應敘明事項:無 ,https://mops.twse.com.tw/mops/#/web/t05st01,6b3f0479932e61ad837040d3e573717b706d77c2b83db815e6f4f9785050362a,0
2108,110,05,110/05/10,14:15:21,2021-05-10 14:15:21,公告本公司董事會通過110年第1季合併財務報告,capital_change,,,,,,False,False,False,False,1.財務報告提報董事會或經董事會決議日期:110/05/10 2.審計委員會通過財務報告日期:110/05/10 3.財務報告報導期間起訖日期(XXX/XX/XX~XXX/XX/XX): 110/01/01~110/03/31 4.1月1日累計至本期止營業收入(仟元):6952651 5.1月1日累計至本期止營業毛利(毛損) (仟元):4270507 6.1月1日累計至本期止營業利益(損失) (仟元):3470271 7.1月1日累計至本期止稅前淨利(淨損) (仟元):3472479 8.1月1日累計至本期止本期淨利(淨損) (仟元):2712943 9.1月1日累計至本期止歸屬於母公司業主淨利(損) (仟元): 2683199 10.1月1日累計至本期止基本每股盈餘(損失) (元): 5.45 11.期末總資產(仟元):17749864 12.期末總負債(仟元):5724769 13.期末歸屬於母公司業主之權益(仟元):11576379 14.其他應敘明事項:無 ,https://mops.twse.com.tw/mops/#/web/t05st01,01ce8049fad2847e247869630e0ffe3996823ba18181eb4da01f27a2733461e6,0
2207,109,05,109/05/11,15:42:39,2020-05-11 15:42:39,"代子公司和泰產物保險股份有限公司公告董事會決議
不發放108年度股利",distribution,,,,,,False,True,False,False,1.董事會決議日期:109/05/11 2.發放股利種類及金額:無 3.其他應敘明事項:和泰產物保險股份有限公司董事會決議不發放108年度股利 ,https://mops.twse.com.tw/mops/#/web/t05st01,199108de65a7af78681312465c8ea8eb8ab5273c00d21c938d1522b069e5d6b4,0
2207,109,06,109/06/19,16:52:08,2020-06-19 16:52:08,公告本公司108年度現金股利配發基準日,distribution,,2020-07-14,,,,True,False,False,False,1.董事會、股東會決議或公司決定日期:109/06/19 2.除權、息類別（請填入「除權」、「除息」或「除權息」）:除息 3.發放股利種類及金額:每股配發現金股利新台幣14元。 4.除權（息）交易日:109/07/14 5.最後過戶日:109/07/15 6.停止過戶起始日期:109/07/16 7.停止過戶截止日期:109/07/20 8.除權（息）基準日:109/07/20 9.其他應敘明事項:現金股利擬定自109/07/30起發放。 ,https://mops.twse.com.tw/mops/#/web/t05st01,ae858403daee470bd1021ac16ccea7ea3575032ebd8501758459e6514c4d39c8,0
2207,109,06,109/06/24,15:12:21,2020-06-24 15:12:21,"代子公司和運租車股份有限公司公告一○八年度
股利配發基準日",distribution,,2020-07-13,,,,True,True,False,False,1.董事會、股東會決議或公司決定日期:109/06/24 2.除權、息類別（請填入「除權」、「除息」或「除權息」）:除息 3.發放股利種類及金額:每股配發現金股利新台幣3元 4.除權（息）交易日:109/07/13 5.最後過戶日:109/07/14 6.停止過戶起始日期:109/07/15 7.停止過戶截止日期:109/07/19 8.除權（息）基準日:109/07/19 9.其他應敘明事項:擬定現金股利109/08/05發放。 ,https://mops.twse.com.tw/mops/#/web/t05st01,e5b6d01b8cfab03a640854a38b103e7d311d83b5b1fbea0b9c5f476eff923d5b,0
2228,104,06,104/06/02,19:19:00,2015-06-02 19:19:00,公告本公司訂定除息基準日及轉換公司債停止轉換期間,distribution,,2015-07-02,,,,False,False,False,False,"1.董事會、股東會決議或公司決定日期:104/06/02 2.除權、息類別（請填入「除權」、「除息」或「除權息」）: 除息 3.發放股利種類及金額:新台幣250,967,640元 4.除權（息）交易日:104/07/02 5.最後過戶日:104/07/05 6.停止過戶起始日期:104/07/06 7.停止過戶截止日期:104/07/10 8.除權（息）基準日:104/07/10 9.其他應敘明事項: (1)轉換公司債停止轉換期間:104年6月12日至104年7月10日。 (2)嗣後若遇買回本公司股份、庫藏股轉讓或註銷、可轉換公司債轉換或 員工認股權憑證行使等，致影響流通在外股數，股東配息率因此發生 變動者，擬授權董事長全權處理之。 ",https://mops.twse.com.tw/mops/#/web/t05st01,d1a2c8a094f56841f94b6fa9e647ed284e5216ace7d6dcd50bcbc7ef9d3b834b,0
2303,109,06,109/06/29,16:23:58,2020-06-29 16:23:58,公告本公司調整現金股利配息率,distribution,0.75,,,,,False,False,False,False,"1.董事會或股東會決議日期:109/06/29 2.原發放股利種類及金額: 普通股現金股利新台幣9,765,154,720元，每股配發新台幣0.75元。 3.變更後發放股利種類及金額: 普通股現金股利新台幣9,765,154,720元，每股配發新台幣0.80395653元。 4.變更原因: 因本公司買回公司股份及海外可轉換公司債債券持有人請求轉換普通股，致流通在外 普通股股數及股東配息率異動。 5.其他應敘明事項:無。 ",https://mops.twse.com.tw/mops/#/web/t05st01,2df82a3405bef6ea1a61d30cd6e67edb5236615f532dfdbbfa245813f4b34a8f,0
2303,109,06,109/06/29,16:25:17,2020-06-29 16:25:17,公告本公司除息基準日,distribution,0.80395653,2020-07-15,,,,False,False,False,False,"1.董事會、股東會決議或公司決定日期:109/06/29 2.除權、息類別（請填入「除權」、「除息」或「除權息」）:除息 3.發放股利種類及金額: 普通股現金股利新台幣9,765,154,720元，每股配發新台幣0.80395653元 4.除權（息）交易日:109/07/15 5.最後過戶日:109/07/16 6.停止過戶起始日期:109/07/17 7.停止過戶截止日期:109/07/21 8.除權（息）基準日:109/07/21 9.其他應敘明事項:普通股現金股利預計發放日為109/08/05。 ",https://mops.twse.com.tw/mops/#/web/t05st01,00b9e6fd084c71b48c11a7c6be086b5d89bc25d315a76088416c6dbb29cd8b10,0
2303,109,09,109/09/29,18:57:33,2020-09-29 18:57:33,"代子公司United Semiconductor Japan Co., Ltd.
與子公司UMC Group Japan公告合併事項",capital_change,,,,,,False,True,False,False,"1.併購種類(如合併、分割、收購或股份受讓): 合併 2.事實發生日:109/9/29 3.參與併購公司名稱(如合併另一方公司、分割新設公司、收購或受讓股份標的公司之 名稱: United Semiconductor Japan Co., Ltd. UMC Group Japan 4.交易相對人(如合併另一方公司、分割讓與他公司、收購或受讓股份之交易對象): United Semiconductor Japan Co., Ltd.合併UMC Group Japan 5.交易相對人為關係人:是 6.交易相對人與公司之關係(本公司轉投資持股達XX%之被投資公司)，並說明選定 收購、受讓他公司股份之對象為關係企業或關係人之原因及是否不影響股東權益: United Semiconductor Japan Co., Ltd.，本公司轉投資持股達100%之被投資公司 UMC Group Japan，本公司轉投資持股達100%之被投資公司 7.併購目的: 簡化投資架構、整合資源運用 8.併購後預計產生之效益: 集團間之組織重整與資源整合 9.併購對每股淨值及每股盈餘之影響: 本公司轉投資100%之子公司間進行合併，對本公司每股淨值與每股盈餘 無重大影響 10.併購後續處理方式，包括支付併購對價之時間及方法等: 無 11.併購之對價種類及資金來源: 無 12.換股比例及其計算依據: 為集團間組織重整，依當地法令並無換股比例之適用 13.本次交易會計師、律師或證券承銷商出具非合理性意見:不適用 14.會計師或律師事務所名稱或證券承銷商公司名稱: 不適用 15.會計師或律師姓名: 不適用 16.會計師或律師開業證書字號: 不適用 17.獨立專家就本次併購換股比例、配發股東之現金或其他財產之合理性意見書內容 (一、包含公開收購價格訂定所採用之方法、原則或計算方式及與國際慣用之市價法 、成本法及現金流量折現法之比較。二、被收購公司與已上市櫃同業之財務狀況 、獲利情形及本益比之比較情形。三、公開收購價格若參考鑑價機構之鑑價報告者 ，應說明該鑑價報告內容及結論。四、收購人融資償還計畫若係以被收購公司或合 併後存續公司之資產或股份為擔保者，應說明對被收購公司或合併後存續公司財務 業務健全性之影響評估): 不適用 18.預定完成日程: 合併基準日擬訂為109年11月1日 19.既存或新設公司承受消滅(或分割)公司權利義務相關事項(註二): 合併後，UMC Group Japan之帳列資產、負債及截至合併基準日仍為有效 之一切權利義務，均由United Semiconductor Japan Co., Ltd.承受 20.參與合併公司之基本資料(註三): United Semiconductor Japan Co., Ltd. : 所營事業為晶圓製造業務 UMC Group Japan : ",https://mops.twse.com.tw/mops/#/web/t05st01,6bdb6e00b0999bda36bf641699a229973ba9f3a3403570e2a460f1c5967f338c,0
2303,109,10,109/10/29,16:02:51,2020-10-29 16:02:51,公告本公司董事會決議通過民國109年第三季合併財務報告,capital_change,,,,,,False,False,False,False,"1.財務報告提報董事會或經董事會決議日期:109/10/29 2.審計委員會通過財務報告日期:109/10/29 3.財務報告年季:109年第三季 4.報導期間累計營業收入(仟元):131,524,561 5.報導期間累計營業毛利(損) (仟元):28,149,009 6.報導期間累計營業淨利(損) (仟元):16,392,621 7.報導期間累計稅前淨利(損) (仟元):16,692,449 8.報導期間歸屬於母公司累計淨利(損) (仟元):17,993,985 9.報導期間累計基本每股盈餘(損失) (元):1.50 10.報導期間期末總資產(仟元):368,243,929 11.報導期間期末總負債(仟元):147,328,966 12.報導期間期末歸屬於母公司業主之權益(仟元):220,761,456 13.其他應敘明事項:不適用 ",https://mops.twse.com.tw/mops/#/web/t05st01,72c58888ac3e49c8f93d0960f6547f6edbd160e784be1fc1a5ec93ad8aea8473,0
2303,111,10,111/10/26,17:15:59,2022-10-26 17:15:59,公告本公司董事會決議通過民國111年第三季合併財務報告,capital_change,,,,,,False,False,False,False,"1.提報董事會或經董事會決議日期:111/10/26 2.審計委員會通過日期:111/10/26 3.財務報告或年度自結財務資訊報導期間 起訖日期(XXX/XX/XX~XXX/XX/XX):111/01/01~111/09/30 4.1月1日累計至本期止營業收入(仟元):210,869,549 5.1月1日累計至本期止營業毛利(毛損) (仟元):96,640,438 6.1月1日累計至本期止營業利益(損失) (仟元):80,655,450 7.1月1日累計至本期止稅前淨利(淨損) (仟元):81,571,096 8.1月1日累計至本期止本期淨利(淨損) (仟元):68,898,429 9.1月1日累計至本期止歸屬於母公司業主淨利(損) (仟元):68,130,535 10.1月1日累計至本期止基本每股盈餘(損失) (元):5.54 11.期末總資產(仟元):519,393,920 12.期末總負債(仟元):204,204,549 13.期末歸屬於母公司業主之權益(仟元):314,810,397 14.其他應敘明事項:不適用 ",https://mops.twse.com.tw/mops/#/web/t05st01,363f112fa58c5f8aea9a5a7c7e497738e70346f24c0c841f464b266f923a89d4,0
2303,111,10,111/10/26,17:16:34,2022-10-26 17:16:34,"公告本公司董事會決議辦理限制員工權利新股收回
註銷減資事宜",capital_change,,,,2022-10-26,,True,True,False,False,"1.董事會決議日期:111/10/26 2.減資緣由:因原獲配限制員工權利新股之員工未達既得條件，將收回之限制員工權利 新股辦理註銷減資。 3.減資金額:新台幣4,340,000元 4.消除股份:434,000股 5.減資比率:0.0035% 6.減資後股本:新台幣124,816,894,840元 7.預定股東會日期:不適用 8.預計減資新股上市後之上市普通股股數:不適用 9.預計減資新股上市後之上市普通股股數占已發行普通股比率 （減資後上市普通股股數/減資後已發行普通股股數）:不適用 10.前二項預計減資後上巿普通股股數未達6000萬股且未達25%者， 請說明股權流通性偏低之因應措施:不適用 11.減資基準日:111/10/26 12.其他應敘明事項:無 ",https://mops.twse.com.tw/mops/#/web/t05st01,fe738a6c6be882ac19a9cb46063a17767437db55215a3c8f992e6c46b0549c9f,0
2308,104,05,104/05/04,19:06:19,2015-05-04 19:06:19,"代子公司乾坤科技股份有限公司公告吳江華豐電子科技有限公司
與華騰電子科技(蘇州)有限公司合併",capital_change,,,,,,False,True,False,False,1.併購種類(如合併、分割、收購或股份受讓): 合併 2.事實發生日:104/5/4 3.參與併購公司名稱(如合併另一方公司、分割新設公司、收購或受讓股份標的公司之 名稱: 代子公司乾坤科技股份有限公司公告於大陸吳江地區間接投資之子公司 吳江華豐電子科技有限公司與華騰電子科技(蘇州)有限公司擬辦理合併， 合併後吳江華豐電子科技有限公司為存續公司，華騰電子科技(蘇州)有 限公司為消滅公司，存續公司名稱為吳江華豐電子科技有限公司。 4.交易相對人(如合併另一方公司、分割讓與他公司、收購或受讓股份之交易對象): 「吳江華豐電子科技有限公司」為存續公司； 「華騰電子科技(蘇州)有限公司」為消滅公司。 5.交易相對人為關係人:是 6.交易相對人與公司之關係(本公司轉投資持股達XX%之被投資公司)，並說明選定 收購、受讓他公司股份之對象為關係企業或關係人之原因及是否不影響股東權益: 乾坤科技股份有限公司對吳江華豐電子科技有限公司與華騰電子科技(蘇州)有限 公司兩家子公司之間接持股比例皆為100%，兩家子公司合併後不影響股東權益。 7.併購目的: 整合整體資源，提升營運績效。 8.併購後預計產生之效益: 提高管理效率，精簡組織架構及改善作業流程 9.併購對每股淨值及每股盈餘之影響: 合併後將達整合整體資源、提升營運績效等目的，預期可充分發揮合併的綜效，對每股 淨值及每股盈餘有正面之助益。 10.換股比例及其計算依據: 本次採用吸收合併方式，未發行新股，故無換股比例之適用。 11.預定完成日程: 合併基準日暫定為民國105年12月31日 12.既存或新設公司承受消滅(或分割)公司權利義務相關事項(註一): 自合併基準日起，「吳江華豐電子科技有限公司」概括承受「華騰電子科技(蘇州)有限 公司」之帳列資產、負債及截至合併基準日止仍為有效之一切權利及義務。 13.參與合併公司之基本資料(註二): 吳江華豐電子科技有限公司所營業務之主要內容：被動元件等電子零組件之生產及 銷售業務。 華騰電子科技(蘇州)有限公司所營業務之主要內容：被動元件等電子零組件之生產 及銷售業務。 14.分割之相關事項(含預定讓與既存公司或新設公司之營業、資產之評價價值；被 分割公司或其股東所取得股份之總數、種類及數量；被分割公司資本減少時，其資 本減少有關事項)(註：若非分割公告時，則不適用): 不適用 15.併購股份未來移轉之條件及限制: 無 16.其他重要約定事: 無 17.本次交易，董事有無異議:否 18.其他敘明事項: 無 註一、既存或新設公司承受消滅公司權利義務相關事項，包括庫藏股及已發行具有股權性質有 價證券之處理原則。 註二：參與合併公司之基本資料包括公司名稱及所營業務 之主要內容。,https://mops.twse.com.tw/mops/#/web/t05st01,7dc7c3a856464aaf4bb15e9b08b7ba15ecfa18843e4b9f614fd2eb3c481b846e,0
2308,104,06,104/06/12,17:21:40,2015-06-12 17:21:40,公告本公司104年配息基準日,distribution,,2015-06-30,,,,False,False,False,False,"1.董事會、股東會決議或公司決定日期:104/06/12 2.除權、息類別（請填入「除權」、「除息」或「除權息」）:除息 3.發放股利種類及金額: 普通股現金股利新台幣16,331,540,304元，每仟股約可無償配發新台幣6,700元 (即每壹股約可配發現金股利新台幣6.7元)。股東會同時決議，如於配息基準日前， 本公司流通在外股數發生變動，致股東會通過之配息率發生變動時，授權董事會就 實際流通在外股數全權調整之。實際配息率，將另行公告。 4.除權（息）交易日:104/06/30 5.最後過戶日:104/07/01 6.停止過戶起始日期:104/07/02 7.停止過戶截止日期:104/07/06 8.除權（息）基準日:104/07/06 9.其他應敘明事項: (1)本公司之現金股利於104年7月24日起發放。 (2)本公司於盧森堡證券交易所上市之海外存託憑證，相關之除息交易日暨配息基準日 等事宜，請洽本公司之存託機構美國紐約梅隆銀行。 (Anita Sung電話：1 212 8158161 或 Email : anita.sung@bnymellon.com)。 ",https://mops.twse.com.tw/mops/#/web/t05st01,6226a9475db3ef624269afe70e07075809cdbf1fc0de8f6ceff2f41e2ac381cb,0
2308,104,06,104/06/12,18:11:10,2015-06-12 18:11:10,"本公司代子公司乾坤科技股份有限公司公告104年除權及
除息基準日",distribution,,,,,,False,True,False,False,"1.董事會、股東會決議或公司決定日期:104/06/12 2.除權、息類別（請填入「除權」、「除息」或「除權息」）:除權息 3.發放股利種類及金額: 普通股股票紅利新台幣3,418,469,330元，普通股現金紅利新台幣398,821,420元。 現金紅利:每股無償配發新台幣0.35元(每仟股無償配發新台幣350元)。 股票紅利:每股無償配發新台幣3元(每仟股無償配發新股股票300股)。 4.除權（息）交易日:NA 5.最後過戶日:104/07/01 6.停止過戶起始日期:104/07/02 7.停止過戶截止日期:104/07/06 8.除權（息）基準日:104/07/06 9.其他應敘明事項:本公司持有乾坤科技股份有限公司100%之股權。 ",https://mops.twse.com.tw/mops/#/web/t05st01,34715df2156633c691cd50b19d8747761a99a6716254d86e834bb9cb53854f2e,0
2308,104,07,104/07/08,15:32:10,2015-07-08 15:32:10,本公司代子公司台達國際控股有限公司公告發放現金股利,distribution,,,,,,False,True,False,False,"1.董事會決議日期:104/07/08 2.發放股利種類及金額:發放現金股利共計US$29,000,000 3.其他應敘明事項:本公司持有台達國際控股有限公司94%之股權 ",https://mops.twse.com.tw/mops/#/web/t05st01,980ce07414ff14d8f175d751720e1fe928f6b2c65a232ee6ffe117b2222ad8ef,0
2308,104,07,104/07/30,14:33:00,2015-07-30 14:33:00,"本公司代子公司Delta Electronics Int'l (Singapore)
Pte. Ltd.公告發放現金股利",distribution,,,,,,False,True,False,False,"1.董事會決議日期:104/07/30 2.發放股利種類及金額:發放現金股利共計US$230,000,000 3.其他應敘明事項:本公司持有Delta Electronics Int'l (Singapore) Pte. Ltd. 100%之股權。 ",https://mops.twse.com.tw/mops/#/web/t05st01,2734bbae31d289b6993a3e86832668fcad2b7e08b68d410115a8a1c76301dacd,0
2308,105,06,105/06/01,13:38:11,2016-06-01 13:38:11,本公司代子公司台達國際控股有限公司公告發放現金股利,distribution,,,,,,False,True,False,False,"1.董事會決議日期:105/06/01 2.發放股利種類及金額:發放現金股利共計US$100,000,000 3.其他應敘明事項:本公司持有台達國際控股有限公司94%之股權 ",https://mops.twse.com.tw/mops/#/web/t05st01,6d3a509fc8f2f9e970f0ec9ddd2b190219b0d842259d8d62ca9e11587f15ec7b,0
2308,105,06,105/06/08,17:57:28,2016-06-08 17:57:28,"本公司代子公司乾坤科技股份有限公司公告104年除權及
除息基準日",distribution,,,,,,False,True,False,False,"1.董事會、股東會決議或公司決定日期:105/06/08 2.除權、息類別（請填入「除權」、「除息」或「除權息」）:除權息 3.發放股利種類及金額: 普通股股票紅利新台幣3,599,648,200元，普通股現金紅利新台幣370,334,178元。 現金紅利:每股無償配發新台幣0.25元(每仟股無償配發新台幣250元)。 股票紅利:每股無償配發新台幣2.43元(每仟股無償配發新股股票243股)。 4.除權（息）交易日:NA 5.最後過戶日:105/06/30 6.停止過戶起始日期:105/07/01 7.停止過戶截止日期:105/07/05 8.除權（息）基準日:105/07/05 9.其他應敘明事項:本公司持有乾坤科技股份有限公司100%之股權。 ",https://mops.twse.com.tw/mops/#/web/t05st01,e4c80444b1730156b009e3418f2c4ff203bffb4132d3265a9c0b7e26db2fafad,0
2308,105,06,105/06/17,13:57:06,2016-06-17 13:57:06,公告本公司105年配息基準日,distribution,,2016-07-07,,,,False,False,False,False,"1.董事會、股東會決議或公司決定日期:105/06/17 2.除權、息類別（請填入「除權」、「除息」或「除權息」）:除息 3.發放股利種類及金額: 普通股現金股利新台幣12,987,716,645元，每仟股約可無償配發新台幣5,000元 (即每壹股約可配發現金股利新台幣5元)。股東會同時決議，如於配息基準日前， 本公司流通在外股數發生變動，致股東會通過之配息率發生變動時，授權董事會就 實際流通在外股數全權調整之。實際配息率，將另行公告。 4.除權（息）交易日:105/07/07 5.最後過戶日:105/07/08 6.停止過戶起始日期:105/07/09 7.停止過戶截止日期:105/07/13 8.除權（息）基準日:105/07/13 9.其他應敘明事項: (1)本公司之現金股利於105年7月29日起發放。 (2)本公司於盧森堡證券交易所上市之海外存託憑證，相關之除息交易日暨配息基準日 等事宜，請洽本公司之存託機構美國紐約梅隆銀行。 (Anita Sung電話：1 212 8158161 或 Email : anita.sung@bnymellon.com)。 ",https://mops.twse.com.tw/mops/#/web/t05st01,d14b0461dc719d94ae964777e9a28e42221137590cda0bd4ca0e6197aab27170,0
2308,107,08,107/08/28,16:10:01,2018-08-28 16:10:01,澄清107年8月28日報載台達電Q3合併營收二位數成長,capital_change,,,,,,False,True,False,False,1.事實發生日:107/08/28 2.公司名稱:台達電子工業股份有限公司 3.與公司關係(請輸入本公司或子公司):本公司 4.相互持股比例:不適用 5.傳播媒體名稱:時報資訊 6.報導內容:上游材料漲價開始反應到客戶端，且被動元件等供貨穩定，台達電(2308)審 慎樂觀看待下半年業績，預估下半年營收將優於上半年，第3季毛利率也會比第2季好， 法人預估，台達第3季合併營收可望較第2季兩位數成長，上下半年業績將是45:55。 7.發生緣由:大眾傳播媒體報導 8.因應措施:本公司未提供財務預測，報載皆係法人自行臆測，實際財務數字依公告為 準。 9.其他應敘明事項:無 ,https://mops.twse.com.tw/mops/#/web/t05st01,9d7b5922bb2b9c3e7d217f8b43696a08c819ebcdf0465f8e6f30fb7359a9a1aa,0
2308,107,09,107/09/03,14:54:29,2018-09-03 14:54:29,本公司代子公司台達國際控股有限公司公告發放現金股利,distribution,,,,,,False,True,False,False,"1.董事會決議日期:107/09/03 2.發放股利種類及金額:發放現金股利共計US$98,500,000 3.其他應敘明事項:本公司持有台達國際控股有限公司94%之股權 ",https://mops.twse.com.tw/mops/#/web/t05st01,1936b2ad82d97d78dc40cd01b6ba6a246bfd3bde95bd5ea357b7ba1ceb1e2bd9,0
2308,107,10,107/10/29,16:42:37,2018-10-29 16:42:37,本公司董事會決議更換股務代理機構事宜,capital_change,,,,,,False,True,False,False,1.事實發生日:107/10/29 2.公司名稱:台達電子工業股份有限公司 3.與公司關係(請輸入本公司或子公司):本公司 4.相互持股比例:不適用 5.發生緣由:本公司股務代理業務原委由元富證券股份有限公司辦理，經董事會決議， 自民國108年2月1日起改委由中國信託商業銀行股份有限公司辦理。 6.因應措施:無 7.其他應敘明事項:凡本公司股東自民國108年2月1日起洽辦股票過戶、領息或配股、變 更地址、質權設定或撤銷、印鑑變更或掛失、以及其他有關股務作業事宜，敬請駕臨 或郵寄100台北市中正區重慶南路一段八十三號五樓中國信託商業銀行股份有限公司代 理部，電話(02)6636-5566。 ,https://mops.twse.com.tw/mops/#/web/t05st01,65da20c08fd593c56da57d8e42f09477b91d7fda207f9b6bd628e78d80e5cebd,0
2308,107,11,107/11/19,17:14:27,2018-11-19 17:14:27,"本公司更換股務代理機構業經臺灣集中保管結算所函覆准
予備查",capital_change,,,,,,False,True,False,False,1.事實發生日:107/11/19 2.公司名稱:台達電子工業股份有限公司 3.與公司關係(請輸入本公司或子公司):本公司 4.相互持股比例:不適用 5.發生緣由:本公司股務作業自民國108年2月1日起改委由中國信託商業銀行代理，業於 107年11月19日經臺灣集中保管結算所函覆准予備查。 6.因應措施:無 7.其他應敘明事項:凡本公司股東自民國108年2月1日起洽辦股票過戶、領息或配股、變 更地址、質權設定或撤銷、印鑑變更或掛失、以及其他有關股務作業事宜，敬請駕臨 或郵寄100台北市中正區重慶南路一段八十三號五樓中國信託商業銀行股份有限公司代 理部，電話(02)6636-5566。 ,https://mops.twse.com.tw/mops/#/web/t05st01,b1c051137c3a8aad2839c84c4c761a9ed901498f095a9b10c26d8e64b3b0d668,0
2308,108,01,108/01/07,17:24:53,2019-01-07 17:24:53,本公司公告變更與達創科技股份有限公司之合併基準日,capital_change,,,,,,False,False,False,False,1.事實發生日:108/01/07 2.原公告申報日期:107/07/31 3.簡述原公告申報內容: 本公司與達創科技股份有限公司（以下簡稱達創科技）於107年7月31日分別經雙方 董事會同意進行簡易合併，合併後將以本公司為存續公司，達創科技為消滅公司， 合併後存續公司名稱不變。合併基準日暫定為108年7月1日。 4.變動緣由及主要內容: 依據107年7月31日董事會決議，合併基準日若有變動，授權雙方董事長共同協商 調整之。今為配合本案實際進度，經雙方董事長出具聲明書，變更合併基準日為 108年4月1日。 5.變動後對公司財務業務之影響:無重大影響。 6.其他應敘明事項:無。 ,https://mops.twse.com.tw/mops/#/web/t05st01,46921192d1be2929b042fc88e786739d86240fd8116734eebaf59575abb395d3,0
2308,108,02,108/02/21,18:09:52,2019-02-21 18:09:52,"本公司代子公司乾坤科技股份有限公司公告董事會決議發
放股利",distribution,,,,,,False,True,False,False,1.董事會決議日期:108/02/21 2.發放股利種類及金額: 現金紅利:每股無償配發新台幣0.5106元(每仟股無償配發新台幣510.6元)。 股票紅利:每股無償配發新台幣0.4879元(每仟股無償配發新股股票48.79股)。 3.其他應敘明事項:本公司持有乾坤科技股份有限公司100%之股權。 ,https://mops.twse.com.tw/mops/#/web/t05st01,0af7ed2460c90e0d0ea170db0ea1102168df7b1710e93e45ad81ccf34ec5676f,0
2308,108,02,108/02/21,18:11:26,2019-02-21 18:11:26,"本公司代子公司乾坤科技股份有限公司公告107年除權及
除息基準日",distribution,,2019-06-29,,,,False,True,False,False,"1.董事會、股東會決議或公司決定日期:108/02/21 2.除權、息類別（請填入「除權」、「除息」或「除權息」）:除權息 3.發放股利種類及金額: 股票紅利新台幣1,089,134,710元，現金紅利新台幣1,139,807,714元。 4.除權（息）交易日:108/06/29 5.最後過戶日:108/06/30 6.停止過戶起始日期:108/07/01 7.停止過戶截止日期:108/07/05 8.除權（息）基準日:108/07/05 9.其他應敘明事項:本公司持有乾坤科技股份有限公司100%之股權。 ",https://mops.twse.com.tw/mops/#/web/t05st01,35c47b6acca40fe7fd519a318f6e9dabd2350f5567a7f267e272f03fd9dfa13c,0
2308,108,03,108/03/11,19:44:30,2019-03-11 19:44:30,董事會決議股利分派,capital_change,,,,,,False,False,False,False,"1. 董事會決議日期：108/03/11 2. 股東配發內容： (1)盈餘分配之現金股利(元/股)：5.00000000 (2)法定盈餘公積、資本公積發放之現金(元/股)：0 (3)股東配發之現金(股利)總金額(元)：12,987,716,645 (4)盈餘轉增資配股(元/股)：0 (5)法定盈餘公積、資本公積轉增資配股(元/股)：0 (6)股東配股總股數(股)：0 3. 其他應敘明事項： 無 4. 普通股每股面額欄位：新台幣 10.0000元",https://mops.twse.com.tw/mops/#/web/t05st01,629afbdfab02039bfb1ff3c422bdd05f885bdcefcfe74c039fe6bb4dab7f9d59,0
2308,108,04,108/04/02,16:53:14,2019-04-02 16:53:14,"本公司代子公司Delta Electronics Int'l (Singapore)
Pte. Ltd.公告合併Eltek Power Pte. Ltd.",capital_change,,,,,,False,True,False,False,1.併購種類(如合併、分割、收購或股份受讓): 合併 2.事實發生日:108/4/2 3.參與併購公司名稱(如合併另一方公司、分割新設公司、收購或受讓股份標的公司之 名稱: 本公司持股100%之子公司Delta Electronics Int'l (Singapore) Pte. Ltd. 經董事會同意進行合併本公司綜合持股100%之子公司Eltek Power Pte. Ltd.， 合併後Delta Electronics Int'l (Singapore) Pte. Ltd.為存續公司， Eltek Power Pte. Ltd.為消滅公司。 4.交易相對人(如合併另一方公司、分割讓與他公司、收購或受讓股份之交易對象): Eltek Power Pte. Ltd.為Delta Electronics Int'l (Singapore) Pte. Ltd. 持股100%之子公司。 5.交易相對人為關係人:是 6.交易相對人與公司之關係(本公司轉投資持股達XX%之被投資公司)，並說明選定 收購、受讓他公司股份之對象為關係企業或關係人之原因及是否不影響股東權益: Eltek Power Pte. Ltd.為Delta Electronics Int'l (Singapore) Pte. Ltd.持股 100%之子公司，為簡化組織架構，百分之百之公司間進行合併，不影響股東權益。 7.併購目的: 簡化組織架構 8.併購後預計產生之效益: 簡化組織架構 9.併購對每股淨值及每股盈餘之影響: 本案係Delta Electronics Int'l (Singapore) Pte. Ltd.合併其100%持股之子公司， 無須發行新股，故不影響每股淨值及每股盈餘。 10.換股比例及其計算依據: 本案係Delta Electronics Int'l (Singapore) Pte. Ltd.合併其100%持股之子公司， 無須發行新股，故無換股比例之適用。 11.本次交易會計師、律師或證券承銷商出具非合理性意見:不適用 12.會計師或律師事務所名稱或證券承銷商公司名稱: 不適用 13.會計師或律師姓名: 不適用 14.會計師或律師開業證書字號: 不適用 15.預定完成日程: 待子公司股東會決議及主管機關核准 16.既存或新設公司承受消滅(或分割)公司權利義務相關事項(註二): Delta Electronics Int'l (Singapore) Pte. Ltd.概括承受消滅公司之帳列資產、 負債及截至合併基準日止仍為有效之一切權利及義務。 17.參與合併公司之基本資料(註三): (1)Delta Electronics Int'l (Singapore) Pte. Ltd.:經營及銷售電子產品 (2)Eltek Power Pte. Ltd.:經營電源供應器等之銷售業務及系,https://mops.twse.com.tw/mops/#/web/t05st01,49a14483fe202b36cbf9cc94c30a8e047ddc37cbe0880b88f85f7793f8e2af5f,0
2308,111,07,111/07/28,17:00:00,2022-07-28 17:00:00,公告本公司111年第2季合併財務報告業經董事會通過,capital_change,,,,,,False,False,False,False,"1.提報董事會或經董事會決議日期:111/07/28 2.審計委員會通過日期:111/07/28 3.財務報告或年度自結財務資訊報導期間 起訖日期(XXX/XX/XX~XXX/XX/XX):111/01/01~111/06/30 4.1月1日累計至本期止營業收入(仟元):172,534,868 5.1月1日累計至本期止營業毛利(毛損) (仟元):48,982,729 6.1月1日累計至本期止營業利益(損失) (仟元):17,123,891 7.1月1日累計至本期止稅前淨利(淨損) (仟元):19,370,442 8.1月1日累計至本期止本期淨利(淨損) (仟元):15,672,312 9.1月1日累計至本期止歸屬於母公司業主淨利(損) (仟元):13,686,562 10.1月1日累計至本期止基本每股盈餘(損失) (元):5.27 11.期末總資產(仟元):393,948,671 12.期末總負債(仟元):196,914,116 13.期末歸屬於母公司業主之權益(仟元):162,649,544 14.其他應敘明事項:無 ",https://mops.twse.com.tw/mops/#/web/t05st01,abf4d90b05b308b02894203e91797e1aad9b259e86d02e7fbed6447220f3b989,0
2308,111,10,111/10/27,17:53:50,2022-10-27 17:53:50,公告本公司111年第3季合併財務報告業經董事會通過,capital_change,,,,,,False,False,False,False,"1.提報董事會或經董事會決議日期:111/10/27 2.審計委員會通過日期:111/10/27 3.財務報告或年度自結財務資訊報導期間 起訖日期(XXX/XX/XX~XXX/XX/XX):111/01/01~111/09/30 4.1月1日累計至本期止營業收入(仟元):278,783,021 5.1月1日累計至本期止營業毛利(毛損) (仟元):81,160,059 6.1月1日累計至本期止營業利益(損失) (仟元):30,661,572 7.1月1日累計至本期止稅前淨利(淨損) (仟元):34,541,781 8.1月1日累計至本期止本期淨利(淨損) (仟元):27,894,082 9.1月1日累計至本期止歸屬於母公司業主淨利(損) (仟元):24,755,470 10.1月1日累計至本期止基本每股盈餘(損失) (元):9.53 11.期末總資產(仟元):428,302,953 12.期末總負債(仟元):209,068,087 13.期末歸屬於母公司業主之權益(仟元):181,981,023 14.其他應敘明事項:無 ",https://mops.twse.com.tw/mops/#/web/t05st01,e7e0383b52db639f03213ab87527b2cc12b7c4de90e78f6c2def12bfb023f52b,0
2313,104,06,104/06/12,13:08:23,2015-06-12 13:08:23,公告本公司董事會決議除息基準日,distribution,0.6,2015-07-08,,,,False,False,False,False,"1.董事會、股東會決議或公司決定日期:104/06/12 2.除權、息類別（請填入「除權」、「除息」或「除權息」）:除息 3.發放股利種類及金額:現金股利715,092,353元(每股分派新台幣0.6元) 4.除權（息）交易日:104/07/08 5.最後過戶日:104/07/09 6.停止過戶起始日期:104/07/10 7.停止過戶截止日期:104/07/14 8.除權（息）基準日:104/07/14 9.其他應敘明事項: 現金股利發放日:104/08/06 ",https://mops.twse.com.tw/mops/#/web/t05st01,00e87812713f88621a387bf0f6536f7eed25fe273fd12fb212d34cf1517cb449,0
2313,104,09,104/09/17,14:40:42,2015-09-17 14:40:42,"代重要子公司華通電腦(惠州)有限公司公告董事會決議
股利配發基準日",distribution,,2015-09-18,,,,True,True,False,False,"1.董事會、股東會決議或公司決定日期:104/09/17 2.除權、息類別（請填入「除權」、「除息」或「除權息」）:除息 3.發放股利種類及金額:現金股利人民幣90,000,000元 4.除權（息）交易日:104/09/18 5.最後過戶日:104/09/18 6.停止過戶起始日期:104/09/18 7.停止過戶截止日期:104/09/18 8.除權（息）基準日:104/09/18 9.其他應敘明事項:無 ",https://mops.twse.com.tw/mops/#/web/t05st01,39c1d79970b74b39107b3f88bcffe182b678ee0803de8ca55c46a84fcb681bdf,0
2313,109,07,109/07/02,08:20:46,2020-07-02 08:20:46,"代重要子公司公告第三次盈餘分派除息基準日訂定
股利配發基準日",distribution,,,,,,False,True,False,False,"1.董事會、股東會決議或公司決定日期:109/07/02 2.除權、息類別（請填入「除權」、「除息」或「除權息」）:除息 3.發放股利種類及金額: HUATON HOLDINGS LIMITED第三次發放現金股利，總金額為美金10,000,000元。 4.除權（息）交易日:NA 5.最後過戶日:NA 6.停止過戶起始日期:NA 7.停止過戶截止日期:NA 8.除權（息）基準日:109/07/02 9.其他應敘明事項:NA ",https://mops.twse.com.tw/mops/#/web/t05st01,6b572ba7fec9c2c8020b71ed4c7c62c594886e6112c9594d26ce93b24473817d,0
2317,106,03,106/03/31,19:56:30,2017-03-31 19:56:30,公告本公司董事會通過105年度合併及個體財務報告,capital_change,,,,,,False,True,False,False,"1.事實發生日:106/03/31 2.公司名稱:鴻海精密工業股份有限公司 3.與公司關係(請輸入本公司或子公司):本公司 4.相互持股比例:不適用 5.發生緣由: 本公司董事會通過105年度合併及個體財務報告，合併綜合損益表主要項目如下： 105年度 (1月1日至12月31日) 營業收入 4,358,733,357 (仟元) 營業毛利 321,584,980 (仟元) 營業利益 174,939,501 (仟元) 稅前淨利 197,949,745 (仟元) 本期淨利 151,357,164 (仟元) 淨利（損）歸屬於： 母公司業主 148,662,983 (仟元) 非控制權益 2,694,181 (仟元) 每股盈餘： 基本每股盈餘(稅後) 8.60 (元) 稀釋每股盈餘(稅後) 8.52 (元) 本期綜合損益總額 120,142,943 (仟元) 綜合損益總額歸屬於： 母公司業主 121,097,464 (仟元) 非控制權益 (954,521) (仟元) 個體綜合損益表主要項目如下： 105年度 (1月1日至12月31日) 營業收入 3,299,320,691 (仟元) 營業毛利 88,938,180 (仟元) 營業利益 62,620,638 (仟元) 稅前淨利 164,464,757 (仟元) 本期淨利 148,662,983 (仟元) 每股盈餘： 基本每股盈餘(稅後) 8.60 (元) 稀釋每股盈餘(稅後) 8.52 (元) 本期綜合損益總額 121,097,464 (仟元) 6.因應措施:無 7.其他應敘明事項:無 ",https://mops.twse.com.tw/mops/#/web/t05st01,6229d95bb63032b7e48590aab6be8003e5a6bda6404a8cd9ad1e98c47e9fbec5,0
2317,106,05,106/05/11,18:32:52,2017-05-11 18:32:52,公告本公司董事會提報106年度第一季合併財務報告,capital_change,,,,,,False,True,False,False,"1.事實發生日:106/05/11 2.公司名稱:鴻海精密工業股份有限公司 3.與公司關係(請輸入本公司或子公司):本公司 4.相互持股比例:不適用 5.發生緣由: 本公司董事會提報106年度第一季合併財務報告，合併綜合損益表主要項目如下： 106年度第一季 (1月1日至3月31日) 營業收入 975,043,856 (仟元) 營業毛利 71,724,616 (仟元) 營業利益 36,489,726 (仟元) 稅前淨利 36,438,256 (仟元) 本期淨利 29,207,446 (仟元) 淨利（損）歸屬於： 母公司業主 28,167,531 (仟元) 非控制權益 1,039,915 (仟元) 每股盈餘： 基本每股盈餘(稅後) 1.63 (元) 稀釋每股盈餘(稅後) 1.61 (元) 本期綜合損益總額 33,609,729 (仟元) 綜合損益總額歸屬於： 母公司業主 33,794,821 (仟元) 非控制權益 (185,092) (仟元) 6.因應措施:無 7.其他應敘明事項:無 ",https://mops.twse.com.tw/mops/#/web/t05st01,60909c491a533743fc86dbde7370d50841991034ad161ddd59bfc26e58c77c1b,0
2317,106,05,106/05/11,18:33:04,2017-05-11 18:33:04,董事會決議股利分派,capital_change,,,,,,False,False,False,False,"1. 董事會決議日期：106/05/11 2. 股東配發內容： (1)盈餘分配之現金股利(元/股)：4.50000000 (2)法定盈餘公積、資本公積發放之現金(元/股)：0 (3)股東配發之現金(股利)總金額(元)：77,979,322,179 (4)盈餘轉增資配股(元/股)：0 (5)法定盈餘公積、資本公積轉增資配股(元/股)：0 (6)股東配股總股數(股)：0 3. 其他應敘明事項： 無 4. 普通股每股面額欄位：新台幣 10.0000元",https://mops.twse.com.tw/mops/#/web/t05st01,d3e24acebc327fbdf945773cb0867b07bcba89d082d0b04ac0f2ab8170d58571,0
2317,106,06,106/06/23,19:39:06,2017-06-23 19:39:06,公告本公司訂定除息基準日,distribution,4.5,2017-07-13,,,,False,False,False,False,"1.董事會、股東會決議或公司決定日期:106/06/23 2.除權、息類別（請填入「除權」、「除息」或「除權息」）:除息 3.發放股利種類及金額: 普通股現金股利新台幣77,979,322,179元，每股配發新台幣4.5元。 4.除權（息）交易日:106/07/13 5.最後過戶日:106/07/16 6.停止過戶起始日期:106/07/17 7.停止過戶截止日期:106/07/21 8.除權（息）基準日:106/07/21 9.其他應敘明事項:現金股利發放日訂於106/08/10 ",https://mops.twse.com.tw/mops/#/web/t05st01,69d83e5bb7ca65027cc3b66e01f0eab7f93b232d2f65e2c3d1ea7763fc85d5fc,0
2317,108,03,108/03/29,18:45:32,2019-03-29 18:45:32,公告本公司董事會通過107年度合併及個體財務報告,capital_change,,,,,,False,True,False,False,"1.事實發生日:108/03/29 2.公司名稱:鴻海精密工業股份有限公司 3.與公司關係(請輸入本公司或子公司):本公司 4.相互持股比例:不適用 5.發生緣由: 本公司董事會通過106年度合併及個體財務報告，合併綜合損益表主要項目如下： 107年度 (1月1日至12月31日) 營業收入 5,293,803,022 (仟元) 營業毛利 332,029,904 (仟元) 營業利益 136,146,875 (仟元) 稅前淨利 170,251,442 (仟元) 本期淨利 129,835,425 (仟元) 淨利（損）歸屬於： 母公司業主 129,065,105 (仟元) 非控制權益 770,320 (仟元) 每股盈餘： 基本每股盈餘(稅後) 8.03 (元) 稀釋每股盈餘(稅後) 7.95 (元) 本期綜合損益總額 100,896,944 (仟元) 綜合損益總額歸屬於： 母公司業主 103,120,437 (仟元) 非控制權益 (2,223,493) (仟元) 個體綜合損益表主要項目如下： 107年度 (1月1日至12月31日) 營業收入 2,867,948,593 (仟元) 營業毛利 60,793,295 (仟元) 營業利益 40,834,033 (仟元) 稅前淨利 145,592,837 (仟元) 本期淨利 129,065,105 (仟元) 每股盈餘： 基本每股盈餘(稅後) 8.03 (元) 稀釋每股盈餘(稅後) 7.95 (元) 本期綜合損益總額 103,120,437 (仟元) 6.因應措施:無 7.其他應敘明事項:無 ",https://mops.twse.com.tw/mops/#/web/t05st01,3614d84efa8c06e696e861112de593ed9bf06411e033454484d33bfd7cd82a73,0
2317,108,03,108/03/29,18:48:55,2019-03-29 18:48:55,"大陸投資事業康准電子科技(昆山)有限公司與
富揚電子科技(常熟)有限公司合併",capital_change,,,,,,False,True,False,False,1.併購種類(如合併、分割、收購或股份受讓): 合併 2.事實發生日:108/3/29 3.參與併購公司名稱(如合併另一方公司、分割新設公司、收購或受讓股份標的公司之 名稱: 大陸投資事業康准電子科技(昆山)有限公司與富揚電子科技(常熟)有限公司合併 4.交易相對人(如合併另一方公司、分割讓與他公司、收購或受讓股份之交易對象): 康准電子科技(昆山)有限公司為存續公司； 富揚電子科技(常熟)有限公司為消滅公司 5.交易相對人為關係人:是 6.交易相對人與公司之關係(本公司轉投資持股達XX%之被投資公司)，並說明選定 收購、受讓他公司股份之對象為關係企業或關係人之原因及是否不影響股東權益: 參與合併之公司為本公司持股100%之子公司，不影響股東權益 7.併購目的: 整合集團資源、改善公司財務結構、擴大生產經營規模 8.併購後預計產生之效益: 提高生產能力及經濟效益 9.併購對每股淨值及每股盈餘之影響: 無 10.換股比例及其計算依據: 消滅公司每1股換發存續公司1股 11.本次交易會計師、律師或證券承銷商出具非合理性意見:不適用 12.會計師或律師事務所名稱或證券承銷商公司名稱: 不適用 13.會計師或律師姓名: 不適用 14.會計師或律師開業證書字號: 不適用 15.預定完成日程: 108年 16.既存或新設公司承受消滅(或分割)公司權利義務相關事項(註二): 康准電子科技(昆山)有限公司承受富揚電子科技(常熟)有限公司全體債權債務 17.參與合併公司之基本資料(註三): 康准電子科技(昆山)有限公司:電子計算機之零件及附件金屬壓縮模與 塑膠用射出模之產銷業務 富揚電子科技(常熟)有限公司:便攜式微型計算機、高檔伺服器、數位 放聲設備、新型打印裝置、精沖模、精密型腔模及模具標準件之產銷業務 18.分割之相關事項(含預定讓與既存公司或新設公司之營業、資產之評價價值；被 分割公司或其股東所取得股份之總數、種類及數量；被分割公司資本減少時，其資 本減少有關事項)(註：若非分割公告時，則不適用): 不適用 19.併購股份未來移轉之條件及限制: 不適用 20.其他重要約定事項: 不適用 21.本次交易，董事有無異議:否 22.其他敘明事項: 無 註二、既存或新設公司承受消滅公司權利義務相關事項，包括庫藏股及已發行具有股權性質有 價證券之處理原則。 註三：參與合併公司之基本資料包括公司名稱及所營業務 之主要內容。,https://mops.twse.com.tw/mops/#/web/t05st01,db5713af3546b5e48625c7a3a2b2d4310f944bcb076e76e514ac7539515fb1e0,0
2317,108,03,108/03/29,21:10:29,2019-03-29 21:10:29,"代子公司富士康工業互聯網股份有限公司公告
董事會決議發放股利",distribution,,,,,,False,True,False,False,1.董事會決議日期:108/03/29 2.發放股利種類及金額: 2.1發放股利種類：現金股利 2.2發放股利金額：每10股派發人民幣1.29元(含稅) 3.其他應敘明事項:無 ,https://mops.twse.com.tw/mops/#/web/t05st01,1296e7ee023e61630efe3ad6f74f891f0b7435a229b2690e244c9f0999a9d0f1,0
2317,108,05,108/05/10,19:26:55,2019-05-10 19:26:55,董事會決議股利分派,capital_change,,,,,,False,False,False,False,"1. 董事會擬議日期：108/05/10 2. 股利所屬年(季)度：107年 年度 3. 股利所屬期間：107/01/01 至 107/12/31 4. 股東配發內容： (1)盈餘分配之現金股利(元/股)：4.00000000 (2)法定盈餘公積、資本公積發放之現金(元/股)：0 (3)股東配發之現金(股利)總金額(元)：55,451,962,436 (4)盈餘轉增資配股(元/股)：0 (5)法定盈餘公積、資本公積轉增資配股(元/股)：0 (6)股東配股總股數(股)：0 5. 其他應敘明事項： 無 6. 普通股每股面額欄位：新台幣 10.0000元",https://mops.twse.com.tw/mops/#/web/t05st01,c8a744e10d1053513f3a008ae2f43d9e5f71ccdca5be2c3d65cc4aea19271927,0
2317,108,05,108/05/14,17:10:52,2019-05-14 17:10:52,公告本公司108年度第一季合併財務報告,capital_change,,,,,,False,True,False,False,"1.事實發生日:108/05/14 2.公司名稱:鴻海精密工業股份有限公司 3.與公司關係(請輸入本公司或子公司):本公司 4.相互持股比例:不適用 5.發生緣由: 本公司108年度第一季合併財務報告，合併綜合損益表主要項目如下： 108年第一季 (1月1日至3月31日) 營業收入 1,054,302,519 (仟元) 營業毛利 58,302,574 (仟元) 營業利益 16,108,932 (仟元) 稅前淨利 30,483,478 (仟元) 本期淨利 24,161,409 (仟元) 淨利（損）歸屬於： 母公司業主 19,825,041 (仟元) 非控制權益 4,336,368 (仟元) 每股盈餘： 基本每股盈餘(稅後) 1.43 (元) 稀釋每股盈餘(稅後) 1.41 (元) 本期綜合損益總額 55,979,590 (仟元) 綜合損益總額歸屬於： 母公司業主 49,152,460 (仟元) 非控制權益 6,827,130 (仟元) 6.因應措施:無 7.其他應敘明事項:無 ",https://mops.twse.com.tw/mops/#/web/t05st01,6d0ab3f4fb0ebc3e49733f820d9392f687a9ab1fb9bdb76c8f10e5cba2c7dd44,0
2317,108,08,108/08/13,20:27:04,2019-08-13 20:27:04,公告本公司於董事會提報108年第二季合併財務報告,capital_change,,,,,,False,True,False,False,"1.事實發生日:108/08/13 2.公司名稱:鴻海精密工業股份有限公司 3.與公司關係(請輸入本公司或子公司):本公司 4.相互持股比例:不適用 5.發生緣由: 本公司於董事會提報108年第二季合併財務報告，合併綜合損益表主要項目如下： 108年第二季 (4月1日至6月30日) 營業收入 1,159,784,106 (仟元) 營業毛利 61,606,302 (仟元) 營業利益 15,548,730 (仟元) 稅前淨利 28,553,152 (仟元) 本期淨利 18,029,398 (仟元) 淨利（損）歸屬於： 母公司業主 17,053,526 (仟元) 非控制權益 975,872 (仟元) 每股盈餘： 基本每股盈餘(稅後) 1.23 (元) 稀釋每股盈餘(稅後) 1.22 (元) 本期綜合損益總額 6,303,069 (仟元) 綜合損益總額歸屬於： 母公司業主 6,550,257 (仟元) 非控制權益 (247,188) (仟元) 108年前二季 (1月1日至6月30日) 營業收入 2,214,086,625 (仟元) 營業毛利 119,908,876 (仟元) 營業利益 31,657,662 (仟元) 稅前淨利 59,036,630 (仟元) 本期淨利 42,190,807 (仟元) 淨利（損）歸屬於： 母公司業主 36,878,567 (仟元) 非控制權益 5,312,240 (仟元) 每股盈餘： 基本每股盈餘(稅後) 2.66 (元) 稀釋每股盈餘(稅後) 2.65 (元) 本期綜合損益總額 62,282,659 (仟元) 綜合損益總額歸屬於： 母公司業主 55,702,717 (仟元) 非控制權益 6,579,942 (仟元) 6.因應措施:無 7.其他應敘明事項:無 ",https://mops.twse.com.tw/mops/#/web/t05st01,a1af8e474c77a5d5d8df7a0008ff02a7b47e88197d81fd7b9b1a3c1db8e1aea3,0
2317,108,11,108/11/13,14:54:48,2019-11-13 14:54:48,公告本公司於董事會提報108年第三季合併財務報告,capital_change,,,,,,False,True,False,False,"1.事實發生日:108/11/13 2.公司名稱:鴻海精密工業股份有限公司 3.與公司關係(請輸入本公司或子公司):本公司 4.相互持股比例:不適用 5.發生緣由: 本公司於董事會提報108年第三季合併財務報告，合併綜合損益表主要項目如下： 108年第三季 (7月1日至9月30日) 營業收入 1,387,792,029 (仟元) 營業毛利 83,382,222 (仟元) 營業利益 33,491,454 (仟元) 稅前淨利 42,057,411 (仟元) 本期淨利 33,817,756 (仟元) 淨利（損）歸屬於： 母公司業主 30,664,317 (仟元) 非控制權益 3,153,439 (仟元) 每股盈餘： 基本每股盈餘(稅後) 2.21 (元) 稀釋每股盈餘(稅後) 2.19 (元) 本期綜合損益總額 (9,771,172) (仟元) 綜合損益總額歸屬於： 母公司業主 9,584,987) (仟元) 非控制權益 ( 186,185) (仟元) 108年前三季 (1月1日至9月30日) 營業收入 3,601,878,654 (仟元) 營業毛利 203,291,098 (仟元) 營業利益 65,149,116 (仟元) 稅前淨利 101,094,041 (仟元) 本期淨利 76,008,563 (仟元) 淨利（損）歸屬於： 母公司業主 67,542,884 (仟元) 非控制權益 8,465,679 (仟元) 每股盈餘： 基本每股盈餘(稅後) 4.87 (元) 稀釋每股盈餘(稅後) 4.83 (元) 本期綜合損益總額 52,511,487 (仟元) 綜合損益總額歸屬於： 母公司業主 46,117,730 (仟元) 非控制權益 6,393,757 (仟元) 6.因應措施:無 7.其他應敘明事項:無 ",https://mops.twse.com.tw/mops/#/web/t05st01,eaee4265c79b37fa26fc37e3d88565a45bf60ab84dfe592e7321f4daae4b1e99,0
2317,113,03,113/03/14,14:15:42,2024-03-14 14:15:42,公告本公司董事會通過112年度合併財務報告,capital_change,,,,,,False,False,False,False,"1.提報董事會或經董事會決議日期:113/03/14 2.審計委員會通過日期:113/03/14 3.財務報告或年度自結財務資訊報導期間 起訖日期(XXX/XX/XX~XXX/XX/XX):112/01/01~112/12/31 4.1月1日累計至本期止營業收入(仟元):6,162,221,359 5.1月1日累計至本期止營業毛利(毛損) (仟元):387,947,469 6.1月1日累計至本期止營業利益(損失) (仟元):166,528,495 7.1月1日累計至本期止稅前淨利(淨損) (仟元):192,224,213 8.1月1日累計至本期止本期淨利(淨損) (仟元):154,789,382 9.1月1日累計至本期止歸屬於母公司業主淨利(損) (仟元):142,098,208 10.1月1日累計至本期止基本每股盈餘(損失) (元):10.25 11.期末總資產(仟元):3,939,788,977 12.期末總負債(仟元):2,253,545,331 13.期末歸屬於母公司業主之權益(仟元):1,493,109,102 14.其他應敘明事項:無 ",https://mops.twse.com.tw/mops/#/web/t05st01,c7eef06011e48bd948206079797f92d04471256a3673455b0e76bd1dc7d10476,0
2317,113,03,113/03/14,17:14:15,2024-03-14 17:14:15,董事會決議股利分派,capital_change,,,,,,False,False,False,False,"1. 董事會決議日期：113/03/14 2. 股利所屬年(季)度：112年 年度 3. 股利所屬期間：112/01/01 至 112/12/31 4. 股東配發內容： (1)盈餘分配之現金股利(元/股)：5.40000000 (2)法定盈餘公積發放之現金(元/股)：0 (3)資本公積發放之現金(元/股)：0 (4)股東配發之現金(股利)總金額(元)：74,860,149,289 (5)盈餘轉增資配股(元/股)：0 (6)法定盈餘公積轉增資配股(元/股)：0 (7)資本公積轉增資配股(元/股)：0 (8)股東配股總股數(股)：0 5. 其他應敘明事項： 無 6. 普通股每股面額欄位：新台幣10.0000元",https://mops.twse.com.tw/mops/#/web/t05st01,c20cabfd505a24a38c9f40111352fd75d8f422a00f971ba2f63e7625989ef152,0
2317,113,03,113/03/14,17:38:43,2024-03-14 17:38:43,"代子公司富士康工業互聯網股份有限公司公告
董事會決議發放股利",distribution,,,,,,False,True,False,False,1.董事會決議日期:113/03/13 2.發放股利種類及金額: 現金股利；每10股派發現金紅利5.8元（含稅） 3.其他應敘明事項:無 ,https://mops.twse.com.tw/mops/#/web/t05st01,c96798495a72d35af77c628a22edf26d5913bf2bceba16ddaf7106810710ef0f,0
2327,109,09,109/09/07,17:10:54,2020-09-07 17:10:54,公告本公司109年8月自結合併營收,capital_change,,,,,,False,True,False,False,1.事實發生日:109/09/07 2.公司名稱:國巨股份有限公司 3.與公司關係(請輸入本公司或子公司):本公司 4.相互持股比例:不適用 5.發生緣由:國巨公司今日公布 2020 年 8 月份自結合併淨營收為NT$ 72.96 億元，單月 營收較上月增加4.1%，並較去年同期增加113.7%；累計1-8月合併淨營收為NT$377.92億 元，較去年同期增加 36.1%。 8月份營收增加，主要是客戶訂單需求穩健增溫、生產廠區的產能及庫存逐步改善所致。 目前全球的疫情仍未緩解，且國際貿易爭端的不確定性仍高，但國巨的營收與產品組合 已有結構性轉變，且未來的營運將持續聚焦於高階規格的5G、車用、工控、航太、醫療 等終端應用，有助於公司維持穩定的營收及獲利成長動能。 6.因應措施:不適用 7.其他應敘明事項:無 ,https://mops.twse.com.tw/mops/#/web/t05st01,45f4c28825030b22cb95250e7836a1dd3e545d9fa82a837a6dd22c1fb2213f4e,0
2327,109,10,109/10/07,17:14:11,2020-10-07 17:14:11,公告本公司109年9月自結合併營收,capital_change,,,,,,False,True,False,False,1.事實發生日:109/10/07 2.公司名稱:國巨股份有限公司 3.與公司關係(請輸入本公司或子公司):本公司 4.相互持股比例:不適用 5.發生緣由:國巨公司今日公布 2020 年 9 月份自結合併淨營收為NT$ 76.62 億元，單月 營收較上月增加5.0%，並較去年同期增加117.8%；第三季度合併淨營收為NT$ 219.67 億 元，較上季增加 63.1%，並較去年同期增加 113.0%；累計 1-9 月合併淨營收為 NT$ 454.54 億元，較去年同期增加 45.3%。 9月份營收增加，主要是終端需求穩健及生產廠區的產能逐步改善所致。展望第四季度， 雖然全球的疫情仍未緩解，且國際貿易爭端的不確定性仍高，公司的MLCC產能利用率已 提升至 8 成、R-chip提升至 7 成，以因應客戶端穩定增加的需求，致使成品庫存水位 無法明顯拉升，庫存天數仍低於 60 天。 此外，國巨將持續拓展與各產業中的指標性客戶作為關鍵零組件的策略聯盟夥伴，除了 擴大市場份額及營運規模外，亦因應未來科技應用端對高階特殊品客製化需求倍增，將 有效提升公司在高階車用、工業、醫療、航太、5G/IoT的營運佔比及產值，為公司創造 更穩定的營收及獲利成長動能。 6.因應措施:不適用 7.其他應敘明事項:無 ,https://mops.twse.com.tw/mops/#/web/t05st01,e254b8b76be082e84220790afd5767504c6105fd21ed3865d06efd91d54cf567,0
2327,109,11,109/11/06,17:31:13,2020-11-06 17:31:13,公告本公司109年10月自結合併營收,capital_change,,,,,,False,True,False,False,1.事實發生日:109/11/06 2.公司名稱:國巨股份有限公司 3.與公司關係(請輸入本公司或子公司):本公司 4.相互持股比例:不適用 5.發生緣由:國巨公司今日公布 2020 年 10 月份自結合併淨營收為NT$ 72.01 億元， 單月營收較上月減少 6.0%，但較去年同期增加 123.4%；累計 1-10 月合併淨營收為 NT$ 526.56 億元，較去年同期增加 52.6%。 10月份營收較上月減少，主要是受中國十一長假減少四分之一的工作天數所影響。雖然 全球的疫情仍然嚴峻，且國際貿易爭端的不確定性高，但因終端需求穩健，公司已逐步 拉升MLCC及晶片電阻的產能利用率，且鉭質電容產能持續滿載，以因應客戶端穩定增加 的需求，然仍無法明顯拉升成品庫存水位，庫存天數仍低於 60 天。 國巨將持續拓展與各產業中的指標性客戶作為關鍵零組件的策略夥伴，除了擴大市場份 額及營運規模外，亦因應未來科技應用端對高階特殊品客製化需求倍增，有效提升公司 在高階車用、工業、醫療、航太、5G/IoT的營運佔比及產值，為公司創造更穩定的營收 及獲利成長動能。 6.因應措施:不適用 7.其他應敘明事項:無 ,https://mops.twse.com.tw/mops/#/web/t05st01,7576431033ee2b55110e3e3321a00315dfb1bb84411392d1be157f67d8692125,0
2327,109,12,109/12/07,17:45:40,2020-12-07 17:45:40,公告本公司109年11月自結合併營收,capital_change,,,,,,False,True,False,False,1.事實發生日:109/12/07 2.公司名稱:國巨股份有限公司 3.與公司關係(請輸入本公司或子公司):本公司 4.相互持股比例:不適用 5.發生緣由:國巨公司今日公布 2020 年 11 月份自結合併淨營收為NT$ 76.70 億元， 單月營收較上月增加 6.5%，並較去年同期增加 117.9%；累計 1-11 月合併淨營收為 NT$ 603.25 億元，較去年同期增加 58.6%。 11月份營收較上月增加，主要是歐美市場需求強勁及中國廠區工作天數已回復正常所致 。由於農曆年前大中華生產廠區招工已漸不易，公司將盡全力維持穩定的產能利用率以 因應客戶端的需求，但仍無法提升成品庫存水位。 雖然全球的疫情仍舊嚴峻，國際貿易爭端的不確定性高，但國巨的營收與產品組合持續 優化，並因應未來科技應用端對高階特殊品客製化的需求倍增，將為公司創造更穩定的 營收及獲利成長動能。 6.因應措施:不適用 7.其他應敘明事項:無 ,https://mops.twse.com.tw/mops/#/web/t05st01,13ff8b16e8813cdda7333549a91e9b101b8a74f5c2ee77d165735b1a2e53243a,0
2327,110,01,110/01/07,17:41:01,2021-01-07 17:41:01,公告本公司109年12月自結合併營收,capital_change,,,,,,False,True,False,False,1.事實發生日:110/01/07 2.公司名稱:國巨股份有限公司 3.與公司關係(請輸入本公司或子公司):本公司 4.相互持股比例:不適用 5.發生緣由:國巨公司今日公布 2020 年 12 月份自結合併淨營收為NT$ 73.28 億元， 單月營收較上月減少 4.5%，但較去年同期增加 124.8%；第四季度合併營收為 NT$ 221.99 億元，較上一季增加 1.1%，並較去年同期增加 121.9%；2020 年全年度 合併淨營收為NT$ 676.53 億元，較去年同期增加 63.9%。 12月份營收減少，主要是當月的工作天數因年度庫存盤點而減少，且歐美客戶因聖誕及 新年假期減緩拉貨所致。 展望第一季度，國巨正向看待終端需求動能，公司的MLCC產能利用率逐步向 9 成、 R-chip向 8 成邁進，鉭質電容產能則是持續維持滿載，且大中華廠區於農曆春節期間 將安排人力加班生產，以因應客戶端穩定增加的需求。然而全球的疫情依舊延燒未解、 國際貿易爭端亦充滿不確定性，公司將審慎樂觀應對業績及營運展望。 6.因應措施:不適用 7.其他應敘明事項:無 ,https://mops.twse.com.tw/mops/#/web/t05st01,bb82ea0cce6967de3ebcd66a6e6ecc7f5509d7c4ed50103e07966ff2f749cfb8,0
2327,110,02,110/02/04,15:10:51,2021-02-04 15:10:51,公告本公司110年01月自結合併營收,capital_change,,,,,,False,True,False,False,1.事實發生日:110/02/04 2.公司名稱:國巨股份有限公司 3.與公司關係(請輸入本公司或子公司):本公司 4.相互持股比例:不適用 5.發生緣由:國巨公司今日公布 2021 年 1 月份自結合併淨營收為NT$ 80.12 億元，單 月營收較上月增加 9.3%，並較去年同期增加 142.7%。 1月份營收增加，主要是當月的工作天數已回復正常，歐美市場需求強勁及大中華區客 戶於農曆年前增加備貨所致。 為因應客戶端強烈需求，公司於農曆春節期間採取高額獎金制度，大中華廠區預計可安 排七成五的人力留守以加班生產；然而全球的疫情依舊延燒未解、國際貿易爭端亦充滿 不確定性，公司仍將審慎樂觀應對業績及營運展望。 6.因應措施:不適用 7.其他應敘明事項:無 ,https://mops.twse.com.tw/mops/#/web/t05st01,d606dcd78d5b1278858612df8595ef5733b827632d8f98b75ac9f24732b443d7,0
2327,110,11,110/11/05,19:11:27,2021-11-05 19:11:27,公告本公司110年10月自結合併營收,capital_change,,,,,,False,True,False,False,1.事實發生日:110/11/05 2.公司名稱:國巨股份有限公司 3.與公司關係(請輸入本公司或子公司):本公司 4.相互持股比例:不適用 5.發生緣由:國巨公司今日公布 2021 年 10 月份自結合併淨營收為NT$ 86.05 億元，單 月營收較上月減少 12.3%，但較去年同期增加 19.5%；累計 1-10 月合併淨營收為NT$ 894.60 億元，較去年同期增加 69.9%。 10月份營收較上月減少，主要是因中國十一長假減少四分之一的工作天數，以及客戶端 受到IC零組件缺貨及 9 月下旬中國限電停工的影響所致。 由於全球疫情仍未減緩，IC零組件短缺造成客戶端出貨遞延，且中國限電使得客戶對零 組件的備貨趨向保守，國巨公司將密切關注市場的供需狀況，並審慎應對客戶需求及產 能配置。 6.因應措施:不適用 7.其他應敘明事項:無 ,https://mops.twse.com.tw/mops/#/web/t05st01,a92f57df47eccbd50a41c21fc00bf39a3dc237fc25b458360c30554730e6cff5,0
2327,110,11,110/11/11,18:13:36,2021-11-11 18:13:36,公告本公司110年第3季合併財務報告業經提報董事會通過,capital_change,,,,,,False,False,False,False,"1.提報董事會或經董事會決議日期:110/11/11 2.審計委員會通過日期:110/11/11 3.財務報告或年度自結財務資訊報導期間 起訖日期(XXX/XX/XX~XXX/XX/XX):110/1/1~110/09/30 4.1月1日累計至本期止營業收入(仟元):80,849,313 5.1月1日累計至本期止營業毛利(毛損) (仟元):32,717,183 6.1月1日累計至本期止營業利益(損失) (仟元):22,462,088 7.1月1日累計至本期止稅前淨利(淨損) (仟元):23,730,358 8.1月1日累計至本期止本期淨利(淨損) (仟元):18,205,076 9.1月1日累計至本期止歸屬於母公司業主淨利(損) (仟元):18,166,082 10.1月1日累計至本期止基本每股盈餘(損失) (元):36.83 11.期末總資產(仟元):206,614,227 12.期末總負債(仟元):131,489,194 13.期末歸屬於母公司業主之權益(仟元):74,941,127 14.其他應敘明事項:無 ",https://mops.twse.com.tw/mops/#/web/t05st01,ce05bd81821b96eff709348ed20255628c0de212d9ce1f0bc441c91d249b9310,0
2327,110,11,110/11/11,18:16:42,2021-11-11 18:16:42,"公告變更與奇力新電子股份有限公司股份轉換案
之基準日",capital_change,,,,,,False,False,False,False,1.事實發生日:110/11/11 2.原公告申報日期:110/06/30 3.簡述原公告申報內容:暫定股份轉換基準日為民國110年12月30日，若因實際情況有 調整股份轉換基準日之必要，由雙方之董事會共同協商調整股份轉換基準日並公告之 4.變動緣由及主要內容:原暫訂之股份轉換基準日經110年6月30日董事會及110年9月7日 股東臨時會決議通過，因考量股份轉換作業時程，擬依股份轉換契約調整股份轉換基 準日為111年1月5日 5.變動後對公司財務業務之影響:無 6.其他應敘明事項:本公告之相關日期係暫訂之時程，過程中如有因主管機關指示或其 他實際情況之需要，本公司得修正並公告之 ,https://mops.twse.com.tw/mops/#/web/t05st01,d8c7e909ee2f6fd55b7f3c070e458cd989f4189712cf1b45a6a0d6189c614f74,0
2327,110,12,110/12/02,17:00:24,2021-12-02 17:00:24,"公告本公司與奇力新電子股份有限公司於股份轉換基準日後,
奇力新電子股份有限公司發行之國內第六次無擔保公司債請求轉
換程序",capital_change,,,,,,False,True,False,False,1.事實發生日:110/12/02 2.公司名稱:國巨股份有限公司 3.與公司關係(請輸入本公司或子公司):本公司 4.相互持股比例:不適用 5.發生緣由:本公司與奇力新電子股份有限公司（以下簡稱「奇力新」）將於民國(下同) 111年1月5日（股份轉換基準日）完成股份轉換，為使奇力新所發行國內第六次無擔保 公司債(以下簡稱「奇力新六」)債權人充分了解其在股份轉換基準日後之權利，本公司 特此通知奇力新六債權人，其於股份轉換基準日後，得向奇力新請求將奇力新六直接轉 換為本公司股份。 6.因應措施: 一、本公司與奇力新於110年6月30日簽訂股份轉換契約，約定以股份轉換之方式使奇力 新成為本公司100%持股之子公司；經雙方110年9月7日股東臨時會決議通過，並取得相 關主管機關之核准，股份轉換基準日定為111年1月5日。 二、由於奇力新公司股份將於股份轉換基準日終止上市，依照相關法令規定奇力新六亦 將於同日終止櫃檯買賣，考量奇力新六債權人之權益，本公司與奇力新業於上開股份轉 換契約第十三條第13.1項約定：奇力新於民國108年9月12日所發行之國內第六次無擔保 轉換公司債尚流通在外者，除於股份轉換基準日前業經債權人賣回或行使轉換權者外， 該等無擔保轉換公司債持有人於奇力新取具相關主管機關核准後，得依相關法令、該公 司債發行及轉換辦法規定，以及上開股份轉換契約所定換股比例，於股份轉換基準日後 ，轉換為本公司之普通股，不須另取得雙方股東會同意。為免疑義，股份轉換基準日後 ，上開換股比例不依未來雙方之除權息結果調整。 三、奇力新六之轉換程序及相關時程茲說明如下： (一)股份轉換基準日前，奇力新六於櫃買市場交易至110年12月28日止。另依據奇力新 六發行及轉換辦法相關規定，自111年1月1日起至111年1月5日止為奇力新六停止轉換期 間。 (二)自111年1月5日起，至奇力新六到期日 (113年9月12日)止，除該可轉債發行及轉換 辦法規定之停止過戶期間，或依本公司股票依法停止過戶期間、本公司無償配股停止過 戶日、本公司現金股息停止過戶日及現金增資認股停止過戶日前15個營業日起至權利分 派基準日止及本公司辦理減資之減資基準日起至減資換發股票開始交易日前1日止之外， 奇力新六債權人得隨時向奇力新申請，依該可轉債發行及轉換辦法所定轉換價格及上開 股份轉換契約所定換股比例(即奇力新普通股1股換發國巨普通股0.2002股)，將奇力新 六直接轉換為本公司普通股，意即依奇力新六公司債目前轉換價格新台幣89元及換股比 例計算得出新台幣444.6元，奇力新六每張面額新台幣壹拾萬元直接轉換為本公司普通 股224股；日後該可轉債之轉換價格依該發行及轉換辦法而有變更，將另行公告。 奇力新六債權人欲依前述申請將該可轉債轉換為本公司普通股者，其轉換程序如下；日 後若有變更，將再予另行公告。 1、,https://mops.twse.com.tw/mops/#/web/t05st01,c4f0b9f231c30c32a37bca761617307c3981a6699fe058a71c9cd04ea71dcef3,0
2327,110,12,110/12/09,18:05:54,2021-12-09 18:05:54,公告本公司110年11月自結合併營收,capital_change,,,,,,False,True,False,False,1.事實發生日:110/12/09 2.公司名稱:國巨股份有限公司 3.與公司關係(請輸入本公司或子公司):本公司 4.相互持股比例:不適用 5.發生緣由:國巨公司今日公布 2021 年 11 月份自結合併淨營收為NT$ 88.63 億元，單 月營收較上月增加3.0%，並較去年同期增加15.6%；累計1-11月合併淨營收為NT$983.23 億元，較去年同期增加 63.0%。 11月份營收較上月增加，主要是因大中華地區當月份的工作天數已回復正常。 由於全球疫情仍未減緩，IC零組件短缺造成客戶端出貨遞延，且中國限電的不確定因素 使得客戶對零組件的備貨意願較保守，國巨公司將密切關注市場的供需狀況，並審慎應 對客戶需求及產能配置。 6.因應措施:不適用 7.其他應敘明事項:無 ,https://mops.twse.com.tw/mops/#/web/t05st01,e3b3f2cd4ed78eaa0aaeeda7388298f18eed18780a883b03b07018bee00af9d7,0
2327,111,01,111/01/04,15:17:32,2022-01-04 15:17:32,"本公司董事會決議通過本公司與奇力新電子股份
有限公司股份轉換案調整增資發行股數",capital_change,,,,,,False,False,False,False,"1.董事會決議日期:111/01/04 2.增資資金來源:不適用 3.發行股數(如屬盈餘或公積轉增資，則不含配發給員工部分): 47,779,312股 4.每股面額:10元 5.發行總金額:新台幣477,793,120元 6.發行價格:不適用 7.員工認購股數或配發金額:不適用 8.公開銷售股數:不適用 9.原股東認購或無償配發比例:不適用 10.畸零股及逾期未認購股份之處理方式:如依換股比例應換發之股票有不滿一股之 畸零股者，得由股東自行合併歸一人轉換，或由本公司依發行面額，按比例折算現 金（至「元」為止）支付之，並由本公司董事長洽特定人以發行面額承購。 11.本次發行新股之權利義務:與本公司已發行之普通股相同 12.本次增資資金用途:不適用 13.其他應敘明事項: (1)本次股份轉換基準日及增資發行新股權利證書上市日期：111年1月5日。 ",https://mops.twse.com.tw/mops/#/web/t05st01,3a23d99ebc927e6394e6eee113b6516cca83fcb1776dd7c5df16956ceba12568,0
2327,111,01,111/01/05,16:17:21,2022-01-05 16:17:21,代子公司奇力新公告董事會決議註銷庫藏股減資事宜,capital_change,,,,2022-01-05,,False,True,False,False,"1.董事會決議日期:111/01/05 2.減資緣由:因股份轉換案之異議股東請求買回之股份擬註銷並辦理減資案 3.減資金額:新台幣20,000元 4.消除股份:2,000股 5.減資比率:不適用 6.減資後股本:新台幣2,639,339,370元 7.預定股東會日期:不適用 8.預計減資新股上市後之上市普通股股數:不適用 9.預計減資新股上市後之上市普通股股數占已發行普通股比率 （減資後上市普通股股數/減資後已發行普通股股數）:不適用 10.前二項預計減資後上巿普通股股數未達6000萬股且未達25%者， 請說明股權流通性偏低之因應措施:不適用 11.減資基準日:111/01/05 12.其他應敘明事項:無 ",https://mops.twse.com.tw/mops/#/web/t05st01,2573af185fd86818f52af118c6c77a0d2d58e25b456d2c4de848d6741352bcad,0
2327,111,01,111/01/07,15:30:35,2022-01-07 15:30:35,公告本公司110年12月自結合併營收,capital_change,,,,,,False,True,False,False,"1.事實發生日:111/01/07 2.公司名稱:國巨股份有限公司 3.與公司關係(請輸入本公司或子公司):本公司 4.相互持股比例:不適用 5.發生緣由:國巨公司今日公布 2021 年 12 月份自結合併淨營收為NT$ 82.21 億元，單 月營收較上月減少 7.3%，但較去年同期增加 12.2%；第四季度合併營收為NT$ 256.89 億元，較上一季減少 12.6%，但較去年同期增加 15.7%；2021 年全年度合併淨營收為 NT$ 1,065.44 億元，較去年同期增加 57.5%。 12月份營收較上月減少，主要是當月的工作天數因年度庫存盤點而減少，且歐美客戶因 聖誕及新年假期減緩拉貨所致。 由於全球疫情仍未減緩，IC零組件短缺造成客戶端出貨遞延，且中國限電的不確定因素 使得客戶對零組件的備貨意願較保守，國巨公司將密切關注市場的供需狀況，並審慎應 對客戶需求及產能配置。 6.因應措施:不適用 7.其他應敘明事項:無 ",https://mops.twse.com.tw/mops/#/web/t05st01,f50b996a4bc7fecb087f6130092f57f744abd3d235bbbf44fe6a051f4dd8bbe5,0
2327,112,10,112/10/05,19:40:13,2023-10-05 19:40:13,公告本公司112年9月自結合併營收,capital_change,,,,,,False,True,False,False,1.事實發生日:112/10/05 2.公司名稱:國巨股份有限公司 3.與公司關係(請輸入本公司或子公司):本公司 4.相互持股比例:不適用 5.發生緣由:國巨公司今日公布 2023 年 9 月份自結合併淨營收為NT$ 94.61 億元， 單月營收較上月增加 5.0%，但較去年同期減少 7.1%；第三季度自結合併淨營收為 NT$ 273.59億元，較上一季度增加 2.1%，但較去年同期減少 11.1%。累計前三季 自結合併淨營收為NT$ 802.46 億元，較去年同期減少 13.0%。 9 月份合併營收較上月增加，主要是因中國十一長假前的提前拉貨動能所致，然供應 鏈的庫存及終端需求仍在持續調整中。 展望第四季度，由於工作天數因 10 月中國長假及 12 月歐美聖誕假期而減少，且整 體市場供需、全球通膨及國際局勢等大環境的不確定性因素仍高，公司將會密切關注 市場狀況，審慎應對業績及營運展望。 6.因應措施:不適用 7.其他應敘明事項(若事件發生或決議之主體係屬公開發行以上公司，本則重大訊息同時 符合證券交易法施行細則第7條第9款所定對股東權益或證券價格有重大影響之事項):無 ,https://mops.twse.com.tw/mops/#/web/t05st01,7e4e38352e50b76363ca61b76dad9c302535626c8cdfe63b26af92fe189ac0cc,0
2327,112,10,112/10/26,16:00:29,2023-10-26 16:00:29,公告本公司112年第3季合併財務報告業經提報董事會通過,capital_change,,,,,,False,False,False,False,"1.提報董事會或經董事會決議日期:112/10/26 2.審計委員會通過日期:112/10/26 3.財務報告或年度自結財務資訊報導期間 起訖日期(XXX/XX/XX~XXX/XX/XX):112/01/01~112/09/30 4.1月1日累計至本期止營業收入(仟元):80,247,901 5.1月1日累計至本期止營業毛利(毛損) (仟元):26,594,786 6.1月1日累計至本期止營業利益(損失) (仟元):15,396,883 7.1月1日累計至本期止稅前淨利(淨損) (仟元):18,163,628 8.1月1日累計至本期止本期淨利(淨損) (仟元):12,785,982 9.1月1日累計至本期止歸屬於母公司業主淨利(損) (仟元):12,711,890 10.1月1日累計至本期止基本每股盈餘(損失) (元):30.43 11.期末總資產(仟元):314,381,765 12.期末總負債(仟元):175,638,040 13.期末歸屬於母公司業主之權益(仟元):136,744,054 14.其他應敘明事項:無 ",https://mops.twse.com.tw/mops/#/web/t05st01,5671464ffb87876bc07be361a338fbdc563c159bf56230f48a3b91112e1e4241,0
2327,112,11,112/11/09,17:15:27,2023-11-09 17:15:27,公告本公司112年10月自結合併營收,capital_change,,,,,,False,True,False,False,1.事實發生日:112/11/09 2.公司名稱:國巨股份有限公司 3.與公司關係(請輸入本公司或子公司):本公司 4.相互持股比例:不適用 5.發生緣由:國巨公司今日公布 2023 年 10 月份自結合併淨營收為NT$ 90.62 億元， 單月營收較上月減少 4.2%，並較去年同期減少 7.6%。累計 1-10 月自結合併淨營收 為NT$ 893.08 億元，較去年同期減少 12.5%。 10 月份合併營收較上月減少，主要是中國廠區當月的工作天數因十一長假而減少所致 ，且供應鏈的庫存及終端需求仍在持續調整中。 由於整體市場供需、全球通膨及國際局勢等大環境的不確定性因素仍高，公司將會密 切關注市場狀況，審慎應對業績及營運展望。 6.因應措施:不適用 7.其他應敘明事項(若事件發生或決議之主體係屬公開發行以上公司，本則重大訊息同時 符合證券交易法施行細則第7條第9款所定對股東權益或證券價格有重大影響之事項):無 ,https://mops.twse.com.tw/mops/#/web/t05st01,e49724bd547b9f4d5a73350d71678a6af660ae02f5ee0fe57df54e0bd446919b,0
2327,112,12,112/12/07,15:33:33,2023-12-07 15:33:33,公告本公司112年11月自結合併營收,capital_change,,,,,,False,True,False,False,1.事實發生日:112/12/07 2.公司名稱:國巨股份有限公司 3.與公司關係(請輸入本公司或子公司):本公司 4.相互持股比例:不適用 5.發生緣由:國巨公司今日公布 2023 年 11 月份自結合併淨營收為NT$ 93.50 億元， 單月營收較上月增加 3.2%，但較去年同期減少 6.5%。累計 1-11 月自結合併淨營收 為NT$ 986.58 億元，較去年同期減少 12.0%。 11 月份合併營收較上月增加，主要是收購法國施耐德電機高階工業感測器事業部 (Telemecanique Sensors) 的購併效益所致，然供應鏈的庫存及終端需求仍在持續調 整中。 由於整體市場供需、全球通膨及國際局勢等大環境的不確定性因素仍高，公司將會密 切關注市場狀況，審慎應對業績及營運展望。 6.因應措施:不適用 7.其他應敘明事項(若事件發生或決議之主體係屬公開發行以上公司，本則重大訊息同時 符合證券交易法施行細則第7條第9款所定對股東權益或證券價格有重大影響之事項):無 ,https://mops.twse.com.tw/mops/#/web/t05st01,a8ac163e180bea0817a36edfe379bc469b47ba87a009e2ce829f985f2392e0ae,0
2328,106,08,106/08/11,13:47:59,2017-08-11 13:47:59,公告本公司決議除息基準日,distribution,,2017-08-29,,,,False,False,False,False,"1.董事會、股東會決議或公司決定日期:106/08/11 2.除權、息類別（請填入「除權」、「除息」或「除權息」）:除息 3.發放股利種類及金額:發放現金股利共計新台幣362,842,397元。每股0.7元。 4.除權（息）交易日:106/08/29 5.最後過戶日:106/08/30 6.停止過戶起始日期:106/08/31 7.停止過戶截止日期:106/09/04 8.除權（息）基準日:106/09/04 9.其他應敘明事項:現金股利發放日訂於106/09/25 ",https://mops.twse.com.tw/mops/#/web/t05st01,12be5480a09a480c1bdf64bb5825ba5bb895a39c4817aabfda0bee6982b3464c,0
2330,104,11,104/11/10,18:38:45,2015-11-10 18:38:45,"本公司董事會決議合併台積太陽能股份有限公司及台積光能
投資有限公司",capital_change,,,,,,False,False,False,False,1.併購種類(如合併、分割、收購或股份受讓): 簡易合併 2.事實發生日:104/11/10 3.參與併購公司名稱(如合併另一方公司、分割新設公司、收購或受讓股份標的公司之 名稱: 台積太陽能股份有限公司(簡稱台積太陽能公司) 台積光能投資有限公司(簡稱台積光能公司) 4.交易相對人(如合併另一方公司、分割讓與他公司、收購或受讓股份之交易對象): 台積太陽能公司及台積光能公司。 5.交易相對人為關係人:是 6.交易相對人與公司之關係(本公司轉投資持股達XX%之被投資公司)，並說明選定 收購、受讓他公司股份之對象為關係企業或關係人之原因及是否不影響股東權益: 台積太陽能公司為本公司持有股份百分之九十九之公司。 台積光能公司為本公司投資百分之百之公司。 為簡化公司架構及節省管理成本等，依企業併購法第19條與公司法相關規定， 進行簡易合併，不影響股東權益。 7.併購目的: 為簡化公司架構及節省管理成本等。 8.併購後預計產生之效益: 節省管理成本。 9.併購對每股淨值及每股盈餘之影響: 無影響。 10.換股比例及其計算依據: 本案合併台積太陽能公司係以現金為對價。台積公司將支付台積太陽能公司除台積公司 及台積光能公司以外股東每股新台幣5元作為合併對價，並就合併現金價格之合理性， 委請獨立專家出具合理性意見書。另，台積光能公司為台積公司投資百分之百之公司， 依證期局規定，台積公司與台積光能公司合併不適用合併對價之規定。 11.預定完成日程: 預定合併基準日為民國104年12月14日。 12.既存或新設公司承受消滅(或分割)公司權利義務相關事項(註一): 自合併基準日起台積太陽能公司及台積光能公司之所有權利義務均由本公司概括承受。 13.參與合併公司之基本資料(註二): 台積太陽能公司：從事研究、開發、設計、製造與銷售可再生能源及節能相關之 技術與產品。 台積光能公司：所營業務為一般投資事業。 14.分割之相關事項(含預定讓與既存公司或新設公司之營業、資產之評價價值；被 分割公司或其股東所取得股份之總數、種類及數量；被分割公司資本減少時，其資 本減少有關事項)(註：若非分割公告時，則不適用): 不適用。 15.併購股份未來移轉之條件及限制: 不適用。 16.其他重要約定事: 無。 17.本次交易，董事有無異議:否 18.其他敘明事項: 無。 註一、既存或新設公司承受消滅公司權利義務相關事項，包括庫藏股及已發行具有股權性質有 價證券之處理原則。 註二：參與合併公司之基本資料包括公司名稱及所營業務 之主要內容。,https://mops.twse.com.tw/mops/#/web/t05st01,e84f7cf3eb7de3db8d72fe292cf5c2e5b6ef5dd65ae63e17b039c43b8dc39bb5,0
2337,109,02,109/02/17,18:02:18,2020-02-17 18:02:18,"本公司第11屆第4次董事會決議「限制員工權利新股」註銷
之減資基準日",capital_change,,,,,,False,True,False,False,"1.董事會決議日期:109/02/17 2.減資緣由:本公司無償收回未達既得條件之「限制員工權利新股」並辦理註銷。 3.減資金額:新台幣181,520元 4.消除股份:18,152股 5.減資比率:0.001% 6.減資後股本:新台幣18,399,088,620元 7.預定股東會日期:不適用 8.預計減資新股上市後之上市普通股股數:不適用 9.預計減資新股上市後之上市普通股股數占已發行普通股比率 （減資後上市普通股股數/減資後已發行普通股股數）:不適用 10.前二項預計減資後上巿普通股股數未達6000萬股且未達25%者， 請說明股權流通性偏低之因應措施:不適用 11.其他應敘明事項:減資基準日為民國109年2月17日 ",https://mops.twse.com.tw/mops/#/web/t05st01,1127096320ffd3cea104057d2babfc113e75b82f0c168dcbc6573e30006235bd,0
2352,106,09,106/09/07,17:58:21,2017-09-07 17:58:21,佳世達一0六年八月份合併營收NT$119.6億元,capital_change,,,,,,False,True,False,False,1.事實發生日:106/09/07 2.公司名稱:佳世達科技股份有限公司 3.與公司關係(請輸入本公司或子公司):本公司 4.相互持股比例:不適用 5.發生緣由:不適用 6.因應措施:不適用 7.其他應敘明事項: 本公司合併營收(新台幣億元): 106年8月:119.57 105年8月:107.02 增減幅度:+11.7% ,https://mops.twse.com.tw/mops/#/web/t05st01,b71d7d02548ef88b5c7e2c026f1311655914d25a6f655ba87eadaac383fa5367,0
2352,106,10,106/10/06,17:22:30,2017-10-06 17:22:30,佳世達一0六年九月份合併營收NT$120.5億元,capital_change,,,,,,False,True,False,False,1.事實發生日:106/10/06 2.公司名稱:佳世達科技股份有限公司 3.與公司關係(請輸入本公司或子公司):本公司 4.相互持股比例:不適用 5.發生緣由:不適用 6.因應措施:不適用 7.其他應敘明事項: 本公司合併營收(新台幣億元): 106年9月:120.46 105年9月:109.97 增減幅度:+9.5% ,https://mops.twse.com.tw/mops/#/web/t05st01,7cb40a66656269564821a9cb658842b82b1c66a1224588b03df2b6821f68614a,0
2352,106,11,106/11/01,15:41:48,2017-11-01 15:41:48,代子公司南京明基醫院有限公司公告分割相關事宜,capital_change,,,,,,False,True,False,False,"1.併購種類(如合併、分割、收購或股份受讓): 分割 2.事實發生日:106/11/1 3.參與併購公司名稱(如合併另一方公司、分割新設公司、收購或受讓股份標的公司之 名稱: 分割新設公司名稱：暫定為南京藍廈健康產業發展有限公司 4.交易相對人(如合併另一方公司、分割讓與他公司、收購或受讓股份之交易對象): 南京明基醫院有限公司 5.交易相對人為關係人:是 6.交易相對人與公司之關係(本公司轉投資持股達XX%之被投資公司)，並說明選定 收購、受讓他公司股份之對象為關係企業或關係人之原因及是否不影響股東權益: 分割後南京藍廈健康產業發展有限公司及南京明基醫院有限公司同為本公司之 子公司BenQ BM Holding Corp持有100%之子公司，故原有股東之權益不受影響 7.併購目的: 為增進轉投資事業經營績效，並提升競爭力 8.併購後預計產生之效益: 提升企業經營效率 9.併購對每股淨值及每股盈餘之影響: 為集團組織調整，不影響原有之股東權益 10.換股比例及其計算依據: 南京明基醫院有限公司預定讓與南京藍廈健康產業發展有限公司之營業價值， 以分割讓與部份之資產計算之，預計為人民幣70,000~100,000仟元。 11.預定完成日程: 由南京明基醫院有限公司另行訂定之 12.既存或新設公司承受消滅(或分割)公司權利義務相關事項(註一): 自分割基準日起，本分割案所分割讓與南京藍廈健康產業發展有限公司之資產， 其權利義務由南京藍廈健康產業發展有限公司概括承受。如需辦理相關讓與手續， 南京明基醫院有限公司應配合處理。 13.參與合併公司之基本資料(註二): 不適用 14.分割之相關事項(含預定讓與既存公司或新設公司之營業、資產之評價價值；被 分割公司或其股東所取得股份之總數、種類及數量；被分割公司資本減少時，其資 本減少有關事項)(註：若非分割公告時，則不適用): (1)南京明基醫院有限公司預定讓與南京藍廈健康產業發展有限公司之營業價值， 以分割讓與部份之資產計算之，預計約為人民幣70,000~100,000仟元。 (2)南京藍廈健康產業發展有限公司就本分割案所承受之營業價值，將由其法人 股東BenQ BM Holding Corp. 取得等值之股權。 (3)南京明基醫院有限公司分割同時減少資本一案，將俟投審會核准後辦理。 15.併購股份未來移轉之條件及限制: 不適用 16.其他重要約定事項: 無 17.本次交易，董事有無異議:否 18.其他敘明事項: 無 註一、既存或新設公司承受消滅公司權利義務相關事項，包括庫藏股及已發行具有股權性質有 價證券之處理原則。 註二：參與合併公司之基本資料包括公司名稱及所營業務 之主要內容。",https://mops.twse.com.tw/mops/#/web/t05st01,1cd3959a0bebf472818f25b8d446c812caf22c44f70d9893e7ed88eb391fedf5,0
2352,106,11,106/11/07,17:48:20,2017-11-07 17:48:20,佳世達一0六年十月份合併營收NT$117.6億元,capital_change,,,,,,False,True,False,False,1.事實發生日:106/11/07 2.公司名稱:佳世達科技股份有限公司 3.與公司關係(請輸入本公司或子公司):本公司 4.相互持股比例:不適用 5.發生緣由:不適用 6.因應措施:不適用 7.其他應敘明事項: 本公司合併營收(新台幣億元): 106年10月:117.63 105年10月:112.49 增減幅度:+4.6% ,https://mops.twse.com.tw/mops/#/web/t05st01,e6e76bd4ff4b32970618b936c84556a7f4a6b7de590285ea51f63403ddea302e,0
2352,106,11,106/11/07,17:57:29,2017-11-07 17:57:29,本公司106年第三季合併營運結果,capital_change,,,,,,False,True,False,False,1.事實發生日:106/11/07 2.公司名稱:佳世達科技股份有限公司 3.與公司關係(請輸入本公司或子公司):本公司 4.相互持股比例:不適用 5.發生緣由:本公司民國106年第三季合併營運結果 6.因應措施:不適用 7.其他應敘明事項: 本公司民國106年第三季合併營運結果，請參閱本公司官網 http://www.Qisda.com.tw/page.aspx?uid=97 ,https://mops.twse.com.tw/mops/#/web/t05st01,9d11e445e951672fe663096a789119ed78090484df855668d7578095f8a14d7c,0
2352,106,12,106/12/07,17:54:27,2017-12-07 17:54:27,佳世達一0六年十一月份合併營收NT$132.8億元,capital_change,,,,,,False,True,False,False,1.事實發生日:106/12/07 2.公司名稱:佳世達科技股份有限公司 3.與公司關係(請輸入本公司或子公司):本公司 4.相互持股比例:不適用 5.發生緣由:不適用 6.因應措施:不適用 7.其他應敘明事項: 本公司合併營收(新台幣億元): 106年11月:132.83 105年11月:109.87 增減幅度:+20.9% ,https://mops.twse.com.tw/mops/#/web/t05st01,2f775e9bdabd00d28a31b93655488731f2237c253245c8dfc0fc219e79462f89,0
2360,107,07,107/07/31,16:29:55,2018-07-31 16:29:55,公告本公司董事會決議註銷限制員工權利新股之減資基準日,capital_change,,,,,,False,True,False,False,"1.董事會決議日期:107/07/31 2.減資緣由:本公司105年第1次限制員工權利新股係因有獲配限制員工權利新股之員工未 達既得條件，本公司董事會決議以原發行價格向員工收買其股份並辦理註銷減資。 3.減資金額:新台幣90,000元 4.消除股份:9,000股 5.減資比率:0.00218% 6.減資後股本:新台幣4,129,442,050元 7.預定股東會日期:不適用。 8.預計減資新股上市後之上市普通股股數:不適用。 9.預計減資新股上市後之上市普通股股數占已發行普通股比率 （減資後上市普通股股數/減資後已發行普通股股數）:不適用。 10.前二項預計減資後上巿普通股股數未達6000萬股且未達25%者， 請說明股權流通性偏低之因應措施:不適用。 11.其他應敘明事項:減資基準日為107年7月31日。 ",https://mops.twse.com.tw/mops/#/web/t05st01,9aaee723b84c79fead7cd3fe0b5bd9cf4eb79495479c423f68d0cdee89e6b9b5,0
2360,107,09,107/09/10,16:03:36,2018-09-10 16:03:36,公告本公司註銷限制員工權利新股減資變更登記完成,capital_change,,,,,,False,True,False,False,"1.主管機關核准減資日期:107/09/06 2.辦理資本變更登記完成日期:107/09/06 3.對財務報告之影響（含實收資本額與流通在外股數之差異與對每股淨值之影響）: (1)收買已發行之限制員工權利新股註銷減資前： ˙實收資本額:新台幣4,129,532,050元 ˙已發行股數:412,953,205股 ˙實際流通在外股數:414,295,350股(含未變更登記員工認股權及CB轉換普通股計 3,257,724股;及扣除子公司持有本公司庫藏股計1,915,579股) ˙每股淨值:新台幣32.21元 (2)本次註銷減資9,000股,註銷減資金額新台幣90,000元。 (3)收買已發行之限制員工權利新股註銷減資後： ˙實收資本額:新台幣4,143,594,080元 ˙已發行股數:414,359,408股 ˙實際流通在外股數:414,286,350股(含未變更登記員工認股權及CB轉換普通股計 1,842,521股;及扣除子公司持有本公司庫藏股計1,915,579股) ˙每股淨值:新台幣32.21元 (4)每股淨值係依最近一期(107年第二季)會計師核閱財務報告計算。 4.預計換股作業計畫:不適用 5.預計減資新股上市後之上市普通股股數:不適用 6.預計減資新股上市後之上市普通股股數占已發行普通股比率 （減資後上市普通股股數/減資後已發行普通股股數）:不適用 7.前二項預計減資後上巿普通股股數未達6000萬股且未達25%者，請說明股權流通性偏低 之因應措施:不適用 8.其他應敘明事項:本公司於107年9月10日收到經濟部變更登記核准函。 ",https://mops.twse.com.tw/mops/#/web/t05st01,ccb2e748c06d86115badb99230b1ba4be1a4e9eef2ce5206df998209b3fa0434,0
2368,111,03,111/03/21,16:43:01,2022-03-21 16:43:01,本公司董事會通過110年度第四季合併財務報告,capital_change,,,,,,False,False,False,False,"1.提報董事會或經董事會決議日期:111/03/21 2.審計委員會通過日期:111/03/21 3.財務報告或年度自結財務資訊報導期間 起訖日期(XXX/XX/XX~XXX/XX/XX):110/01/01~110/12/31 4.1月1日累計至本期止營業收入(仟元):26,607,474 5.1月1日累計至本期止營業毛利(毛損) (仟元):6,371,040 6.1月1日累計至本期止營業利益(損失) (仟元):4,122,521 7.1月1日累計至本期止稅前淨利(淨損) (仟元):4,048,518 8.1月1日累計至本期止本期淨利(淨損) (仟元):2,926,854 9.1月1日累計至本期止歸屬於母公司業主淨利(損) (仟元):2,926,854 10.1月1日累計至本期止基本每股盈餘(損失) (元):5.41 11.期末總資產(仟元):24,980,285 12.期末總負債(仟元):13,578,171 13.期末歸屬於母公司業主之權益(仟元):11,402,114 14.其他應敘明事項:無 ",https://mops.twse.com.tw/mops/#/web/t05st01,2fa56348d2fed676ce956f354a628a2dcf0c51a5daad52b807cc6543ee721122,0
2368,111,03,111/03/21,16:43:56,2022-03-21 16:43:56,董事會決議股利分派,capital_change,,,,,,False,False,False,False,"1. 董事會擬議日期：111/03/21 2. 股利所屬年(季)度：110年 年度 3. 股利所屬期間：110/01/01 至 110/12/31 4. 股東配發內容： (1)盈餘分配之現金股利(元/股)：2.20000000 (2)法定盈餘公積發放之現金(元/股)：0 (3)資本公積發放之現金(元/股)：0 (4)股東配發之現金(股利)總金額(元)：1,202,273,250 (5)盈餘轉增資配股(元/股)：0 (6)法定盈餘公積轉增資配股(元/股)：0 (7)資本公積轉增資配股(元/股)：0 (8)股東配股總股數(股)：0 5. 其他應敘明事項： 無 6. 普通股每股面額欄位：新台幣10.0000元",https://mops.twse.com.tw/mops/#/web/t05st01,0c2a1579117a633fa73414a75ba68b53c4344fc2408831bd3ee86a7176869648,0
2368,111,03,111/03/21,16:44:31,2022-03-21 16:44:31,代重要子公司公告董事會決議不發放股利,distribution,,,,,,False,True,False,False,1.董事會決議日期:111/03/21 2.發放股利種類及金額:代重要子公司董事會決議不發放股利。 3.其他應敘明事項:重要子公司明細如下 (1).蘇州金像電子 (2).常熟金像電子 (3).常熟金像科技 (4).Goldex Holding Limited (5).Gold Circuit Internaional Limited (6).Gold Circuit Enterprise Limited ,https://mops.twse.com.tw/mops/#/web/t05st01,942d8c0aa917764450ebd9ce6482bf457e74e57064c38b0245494eadd799ad20,0
2368,111,03,111/03/21,16:46:30,2022-03-21 16:46:30,本公司董事會決議辦理現金減資案,capital_change,,,,,,False,False,False,False,"1.董事會決議日期:111/03/21 2.減資緣由:為調整資本結構及提升股東權益報酬率，擬辦理現金減資退還股東股款。 3.減資金額:新台幣546,487,840元 4.消除股份:54,648,784股 5.減資比率:10% 6.減資後股本:新台幣4,918,390,570元 7.預定股東會日期:111/06/08 8.預計減資新股上市後之上市普通股股數:491,839,057股 9.預計減資新股上市後之上市普通股股數占已發行普通股比率 （減資後上市普通股股數/減資後已發行普通股股數）:100% 10.前二項預計減資後上巿普通股股數未達6000萬股且未達25%者， 請說明股權流通性偏低之因應措施:不適用 11.減資基準日:俟股東會通過並呈主管機關核准後，授權董事會另訂減資基準日等 相關事宜。 12.其他應敘明事項: (1)依前項已發行普通股總股數計算，每仟股減少約100股(即每仟股換發約900股)， 減資後不足一股之畸零股，股東可自行在減資換股停止過戶日前五日內向本公司股務代 理機構辦理拼湊成整股，拼湊後仍不足一股之畸零股，依減資換發股票基準日前，在股 票公開集中交易市場最後交易日之收盤價按比例計算給付現金，計算至元為止(元以下 無條件捨去)，並授權董事長洽特定人以該收盤價承購之。 (2)本次現金減資換發之新股擬採無實體發行，其權利義務與原股份相同。本案俟提請 民國111年股東常會通過及主管機關核准後，訂定減資基準日、減資換發股票基準日 及其他未盡事宜，如因本公司股本發生變動，或因法令修訂、主管機關核示，或為因 應其他客觀環境變動而需修正，致影響流通在外股份數量，而需調整減資比率與每股 退還金額，擬授權董事長全權處理之。 ",https://mops.twse.com.tw/mops/#/web/t05st01,f70eac5a5cb2d726eec7059b4aa77662875d63655456f31ec77f26028521cb9a,0
2379,105,04,105/04/25,18:08:16,2016-04-25 18:08:16,董事會決議股利分派及資本公積發放現金,capital_change,,,,,,False,False,False,False,"1. 董事會決議日期：2016/04/25 2. 股東配發內容： (1)盈餘分配之現金股利(元/股)：3.00000000 (2)法定盈餘公積、資本公積發放之現金(元/股)：1.00000000 (3)股東配發之現金(股利)總金額(元)：2,019,805,192 (4)盈餘轉增資配股(元/股)：0 (5)法定盈餘公積、資本公積轉增資配股(元/股)：0 (6)股東配股總股數(股)：0 3. 其他應敘明事項： 合計每股發放現金新台幣4.0元。 4. 普通股每股面額欄位：新台幣 10.0000元",https://mops.twse.com.tw/mops/#/web/t05st01,dd09309ad610b46825f2f0431f8f409a7c2272d2df9f9a5d71969adcd77f75d3,0
2379,105,07,105/07/29,18:01:00,2016-07-29 18:01:00,公告本公司105年除息基準日,distribution,3.0,2016-09-01,,,,True,False,False,False,"1.董事會、股東會決議或公司決定日期:105/07/29 2.除權、息類別（請填入「除權」、「除息」或「除權息」）:除息 3.發放股利種類及金額: 盈餘分配之現金股利1,514,853,894元，每股配發NT$3.0元。 資本公積發放之現金504,951,298元，每股發放NT$1.0元。 合計每股發放現金新台幣4.0元。 4.除權（息）交易日:105/09/01 5.最後過戶日:105/09/02 6.停止過戶起始日期:105/09/03 7.停止過戶截止日期:105/09/07 8.除權（息）基準日:105/09/07 9.其他應敘明事項:無 ",https://mops.twse.com.tw/mops/#/web/t05st01,6194681f14b768bc00ef9fafb2405fff05116e2fc240d3a25852ecae0edb0c81,0
2379,110,07,110/07/23,17:03:50,2021-07-23 17:03:50,公告提報董事會110年第2季合併財務報告,capital_change,,,,,,False,False,False,False,"1.財務報告提報董事會或經董事會決議日期:110/07/23 2.審計委員會通過財務報告日期:110/07/23 3.財務報告報導期間起訖日期(XXX/XX/XX~XXX/XX/XX):110/01/01~110/06/30 4.1月1日累計至本期止營業收入(仟元): 49,179,829 5.1月1日累計至本期止營業毛利(毛損) (仟元): 23,478,166 6.1月1日累計至本期止營業利益(損失) (仟元): 7,293,738 7.1月1日累計至本期止稅前淨利(淨損) (仟元): 7,667,873 8.1月1日累計至本期止本期淨利(淨損) (仟元): 7,359,464 9.1月1日累計至本期止歸屬於母公司業主淨利(損) (仟元): 7,359,439 10.1月1日累計至本期止基本每股盈餘(損失) (元): 14.41 11.期末總資產(仟元): 94,936,279 12.期末總負債(仟元): 65,524,380 13.期末歸屬於母公司業主之權益(仟元): 29,402,253 14.其他應敘明事項:無 ",https://mops.twse.com.tw/mops/#/web/t05st01,faf28d886414eb05e3038ef5bfbfaf088ab09cf1ee74663762800076ccbb64aa,0
2379,110,08,110/08/23,16:58:33,2021-08-23 16:58:33,公告本公司110年除息基準日,distribution,12,2021-09-08,2021-10-07,,,False,False,False,False,"1.董事會、股東會決議或公司決定日期:110/08/23 2.除權、息類別（請填入「除權」、「除息」或「除權息」）:除息 3.發放股利種類及金額: 盈餘分配之現金股利NT$ 6,128,218,500元，每股配發NT$ 12 元。 資本公積配發之現金NT$ 1,021,369,750元，每股配發NT$ 2 元。 合計每股配發現金NT$ 14 元。 4.除權（息）交易日:110/09/08 5.最後過戶日:110/09/09 6.停止過戶起始日期:110/09/10 7.停止過戶截止日期:110/09/14 8.除權（息）基準日:110/09/14 9.其他應敘明事項:現金發放日期:110/10/07 ",https://mops.twse.com.tw/mops/#/web/t05st01,a27adf6a50dd2e5cae8027ff64dc897288be0270e2e2e60a643e9b494740136b,0
2379,111,03,111/03/18,17:27:35,2022-03-18 17:27:35,本公司民國110年度合併財務報告業經董事會決議通過,capital_change,,,,,,False,False,False,False,"1.提報董事會或經董事會決議日期: 111/03/18 2.審計委員會通過日期: 111/03/16 3.財務報告或年度自結財務資訊報導期間 起訖日期(XXX/XX/XX~XXX/XX/XX): 110/01/01~110/12/31 4.1月1日累計至本期止營業收入(仟元): 105,504,286 5.1月1日累計至本期止營業毛利(毛損) (仟元): 53,188,403 6.1月1日累計至本期止營業利益(損失) (仟元): 17,324,896 7.1月1日累計至本期止稅前淨利(淨損) (仟元): 17,574,722 8.1月1日累計至本期止本期淨利(淨損) (仟元): 16,852,811 9.1月1日累計至本期止歸屬於母公司業主淨利(損) (仟元): 16,852,759 10.1月1日累計至本期止基本每股盈餘(損失) (元): 33.00 11.期末總資產(仟元): 101,231,913 12.期末總負債(仟元): 62,279,589 13.期末歸屬於母公司業主之權益(仟元): 38,942,651 14.其他應敘明事項:無 ",https://mops.twse.com.tw/mops/#/web/t05st01,c14251a97ef2622f0b6bad66ecb907968692d936aed4613967b2f1aacd83eaca,0
2379,111,04,111/04/22,17:52:24,2022-04-22 17:52:24,公告提報董事會111年第1季合併財務報告,capital_change,,,,,,False,False,False,False,"1.提報董事會或經董事會決議日期: 111/04/22 2.審計委員會通過日期: 111/04/20 3.財務報告或年度自結財務資訊報導期間 起訖日期(XXX/XX/XX~XXX/XX/XX): 111/01/01~111/03/31 4.1月1日累計至本期止營業收入(仟元):29,756,311 5.1月1日累計至本期止營業毛利(毛損) (仟元):15,529,681 6.1月1日累計至本期止營業利益(損失) (仟元):5,301,655 7.1月1日累計至本期止稅前淨利(淨損) (仟元):5,402,684 8.1月1日累計至本期止本期淨利(淨損) (仟元):5,186,282 9.1月1日累計至本期止歸屬於母公司業主淨利(損) (仟元):5,186,268 10.1月1日累計至本期止基本每股盈餘(損失) (元):10.15 11.期末總資產(仟元):108,481,898 12.期末總負債(仟元):62,012,745 13.期末歸屬於母公司業主之權益(仟元):46,459,512 14.其他應敘明事項:無 ",https://mops.twse.com.tw/mops/#/web/t05st01,6dee7251a705a43c38c0d0d29d3ea1ee6ee710cb16940f2582efb0cafc01ccb0,0
2379,111,04,111/04/22,17:53:19,2022-04-22 17:53:19,董事會決議股利分派及資本公積發放現金,capital_change,,,,,,False,False,False,False,"1. 董事會決議日期：111/04/22 2. 股利所屬年(季)度：110年 年度 3. 股利所屬期間：110/01/01 至 110/12/31 4. 股東配發內容： (1)盈餘分配之現金股利(元/股)：25.00000000 (2)法定盈餘公積發放之現金(元/股)：0 (3)資本公積發放之現金(元/股)：2.00000000 (4)股東配發之現金(股利)總金額(元)：13,847,318,307 (5)盈餘轉增資配股(元/股)：0 (6)法定盈餘公積轉增資配股(元/股)：0 (7)資本公積轉增資配股(元/股)：0 (8)股東配股總股數(股)：0 5. 其他應敘明事項： 合計每股發放現金新台幣27元。 6. 普通股每股面額欄位：新台幣10.0000元",https://mops.twse.com.tw/mops/#/web/t05st01,c65a223fdab27a33e1b9f539cd97160b22ab6348c9cec5757337a8b79a6e4697,0
2379,113,02,113/02/27,16:15:35,2024-02-27 16:15:35,本公司112年第4季合併財務報告業經董事會決議通過,capital_change,,,,,,False,False,False,False,"1.提報董事會或經董事會決議日期: 113/02/27 2.審計委員會通過日期: 113/02/26 3.財務報告或年度自結財務資訊報導期間 起訖日期(XXX/XX/XX~XXX/XX/XX): 112/01/01~112/12/31 4.1月1日累計至本期止營業收入(仟元):95,179,276 5.1月1日累計至本期止營業毛利(毛損) (仟元):40,748,057 6.1月1日累計至本期止營業利益(損失) (仟元):6,654,992 7.1月1日累計至本期止稅前淨利(淨損) (仟元):9,544,635 8.1月1日累計至本期止本期淨利(淨損) (仟元):9,152,838 9.1月1日累計至本期止歸屬於母公司業主淨利(損) (仟元):9,152,772 10.1月1日累計至本期止基本每股盈餘(損失) (元):17.85 11.期末總資產(仟元):93,815,270 12.期末總負債(仟元):51,577,108 13.期末歸屬於母公司業主之權益(仟元):42,228,460 14.其他應敘明事項:無 ",https://mops.twse.com.tw/mops/#/web/t05st01,c9a7c0ca2cd80783094c3db7d34a0a2ecbd51e25ed0d61b9ef40d32dc1809889,0
2382,106,07,106/07/13,14:16:11,2017-07-13 14:16:11,董事會決議股利發放事宜,distribution,3.50,2017-07-31,,,,True,False,False,False,"1.董事會、股東會決議或公司決定日期: 106/07/13 2.除權、息類別（請填入「除權」、「除息」或「除權息」）: 除息 3.發放股利種類及金額: (1) 普通股-現金股利： NT$ 13,519,196,012 (每股配發現金股利3.50元，如因法令變更、主管機關要求或因 事實需要等因素，致需調整分配比率者，授權董事長調整之) (2) 普通股-股票股利：0 4.除權（息）交易日:106/07/31 5.最後過戶日:106/08/01 6.停止過戶起始日期: 106/08/02 7.停止過戶截止日期: 106/08/06 8.除權（息）基準日: 106/08/06 9.其他應敘明事項: 現金股利發放日：106/08/25 ",https://mops.twse.com.tw/mops/#/web/t05st01,b732f02bbcdb406dd06535cfc9177e5847e2a9846aa3cef102b7723b954d5f4b,0
2382,111,07,111/07/15,14:30:00,2022-07-15 14:30:00,董事會決議股利發放事宜,distribution,6.60,2022-08-01,,,,False,False,False,False,"1.董事會、股東會決議或公司決定日期: 111/07/15 2.除權、息類別（請填入「除權」、「除息」或「除權息」）: 除息 3.發放股利種類及金額: (1) 普通股-現金股利： NT$25,493,341,052 (每股配發現金股利6.60元，如因法令變更、主管機關要求或因 事實需要等因素，致需調整分配比率者，授權董事長調整之) (2) 普通股-股票股利：0 4.除權（息）交易日:111/08/01 5.最後過戶日:111/08/02 6.停止過戶起始日期: 111/08/03 7.停止過戶截止日期: 111/08/07 8.除權（息）基準日: 111/08/07 9.其他應敘明事項: 現金股利發放日：111/08/25 ",https://mops.twse.com.tw/mops/#/web/t05st01,c57deb85627ec98ef24fa3d4b4b3dd1ee9227c36243d000797eae33dd9aabf23,0
2382,112,03,112/03/25,09:43:53,2023-03-25 09:43:53,公告本公司訂定111年下半年之現金股利除息基準日相關事宜,distribution,6,2023-04-14,2023-05-19,,,False,False,False,False,1.董事會、股東會決議或公司決定日期: 112/03/25 2.除權、息類別（請填入「除權」、「除息」或「除權息」）: 除息 3.發放股利種類及金額: (1) 普通股-現金股利：每股配發現金股利6元 (2) 普通股-股票股利：0 4.除權（息）交易日:112/04/14 5.最後過戶日:112/04/17 6.停止過戶起始日期: 112/04/18 7.停止過戶截止日期: 112/04/22 8.除權（息）基準日: 112/04/22 9.債券最後申請轉換日期:不適用 10.債券停止轉換起始日期: 不適用 11.債券停止轉換截止日期: 不適用 12.現金股利發放日期: 112/05/19 13.其他應敘明事項:NA ,https://mops.twse.com.tw/mops/#/web/t05st01,d10ae0e514048596ee10a1c717f8974c4303150cd80196e5406baef404708fbf,0
2385,114,03,114/03/05,13:31:05,2025-03-05 13:31:05,公告本公司113年度合併財務報告。,capital_change,,,,,,False,False,False,False,"1.提報董事會或經董事會決議日期:114/03/05 2.審計委員會通過日期:114/03/05 3.財務報告或年度自結財務資訊報導期間 起訖日期(XXX/XX/XX~XXX/XX/XX):113/01/01~113/12/31 4.1月1日累計至本期止營業收入(仟元):101,478,259 5.1月1日累計至本期止營業毛利(毛損) (仟元):20,469,576 6.1月1日累計至本期止營業利益(損失) (仟元):10,312,633 7.1月1日累計至本期止稅前淨利(淨損) (仟元):13,295,816 8.1月1日累計至本期止本期淨利(淨損) (仟元):10,703,886 9.1月1日累計至本期止歸屬於母公司業主淨利(損) (仟元):9,045,405 10.1月1日累計至本期止基本每股盈餘(損失) (元):12.43 11.期末總資產(仟元):105,370,284 12.期末總負債(仟元):51,160,436 13.期末歸屬於母公司業主之權益(仟元):46,174,462 14.其他應敘明事項:無 ",https://mops.twse.com.tw/mops/#/web/t05st01,d628b6d4c7933462c8580e50dd6e28e9001c3eabc68fa5012e74f78f210598a8,0
2385,114,03,114/03/05,13:45:54,2025-03-05 13:45:54,董事會決議股利分派,capital_change,,,,,,False,False,False,False,"1. 董事會決議日期：114/03/05 2. 股利所屬年(季)度：113年 年度 3. 股利所屬期間：113/01/01 至 113/12/31 4. 股東配發內容： (1)盈餘分配之現金股利(元/股)：10.00000000 (2)法定盈餘公積發放之現金(元/股)：0 (3)資本公積發放之現金(元/股)：0 (4)股東配發之現金(股利)總金額(元)：7,656,445,030 (5)盈餘轉增資配股(元/股)：0 (6)法定盈餘公積轉增資配股(元/股)：0 (7)資本公積轉增資配股(元/股)：0 (8)股東配股總股數(股)：0 5. 其他應敘明事項： 無 6. 普通股每股面額欄位：新台幣10.0000元",https://mops.twse.com.tw/mops/#/web/t05st01,46d554d34f18b9cf649a56c7fc03ced43007784e503b7adc7de92a69e8d4913c,0
2385,114,03,114/03/05,17:22:31,2025-03-05 17:22:31,公告本公司113年度盈餘分配現金股利之配息基準日,distribution,,2025-06-17,2025-07-11,,,False,False,False,False,"1.董事會、股東會決議或公司決定日期:114/03/05 2.除權、息類別（請填入「除權」、「除息」或「除權息」）:除息 3.普通股發放股利種類及金額: 普通股現金股利NT$7,656,445,030元 4.除權（息）交易日:114/06/17 5.最後過戶日:114/06/18 6.停止過戶起始日期:114/06/19 7.停止過戶截止日期:114/06/23 8.除權（息）基準日:114/06/23 9.債券最後申請轉換日期:N/A 10.債券停止轉換起始日期:N/A 11.債券停止轉換截止日期:N/A 12.普通股現金股利發放日期:114/07/11 13.其他應敘明事項: 持有本公司股票尚未辦理過戶之股東,請於民國114年6月18日(星期三)下午5時前親臨 本公司股務代理中國信託商業銀行代理部(地址:100-003台北市重慶南路一段83號5樓) 辦理過戶手續,掛號郵寄者以民國114年6月18日(最後過戶日)郵戳日期為憑。 參加集保戶者,本公司將依台灣集中保管結算所(股)公司資料逕行辦理過戶手續。 ",https://mops.twse.com.tw/mops/#/web/t05st01,5ef7e060b04c2c6c074672025d40241c797f41bd705bf074a98ad87811e344fc,0
2385,114,04,114/04/10,16:52:23,2025-04-10 16:52:23,董事會決議股利分派(修正114年3月5日公告),capital_change,,,,,,False,False,False,False,"1. 董事會決議日期：114/04/10 2. 股利所屬年(季)度：113年 年度 3. 股利所屬期間：113/01/01 至 113/12/31 4. 股東配發內容： (1)盈餘分配之現金股利(元/股)：10.00000000 (2)法定盈餘公積發放之現金(元/股)：0 (3)資本公積發放之現金(元/股)：0 (4)股東配發之現金(股利)總金額(元)：7,600,531,720 (5)盈餘轉增資配股(元/股)：0 (6)法定盈餘公積轉增資配股(元/股)：0 (7)資本公積轉增資配股(元/股)：0 (8)股東配股總股數(股)：0 5. 其他應敘明事項： 無 6. 普通股每股面額欄位：新台幣10.0000元",https://mops.twse.com.tw/mops/#/web/t05st01,99c180c6929dd4c1e02153ce7366947c70cbbb9f452c695eb934318768dbe2be,0
2385,114,04,114/04/10,17:11:38,2025-04-10 17:11:38,"公告本公司113年度盈餘分配現金股利之配息基準日
(修正114年3月5日公告之發放金額)",distribution,,2025-06-17,2025-07-11,,,False,False,False,False,"1.董事會、股東會決議或公司決定日期:114/04/10 2.除權、息類別（請填入「除權」、「除息」或「除權息」）:除息 3.普通股發放股利種類及金額: 普通股現金股利NT$7,600,531,720元 4.除權（息）交易日:114/06/17 5.最後過戶日:114/06/18 6.停止過戶起始日期:114/06/19 7.停止過戶截止日期:114/06/23 8.除權（息）基準日:114/06/23 9.債券最後申請轉換日期:N/A 10.債券停止轉換起始日期:N/A 11.債券停止轉換截止日期:N/A 12.普通股現金股利發放日期:114/07/11 13.其他應敘明事項: 持有本公司股票尚未辦理過戶之股東,請於民國114年6月18日(星期三)下午5時前親臨 本公司股務代理中國信託商業銀行代理部(地址:100-003台北市重慶南路一段83號5樓) 辦理過戶手續,掛號郵寄者以民國114年6月18日(最後過戶日)郵戳日期為憑。 參加集保戶者,本公司將依台灣集中保管結算所(股)公司資料逕行辦理過戶手續。 ",https://mops.twse.com.tw/mops/#/web/t05st01,3af70bed830b16c7c947008c1f1ac09e5208d8b312532fec0ae551587b1842d5,0
2385,114,04,114/04/28,15:32:38,2025-04-28 15:32:38,公告決議民國114年度第一季合併財務報告之董事會預計召開日期,capital_change,,,,,,False,False,False,False,1.董事會召集通知日:114/04/28 2.董事會預計召開日期:114/05/07 3.預計提報董事會或經董事會決議之財務報告或 年度自結財務資訊年季:114年第一季合併財務報告 4.其他應敘明事項:無 ,https://mops.twse.com.tw/mops/#/web/t05st01,8293317391af5b49aa1f0ff3f5449896888a45981b3a68c27893a5f9e92bd032,0
2395,106,05,106/05/16,17:06:18,2017-05-16 17:06:18,"公告更正本公司106年度第一季合併財務報告附表
之資金貸與期末餘額",capital_change,,,,,,False,True,False,False,"1.事實發生日:106/05/16 2.公司名稱:研華股份有限公司 3.與公司關係(請輸入本公司或子公司):本公司 4.相互持股比例:不適用 5.發生緣由:更正本公司106年第一季合併財務報告附表 之資金貸與他人資訊 6.更正資訊項目/報表名稱:106年第一季合併財務報告附表一 7.更正前金額/內容/頁次: 貸出資金公司 貸與對象 期末餘額(新台幣仟元) 頁次 B+B B+B(CZ) 38,202 106年度第一季合併財務報告 P59 8.更正後金額/內容/頁次: 貸出資金公司 貸與對象 期末餘額(新台幣仟元) 頁次 B+B B+B(CZ) 0 106年度第一季合併財務報告 P59 9.因應措施:重新申報至公開資訊觀測站 10.其他應敘明事項:無 ",https://mops.twse.com.tw/mops/#/web/t05st01,2eb94696fe523fff4c019a20f4193a8143fdd05bfd27a3f43a761f65f84a790e,0
2395,106,05,106/05/26,18:19:49,2017-05-26 18:19:49,公告本公司106年度除息基準日,distribution,6.3,2017-06-30,,,,False,False,False,False,"1.董事會、股東會決議或公司決定日期:106/05/26 2.除權、息類別（請填入「除權」、「除息」或「除權息」）:除息 3.發放股利種類及金額:普通股現金股利新台幣3,988,366,830元(每股預計配發6.3元) 4.除權（息）交易日:106/06/30 5.最後過戶日:106/07/03 6.停止過戶起始日期:106/07/04 7.停止過戶截止日期:106/07/08 8.除權（息）基準日:106/07/08 9.其他應敘明事項: 預計現金股利發放日為106年8月16日。 ",https://mops.twse.com.tw/mops/#/web/t05st01,67a569ab46c58b6fe9235e4d2bd1fcca857546191e05ef850356fd422d3d0c94,0
2395,106,06,106/06/09,17:41:57,2017-06-09 17:41:57,公告本公司106年度除權基準日,distribution,,2017-06-30,,,,False,False,False,False,"1.董事會、股東會決議或公司決定日期:106/06/09 2.除權、息類別（請填入「除權」、「除息」或「除權息」）:除權 3.發放股利種類及金額:普通股股票股利NT$633,074,100元 4.除權（息）交易日:106/06/30 5.最後過戶日:106/07/03 6.停止過戶起始日期:106/07/04 7.停止過戶截止日期:106/07/08 8.除權（息）基準日:106/07/08 9.其他應敘明事項: 預計股票股利發放日為106年8月16日。 ",https://mops.twse.com.tw/mops/#/web/t05st01,1e406a736ef1f645f91ec284606545c9d60bfca771f75e32ae043bb6fce1b4c4,0
2408,112,08,112/08/02,14:04:43,2023-08-02 14:04:43,本公司112年第2季合併財務報告業經董事會決議通過,capital_change,,,,,,False,False,False,False,"1.提報董事會或經董事會決議日期:112/08/02 2.審計委員會通過日期:112/08/02 3.財務報告或年度自結財務資訊報導期間 起訖日期(XXX/XX/XX~XXX/XX/XX):112/01/01~112/06/30 4.1月1日累計至本期止營業收入(仟元):13,451,954 5.1月1日累計至本期止營業毛利(毛損) (仟元):(1,342,462) 6.1月1日累計至本期止營業利益(損失) (仟元):(6,069,894) 7.1月1日累計至本期止稅前淨利(淨損) (仟元):(4,032,915) 8.1月1日累計至本期止本期淨利(淨損) (仟元):(2,455,561) 9.1月1日累計至本期止歸屬於母公司業主淨利(損) (仟元):(2,455,561) 10.1月1日累計至本期止基本每股盈餘(損失) (元):(0.79) 11.期末總資產(仟元):195,471,994 12.期末總負債(仟元):22,838,165 13.期末歸屬於母公司業主之權益(仟元):172,633,829 14.其他應敘明事項:無 ",https://mops.twse.com.tw/mops/#/web/t05st01,aaeea85776aab0f154916d2354ad51198f88f45edea7ae8fe2839a576bc193f0,0
2409,106,03,106/03/22,17:20:52,2017-03-22 17:20:52,董事會決議股利分派,capital_change,,,,,,False,False,False,False,"1. 董事會決議日期：106/03/22 2. 股東配發內容： (1)盈餘分配之現金股利(元/股)：0.56000000 (2)法定盈餘公積、資本公積發放之現金(元/股)：0 (3)股東配發之現金(股利)總金額(元)：5,389,577,264 (4)盈餘轉增資配股(元/股)：0 (5)法定盈餘公積、資本公積轉增資配股(元/股)：0 (6)股東配股總股數(股)：0 3. 其他應敘明事項： 無 4. 普通股每股面額欄位：新台幣 10.0000元",https://mops.twse.com.tw/mops/#/web/t05st01,66d6a76ec5263e69a531cd5a6c4239c8ab02e91133351d6ac5d8e3b0a7382aae,0
2409,106,03,106/03/30,19:03:41,2017-03-30 19:03:41,"公告本公司海外合併財務報告因適用兩地會計準則不一致
之差異內容",capital_change,,,,,,False,False,False,False,"1.事實發生日:106/03/30 2.財務報告年度季別:民國105年度第四季合併財務報告 3.本國上市有價證券採用之會計原則(請以中文輸入): 依據行政院金融監督管理委員會認可之國際財務報導準則（以下簡稱Taiwan IFRS）。 4.本國上市有價證券財務資訊之差異項目及金額(請以中文輸入): 歸屬於母公司業主之合併淨利為新台幣（以下同）7,818,938仟元、歸屬於母公司業主 之綜合損益總額為3,326,560仟元、稅後基本及稀釋每股盈餘分別為0.81元及0.80元， 民國105年12月31日合併資產總額為429,769,251仟元、合併負債總額為230,134,069仟 元、非控制權益為18,390,483仟元、歸屬於母公司業主之權益為181,244,699仟元。 5.境外發行有價證券採用之會計原則(請以中文輸入): 依據國際會計準則理事會發布生效之國際財務報導準則（以下簡稱IFRS）編製向美國 證管會申報之英文年報(Form 20-F)。 6.境外發行有價證券財務資訊之差異項目及金額(請以中文輸入): 歸屬於母公司業主之合併淨利為新台幣（以下同）9,965,129仟元、歸屬於母公司業 主之綜合損益總額為4,502,568仟元、稅後基本及稀釋每股盈餘分別為1.04元及1.02 元，民國105年12月31日合併資產總額為405,860,765仟元、合併負債總額為 229,024,452仟元、非控制權益為18,388,204仟元、歸屬於母公司業主之權益為 158,448,109仟元。 7.差異原因(請以中文輸入): 本公司適用Taiwan IFRS及IFRS編製之財務報告，除前期差異之累積影響外，本期差 異項目主係未分配盈餘加徵10%營利事業所得稅及遞延所得稅資產認列等。 8.其他應敘明事項: 本公司向美國證管會申報之2016年英文年報(Form 20-F)可參見本公司網址連結： http://auo.com/?sn=793&lang=zh-TW ",https://mops.twse.com.tw/mops/#/web/t05st01,b37e6699c9ac0f921e591c353a765f1ee12b784f6db3b1e1799017f1161fa1ca,0
2412,109,01,109/01/21,17:04:02,2020-01-21 17:04:02,本公司109年度簡式合併財務預測資訊公告,capital_change,,,,,,False,False,False,False,1.財務預測年度：109 2.財務預測型態：簡式 3.董事會決議日期：109/01/21 4.財務預測編制、更正或更新日期：109/01/15 5.財務預測編製原因： 自願公開 6.其他應敘明事項： 無 本資料係屬預測性質，將來未必能完全達成，詳細內容應再參考 '重要會計政策及基本假設彙總',https://mops.twse.com.tw/mops/#/web/t05st01,a2221648ab66012db0bac08b572c32c8cd72ffaccfbef534c96545a43cadf238,0
2436,112,11,112/11/08,16:14:35,2023-11-08 16:14:35,公告本公司董事會通過112年第3季合併財務報告,capital_change,,,,,,False,False,False,False,"1.提報董事會或經董事會決議日期:112/11/08 2.審計委員會通過日期:112/11/08 3.財務報告或年度自結財務資訊報導期間 起訖日期(XXX/XX/XX~XXX/XX/XX):112/01/01~112/09/30 4.1月1日累計至本期止營業收入(仟元):2,091,516 5.1月1日累計至本期止營業毛利(毛損) (仟元):532,311 6.1月1日累計至本期止營業利益(損失) (仟元):(21,813) 7.1月1日累計至本期止稅前淨利(淨損) (仟元):220,770 8.1月1日累計至本期止本期淨利(淨損) (仟元):190,888 9.1月1日累計至本期止歸屬於母公司業主淨利(損) (仟元):189,823 10.1月1日累計至本期止基本每股盈餘(損失) (元):1.07 11.期末總資產(仟元):5,796,473 12.期末總負債(仟元):1,812,887 13.期末歸屬於母公司業主之權益(仟元):3,408,449 14.其他應敘明事項:無 ",https://mops.twse.com.tw/mops/#/web/t05st01,190e092e4cba54da64ec3e4048ac84f7335360b4d7bb40f45a3de83d75fca7b0,0
2453,112,05,112/05/11,14:28:10,2023-05-11 14:28:10,公告本公司112年度第1季合併財務報告業經董事會決議通過,capital_change,,,,,,False,False,False,False,"1.提報董事會或經董事會決議日期:112/05/11 2.審計委員會通過日期:112/05/11 3.財務報告或年度自結財務資訊報導期間 起訖日期(XXX/XX/XX~XXX/XX/XX):112/01/01~112/03/31 4.1月1日累計至本期止營業收入(仟元):1,246,921 5.1月1日累計至本期止營業毛利(毛損) (仟元):333,669 6.1月1日累計至本期止營業利益(損失) (仟元):102,747 7.1月1日累計至本期止稅前淨利(淨損) (仟元):107,031 8.1月1日累計至本期止本期淨利(淨損) (仟元):83,991 9.1月1日累計至本期止歸屬於母公司業主淨利(損) (仟元):84,431 10.1月1日累計至本期止基本每股盈餘(損失) (元):0.84 11.期末總資產(仟元):4,183,927 12.期末總負債(仟元):2,043,802 13.期末歸屬於母公司業主之權益(仟元):2,135,795 14.其他應敘明事項:無 ",https://mops.twse.com.tw/mops/#/web/t05st01,1f107be63cec788f854f7e9680a5336ed0c2cffdb06a62f9ea737bc5c0b64569,0
2453,112,06,112/06/13,14:23:01,2023-06-13 14:23:01,公告本公司除息基準日及相關事宜,distribution,2.2,2023-07-13,2023-08-08,,,True,False,True,False,"1.董事會、股東會決議或公司決定日期:112/06/13 2.除權、息類別（請填入「除權」、「除息」或「除權息」）:除息 3.發放股利種類及金額:現金股利新台幣220,000,000元(每股2.2元) 4.除權（息）交易日:112/07/13 5.最後過戶日:112/07/14 6.停止過戶起始日期:112/07/15 7.停止過戶截止日期:112/07/19 8.除權（息）基準日:112/07/19 9.債券最後申請轉換日期:不適用 10.債券停止轉換起始日期:不適用 11.債券停止轉換截止日期:不適用 12.現金股利發放日期:112/08/08 13.其他應敘明事項:無 ",https://mops.twse.com.tw/mops/#/web/t05st01,b64e3d00d2016016dc7d05fe88a0c1ce986f91efc720efed6372e70898a81b2b,0
2454,105,01,105/01/08,17:00:40,2016-01-08 17:00:40,聯發科技104年12月份自結合併營收淨額公告,capital_change,,,,,,False,True,False,False,1.事實發生日:105/01/08 2.公司名稱:聯發科技股份有限公司 3.與公司關係(請輸入本公司或子公司):本公司 4.相互持股比例:不適用 5.傳播媒體名稱:不適用 6.報導內容:不適用 7.發生緣由: 聯發科技一百零四年十二月份自結合併營收淨額為新台幣185億2仟萬元， 較前月合併營收淨額新台幣209億5仟6百萬元減少11.62%。 8.因應措施:無 9.其他應敘明事項:無 ,https://mops.twse.com.tw/mops/#/web/t05st01,3c6b734d92ba92651291e6aa6b72808e7be82fc590aec4389906829f0b6b4787,0
2454,105,02,105/02/01,19:10:40,2016-02-01 19:10:40,本公司2015年第4季合併財務報告,capital_change,,,,,,False,True,False,False,"1.事實發生日:105/02/01 2.公司名稱:聯發科技股份有限公司 3.與公司關係(請輸入本公司或子公司):本公司 4.相互持股比例:不適用 5.傳播媒體名稱:不適用 6.報導內容:不適用 7.發生緣由: 聯發科技公佈2015年第4季合併財務報告 本季合併營收新台幣617億1仟3佰萬元，較前季增加8.3% 本季合併毛利率為38.5%，較前季減少4.2個百分點 本季合併營業利益為新台幣37億4仟8佰萬元，較前季減少50.8% 本季合併本期淨利為新台幣41億8仟1百萬元，每股盈餘新台幣2.83元 2015年合併全年營收達新台幣2,132億5仟5佰萬元，稅後每股盈餘新台幣16.60元 合併營業收入 本公司2015年12月31日結算之第4季營業收入淨額為新台幣617億 1仟3佰萬元，較前一季增加8.3%，較去年同期增加11.3%。本季營 收較前期及去年同期成長，主要因認列立錡營收及高階消費性電子產品比重提升。 2015年全年營業收入淨額為新台幣2,132億5仟5佰萬元，較去年成長0.1%。 合併營業毛利與毛利率 本季營業毛利為新台幣237億8仟萬元，較前季與去年同期分別下滑2.2% 與10.6%。毛利率為38.5%，較前季與去年同期分別減少4.2個百分點與 9.4個百分點，主要因智慧型手機市場價格競爭激烈。 2015年全年營業毛利為新台幣921億8仟萬元（毛利率：43.2%），較去年下滑11.3%。 合併本期淨利、合併本期淨利率與每股盈餘 本季本期淨利為新台幣41億8仟1佰萬元，較前季與去年同期分別減少47.5%與59.8%。 本季本期淨利率為6.8%，低於前一季之14.0%，及去年同期之18.8%。 每股盈餘為新台幣2.83元，低於前季之新台幣5.09元，及去年同期之新台幣6.65元。 2015年全年淨利為新台幣257億6仟9佰萬元，較去年下滑44.5%。 2015年每股盈餘為新台幣16.60元，低於去年之新台幣30.04元。 2016年第一季營運展望 合併營收: 約新台幣 525 ~ 574 億元 (假設2016-Q1美元兌台幣平均匯率為1：33.5) 合併毛利率: 38.5% ± 1.5% 合併營業費用率: 30% ± 2% 8.因應措施:不適用 9.其他應敘明事項:無 ",https://mops.twse.com.tw/mops/#/web/t05st01,1f0130d290640b69af2e956dd4bdd24a3c5a401769ffd5c382e211a49a78116b,0
2454,105,02,105/02/01,19:22:28,2016-02-01 19:22:28,民國105年度第一季簡式合併財務預測公告,capital_change,,,,,,False,False,False,False,1.財務預測年度：105 2.財務預測型態：簡式 3.董事會決議日期：1050201 4.財務預測編制、更正或更新日期：105/01/31 5.財務預測編製原因： 自願公開 6.其他應敘明事項： 無 本資料係屬預測性質，將來未必能完全達成，詳細內容應再參考 '重要會計政策及基本假設彙總',https://mops.twse.com.tw/mops/#/web/t05st01,fca2ea785a154adc2910af2276d0ef1145c28739c497ba48d9217636016d6aca,0
2454,105,02,105/02/05,17:00:40,2016-02-05 17:00:40,聯發科技105年01月份自結合併營收淨額公告,capital_change,,,,,,False,True,False,False,1.事實發生日:105/02/05 2.公司名稱:聯發科技股份有限公司 3.與公司關係(請輸入本公司或子公司):本公司 4.相互持股比例:不適用 5.傳播媒體名稱:不適用 6.報導內容:不適用 7.發生緣由: 聯發科技一百零五年一月份自結合併營收淨額為新台幣213億2仟6百萬元， 較前月合併營收淨額新台幣185億2仟萬元增加15.15%。 8.因應措施:無 9.其他應敘明事項:無 ,https://mops.twse.com.tw/mops/#/web/t05st01,ebb5faa232b8ebae9d8079665a400b8feba3888abe6e04c2d5a14c9a8fe206b2,0
2454,105,03,105/03/07,17:01:21,2016-03-07 17:01:21,聯發科技105年02月份自結合併營收淨額公告,capital_change,,,,,,False,True,False,False,1.事實發生日:105/03/07 2.公司名稱:聯發科技股份有限公司 3.與公司關係(請輸入本公司或子公司):本公司 4.相互持股比例:不適用 5.傳播媒體名稱:不適用 6.報導內容:不適用 7.發生緣由: 聯發科技一百零五年二月份自結合併營收淨額為新台幣132億4仟2百萬元， 較前月合併營收淨額新台幣213億2仟6百萬元減少37.90%。 8.因應措施:無 9.其他應敘明事項:無 ,https://mops.twse.com.tw/mops/#/web/t05st01,77c5fcbf73801e958b194d2be60e8c8683fef716f9b4b17d625a89388016e4e4,0
2454,105,04,105/04/08,17:02:24,2016-04-08 17:02:24,聯發科技105年03月份自結合併營收淨額公告,capital_change,,,,,,False,True,False,False,1.事實發生日:105/04/08 2.公司名稱:聯發科技股份有限公司 3.與公司關係(請輸入本公司或子公司):本公司 4.相互持股比例:不適用 5.傳播媒體名稱:不適用 6.報導內容:不適用 7.發生緣由: 聯發科技一百零五年三月份自結合併營收淨額為新台幣213億3仟7百萬元， 較前月合併營收淨額新台幣132億4仟2百萬元增加61.13%。 8.因應措施:無 9.其他應敘明事項:無 ,https://mops.twse.com.tw/mops/#/web/t05st01,47fa59e4f90ba0dbbe3bede640de41e3a414975d4d484cf777c843b9ad7e3716,0
2454,105,04,105/04/08,17:31:11,2016-04-08 17:31:11,"代子公司晨發科技(股)公司公告與
奕力科技(股)公司合併案已取得中國商務部核准",capital_change,,,,,,False,True,False,False,1.事實發生日:105/04/08 2.公司名稱:晨發科技(股)公司 3.與公司關係(請輸入本公司或子公司):子公司 4.相互持股比例:不適用 5.傳播媒體名稱:不適用 6.報導內容:不適用 7.發生緣由: 緣晨發科技(股)公司與奕力科技(股)公司合併案， 本公司已接獲中國商務部商反壟審查函[2016]第23號 函文對本合併案不予禁止。 另依合併契約第六條內容，本合併案之合併基準日 暫定為105年第二季，實際合併基準日將由雙方董事會 共同協議訂定並公告之。 8.因應措施:不適用 9.其他應敘明事項:無 ,https://mops.twse.com.tw/mops/#/web/t05st01,cd28477c711ec4da1e348980b2bca81ff9d8a054fed13a2192b3eba58dbe5419,0
2454,105,04,105/04/14,19:06:53,2016-04-14 19:06:53,"代子公司晨發科技(股)公司公告與奕力
科技(股)公司合併案之合併基準日",capital_change,,,,,,False,True,False,False,1.事實發生日:105/04/14 2.公司名稱:晨發科技(股)公司 3.與公司關係(請輸入本公司或子公司):子公司 4.相互持股比例:不適用 5.傳播媒體名稱:不適用 6.報導內容:不適用 7.發生緣由: (1)本公司之子公司晨發科技(股)公司與 奕力科技(股)公司合併案於民國104年10月26日 經本公司董事會代行股東職權決議通過，另本 合併案已接獲中國商務部反壟審查函[2016] 第23號函表示對本合併案不予禁止。 (2)晨發科技(股)公司董事會決議通過本合併案 之合併基準日訂為民國105年6月1日。 8.因應措施:不適用 9.其他應敘明事項:無 ,https://mops.twse.com.tw/mops/#/web/t05st01,feb9c6b56bc5d691f0417ce2540abaf08cb2e2e70e9dd18346bfbdda83041bfa,0
2454,105,04,105/04/29,19:06:56,2016-04-29 19:06:56,本公司2016年第1季合併財務報告,capital_change,,,,,,False,True,False,False,1.事實發生日:105/04/29 2.公司名稱:聯發科技股份有限公司 3.與公司關係(請輸入本公司或子公司):本公司 4.相互持股比例:不適用 5.傳播媒體名稱:不適用 6.報導內容:不適用 7.發生緣由: 聯發科技公佈2016年第1季合併財務報告 本季合併營收新台幣559億5佰萬元，較前季下滑9.4% 本季合併毛利率為38.1%，較前季下滑0.4個百分點 本季合併營業利益為新台幣44億3佰萬元，較前季增加17.5% 本季合併本期淨利為新台幣44億7仟3佰萬元，每股盈餘新台幣2.79元 合併營業收入 本公司2016年3月31日結算之第1季營業收入淨額為新台幣559億5佰萬元， 較前一季下滑9.4%，較去年同期增加17.6%。本季營收因季節性因素較前 期下降。本季營收較去年同期成長，主要因高階消費性電子產品比重提升 及來自併購立錡的營收貢獻。 合併營業毛利與毛利率 本季營業毛利為新台幣213億7佰萬元，較前季與去年同期分別下滑10.4% 與5.3%。毛利率為38.1%，較前季與去年同期分別下滑0.4個百分點與9.2個 百分點，主要因智慧型手機市場價格競爭激烈 合併本期淨利、合併本期淨利率與每股盈餘 本季本期淨利為新台幣44億7仟3佰萬元，較前季增加7.0%，但較去年同期下 滑38.3%。本季本期淨利率為8.0%，高於前一季之6.8%，但低於去年同期 之15.3%。每股盈餘為新台幣2.79元，前一季每股盈餘為新台幣2.83元， 去年同期則為新台幣4.62元。 2016年第二季營運展望 合併營收: 約新台幣 693 ~ 738 億元 (假設2016-Q2美元兌台幣平均匯率為1：32.5) 合併毛利率: 35.0% ± 1.5% 合併營業費用率: 25.5% ± 2% 8.因應措施:不適用 9.其他應敘明事項:無 ,https://mops.twse.com.tw/mops/#/web/t05st01,3c1e628267177d9c3923ad6152f19f0cabd5168f6b0bfe6f910aac79671384d2,0
2454,105,04,105/04/29,19:11:45,2016-04-29 19:11:45,民國105年度第二季簡式合併財務預測公告,capital_change,,,,,,False,False,False,False,1.財務預測年度：105 2.財務預測型態：簡式 3.董事會決議日期：1050429 4.財務預測編制、更正或更新日期：105/04/28 5.財務預測編製原因： 自願公開 6.其他應敘明事項： 無 本資料係屬預測性質，將來未必能完全達成，詳細內容應再參考 '重要會計政策及基本假設彙總',https://mops.twse.com.tw/mops/#/web/t05st01,e9ae8db97bb89f562bd082c611c3004ff362ed3c77f842a321452ebef4e1ad0e,0
2454,105,04,105/04/29,19:37:29,2016-04-29 19:37:29,董事會決議股利分派,capital_change,,,,,,False,False,False,False,"1. 董事會決議日期：2016/04/29 2. 股東配發內容： (1)盈餘分配之現金股利(元/股)：11.00000000 (2)法定盈餘公積、資本公積發放之現金(元/股)：0 (3)股東配發之現金(股利)總金額(元)：17,287,420,546 (4)盈餘轉增資配股(元/股)：0 (5)法定盈餘公積、資本公積轉增資配股(元/股)：0 (6)股東配股總股數(股)：0 3. 其他應敘明事項： 無 4. 普通股每股面額欄位：新台幣 10.0000元",https://mops.twse.com.tw/mops/#/web/t05st01,429b16073eb690dd0658536cfcdd66114d3358369cd620a4182fd0bcb68624b8,0
2454,107,09,107/09/10,16:56:36,2018-09-10 16:56:36,聯發科技107年8月份自結合併營收淨額公告,capital_change,,,,,,False,True,False,False,1.事實發生日:107/09/10 2.公司名稱:聯發科技股份有限公司 3.與公司關係(請輸入本公司或子公司):本公司 4.相互持股比例:不適用 5.發生緣由: 聯發科技一百零七年八月份自結合併營收淨額為新台幣235億2佰萬元， 較前月合併營收淨額新台幣204億2仟4佰萬元增加15.07%。 6.因應措施:無 7.其他應敘明事項:無 ,https://mops.twse.com.tw/mops/#/web/t05st01,437f936ad27de45ade74a6930e870c35cbe4a6fd42f86ed739f85684b55bb140,0
2454,107,10,107/10/09,16:55:17,2018-10-09 16:55:17,聯發科技107年9月份自結合併營收淨額公告,capital_change,,,,,,False,True,False,False,1.事實發生日:107/10/09 2.公司名稱:聯發科技股份有限公司 3.與公司關係(請輸入本公司或子公司):本公司 4.相互持股比例:不適用 5.發生緣由: 聯發科技一百零七年九月份自結合併營收淨額為新台幣231億4佰萬元， 較前月合併營收淨額新台幣235億2佰萬減少1.70%。 6.因應措施:無 7.其他應敘明事項:無 ,https://mops.twse.com.tw/mops/#/web/t05st01,6df3608d27fad15c34e41b66daec792b2bff4b9634bf39693b93517140bd62c1,0
2454,107,10,107/10/09,16:56:02,2018-10-09 16:56:02,"代重要子公司晨星半導體股份有限公司
公告民國107年除息基準日",distribution,,,,,,False,True,False,False,"1.董事會、股東會決議或公司決定日期:107/10/09 2.除權、息類別（請填入「除權」、「除息」或「除權息」）:除息 3.發放股利種類及金額:股東現金股利：NT$ 7,221,465,385元 4.除權（息）交易日:NA 5.最後過戶日:107/10/11 6.停止過戶起始日期:107/10/12 7.停止過戶截止日期:107/10/16 8.除權（息）基準日:107/10/16 9.其他應敘明事項:現金股利發放日108/01/01 ",https://mops.twse.com.tw/mops/#/web/t05st01,21a22bf5461ef1a2aac1d7e20ad66392588ca91be6dc3178ccb4fbeb7b85c7ca,0
2454,107,10,107/10/31,18:13:07,2018-10-31 18:13:07,本公司2018年第3季合併財務報告,capital_change,,,,,,False,True,False,False,1.事實發生日:107/10/31 2.公司名稱:聯發科技股份有限公司 3.與公司關係(請輸入本公司或子公司):本公司 4.相互持股比例:不適用 5.發生緣由: 聯發科技公佈2018年第3季合併財務報告 本季合併營收為新台幣670億3仟萬元，較前季增加10.8% 本季合併毛利率為38.5%，較前季增加0.3個百分點 本季合併營業利益為新台幣63億1仟萬元，較前季增加54.2% 本季合併本期淨利為新台幣68億7仟2佰萬元，每股盈餘為新台幣4.39元 合併營業收入 本公司2018年9月30日結算之第3季營業收入淨額為新台幣670億3仟萬元， 較前季增加10.8%，較去年同期增加5.3%。本季營收較前期與去年同期增加， 主要因各類消費性電子銷售提升。 合併營業毛利與毛利率 本季營業毛利為新台幣258億2仟5佰萬元，較前季增加11.7%，較去年同期增 加11.4%。毛利率為38.5%，較前季增加0.3個百分點，較去年同期增加2.1個 百分點。毛利率較前期及去年同期增加，主要因有利的產品組合。 合併本期淨利、合併本期淨利率與每股盈餘 本季本期淨利為新台幣68億7仟2佰萬元，較前一季減少8.3%，較去年同期增 加35.8%。本季本期淨利率為10.3%，低於前一季之12.4%，高於去年同期 之8.0%。每股盈餘為新台幣4.39元，前一季每股盈餘為新台幣4.75元， 去年同期則為新台幣3.26元。本季本期淨利、本期淨利率與每股盈餘較 前季減少，主要因前季有處分股權而認列的一次性處分利益，而本季 沒有。本季本期淨利、本期淨利率與每股盈餘較去年同期增加，主要 因本季營收與毛利率皆較去年同期提升。 2018年第四季營運展望 合併營收: 約新台幣 590 億 ~ 643 億元 (假設2018-Q4美元兌台幣平均匯率為1：30.8) 合併毛利率: 38.5% ± 1.5% 合併營業費用率: 32% ± 2% 6.因應措施:不適用 7.其他應敘明事項:無 ,https://mops.twse.com.tw/mops/#/web/t05st01,7cd2f4cf4194ba3b60d47284e2163a9aa1d694bfa7975c99f0f6ea0f3cb538ba,0
2454,107,10,107/10/31,18:13:50,2018-10-31 18:13:50,"本公司董事會決議收回未達既得條件之民國105年發行
限制員工權利新股暨註銷減資事宜",capital_change,,,,2018-10-31,,False,True,False,False,"1.董事會決議日期:107/10/31 2.減資緣由:因獲配限制員工權利新股之員工未達既得條件，依本公司105年限制員工 權利新股發行辦法規定，董事會決議收回已發行之限制員工權利新股12,604股， 並辦理註銷減資。 3.減資金額:新台幣126,040元 4.消除股份:12,604股 5.減資比率:0.0008% 6.減資後股本:新台幣15,915,069,770元 7.預定股東會日期:不適用 8.預計減資新股上市後之上市普通股股數:1,591,506,977股 9.預計減資新股上市後之上市普通股股數占已發行普通股比率 （減資後上市普通股股數/減資後已發行普通股股數）:不適用 10.前二項預計減資後上巿普通股股數未達6000萬股且未達25%者， 請說明股權流通性偏低之因應措施:不適用 11.其他應敘明事項:訂定減資基準日為107/10/31 ",https://mops.twse.com.tw/mops/#/web/t05st01,685aea58cb42213b9db24a019401770ce514bf22155dccee9462813c45fe8b4a,0
2454,107,10,107/10/31,18:18:52,2018-10-31 18:18:52,民國107年度第四季簡式合併財務預測公告,capital_change,,,,,,False,False,False,False,1.財務預測年度：107 2.財務預測型態：簡式 3.董事會決議日期：1071031 4.財務預測編制、更正或更新日期：107/10/29 5.財務預測編製原因： 自願公開 6.其他應敘明事項： 無 本資料係屬預測性質，將來未必能完全達成，詳細內容應再參考 '重要會計政策及基本假設彙總',https://mops.twse.com.tw/mops/#/web/t05st01,737528eb2fe5dd86df6c7e51682151d49bba2c11d1273cab878e452ba3810130,0
2454,107,11,107/11/09,16:54:41,2018-11-09 16:54:41,聯發科技107年10月份自結合併營收淨額公告,capital_change,,,,,,False,True,False,False,1.事實發生日:107/11/09 2.公司名稱:聯發科技股份有限公司 3.與公司關係(請輸入本公司或子公司):本公司 4.相互持股比例:不適用 5.發生緣由: 聯發科技一百零七年十月份自結合併營收淨額為新台幣208億3仟6佰萬元， 較前月合併營收淨額新台幣231億4佰萬減少9.82%。 6.因應措施:無 7.其他應敘明事項:無 ,https://mops.twse.com.tw/mops/#/web/t05st01,e60a228fc8312b751ddf02d3c36c64adef63b63e5cc0b0927a7b297a10ad9b13,0
2454,108,06,108/06/10,16:56:46,2019-06-10 16:56:46,聯發科技108年05月份自結合併營收淨額公告,capital_change,,,,,,False,True,False,False,1.事實發生日:108/06/10 2.公司名稱:聯發科技股份有限公司 3.與公司關係(請輸入本公司或子公司):本公司 4.相互持股比例:不適用 5.發生緣由: 聯發科技一百零八年五月份自結合併營收淨額為新台幣191億2仟1佰萬元， 較前月合併營收淨額新台幣215億5仟3佰萬元減少11.29%。 6.因應措施:無 7.其他應敘明事項:無 ,https://mops.twse.com.tw/mops/#/web/t05st01,189b2dc884b4df13d3b78e4ceef007f67cf7b6e36969798801c62b5ed537fc20,0
2454,108,06,108/06/14,18:17:55,2019-06-14 18:17:55,代重要子公司立錡科技股份有限公司公告民國108年除息基準日,distribution,,,,,,False,True,False,False,"1.董事會、股東會決議或公司決定日期:108/06/14 2.除權、息類別（請填入「除權」、「除息」或「除權息」）:除息 3.發放股利種類及金額:盈餘分配普通股現金股利新台幣NT$2,149,140,060元 4.除權（息）交易日:NA 5.最後過戶日:108/07/04 6.停止過戶起始日期:108/07/05 7.停止過戶截止日期:108/07/09 8.除權（息）基準日:108/07/09 9.其他應敘明事項:現金股利發放日108/07/19 ",https://mops.twse.com.tw/mops/#/web/t05st01,a9e27f843ec4c52b71f4972ae7259c26e30672c037fbd8c3f179db10e0c352d0,0
2454,108,06,108/06/14,18:18:31,2019-06-14 18:18:31,"代重要子公司旭思投資股份有限公司公告董事會決議通過
辦理現金減資案",capital_change,,,,2019-07-24,,False,True,False,False,"1.董事會決議日期:108/06/14 2.減資緣由:提升資金管理效率 3.減資金額:3,400,000,000元 4.消除股份:340,000,000股 5.減資比率:11.07% 6.減資後股本:27,300,000,000元 7.預定股東會日期:不適用 8.預計減資新股上市後之上市普通股股數:不適用 9.預計減資新股上市後之上市普通股股數占已發行普通股比率 （減資後上市普通股股數/減資後已發行普通股股數）:不適用 10.前二項預計減資後上巿普通股股數未達6000萬股且未達25%者， 請說明股權流通性偏低之因應措施:不適用 11.其他應敘明事項:減資基準日:108/07/24 ",https://mops.twse.com.tw/mops/#/web/t05st01,002a2e12c5dacd192c313d5a807278feec4ecc4fca3febec9345d24cf7238b78,0
2454,108,06,108/06/14,18:19:48,2019-06-14 18:19:48,公告本公司民國108年除息基準日,distribution,,2019-07-08,,,,False,False,False,False,"1.董事會、股東會決議或公司決定日期:108/06/14 2.除權、息類別（請填入「除權」、「除息」或「除權息」）:除息 3.發放股利種類及金額: 盈餘分配普通股現金股利新台幣9,525,233,226元 資本公積發放現金新台幣4,762,616,613元 4.除權（息）交易日:108/07/08 5.最後過戶日:108/07/09 6.停止過戶起始日期:108/07/10 7.停止過戶截止日期:108/07/14 8.除權（息）基準日:108/07/14 9.其他應敘明事項: 現金股利發放日:108/08/01 ",https://mops.twse.com.tw/mops/#/web/t05st01,bdac436d569e2711f43627a08d8ee583595a32a57ac7aba61e300d6b3d92da08,0
2454,108,07,108/07/10,16:56:53,2019-07-10 16:56:53,聯發科技108年06月份自結合併營收淨額公告,capital_change,,,,,,False,True,False,False,1.事實發生日:108/07/10 2.公司名稱:聯發科技股份有限公司 3.與公司關係(請輸入本公司或子公司):本公司 4.相互持股比例:不適用 5.發生緣由: 聯發科技一百零八年六月份自結合併營收淨額為新台幣208億9仟3佰萬元， 較前月合併營收淨額新台幣幣191億2仟1佰萬元增加9.27%。 6.因應措施:無 7.其他應敘明事項:無 ,https://mops.twse.com.tw/mops/#/web/t05st01,109f9aa2b3c40361de0555bdf50fd6791aa14c7529cf697839c84042b4963da6,0
2454,108,07,108/07/31,18:33:02,2019-07-31 18:33:02,"公告本公司董事會決議辦理限制員工權利新股收回註銷減資
事宜",capital_change,,,,2019-07-31,,False,True,False,False,"1.董事會決議日期:108/07/31 2.減資緣由:因原獲配限制員工權利新股之員工未達既得條件，將收回之限制員工權利 新股辦理註銷減資。 3.減資金額:新台幣306,270元 4.消除股份:30,627股 5.減資比率:0.0019% 6.減資後股本:新台幣15,896,912,020元 7.預定股東會日期:不適用 8.預計減資新股上市後之上市普通股股數:1,589,691,202股 9.預計減資新股上市後之上市普通股股數占已發行普通股比率 （減資後上市普通股股數/減資後已發行普通股股數）:不適用 10.前二項預計減資後上巿普通股股數未達6000萬股且未達25%者， 請說明股權流通性偏低之因應措施:不適用 11.其他應敘明事項:訂定減資基準日為108/7/31 ",https://mops.twse.com.tw/mops/#/web/t05st01,29d49b2f5ce37408c0f68f75504bbceb38163de0feef00cdc8b1120d534daa89,0
2454,108,07,108/07/31,18:33:34,2019-07-31 18:33:34,本公司2019年第2季合併財務報告,capital_change,,,,,,False,True,False,False,1.事實發生日:108/07/31 2.公司名稱:聯發科技股份有限公司 3.與公司關係(請輸入本公司或子公司):本公司 4.相互持股比例:不適用 5.發生緣由: 聯發科技公佈2019年第2季合併財務報告 本季合併營收為新台幣615億6仟7佰萬元，較前季增加16.8%，較去年 同期增加1.8% 本季合併毛利率為41.9%，較前季增加1.2個百分點，較去年同期增加3.7個 百分點 本季合併營業利益為新台幣61億4仟3佰萬元，較前季增加93.9%，較去年同 期增加50.1% 本季合併本期淨利為新台幣65億3佰萬元，每股盈餘為新台幣4.11元 合併營業收入 本公司2019年6月30日結算之第2季營業收入淨額為新台幣615億6仟7佰萬元， 較前季增加16.8%，較去年同期增加1.8%。本季營收較前季增加，主要因各 類消費性電子季節性需求回升。本季營收較去年同期增加，主要因物聯網、 客製化晶片及電源管理晶片等消費性電子產品營收成長。 合併營業毛利與毛利率 本季營業毛利為新台幣257億9仟萬元，較前季增加20.1%，較去年同期增 加11.6%。毛利率為41.9%，較前季增加1.2個百分點，較去年同期增加3.7個 百分點。本期毛利率較前期及去年同期增加，主要因有利的產品組合。 合併本期淨利、合併本期淨利率與每股盈餘 本季本期淨利為新台幣65億3佰萬元，較前一季增加90.4%，較去年同期減 少12.6%。本季本期淨利率為10.6%，高於前一季之6.5%，低於去年同期 之12.3%。每股盈餘為新台幣4.11元，前一季每股盈餘為新台幣2.17元， 去年同期則為新台幣4.72元。本季本期淨利、本期淨利率與每股盈餘較 前季增加，主要因本季營收較前期上升及毛利提升。本季本期淨利、本 期淨利率與每股盈餘較去年同期減少，主要因本季業外處分投資利益較 去年同期低。 2019年第三季營運展望 合併營收: 約新台幣 653 億 ~ 702 億元 (假設2019-Q3美元兌台幣平均匯率為1：31.2) 合併毛利率: 41.5% ± 1.5% 合併營業費用率: 31% ± 2% 6.因應措施:不適用 7.其他應敘明事項:無 ,https://mops.twse.com.tw/mops/#/web/t05st01,4deb75c8dbcdffe51003d8aad67e9377f1a28f694e9683d17db8e8f34c117f8a,0
2454,108,07,108/07/31,18:34:01,2019-07-31 18:34:01,民國108年度第三季簡式合併財務預測公告,capital_change,,,,,,False,False,False,False,1.財務預測年度：108 2.財務預測型態：簡式 3.董事會決議日期：1080731 4.財務預測編制、更正或更新日期：108/07/26 5.財務預測編製原因： 自願公開 6.其他應敘明事項： 無 本資料係屬預測性質，將來未必能完全達成，詳細內容應再參考 '重要會計政策及基本假設彙總',https://mops.twse.com.tw/mops/#/web/t05st01,ec0c64a49a50e6f6116bec8bc76b0b8cd3f5565f09235be5cddbb38e4856a135,0
2454,108,08,108/08/12,16:58:33,2019-08-12 16:58:33,聯發科技108年07月份自結合併營收淨額公告,capital_change,,,,,,False,True,False,False,1.事實發生日:108/08/12 2.公司名稱:聯發科技股份有限公司 3.與公司關係(請輸入本公司或子公司):本公司 4.相互持股比例:不適用 5.發生緣由: 聯發科技一百零八年七月份自結合併營收淨額為新台幣206億8仟8佰萬元， 較前月合併營收淨額新台幣幣208億9仟3佰萬元減少0.98%。 6.因應措施:無 7.其他應敘明事項:無 ,https://mops.twse.com.tw/mops/#/web/t05st01,0243ddcbd835d40501490d31012708169c86e50a7e2b98430c1702e621a808de,0
2454,108,09,108/09/10,16:57:04,2019-09-10 16:57:04,聯發科技108年08月份自結合併營收淨額公告,capital_change,,,,,,False,True,False,False,1.事實發生日:108/09/10 2.公司名稱:聯發科技股份有限公司 3.與公司關係(請輸入本公司或子公司):本公司 4.相互持股比例:不適用 5.發生緣由: 聯發科技一百零八年八月份自結合併營收淨額為新台幣230億4仟3佰萬元， 較前月合併營收淨額新台幣幣206億8仟8佰萬元增加11.38%。 6.因應措施:無 7.其他應敘明事項:無 ,https://mops.twse.com.tw/mops/#/web/t05st01,85560e7ecbf7f4052d70517761534fd6f38f05273ab63480f2e4cc7828e3ec86,0
2454,108,09,108/09/20,18:13:08,2019-09-20 18:13:08,代子公司MediaTek USA Inc.公告合併Nephos Inc.,capital_change,,,,,,False,True,False,False,1.併購種類(如合併、分割、收購或股份受讓): 合併 2.事實發生日:108/9/20 3.參與併購公司名稱(如合併另一方公司、分割新設公司、收購或受讓股份標的公司之 名稱: MediaTek USA Inc. (下稱聯發美國)(存續公司) Nephos Inc. (下稱擎發美國)(消滅公司) 4.交易相對人(如合併另一方公司、分割讓與他公司、收購或受讓股份之交易對象): Nephos Inc. (下稱擎發美國) 5.交易相對人為關係人:是 6.交易相對人與公司之關係(本公司轉投資持股達XX%之被投資公司)，並說明選定 收購、受讓他公司股份之對象為關係企業或關係人之原因及是否不影響股東權益: 聯發美國及擎發美國皆為聯發科技百分之百持有之子公司。 擬採美國當地法律規定進行合併，屬集團內組織調整不涉及股份轉換或發放股利， 故不影響股東權益。 7.併購目的: 集團內組織調整 8.併購後預計產生之效益: 整合集團資源。 9.併購對每股淨值及每股盈餘之影響: 對聯發科技合併每股淨值及合併每股盈餘無影響 10.換股比例及其計算依據: 不適用。依美國當地合併相關規定辦理。 11.本次交易會計師、律師或證券承銷商出具非合理性意見:不適用 12.會計師或律師事務所名稱或證券承銷商公司名稱: 不適用 13.會計師或律師姓名: 不適用 14.會計師或律師開業證書字號: 不適用 15.預定完成日程: 合併基準日為民國108年10月1日 16.既存或新設公司承受消滅(或分割)公司權利義務相關事項(註二): 自合併基準日起，原擎發美國之權利義務應由聯發美國依法概括承受。 其它相關事項依美國當地規定處理。 17.參與合併公司之基本資料(註三): 聯發美國及擎發美國之業務皆為半導體相關產品之研發 18.分割之相關事項(含預定讓與既存公司或新設公司之營業、資產之評價價值；被 分割公司或其股東所取得股份之總數、種類及數量；被分割公司資本減少時，其資 本減少有關事項)(註：若非分割公告時，則不適用): 不適用 19.併購股份未來移轉之條件及限制: 無 20.其他重要約定事項: 無 21.本次交易，董事有無異議:否 22.併購交易中涉及利害關係董事資訊(自然人董事姓名或法人董事名稱 暨其代表人姓名、其自身或其代表之法人有利害關係之重要內容、其應迴避或 不迴避理由、迴避情形、贊成或反對併購決議之理由): 無 23.其他敘明事項: 無 註二、既存或新設公司承受消滅公司權利義務相關事項，包括庫藏股及已發行具有股權性質有 價證券之處理原則。 註三：參與合併公司之基本資料包括公司名稱及所營業務 之主要內容。,https://mops.twse.com.tw/mops/#/web/t05st01,e882da46dcf5b57256e63111601c9bb1f7d4e5602a4358712879ec78d8cbc4d7,0
2454,108,10,108/10/09,16:57:22,2019-10-09 16:57:22,聯發科技108年09月份自結合併營收淨額公告,capital_change,,,,,,False,True,False,False,1.事實發生日:108/10/09 2.公司名稱:聯發科技股份有限公司 3.與公司關係(請輸入本公司或子公司):本公司 4.相互持股比例:不適用 5.發生緣由: 聯發科技一百零八年九月份自結合併營收淨額為新台幣234億9仟4佰萬元， 較前月合併營收淨額新台幣幣230億4仟3佰萬元增加1.96%。 6.因應措施:無 7.其他應敘明事項:無 ,https://mops.twse.com.tw/mops/#/web/t05st01,c70f322d65bafd9951adb66d82660f946df79401bca8485aa9bd0eec022343bc,0
2454,108,10,108/10/09,22:22:49,2019-10-09 22:22:49,代子公司旭思投資(股)公司公告董事會決議絡達科技股份轉換案,capital_change,,,,,,False,True,False,False,"1.併購種類(如合併、分割、收購或股份受讓): 代子公司公告股份轉換 2.事實發生日:108/10/9 3.參與併購公司名稱(如合併另一方公司、分割新設公司、收購或受讓股份標的公司之 名稱: 子公司旭思投資股份有限公司(以下簡稱旭思) 子公司絡達科技股份有限公司(以下簡稱絡達科技) 子公司Airoha (Cayman) Inc. (以下簡稱Airoha (Cayman)) 4.交易相對人(如合併另一方公司、分割讓與他公司、收購或受讓股份之交易對象): 子公司Airoha (Cayman) Inc. 5.交易相對人為關係人:是 6.交易相對人與公司之關係(本公司轉投資持股達XX%之被投資公司)，並說明選定 收購、受讓他公司股份之對象為關係企業或關係人之原因及是否不影響股東權益: 此為子公司間依雙方議定之股份轉換合約及相關法令進行股份轉換， 不影響本公司股東權益。 7.併購目的: 集團組織重組。 8.併購後預計產生之效益: 股份轉換完成後，絡達科技成爲Airoha (Cayman) 100%持股之子公司， 增加集團組織彈性。 9.併購對每股淨值及每股盈餘之影響: 本案係子公司間股份轉換，對母公司聯發科技每股淨值及每股盈餘無重大影響。 10.換股比例及其計算依據: 本次股份轉換之換股比例為絡達科技1股轉換為Airoha (Cayman) 1.0383股， 即Airoha (Cayman)發行63,433,967股，取得絡達科技61,092,908股。 換股比例計算係依據雙方近期財務報表，並參酌業務、經營、淨值等， 並委請會計師就換股比例出具合理性意見書後定之。 11.本次交易會計師、律師或證券承銷商出具非合理性意見:否 12.會計師或律師事務所名稱或證券承銷商公司名稱: 智權國際會計師事務所 13.會計師或律師姓名: 徐坤光 14.會計師或律師開業證書字號: 台財證登(六)字第三七九六號 15.預定完成日程: 股份轉換基準日定為民國 109年2月1日。 若因實際情況有調整股份轉換基準日之必要， 授權絡達科技及Airoha (Cayman)董事長決定之。 16.既存或新設公司承受消滅(或分割)公司權利義務相關事項(註二): Airoha (Cayman)擬發行63,433,967股予旭思， 取得旭思所持有絡達科技61,092,908股之股份。 於前述股份轉換完成後，絡達科技將成爲Airoha (Cayman) 100%持股之子公司。 17.參與合併公司之基本資料(註三): (1)絡達科技為旭思百分之百持有之子公司，其產品主要包括手機功率放大器(PA)、 射頻開關(T/R Switch)、低雜訊功率放大器(LNA)、數位電視與機頂盒衛星(DVB-S/S2) 調諧器、WiFi射頻收發器和藍牙系統單晶片。 (2)Airoha (Cayman)亦為旭思百分之百持有之子公司，",https://mops.twse.com.tw/mops/#/web/t05st01,e665704cb6d7aa436b13863f0800aa06b72e4e8924f7a385017dd5969aaff136,0
2454,108,10,108/10/25,17:38:06,2019-10-25 17:38:06,"代子公司翔發投資(股)公司公告董事同意通過與擎發通訊科技
(股)公司及鼎睿通訊科技(股)公司合併案",capital_change,,,,,,False,True,False,False,1.併購種類(如合併、分割、收購或股份受讓): 合併 2.事實發生日:108/10/25 3.參與併購公司名稱(如合併另一方公司、分割新設公司、收購或受讓股份標的公司之 名稱: 翔發投資(股)公司 (存續公司) 4.交易相對人(如合併另一方公司、分割讓與他公司、收購或受讓股份之交易對象): 擎發通訊科技(股)公司 (消滅公司) 鼎睿通訊科技(股)公司 (消滅公司) 5.交易相對人為關係人:是 6.交易相對人與公司之關係(本公司轉投資持股達XX%之被投資公司)，並說明選定 收購、受讓他公司股份之對象為關係企業或關係人之原因及是否不影響股東權益: 擎發通訊科技(股)公司及鼎睿通訊科技(股)公司皆為翔發投資(股)公司持股100% 之子公司，三方依企業購併法第19條進行簡易合併，係為同集團組織重整， 無涉換股比例約定或配發股東現金或其他財產之行為，故對股東權益無影響。 7.併購目的: 集團內組織調整 8.併購後預計產生之效益: 簡化組織架構，整合集團資源。 9.併購對每股淨值及每股盈餘之影響: 對聯發科技合併每股淨值及合併每股盈餘無影響 10.換股比例及其計算依據: 不適用。 11.本次交易會計師、律師或證券承銷商出具非合理性意見:不適用 12.會計師或律師事務所名稱或證券承銷商公司名稱: 不適用 13.會計師或律師姓名: 不適用 14.會計師或律師開業證書字號: 不適用 15.預定完成日程: 合併基準日為民國108年12月1日 16.既存或新設公司承受消滅(或分割)公司權利義務相關事項(註二): 擎發通訊科技(股)公司及鼎睿通訊科技(股)公司之資產、負債於合併基準日 仍有效之一切權利及義務，均由翔發投資(股)公司概括承受。 17.參與合併公司之基本資料(註三): 翔發投資(股)公司之營業項目為一般投資業 擎發通訊科技(股)公司及鼎睿通訊科技(股)公司之營業項目為半導體相關產品之研發 18.分割之相關事項(含預定讓與既存公司或新設公司之營業、資產之評價價值；被 分割公司或其股東所取得股份之總數、種類及數量；被分割公司資本減少時，其資 本減少有關事項)(註：若非分割公告時，則不適用): 不適用 19.併購股份未來移轉之條件及限制: 無 20.其他重要約定事項: 無 21.本次交易，董事有無異議:否 22.併購交易中涉及利害關係董事資訊(自然人董事姓名或法人董事名稱 暨其代表人姓名、其自身或其代表之法人有利害關係之重要內容、其應迴避或 不迴避理由、迴避情形、贊成或反對併購決議之理由): 無 23.其他敘明事項: 無 註二、既存或新設公司承受消滅公司權利義務相關事項，包括庫藏股及已發行具有股權性質有 價證券之處理原則。 註三：參與合併公司之基本資料包括公司名稱及所營業務 之主要內容。,https://mops.twse.com.tw/mops/#/web/t05st01,372cd8d2ca5565adc4098864e35d55a107aa69ec9d38d9323473455e74eb3383,0
2454,108,10,108/10/25,17:39:05,2019-10-25 17:39:05,"代子公司擎發通訊科技(股)公司及鼎睿通訊科技(股)公司
簡易合併案債權人公告",capital_change,,,,,,False,True,False,False,1.事實發生日:108/10/25 2.公司名稱:擎發通訊科技(股)公司及鼎睿通訊科技(股)公司 3.與公司關係(請輸入本公司或子公司):子公司 4.相互持股比例:100% 5.發生緣由: 一、擎發通訊科技(股)公司及鼎睿通訊科技(股)公司於一○八年十月二十五日召開 董事會決議通過與100%持有之母公司翔發投資(股)公司合併案， 合併後以翔發投資(股)公司為存續公司，擎發通訊科技(股)公司 及鼎睿通訊科技(股)公司為消滅公司，合併後存續公司之中文 名稱為「翔發投資(股)公司」。自合併基準日(預定為一○八年 十二月一日)起，二消滅公司所有資產負債及一切權利義務均 由翔發投資(股)公司概括承受。 二、本通知依公司法第319條準用第73條規定及企業併購法第19條規定辦理， 擎發通訊科技(股)公司及鼎睿通訊科技(股)公司債權人對上開合併決議有異議者， 請於公告日起三十一日內，檢附債權證明文件，以書面方式親交或郵寄 (以郵戳日為憑)向擎發通訊科技(股)公司及鼎睿通訊科技(股)公司提出， 逾期視為無異議。 6.因應措施:另採報紙公告及各債權人發函通知。 7.其他應敘明事項:無 ,https://mops.twse.com.tw/mops/#/web/t05st01,daeafd34d1a546027062c442af0318b412f9500ebb2be04ddb7dd832a5df3304,0
2454,108,10,108/10/30,18:24:02,2019-10-30 18:24:02,本公司2019年第3季合併財務報告,capital_change,,,,,,False,True,False,False,1.事實發生日:108/10/30 2.公司名稱:聯發科技股份有限公司 3.與公司關係(請輸入本公司或子公司):本公司 4.相互持股比例:不適用 5.發生緣由: 聯發科技公佈2019年第3季合併財務報告 本季合併營收為新台幣672億2仟4佰萬元，較前季增加9.2%，較去年同期增加0.3% 本季合併毛利率為42.1%，較前季增加0.2個百分點，較去年同期增加3.6個百分點 本季合併營業利益為新台幣70億2仟9佰萬元，較前季增加14.4%，較去年同期 增加11.4% 本季合併本期淨利為新台幣69億2佰萬元，每股盈餘為新台幣4.38元 合併營業收入 本公司2019年9月30日結算之第3季營業收入淨額為新台幣672億2仟4佰萬元，較 前季增加9.2%，較去年同期增加0.3%。本季營收較前季增加，主要因智慧型手機 新產品放量及消費性電子季節性需求回升。 合併營業毛利與毛利率 本季營業毛利為新台幣282億9仟萬元，較前季增加9.7%，較去年同期增加9.5%。 毛利率為42.1%，較前季增加0.2個百分點，較去年同期增加3.6個百分點。本季 毛利率較前季及去年同期增加，主要因有利的產品組合。 合併本期淨利、合併本期淨利率與每股盈餘 本季本期淨利為新台幣69億2佰萬元，較前一季增加6.1%，較去年同期增加2.5%。 本季本期淨利率為10.3%，低於前一季之10.6%，高於去年同期之10.0%。每股盈 餘為新台幣4.38元，前一季每股盈餘為新台幣4.11元，去年同期則為新台幣4.30元。 本季本期淨利與每股盈餘較前季增加，主要因本季營收及毛利較前季增加。本期 淨利率較前季略低，主要因前季有ㄧ次性的業外處分利益。本季本期淨利、本期 淨利率與每股盈餘較去年同期增加，主要因本季毛利提升。 2019年第四季營運展望 合併營收: 約新台幣 618 億 ~ 672 億元 (假設2019-Q4美元兌台幣平均匯率為1：30.6) 合併毛利率: 42% ± 1.5% 合併營業費用率: 32.5% ± 2% 6.因應措施:不適用 7.其他應敘明事項:無 ,https://mops.twse.com.tw/mops/#/web/t05st01,e39987ce08e8fc4e86dc946ab675a9f7e0009c811668b602d6a2d04e697a0de8,0
2454,108,10,108/10/30,18:27:51,2019-10-30 18:27:51,民國108年度第四季簡式合併財務預測公告,capital_change,,,,,,False,False,False,False,1.財務預測年度：108 2.財務預測型態：簡式 3.董事會決議日期：1081030 4.財務預測編制、更正或更新日期：108/10/28 5.財務預測編製原因： 自願公開 6.其他應敘明事項： 無 本資料係屬預測性質，將來未必能完全達成，詳細內容應再參考 '重要會計政策及基本假設彙總',https://mops.twse.com.tw/mops/#/web/t05st01,1adeb40edcb3ccae80832ed626c9618619ce98ef974f24e65201a17897a25ac5,0
2454,108,10,108/10/30,18:29:31,2019-10-30 18:29:31,公告本公司董事會決議辦理限制員工權利新股收回註銷減資事宜,capital_change,,,,2019-10-30,,False,True,False,False,"1.董事會決議日期:108/10/30 2.減資緣由:因原獲配限制員工權利新股之員工未達既得條件，將收回之限制員工權利 新股辦理註銷減資。 3.減資金額:新台幣2,183,250元 4.消除股份:218,325股 5.減資比率:0.0137% 6.減資後股本:新台幣15,894,728,770元 7.預定股東會日期:不適用 8.預計減資新股上市後之上市普通股股數:1,589,472,877股 9.預計減資新股上市後之上市普通股股數占已發行普通股比率 （減資後上市普通股股數/減資後已發行普通股股數）:不適用 10.前二項預計減資後上巿普通股股數未達6000萬股且未達25%者， 請說明股權流通性偏低之因應措施:不適用 11.其他應敘明事項:訂定減資基準日為108/10/30 ",https://mops.twse.com.tw/mops/#/web/t05st01,981b019035ca18518360fdcc47bdf6f55167115a3b121bcaa4fd835fa59fadae,0
2454,115,03,115/03/10,16:55:37,2026-03-10 16:55:37,聯發科技115年2月份自結合併營收淨額公告,capital_change,,,,,,False,True,False,False,1.事實發生日:115/03/10 2.公司名稱:聯發科技股份有限公司 3.與公司關係(請輸入本公司或子公司):本公司 4.相互持股比例:不適用 5.發生緣由: 聯發科技一百一十五年二月份自結合併營收淨額為新台幣389億5仟4佰萬元， 較前月合併營收淨額新台幣469億7仟7佰萬元減少17.08%。 6.因應措施:無 7.其他應敘明事項(若事件發生或決議之主體係屬公開發行以上公司，本則重大訊息同時 符合證券交易法施行細則第7條第9款所定對股東權益或證券價格有重大影響之事項):無 ,https://mops.twse.com.tw/mops/#/web/t05st01,19cdb1ea066bb2cf6d3ad4d75a537649b3f1399cb8c44d80cc15790d0004d4f9,0
2454,115,04,115/04/10,16:55:44,2026-04-10 16:55:44,聯發科技115年3月份自結合併營收淨額公告,capital_change,,,,,,False,True,False,False,1.事實發生日:115/04/10 2.公司名稱:聯發科技股份有限公司 3.與公司關係(請輸入本公司或子公司):本公司 4.相互持股比例:不適用 5.發生緣由: 聯發科技一百一十五年三月份自結合併營收淨額為新台幣632億1仟9佰萬元， 較前月合併營收淨額新台幣389億5仟4佰萬元增加62.29%。 6.因應措施:無 7.其他應敘明事項(若事件發生或決議之主體係屬公開發行以上公司，本則重大訊息同時 符合證券交易法施行細則第7條第9款所定對股東權益或證券價格有重大影響之事項):無 ,https://mops.twse.com.tw/mops/#/web/t05st01,1620dcd4dc265603f73ff0becdf46522b6cce3abcda9e940c9bf6bd2264b4d21,0
2454,115,04,115/04/17,17:22:22,2026-04-17 17:22:22,代重要子公司聯發資本股份有限公司公告董事會決議分派股利,distribution,,,,,,False,True,False,False,"1.董事會決議日期:115/04/17 2.發放股利種類及金額:股票股利新台幣803,781,190元 3.其他應敘明事項:無 ",https://mops.twse.com.tw/mops/#/web/t05st01,effe1046892cbc5febfd475a69031ab02fa110d7ff47ec22ee76cedf074ad186,0
2454,115,04,115/04/20,17:29:32,2026-04-20 17:29:32,代重要子公司聯發資本股份有限公司公告114年度除權基準日,distribution,,,,,,False,True,False,False,"1.董事會、股東會決議或公司決定日期:115/04/20 2.除權、息類別（請填入「除權」、「除息」或「除權息」）:除權 3.發放股利種類及金額:盈餘分配普通股股票股利新台幣803,781,190元 4.除權（息）交易日:NA 5.最後過戶日:115/04/14 6.停止過戶起始日期:115/04/15 7.停止過戶截止日期:115/04/20 8.除權（息）基準日:115/04/20 9.其他應敘明事項:無 ",https://mops.twse.com.tw/mops/#/web/t05st01,6d26c99c2d5be99ae1bd71e39e1c212280259905976e11d3edc2d270b446db5c,0
2454,115,04,115/04/21,17:32:05,2026-04-21 17:32:05,"公告本公司115年第1季合併財務報告董事會預計召開日期為
115年04月30日",capital_change,,,,,,False,False,False,False,1.董事會召集通知日:115/04/21 2.董事會預計召開日期:115/04/30 3.預計提報董事會或經董事會決議之財務報告或 年度自結財務資訊年季:115年第1季合併財務報告 4.其他應敘明事項:無 ,https://mops.twse.com.tw/mops/#/web/t05st01,e3c00b6af15da9d31dce2f9fdaab91ea9ab7491dc0dd3f15fa7b54a22d70edc9,0
2454,115,04,115/04/30,17:58:34,2026-04-30 17:58:34,公告本公司115年第1季合併財務報告業經董事會決議通過,capital_change,,,,,,False,False,False,False,"1.提報董事會或經董事會決議日期:115/04/30 2.審計委員會通過日期:115/04/29 3.財務報告或年度自結財務資訊報導期間 起訖日期(XXX/XX/XX~XXX/XX/XX):115/01/01~115/03/31 4.1月1日累計至本期止營業收入(仟元):149,150,510 5.1月1日累計至本期止營業毛利(毛損) (仟元):69,055,353 6.1月1日累計至本期止營業利益(損失) (仟元):22,890,845 7.1月1日累計至本期止稅前淨利(淨損) (仟元):27,019,390 8.1月1日累計至本期止本期淨利(淨損) (仟元):24,376,384 9.1月1日累計至本期止歸屬於母公司業主淨利(損) (仟元):24,153,980 10.1月1日累計至本期止基本每股盈餘(損失) (元):15.17 11.期末總資產(仟元):738,776,057 12.期末總負債(仟元):340,329,102 13.期末歸屬於母公司業主之權益(仟元):390,280,147 14.其他應敘明事項:無 ",https://mops.twse.com.tw/mops/#/web/t05st01,692fffd17c955d8ea6e92d353e5f53913274ebdcfd077f0c51c998166a0bf2ec,0
2454,115,04,115/04/30,17:59:19,2026-04-30 17:59:19,公告本公司董事會決議辦理限制員工權利新股收回註銷減資事宜,capital_change,,,,2026-04-30,,False,True,False,False,"1.董事會決議日期:115/04/30 2.減資緣由:因原獲配限制員工權利新股之員工未達既得條件，將收回之限制員工權利 新股辦理註銷減資。 3.減資金額:新台幣88,830元 4.消除股份:8,883股 5.減資比率:0.001% 6.減資後股本:新台幣16,038,954,070元 7.預定股東會日期:不適用 8.預計減資新股上市後之上市普通股股數:1,603,895,407股 9.預計減資新股上市後之上市普通股股數占已發行普通股比率 （減資後上市普通股股數/減資後已發行普通股股數）:不適用 10.前二項預計減資後上巿普通股股數未達6000萬股且未達25%者， 請說明股權流通性偏低之因應措施:不適用 11.減資基準日:115/04/30 12.其他應敘明事項:無 ",https://mops.twse.com.tw/mops/#/web/t05st01,dc2d47bf22c5841975817f2c9e8f5ee5cd0b34c6717d54fec44f815c81669cac,0
2454,115,04,115/04/30,18:00:13,2026-04-30 18:00:13,本公司2026年第1季合併財務報告,capital_change,,,,,,False,True,False,False,"1.事實發生日:115/04/30 2.公司名稱:聯發科技股份有限公司 3.與公司關係(請輸入本公司或子公司):本公司 4.相互持股比例:不適用 5.發生緣由: 聯發科技公佈2026年第一季合併財務報告 本季合併營收為新台幣1,491億5仟1佰萬元，較前季減少0.7%，較去年同期減少2.7% 本季合併毛利率為46.3%，較前季增加0.2個百分點，較去年同期減少1.8個百分點 本季合併營業利益為新台幣228億9仟1佰萬元，較前季增加4.8%，較去年同期減少23.8% 本季合併本期淨利為新台幣243億7仟6佰萬元，較前季增加5.6%，較去年同期減少17.4% ；每股盈餘為新台幣15.17元 合併營業收入 本公司2026年3月31日結算之第一季營業收入淨額為新台幣1,491億5仟1佰萬元，較前 季減少0.7%，較去年同期減少2.7%。本季營業收入較前季及去年同期減少，主要因手 機營收下滑抵銷智慧裝置平台營收成長。 合併營業毛利與毛利率 本季營業毛利為新台幣690億5仟5佰萬元，較前季減少0.3%，較去年同期減少6.4%。 毛利率為46.3%，較前季增加0.2個百分點，較去年同期減少1.8個百分點。本季毛 利率較前季增加，主要因產品組合變化。本季毛利率較去年同期減少，主要反應部 分產品的毛利率變動。 合併本期淨利、合併本期淨利率與每股盈餘 本季本期淨利為新台幣243億7仟6佰萬元，較前一季增加5.6%，較去年同期減少17.4%。 本季本期淨利率為16.3%，高於前一季之15.4%，低於去年同期之19.3%。每股盈餘為 新台幣15.17元，高於前一季之新台幣14.39元，低於去年同期之新台幣18.43元。 本季本期淨利、本期淨利率與每股盈餘較前季增加，主要因本季營業費用較低。 本季本期淨利、本期淨利率與每股盈餘較去年同期減少，主要因本季營業毛利較低。 2026年第二季營運展望 合併營收: 約新台幣 1,402 億 ~ 1,492 億元 (假設2026-Q2美元兌台幣平均匯率為1：31.5) 合併毛利率: 46% ± 1.5% 合併營業費用率: 31% ± 2% 6.因應措施:不適用 7.其他應敘明事項(若事件發生或決議之主體係屬公開發行以上公司，本則重大訊息同時 符合證券交易法施行細則第7條第9款所定對股東權益或證券價格有重大影響之事項):無 ",https://mops.twse.com.tw/mops/#/web/t05st01,b9ec91fcc3fc2c69bedb5dd27e37b095e1472ef130be16e93249173eed29704b,0
2454,115,04,115/04/30,18:02:02,2026-04-30 18:02:02,民國115年度第二季簡式合併財務預測公告,capital_change,,,,,,False,False,False,False,1.財務預測年度：115 2.財務預測型態：簡式 3.董事會決議日期：115/04/30 4.財務預測編製、更正或更新日期：115/04/28 5.財務預測編製原因： 自願公開 6.其他應敘明事項： 無 本資料係屬預測性質，將來未必能完全達成，詳細內容應再參考 '重要會計政策及基本假設彙總',https://mops.twse.com.tw/mops/#/web/t05st01,58cf570ed250707f6357651df9d672753db7423cd03b19000ef52a6b5c44b713,0
2454,115,05,115/05/04,17:22:27,2026-05-04 17:22:27,代重要子公司翔發投資股份有限公司公告董事會決議分派股利,distribution,,,,,,False,True,False,False,"1.董事會決議日期:115/05/04 2.發放股利種類及金額:現金股利新台幣684,373,455元 3.其他應敘明事項:無 ",https://mops.twse.com.tw/mops/#/web/t05st01,fe1dd18b30b7fcdc86d8ebb42ddbae24a5f80c05f9377316b463b3b3097197b3,0
2454,115,05,115/05/08,16:55:50,2026-05-08 16:55:50,聯發科技115年4月份自結合併營收淨額公告,capital_change,,,,,,False,True,False,False,1.事實發生日:115/05/08 2.公司名稱:聯發科技股份有限公司 3.與公司關係(請輸入本公司或子公司):本公司 4.相互持股比例:不適用 5.發生緣由: 聯發科技一百一十五年四月份自結合併營收淨額為新台幣467億3仟7佰萬元， 較前月合併營收淨額新台幣632億1仟9佰萬元減少26.07%。 6.因應措施:無 7.其他應敘明事項(若事件發生或決議之主體係屬公開發行以上公司，本則重大訊息同時 符合證券交易法施行細則第7條第9款所定對股東權益或證券價格有重大影響之事項):無 ,https://mops.twse.com.tw/mops/#/web/t05st01,919b86507df1328da650dc284ce1c3088ea32c0702a30ebc1fc65deecfddb0ed,0
2454,115,05,115/05/08,17:26:54,2026-05-08 17:26:54,代重要子公司翔發投資股份有限公司公告114年度除息基準日,distribution,,,,,,False,True,False,False,"1.董事會、股東會決議或公司決定日期:115/05/08 2.除權、息類別（請填入「除權」、「除息」或「除權息」）:除息 3.發放股利種類及金額:盈餘分配普通股現金股利新台幣684,373,455元 4.除權（息）交易日:NA 5.最後過戶日:115/05/04 6.停止過戶起始日期:115/05/05 7.停止過戶截止日期:115/05/08 8.除權（息）基準日:115/05/08 9.其他應敘明事項:無 ",https://mops.twse.com.tw/mops/#/web/t05st01,da9eec44a77beb737535e1f1fc699814c4297cbd5133f3bfc55b9bc38d707f5a,0
2454,115,05,115/05/29,17:12:29,2026-05-29 17:12:29,"代重要子公司翔發投資(股)公司公告與聚星電子(股)公司
之簡易合併案",capital_change,,,,,,False,True,False,False,1.併購種類(如合併、分割、收購或股份受讓): 合併 2.事實發生日:115/5/29 3.參與併購公司名稱(如合併另一方公司、分割新設公司、收購或受讓股份標的公司之 名稱: 翔發投資(股)公司 (存續公司)‎ 4.交易相對人(如合併另一方公司、分割讓與他公司、收購或受讓股份之交易對象): 聚星電子(股)公司 (消滅公司)‎ 5.交易相對人為關係人:是 6.交易相對人與公司之關係(本公司轉投資持股達XX%之被投資公司)，並說明選定 收購、受讓他公司股份之對象為關係企業或關係人之原因及是否不影響股東權益: 翔發投資(股)公司及聚星電子(股)公司皆為本公司間接持股100%之子公司， 依企業併購‎法第19條進行簡易合併，係為集團內部組織架構調整，無涉及換 股比例、亦無配發股東現金或其他財產之情事，故對股東權益無影響。‎ 7.併購目的及條件，包括併購理由、對價條件及支付時點(註七): 集團內組織優化及調整，以吸收合併方式進行合併。‎ 8.併購後預計產生之效益: 簡化組織架構，整合集團資源。‎ 9.併購對每股淨值及每股盈餘之影響: 對聯發科技合併每股淨值及合併每股盈餘無影響。‎ 10.併購之對價種類及資金來源: 不適用。‎ 11.換股比例及其計算依據: 不適用。‎ 12.本次交易會計師、律師或證券承銷商出具非合理性意見:不適用 13.會計師或律師事務所名稱或證券承銷商公司名稱: 不適用。‎ 14.會計師或律師姓名: 不適用。‎ 15.會計師或律師開業證書字號: 不適用。‎ 16.獨立專家就本次併購換股比例、配發股東之現金或其他財產之合理性意見書內容 (一、包含公開收購價格訂定所採用之方法、原則或計算方式及與國際慣用之市價法 、成本法及現金流量折現法之比較。二、被收購公司與已上市櫃同業之財務狀況 、獲利情形及本益比之比較情形。三、公開收購價格若參考鑑價機構之鑑價報告者 ，應說明該鑑價報告內容及結論。四、收購人融資償還計畫若係以被收購公司或合 併後存續公司之資產或股份為擔保者，應說明對被收購公司或合併後存續公司財務 業務健全性之影響評估)(註七): 不適用。‎ 17.預定完成日程(註七): 合併基準日暫定為民國115年6月30日。‎ 18.既存或新設公司承受消滅(或分割)公司權利義務相關事項(註二): 聚星電子(股)公司之資產、負債及於合併基準日仍有效之一切權利及義務， 於合併基準日均由翔發投資(股)公司概括承受。‎ 19.參與合併公司之基本資料(註三): 翔發投資(股)公司之主要營業項目為一般投資業； 聚星電子(股)公司之主要營業項目為技術服務。‎ 20.分割之相關事項(含預定讓與既存公司或新設公司之營業、資產之評價價值；被 分割公司或其股東所取得股份之總數、種類及數量；被分割公司資本減少時，其資 本減少有關事項)(註：若非分割公告時，則不適用): 不適用。‎ 21.併,https://mops.twse.com.tw/mops/#/web/t05st01,5cd57292465f8c462f24bdce0aea761b3f29b199ef5559b122c1b85b828b58b3,0
2454,115,05,115/05/29,17:13:17,2026-05-29 17:13:17,"代重要子公司翔發投資(股)公司及聚星電子(股)公司
簡易合併案向債權人公告",capital_change,,,,,,False,True,False,False,1.事實發生日:115/05/29 2.公司名稱:翔發投資(股)公司及聚星電子(股)公司 3.與公司關係(請輸入本公司或子公司):子公司 4.相互持股比例:100% 5.發生緣由: 一、翔發投資(股)公司與聚星電子(股)公司於民國115年5月29日， 各經其董事依法同意合併，並以翔發投資(股)公司為存續公司， 聚星電子(股)公司為消滅公司(下稱「本合併案」)，合併基準日暫定為115年6月30日。 二、聚星電子(股)公司之帳列資產、負債及截至合併基準日仍為有效之一切權利義務， 均由翔發投資(股)公司概括承受。 三、謹依公司法第319條準用第73條規定及企業併購法第23條規定辦理， 如債權人對本合併案有異議者，請於公告日起31日內，檢附債權證明文件， 以書面方式掛號郵寄 (以郵戳日為憑)向翔發投資(股)公司及聚星電子(股)公司提出， 逾期即視為無異議。 6.因應措施:另採報紙公告。 7.其他應敘明事項(若事件發生或決議之主體係屬公開發行以上公司，本則重大訊息同時 符合證券交易法施行細則第7條第9款所定對股東權益或證券價格有重大影響之事項):無 ,https://mops.twse.com.tw/mops/#/web/t05st01,f514cc6b9d2506c5c50cbb508189df8b77a17636f39e66fd1caabcb9307adf24,0
2454,115,06,115/06/05,17:12:07,2026-06-05 17:12:07,"代重要子公司MEDIATEK SINGAPORE PTE. LTD.
公告董事會決議股利分派",distribution,,,,,,False,True,False,False,"1.董事會決議日期:115/06/05 2.發放股利種類及金額: 發放現金股利USD600,000,000元 3.其他應敘明事項: 本公司持有MEDIATEK SINGAPORE PTE. LTD. 100%之股權 ",https://mops.twse.com.tw/mops/#/web/t05st01,f26b9b8e0fb700bee13a270586b10949f8d5eda7c113cd3c70e9ef5720bff22a,0
2454,115,06,115/06/10,16:55:44,2026-06-10 16:55:44,聯發科技115年5月份自結合併營收淨額公告,capital_change,,,,,,False,True,False,False,1.事實發生日:115/06/10 2.公司名稱:聯發科技股份有限公司 3.與公司關係(請輸入本公司或子公司):本公司 4.相互持股比例:不適用 5.發生緣由: 聯發科技一百一十五年五月份自結合併營收淨額為新台幣474億3仟4佰萬元， 較前月合併營收淨額新台幣467億3仟7佰萬元增加1.49%。 6.因應措施:無 7.其他應敘明事項(若事件發生或決議之主體係屬公開發行以上公司，本則重大訊息同時 符合證券交易法施行細則第7條第9款所定對股東權益或證券價格有重大影響之事項):無 ,https://mops.twse.com.tw/mops/#/web/t05st01,0d7b5c472c3786a5191a54c04c2a7d228f0abc0c9d7b41ade5aa0c3351275930,0
2454,115,06,115/06/12,17:08:56,2026-06-12 17:08:56,"代重要子公司旭展(香港)投資有限公司
公告董事會決議發放股利",distribution,,,,,,False,True,False,False,"1.董事會決議日期:115/06/12 2.發放股利種類及金額: 發放現金股利美金25,000,000元 3.其他應敘明事項: 本公司持有旭展(香港)投資有限公司100%之股權 ",https://mops.twse.com.tw/mops/#/web/t05st01,fa6de45e4bcd00c8e88f3bcd0d81fa7871f94d40b11ee0d709f02f92c70e3809,0
2454,115,06,115/06/23,16:03:40,2026-06-23 16:03:40,公告本公司調整配息率,distribution,24.5,,,,,False,True,False,False,"1.董事會或股東會決議日期:115/06/23 2.原發放股利種類及金額: 盈餘分派現金股利新台幣39,295,655,105元，每股配發新台幣24.5元 3.變更後發放股利種類及金額: 盈餘分派現金股利新台幣39,295,655,105元，每股配發新台幣24.50021529元 4.變更原因:因本公司收回限制員工權利新股，致影響流通在外股數，董事會 授權董事長調整配息率。 5.其他應敘明事項:無 ",https://mops.twse.com.tw/mops/#/web/t05st01,ebdf3f1a28ea94e629fb97da59b81c89b1b057cd0c4895022a6655fd70d638ce,0
2474,106,05,106/05/05,15:46:52,2017-05-05 15:46:52,本公司及子公司106年度第一季合併營收暨獲利概況,capital_change,,,,,,False,True,False,False,"1.事實發生日:106/05/05 2.公司名稱:可成科技股份有限公司 3.與公司關係(請輸入本公司或子公司):本公司 4.相互持股比例:不適用 5.發生緣由:不適用 6.因應措施: . 簡明合併綜合損益表 單位:新台幣仟元 . 106年1月1日至3月31日 . --------------------- 會計科目 金 額 百分比 營收淨額 14,579,685 100% 營業毛利 7,136,794 49% 營業淨利 5,351,624 37% 稅前淨利 3,084,652 21% 稅後純益(歸屬本公司) 2,090,405 15% 稅後基本每股盈餘(元) 2.71 7.其他應敘明事項:基本每股盈餘係依本公司106年第一季止加權平均流通在外 股數770,391仟股計算。 ",https://mops.twse.com.tw/mops/#/web/t05st01,0dc7a4daedd2cd223dcfccaa391c28ffb17ffe620f8ae8e93a9c84e095d84a5b,0
2474,106,05,106/05/05,16:21:26,2017-05-05 16:21:26,董事會決議股利分派,capital_change,,,,,,False,False,False,False,"1. 董事會決議日期：106/05/05 2. 股東配發內容： (1)盈餘分配之現金股利(元/股)：10.00000000 (2)法定盈餘公積、資本公積發放之現金(元/股)：0 (3)股東配發之現金(股利)總金額(元)：7,703,910,690 (4)盈餘轉增資配股(元/股)：0 (5)法定盈餘公積、資本公積轉增資配股(元/股)：0 (6)股東配股總股數(股)：0 3. 其他應敘明事項： 無 4. 普通股每股面額欄位：新台幣 10.0000元",https://mops.twse.com.tw/mops/#/web/t05st01,6eac079497cc89f98862398b35b71dc24b19ef575e850611588f411dfb2abdd8,0
2474,106,07,106/07/12,18:11:34,2017-07-12 18:11:34,"更正本公司105年第二季合併財報、105年第三季合併財報及105年
第四季合併及個體財報附註揭露事項部分內容",capital_change,,,,,,False,True,False,False,1.事實發生日:106/07/12 2.公司名稱:可成科技股份有限公司 3.與公司關係(請輸入本公司或子公司):本公司 4.相互持股比例:不適用 5.發生緣由:更正附註揭露事項之附表九，此更正對各期財務報告之損益 、股東權益總額、淨值及EPS並無影響，亦無損及股東權益。 6.更正資訊項目/報表名稱:105年第二季合併財報、105年第三季合併財 報及105年第四季合併及個體財報 7.更正前金額/內容/頁次:不適用 8.更正後金額/內容/頁次: (1) 105年第二季合併財報：P.2頁碼修正、P39修改文字(新增附表九)、 新增P50.附表九 (2) 105年第三季合併財報：P.2頁碼修正、P38修改文字(新增附表九)、 新增P50.附表九 (3) 105年第四季合併財報：P.2頁碼修正、P61修改文字(新增附表九)、 新增P74.附表九 (4) 105年第四季個體財報：P.2頁碼修正、P59修改文字(新增附表八)、 新增P68.附表八 9.因應措施:發布重大訊息並上傳更正後資料。 10.其他應敘明事項:無 ,https://mops.twse.com.tw/mops/#/web/t05st01,ce904de781da425bd8f3f443f5838e3559cb1beef296471322375df4065c8053,0
2474,107,03,107/03/05,17:30:28,2018-03-05 17:30:28,本公司106年度合併及個體營收暨獲利概況。,capital_change,,,,,,False,True,False,False,"1.事實發生日:107/03/05 2.公司名稱:可成科技股份有限公司。 3.與公司關係(請輸入本公司或子公司):本公司。 4.相互持股比例:不適用。 5.發生緣由:本公司106年合併及個體營收暨獲利概況 (係會計師查核數並經董事會通過之財務資訊)。 6.因應措施: . 簡明合併綜合損益表 簡明個體綜合損益表 單位:新台幣仟元 . 106年1月1日至12月31日 106年1月1日至12月31日 . --------------------- --------------------- 會計科目 金 額 百分比 金 額 百分比 營收淨額 93,295,960 100% 65,607,147 100% 營業毛利 41,969,517 45% 7,591,901 11% 營業淨利 33,433,242 36% 6,742,308 10% 稅前淨利 32,745,218 35% 25,249,968 38% 稅後純益 21,843,250 23% 21,843,250 33% 稅後基本每股盈餘(元) 28.35 28.35 7.其他應敘明事項: (1)本公司106年度合併及個體報表之外幣兌換損失分別為新台幣5,832,245仟元及 新台幣3,514,539仟元。 (2)基本每股盈餘係依本公司106年度止加權平均流通在外股數770,391仟股計算。 ",https://mops.twse.com.tw/mops/#/web/t05st01,f3d72ae5ab2e632b910794bc2f651360ae28f9d5952559cec6e358b7ce1bfe5d,0
2474,107,03,107/03/05,18:16:19,2018-03-05 18:16:19,董事會決議股利分派,capital_change,,,,,,False,False,False,False,"1. 董事會決議日期：107/03/05 2. 股東配發內容： (1)盈餘分配之現金股利(元/股)：12.00000000 (2)法定盈餘公積、資本公積發放之現金(元/股)：0 (3)股東配發之現金(股利)總金額(元)：9,244,692,828 (4)盈餘轉增資配股(元/股)：0 (5)法定盈餘公積、資本公積轉增資配股(元/股)：0 (6)股東配股總股數(股)：0 3. 其他應敘明事項： 無 4. 普通股每股面額欄位：新台幣 10.0000元",https://mops.twse.com.tw/mops/#/web/t05st01,40f7c4d63c74526ca75ef4785f1abd8fdd2a9049b6ef1a7cb19a1e4d91d293fc,0
2474,108,04,108/04/29,17:44:29,2019-04-29 17:44:29,本公司及子公司108年度第一季合併營收暨獲利概況,capital_change,,,,,,False,True,False,False,"1.事實發生日:108/04/29 2.公司名稱:可成科技股份有限公司。 3.與公司關係(請輸入本公司或子公司):本公司。 4.相互持股比例:不適用。 5.發生緣由:本公司及子公司108年第一季合併營收暨獲利概況 (係會計師核閱數並經董事會通過之財務資訊)。 6.因應措施: . 簡明合併綜合損益表 單位:新台幣仟元 . 108年1月1日至3月31日 . --------------------- 會計科目 金 額 百分比 營收淨額 15,804,300 100% 營業毛利 4,007,022 25% 營業淨利 2,431,886 15% 營業外收支 652,074 5% 稅前淨利 3,083,960 20% 稅後純益 1,696,396 11% 稅後基本每股盈餘(元) 2.20 7.其他應敘明事項: (1)本公司及子公司108年度第一季合併報表之外幣兌換損失為新台幣374,404仟元， (2)基本每股盈餘係依本公司108年度第一季止加權平均流通在外股數770,391仟股計算。 ",https://mops.twse.com.tw/mops/#/web/t05st01,01fde21df3f2fd50d162610298a0b61e2ebc0bdee837b2fce1a90551bf09668d,0
2474,108,08,108/08/09,16:05:29,2019-08-09 16:05:29,公告本公司董事會決議配息基準日相關事宜,distribution,,2019-09-16,,,,False,False,False,False,"1.董事會、股東會決議或公司決定日期:108/08/09 2.除權、息類別（請填入「除權」、「除息」或「除權息」）:除息 3.發放股利種類及金額:普通股現金股利NT$9,244,692,828元 4.除權（息）交易日:108/09/16 5.最後過戶日:108/09/17 6.停止過戶起始日期:108/09/18 7.停止過戶截止日期:108/09/22 8.除權（息）基準日:108/09/22 9.其他應敘明事項: (1)如因本公司辦理現金增資或其他因素，而使流通在外股數發生變動， 致股東配息比例發生變動時，在上述配息總金額之範圍內由董事會授權 董事長全權處理之。 (2)現金股利發放日:108/10/16 ",https://mops.twse.com.tw/mops/#/web/t05st01,484e8a7e6d0bf1033ecc69f769bb04d980f55677079a39cdce94eb628d9fe8a1,0
2474,108,08,108/08/09,17:31:29,2019-08-09 17:31:29,本公司及子公司108年度第二季合併營收暨獲利概況,capital_change,,,,,,False,True,False,False,"1.事實發生日:108/08/09 2.公司名稱:可成科技股份有限公司。 3.與公司關係(請輸入本公司或子公司):本公司。 4.相互持股比例:不適用。 5.發生緣由:本公司及子公司108年第二季合併營收暨獲利概況 (係會計師核閱數並經董事會通過之財務資訊)。 6.因應措施: . 簡明合併綜合損益表 簡明合併綜合損益表 單位:新台幣仟元 . 108年4月1日至6月30日 108年1月1日至6月30日 . --------------------- --------------------- 會計科目 金 額 百分比 金 額 百分比 營收淨額 16,074,640 100% 31,878,940 100% 營業毛利 3,706,495 23% 7,713,517 24% 營業淨利 1,467,828 9% 3,899,714 12% 營業外收支 4,613,974 29% 5,266,048 17% 稅前淨利 6,081,802 38% 9,165,762 29% 稅後純益 2,727,664 17% 4,424,060 14% 稅後基本每股盈餘(元) 3.54 5.74 7.其他應敘明事項: (1)本公司及子公司108年度第二季合併報表之外幣兌換利益為新台幣1,038,573仟元， 108年度1-6月底止合併報表之外幣兌換利益為新台幣 664,169仟元。 (2)基本每股盈餘係依本公司108年度截至第二季止加權平均流通在外股數770,391仟股 計算。 ",https://mops.twse.com.tw/mops/#/web/t05st01,9749d264bee4021c67499b9f7da78e83f3d2b0292eef6d1523b13618d57bc8e8,0
2474,108,11,108/11/09,16:33:49,2019-11-09 16:33:49,本公司及子公司108年度第三季合併營收暨獲利概況,capital_change,,,,,,False,True,False,False,"1.事實發生日:108/11/09 2.公司名稱:可成科技股份有限公司。 3.與公司關係(請輸入本公司或子公司):本公司。 4.相互持股比例:不適用。 5.發生緣由:本公司及子公司108年第三季合併營收暨獲利概況 (係會計師核閱數並經董事會通過之財務資訊)。 6.因應措施: . 簡明合併綜合損益表 簡明合併綜合損益表 單位:新台幣仟元 . 108年7月1日至9月30日 108年1月1日至9月30日 . --------------------- --------------------- 會計科目 金 額 百分比 金 額 百分比 營收淨額 27,816,516 100% 59,695,456 100% 營業毛利 6,435,035 23% 14,148,552 24% 營業淨利 4,465,514 16% 8,365,228 14% 營業外收支 1,472,980 5% 6,739,028 11% 稅前淨利 5,938,494 21% 15,104,256 25% 稅後純益 3,399,130 12% 7,823,190 13% 稅後基本每股盈餘(元) 4.41 10.15 7.其他應敘明事項: (1)本公司及子公司108年度第三季合併報表之外幣兌換利益為新台幣665,613仟元， 108年度1-9月底止合併報表之外幣兌換利益為新台幣1,329,782仟元。 (2)基本每股盈餘係依本公司108年度截至第三季止加權平均流通在外股數770,391仟股 計算。 ",https://mops.twse.com.tw/mops/#/web/t05st01,c86cf34dc780d89b044834877548b5ccc0b395d56bbd05bc384ea6c998313a4f,0
2474,108,11,108/11/09,17:37:10,2019-11-09 17:37:10,董事會決議108年維持年度分派股利，上半年度不分派股利,capital_change,,,,,,False,False,False,False,1. 董事會決議日期：108/11/09 2. 股利所屬年(季)度：108年 上半年 3. 股利所屬期間：108/01/01 至 108/06/30 4. 股東配發內容： (1)盈餘分配之現金股利(元/股)：0 (2)法定盈餘公積、資本公積發放之現金(元/股)：0 (3)股東配發之現金(股利)總金額(元)：0 (4)盈餘轉增資配股(元/股)：0 (5)法定盈餘公積、資本公積轉增資配股(元/股)：0 (6)股東配股總股數(股)：0 5. 其他應敘明事項： 董事會決議108年度股東紅利分配維持年配方式。 6. 普通股每股面額欄位：新台幣 10.0000元,https://mops.twse.com.tw/mops/#/web/t05st01,1a70a8637c002a86c544eabbe68760bfa6c3b7d4abf1dd57dbb5e23b76c5c1b7,0
2486,112,11,112/11/06,14:50:25,2023-11-06 14:50:25,公告本公司112年度第三季合併財務報告。,capital_change,,,,,,False,False,False,False,"1.提報董事會或經董事會決議日期:112/11/06 2.審計委員會通過日期:112/11/06 3.財務報告或年度自結財務資訊報導期間 起訖日期(XXX/XX/XX~XXX/XX/XX):112/01/01~112/09/30 4.1月1日累計至本期止營業收入(仟元):3,626,843.- 5.1月1日累計至本期止營業毛利(毛損) (仟元):518,267.- 6.1月1日累計至本期止營業利益(損失) (仟元):86,651.- 7.1月1日累計至本期止稅前淨利(淨損) (仟元):176,889.- 8.1月1日累計至本期止本期淨利(淨損) (仟元):140,599.- 9.1月1日累計至本期止歸屬於母公司業主淨利(損) (仟元):144,890.- 10.1月1日累計至本期止基本每股盈餘(損失) (元):0.66 11.期末總資產(仟元):8,044,085.- 12.期末總負債(仟元):3,691,278.- 13.期末歸屬於母公司業主之權益(仟元):4,178,546.- 14.其他應敘明事項:無 ",https://mops.twse.com.tw/mops/#/web/t05st01,595e253e63feec55802ece71a95535c6b1e7b61403727b2b130eec39a19b9c53,0
2603,111,02,111/02/22,17:51:49,2022-02-22 17:51:49,代本公司之子公司青標海運公告董事會決議發放股利,distribution,,,,,,False,True,False,False,"1.董事會決議日期:111/02/22 2.發放股利種類及金額:現金股利，USD350,000,000 3.其他應敘明事項:無 ",https://mops.twse.com.tw/mops/#/web/t05st01,a4a3946af2ad0223c748aba60469671268d7cd39091d16e6a7efb450c302028c,0
2603,111,02,111/02/22,17:54:10,2022-02-22 17:54:10,"代本公司之子公司Peony Investment S.A.公告董事會決議
發放股利",distribution,,,,,,False,True,False,False,"1.董事會決議日期:111/02/22 2.發放股利種類及金額:現金股利，USD450,000,000 3.其他應敘明事項:無 ",https://mops.twse.com.tw/mops/#/web/t05st01,f6ffe45118047ed169f8c6906f14a994a273110bfd5cfddff741532e33bc17cb,0
2603,111,02,111/02/25,17:58:19,2022-02-25 17:58:19,"代本公司之子公司「長榮香港有限公司」公告董事會決議
發放股利",distribution,,,,,,False,True,False,False,"1.董事會決議日期:111/02/25 2.發放股利種類及金額:現金股利，USD950,000,000 3.其他應敘明事項:無 ",https://mops.twse.com.tw/mops/#/web/t05st01,d725d3f4d22511b7551e8ce3f3271e67ddee38d9d9044b19c8723b61a5e8c759,0
2603,111,03,111/03/15,14:12:06,2022-03-15 14:12:06,公告本公司110年度合併財務報告,capital_change,,,,,,False,False,False,False,"1.提報董事會或經董事會決議日期:111/03/15 2.審計委員會通過日期:111/03/15 3.財務報告或年度自結財務資訊報導期間 起訖日期(XXX/XX/XX~XXX/XX/XX):110/01/01~110/12/31 4.1月1日累計至本期止營業收入(仟元):489,406,832 5.1月1日累計至本期止營業毛利(毛損) (仟元):301,934,437 6.1月1日累計至本期止營業利益(損失) (仟元):284,862,197 7.1月1日累計至本期止稅前淨利(淨損) (仟元):288,234,576 8.1月1日累計至本期止本期淨利(淨損) (仟元):263,110,059 9.1月1日累計至本期止歸屬於母公司業主淨利(損) (仟元):239,014,860 10.1月1日累計至本期止基本每股盈餘(損失) (元):45.57 11.期末總資產(仟元):611,026,120 12.期末總負債(仟元):253,704,530 13.期末歸屬於母公司業主之權益(仟元):326,784,536 14.其他應敘明事項:無 ",https://mops.twse.com.tw/mops/#/web/t05st01,d1ff0607ee1bbb8beea0463577228d2416780b88f45192b2c53aaa111f36441c,0
2603,111,03,111/03/15,17:05:33,2022-03-15 17:05:33,董事會決議股利分派,capital_change,,,,,,False,False,False,False,"1. 董事會擬議日期：111/03/15 2. 股利所屬年(季)度：110年 年度 3. 股利所屬期間：110/01/01 至 110/12/31 4. 股東配發內容： (1)盈餘分配之現金股利(元/股)：18.00000000 (2)法定盈餘公積發放之現金(元/股)：0 (3)資本公積發放之現金(元/股)：0 (4)股東配發之現金(股利)總金額(元)：95,238,884,466 (5)盈餘轉增資配股(元/股)：0 (6)法定盈餘公積轉增資配股(元/股)：0 (7)資本公積轉增資配股(元/股)：0 (8)股東配股總股數(股)：0 5. 其他應敘明事項： 無 6. 普通股每股面額欄位：新台幣10.0000元",https://mops.twse.com.tw/mops/#/web/t05st01,7c143170b907c5642fee5e201011a1016c58de1a6f1863c541252359e43022ea,0
2603,111,03,111/03/15,17:09:16,2022-03-15 17:09:16,公告本公司董事會決議現金減資事宜,capital_change,,,,,,False,False,False,False,"1.董事會決議日期:111/03/15 2.減資緣由:本公司為調整資本結構，擬辦理現金減資退還股東股款。 3.減資金額:新台幣31,746,294,820 4.消除股份:3,174,629,482股 5.減資比率:60% 6.減資後股本:新台幣21,164,196,550 7.預定股東會日期:111/05/30 8.預計減資新股上市後之上市普通股股數:2,116,419,655股 9.預計減資新股上市後之上市普通股股數占已發行普通股比率 （減資後上市普通股股數/減資後已發行普通股股數）:100% 10.前二項預計減資後上巿普通股股數未達6000萬股且未達25%者， 請說明股權流通性偏低之因應措施:不適用。 11.減資基準日:俟股東會通過並呈主管機關申報生效後， 授權董事長另訂定減資基準日與減資換發股票基準日等相關事宜。 12.其他應敘明事項: (1)依前項已發行普通股總股數計算，每仟股減少600股(即每仟股換發400股)， 減資後不足一股之畸零股，股東得於減資換發股票停止過戶日前內向本公司股務 課辦理併股登記，併股後仍不足一股之畸零股或逾期未辦理併股者，按減資換發 股票基準日前在股票公開集中交易市場最後交易日之收盤價給付現金，計算至元 為止(元以下捨去)，並提請股東常會授權董事長洽特定人以該收盤價承購之。 (2)本次現金減資換發之新股權利義務與原股份相同。如因法令變更、主管機關要求 、或其他因素影響流通在外股份數量，而須調整減資換股比率及每股退還金額時， 擬提請股東常會授權董事會全權處理。 ",https://mops.twse.com.tw/mops/#/web/t05st01,a86ab1a85faf2f2d8c506b9094e41fad44731e8cfaf76aff050f1758cdfa8681,0
2603,111,04,111/04/01,17:38:06,2022-04-01 17:38:06,"代本公司之子公司「Evergreen Marine (Asia) Pte. Ltd.」
公告董事會決議發放股利",distribution,,,,,,False,True,False,False,"1.董事會決議日期:111/04/01 2.發放股利種類及金額:現金股利，USD2,000,000,000 3.其他應敘明事項:無 ",https://mops.twse.com.tw/mops/#/web/t05st01,144544daad6f91fe188492f7fed603dc95c520ce3f81988cc4601941783594f8,0
2603,111,05,111/05/06,18:46:55,2022-05-06 18:46:55,公告本公司111年第1季合併財務報告,capital_change,,,,,,False,False,False,False,"1.提報董事會或經董事會決議日期:111/05/06 2.審計委員會通過日期:111/05/06 3.財務報告或年度自結財務資訊報導期間 起訖日期(XXX/XX/XX~XXX/XX/XX):111/01/01~111/03/31 4.1月1日累計至本期止營業收入(仟元):170,824,671 5.1月1日累計至本期止營業毛利(毛損) (仟元):118,018,764 6.1月1日累計至本期止營業利益(損失) (仟元):114,802,439 7.1月1日累計至本期止稅前淨利(淨損) (仟元):117,376,002 8.1月1日累計至本期止本期淨利(淨損) (仟元):106,151,277 9.1月1日累計至本期止歸屬於母公司業主淨利(損) (仟元):101,359,559 10.1月1日累計至本期止基本每股盈餘(損失) (元):19.16 11.期末總資產(仟元):757,890,943 12.期末總負債(仟元):290,459,457 13.期末歸屬於母公司業主之權益(仟元):436,725,541 14.其他應敘明事項:無 ",https://mops.twse.com.tw/mops/#/web/t05st01,e4313a46c329a3241957f2a592e6b189a64398c7a98f62b1f341bcd31b51e80b,0
2603,111,05,111/05/30,20:40:48,2022-05-30 20:40:48,本公司辦理現金減資致債權人公告,capital_change,,,,,,False,True,False,False,"1.事實發生日:111/05/30 2.公司名稱:長榮海運股份有限公司 3.與公司關係(請輸入本公司或子公司):本公司 4.相互持股比例:不適用 5.發生緣由:本公司業經111年5月30日股東常會決議通過辦理現金減資退還股款案 6.因應措施: (1)為調整資本結構，本公司業經民國111年5月30日股東常會決議通過辦理現金減資 退還股東股款。 (2)本次現金減資金額為新台幣31,746,294,820元，總銷除股份3,174,629,482股，以 本公司111年3月15日已發行股份總數5,291,049,137股計算，現金減資比率60%， 減資後實收資本額為新台幣21,164,196,550元，發行股數為2,116,419,655股;惟減資 後實收資本額、實際減資比率，以減資換發股票基準日之已發行股份計算之。 (3)本次現金減資授權董事長另訂減資基準日與減資換發股票基準日等相關作業事宜。 (4)本公司債權人對於此次現金減資退還股款如有異議，請於公告日(民國111年5月30日) 起至111年6月30日之期間內以書面檢附債權證明文件，向本公司提出，逾期未 表示異議者，即視為無異議。 (5)上述係依公司法第281條準用同法第73條、第74條規定辦理。 7.其他應敘明事項:無 ",https://mops.twse.com.tw/mops/#/web/t05st01,89ab92fb142cc7da53e71c217b535c21a56e8c0e0d38bb0baee0f117a69ad3f5,0
2603,111,05,111/05/31,20:32:56,2022-05-31 20:32:56,公告本公司調整配息率,distribution,18,,,,,False,False,False,False,"1.董事會或股東會決議日期:NA 2.原發放股利種類及金額: 現金股利:新台幣95,238,884,466元，每股配發現金股利新台幣18元。 3.變更後發放股利種類及金額: 現金股利:新台幣95,238,884,466元，每股配發現金股利新台幣17.99999637元。 4.變更原因: 本公司發行國內第四次無擔保轉換公司債債權人申請轉換普通股，致影響流通在外股 數總額，授權董事長調整配息率。 5.其他應敘明事項: (1)依本公司111年5月30日股東常會決議，授權董事長調整配息率。 (2)嗣後若因本公司流通在外股數發生變動而須調整股東配息率，擬授權董事 長調整並全權處理相關事宜。 ",https://mops.twse.com.tw/mops/#/web/t05st01,6bcf5dbc02893630467f54b3c5a196f7433f12d66e6f8a0fddc0ba020985edc2,0
2603,111,05,111/05/31,20:37:21,2022-05-31 20:37:21,公告本公司訂定配息基準日及現金股利發放日,distribution,17.99999637,2022-06-29,,,,False,False,False,False,1.董事會、股東會決議或公司決定日期:111/05/31 2.除權、息類別（請填入「除權」、「除息」或「除權息」）:除息 3.發放股利種類及金額:現金股利，每股配發新台幣17.99999637元 4.除權（息）交易日:111/06/29 5.最後過戶日:111/06/30 6.停止過戶起始日期:111/07/01 7.停止過戶截止日期:111/07/05 8.除權（息）基準日:111/07/05 9.其他應敘明事項: (1)訂定111年07月28日為現金股利發放日；嗣後如因實際作業時程變更，致 股利無法於111年07月28日發放，將另行公告股利發放日。 (2)嗣後若因本公司流通在外股數發生變動而須調整股東配息率，擬授權董事 長調整並全權處理相關事宜。 (3)本公司國內第四次無擔保轉換公司債停止轉換期間:111/06/10~111/07/05，債權人 如擬申請轉換，請於111年07月06日起向往來證券商辦理轉換手續。 ,https://mops.twse.com.tw/mops/#/web/t05st01,8ca11c060e478eef0f73bcbead57f8d665898a1171779ab95235df7c82ba7c77,0
2603,113,09,113/09/30,17:04:44,2024-09-30 17:04:44,"代本公司之子公司長榮香港有限公司公告董事會決議
發放股利",distribution,,,,,,False,True,False,False,"1.董事會決議日期:113/09/30 2.發放股利種類及金額:現金股利，USD 1,266,000,000.00 3.其他應敘明事項:無 ",https://mops.twse.com.tw/mops/#/web/t05st01,9adf03cbf51579ce8c3c43e48be9f177d3319654ce89be7cdbfdbb7d2ad59e5a,0
2603,113,11,113/11/05,19:29:15,2024-11-05 19:29:15,"公告本公司113年第三季合併財務報告董事會召開日期
為113年11月13日",capital_change,,,,,,False,False,False,False,1.董事會召集通知日:113/11/05 2.董事會預計召開日期:113/11/13 3.預計提報董事會或經董事會決議之財務報告或 年度自結財務資訊年季:113年第三季合併財務報告 4.其他應敘明事項:無 ,https://mops.twse.com.tw/mops/#/web/t05st01,180f21142d112af5421043eb27b1c4159a66bdd5cc44dd803cb011e507690259,0
2603,113,11,113/11/13,17:05:07,2024-11-13 17:05:07,公告本公司113年第3季合併財務報告,capital_change,,,,,,False,False,False,False,"1.提報董事會或經董事會決議日期:113/11/13 2.審計委員會通過日期:113/11/13 3.財務報告或年度自結財務資訊報導期間 起訖日期(XXX/XX/XX~XXX/XX/XX):113/01/01~113/09/30 4.1月1日累計至本期止營業收入(仟元):347,756,188 5.1月1日累計至本期止營業毛利(毛損) (仟元):135,216,411 6.1月1日累計至本期止營業利益(損失) (仟元):125,489,212 7.1月1日累計至本期止稅前淨利(淨損) (仟元):138,717,102 8.1月1日累計至本期止本期淨利(淨損) (仟元):112,082,720 9.1月1日累計至本期止歸屬於母公司業主淨利(損) (仟元):108,754,312 10.1月1日累計至本期止基本每股盈餘(損失) (元):50.68 11.期末總資產(仟元):861,414,863 12.期末總負債(仟元):297,446,563 13.期末歸屬於母公司業主之權益(仟元):538,285,157 14.其他應敘明事項:無 ",https://mops.twse.com.tw/mops/#/web/t05st01,7d6e34eb86e6727fa794bcb7625c10ef3d1313484b234adbcc80ae8ffeb058fa,0
2603,113,12,113/12/10,18:07:45,2024-12-10 18:07:45,"代本公司之子公司長榮香港有限公司公告董事會決議
發放股利",distribution,,,,,,False,True,False,False,"1.董事會決議日期:113/12/10 2.發放股利種類及金額:現金股利，USD 850,000,000.00 3.其他應敘明事項:無 ",https://mops.twse.com.tw/mops/#/web/t05st01,fb24dfd39569e629badbd2fbda5f46ac67b54f9733bb6c264a2c61222c40546b,0
2634,111,05,111/05/06,13:16:18,2022-05-06 13:16:18,公告本公司111年度第1季合併財務報告業經董事會決議通過,capital_change,,,,,,False,False,False,False,"1.提報董事會或經董事會決議日期:111/05/06 2.審計委員會通過日期:111/04/22 3.財務報告或年度自結財務資訊報導期間 起訖日期(XXX/XX/XX~XXX/XX/XX):111/01/01~111/03/31 4.1月1日累計至本期止營業收入(仟元):5,768,328 5.1月1日累計至本期止營業毛利(毛損) (仟元):391,111 6.1月1日累計至本期止營業利益(損失) (仟元):100,676 7.1月1日累計至本期止稅前淨利(淨損) (仟元):249,024 8.1月1日累計至本期止本期淨利(淨損) (仟元):202,864 9.1月1日累計至本期止歸屬於母公司業主淨利(損) (仟元):202,864 10.1月1日累計至本期止基本每股盈餘(損失) (元):0.22 11.期末總資產(仟元):39,691,074 12.期末總負債(仟元):25,116,606 13.期末歸屬於母公司業主之權益(仟元):14,574,468 14.其他應敘明事項:無 ",https://mops.twse.com.tw/mops/#/web/t05st01,8b1a538786d6c670c183b72b27c60a5e702e85246a752d5249e3e95b59f7b249,0
2634,111,06,111/06/13,15:03:59,2022-06-13 15:03:59,公告本公司111年除息基準日及相關事宜,distribution,0.35,2022-07-12,,,,False,False,False,False,"1.董事會、股東會決議或公司決定日期:111/06/13 2.除權、息類別（請填入「除權」、「除息」或「除權息」）:除息 3.發放股利種類及金額:每股配發現金股利0.35元，配發現金股利計新台幣 329,653,485元 4.除權（息）交易日:111/07/12 5.最後過戶日:111/07/13 6.停止過戶起始日期:111/07/14 7.停止過戶截止日期:111/07/18 8.除權（息）基準日:111/07/18 9.其他應敘明事項:現金股利發放日為 111年 8月 4日 ",https://mops.twse.com.tw/mops/#/web/t05st01,d9bda5b09bb1686ea564886d1946fe27804468ee7531093fcaf8437753f02b2f,0
2637,110,07,110/07/05,13:59:51,2021-07-05 13:59:51,"公告本公司董事會決議授權董事長訂定
發放現金股利基準日相關事宜",distribution,,2021-07-19,,,,False,False,False,False,"1.董事會、股東會決議或公司決定日期:110/07/05 2.除權、息類別（請填入「除權」、「除息」或「除權息」）:除息 3.發放股利種類及金額:每股配發現金股利約1.5元，共計新台幣1,119,613,798元。 4.除權（息）交易日:110/07/19 5.最後過戶日:110/07/20 6.停止過戶起始日期:110/07/21 7.停止過戶截止日期:110/07/25 8.除權（息）基準日:110/07/25 9.其他應敘明事項:預計股利發放日110/08/13 如因買回本公司股份、將股份註銷、因員工行使員工認股憑證、增資發行新股、 可轉換公司債轉執行權利、發行海外存託憑證及其他等因素，影響本公司除權(息) 基準日流通在外股數，致使股東配股配息率發生變動而須修正時， 擬授權董事長全權處理。 ",https://mops.twse.com.tw/mops/#/web/t05st01,70e20728ef8608c05a1c0f204d34376220a33b531f3a0f9edb9f5d0aa523f557,0
2637,110,08,110/08/27,16:26:37,2021-08-27 16:26:37,公告本公司董事會通過110年第二季合併財務報告,capital_change,,,,,,False,False,False,False,"1.財務報告提報董事會或經董事會決議日期:110/08/27 2.審計委員會通過財務報告日期:110/08/27 3.財務報告報導期間起訖日期(XXX/XX/XX~XXX/XX/XX):110/01/01~110/06/30 4.1月1日累計至本期止營業收入(仟元):7,885,564 5.1月1日累計至本期止營業毛利(毛損) (仟元):2,789,141 6.1月1日累計至本期止營業利益(損失) (仟元):2,711,997 7.1月1日累計至本期止稅前淨利(淨損) (仟元):2,463,519 8.1月1日累計至本期止本期淨利(淨損) (仟元):2,453,750 9.1月1日累計至本期止歸屬於母公司業主淨利(損) (仟元):2,453,750 10.1月1日累計至本期止基本每股盈餘(損失) (元):3.29 11.期末總資產(仟元):82,808,920 12.期末總負債(仟元):54,006,258 13.期末歸屬於母公司業主之權益(仟元):28,802,662 14.其他應敘明事項: (1)單位:新台幣。 (2)110年第二季合併財務報告詳細資訊將於主管機關規定期限內完成上傳作業， 屆時相關之財務資訊請逕向公開資訊觀測站查詢。 ",https://mops.twse.com.tw/mops/#/web/t05st01,cf9ca389ac739b4d2ff9e8d92fa1df0ee334c430d15029f0761354fcd42f25b4,0
2637,114,11,114/11/14,16:23:48,2025-11-14 16:23:48,公告本公司董事會通過114年第三季合併財務報告,capital_change,,,,,,False,False,False,False,"1.提報董事會或經董事會決議日期:114/11/14 2.審計委員會通過日期:114/11/14 3.財務報告或年度自結財務資訊報導期間 起訖日期(XXX/XX/XX~XXX/XX/XX):114/01/01~114/09/30 4.1月1日累計至本期止營業收入(仟元):11,804,928 5.1月1日累計至本期止營業毛利(毛損) (仟元):2,302,447 6.1月1日累計至本期止營業利益(損失) (仟元):2,172,201 7.1月1日累計至本期止稅前淨利(淨損) (仟元):1,838,696 8.1月1日累計至本期止本期淨利(淨損) (仟元):1,822,769 9.1月1日累計至本期止歸屬於母公司業主淨利(損) (仟元):1,822,769 10.1月1日累計至本期止基本每股盈餘(損失) (元):2.44 11.期末總資產(仟元):78,570,511 12.期末總負債(仟元):33,430,084 13.期末歸屬於母公司業主之權益(仟元):45,140,427 14.其他應敘明事項: (1)單位:新台幣。 (2)114年第三季合併財務報告詳細資訊將於主管機關規定期限內完成上傳作業， 屆時相關之財務資訊請逕向公開資訊觀測站查詢。 ",https://mops.twse.com.tw/mops/#/web/t05st01,c6a19b59130a54567920ba84399469f873954548cd2b46dda69d6c330e086e0a,0
2732,111,08,111/08/10,13:39:25,2022-08-10 13:39:25,公告本公司董事會決議通過111年第二季合併財務報告,capital_change,,,,,,False,False,False,False,"1.提報董事會或經董事會決議日期:111/08/10 2.審計委員會通過日期:111/08/10 3.財務報告或年度自結財務資訊報導期間 起訖日期(XXX/XX/XX~XXX/XX/XX):111/01/01~111/06/30 4.1月1日累計至本期止營業收入(仟元):2,016,820 5.1月1日累計至本期止營業毛利(毛損) (仟元):833,236 6.1月1日累計至本期止營業利益(損失) (仟元):106,197 7.1月1日累計至本期止稅前淨利(淨損) (仟元):127,713 8.1月1日累計至本期止本期淨利(淨損) (仟元):87,814 9.1月1日累計至本期止歸屬於母公司業主淨利(損) (仟元):98,714 10.1月1日累計至本期止基本每股盈餘(損失) (元):2.18 11.期末總資產(仟元):4,309,082 12.期末總負債(仟元):2,319,832 13.期末歸屬於母公司業主之權益(仟元):1,701,710 14.其他應敘明事項:無 ",https://mops.twse.com.tw/mops/#/web/t05st01,1b173683bf0b98aeaad2fed76423f5977705544f5eb46dbd5c507854c3210ea6,0
2732,111,08,111/08/10,13:40:45,2022-08-10 13:40:45,公告本公司董事會決議股利分派,capital_change,,,,,,False,False,False,False,"1. 董事會決議日期：111/08/10 2. 股利所屬年(季)度：111年 第2季 3. 股利所屬期間：111/04/01 至 111/06/30 4. 股東配發內容： (1)盈餘分配之現金股利(元/股)：2.00000000 (2)法定盈餘公積發放之現金(元/股)：0 (3)資本公積發放之現金(元/股)：0 (4)股東配發之現金(股利)總金額(元)：90,154,140 (5)盈餘轉增資配股(元/股)：0 (6)法定盈餘公積轉增資配股(元/股)：0 (7)資本公積轉增資配股(元/股)：0 (8)股東配股總股數(股)：0 5. 其他應敘明事項： 無。 6. 普通股每股面額欄位：新台幣10.0000元",https://mops.twse.com.tw/mops/#/web/t05st01,18f62e2d8ca6f8f645ac3ea9a97c34325834a33481a7fee765deb0abccc6a6b8,0
2732,111,08,111/08/15,14:38:12,2022-08-15 14:38:12,公告本公司經董事會授權董事長訂定除息基準日,distribution,,2022-08-31,2022-09-29,,,False,False,False,False,"1.董事會、股東會決議或公司決定日期:111/08/15 2.除權、息類別（請填入「除權」、「除息」或「除權息」）:除息 3.發放股利種類及金額:盈餘分派現金股利: 新台幣 90,154,140元 4.除權（息）交易日:111/08/31 5.最後過戶日:111/09/01 6.停止過戶起始日期:111/09/02 7.停止過戶截止日期:111/09/06 8.除權（息）基準日:111/09/06 9.債券最後申請轉換日期:不適用 10.債券停止轉換起始日期:不適用 11.債券停止轉換截止日期:不適用 12.現金股利發放日期:111/09/29 13.其他應敘明事項:無 ",https://mops.twse.com.tw/mops/#/web/t05st01,9341240bf5940c01a46d529225d620bc9879af87b22f081373e39bc1d62af4f6,0
2732,111,08,111/08/15,14:38:33,2022-08-15 14:38:33,公告本公司調整現金股利配息率,distribution,2,,,,,False,False,False,False,"1.董事會或股東會決議日期:NA 2.原發放股利種類及金額: 現金股利新台幣 90,154,140元，每股配發約 2 元 3.變更後發放股利種類及金額: 現金股利新台幣 90,154,140元，每股配發 1.99919060 元 4.變更原因: 本公司因買回庫藏股以及員工認股權憑證執行認股等股份變動原 因，致影響流通在外股份數量，依111年8月10日董事會之決議， 授權董事長調整配息率。 5.其他應敘明事項: 現金股利發放日為民國111年9月29日。 ",https://mops.twse.com.tw/mops/#/web/t05st01,5f6220f00d6508c8ef4b78830e84ae972bf266015e38919675eefba365e8968e,0
2732,111,11,111/11/09,15:22:43,2022-11-09 15:22:43,公告本公司董事會決議通過111年第三季合併財務報告,capital_change,,,,,,False,False,False,False,"1.提報董事會或經董事會決議日期:111/11/09 2.審計委員會通過日期:111/11/09 3.財務報告或年度自結財務資訊報導期間 起訖日期(XXX/XX/XX~XXX/XX/XX):111/01/01~111/09/30 4.1月1日累計至本期止營業收入(仟元):3,156,122 5.1月1日累計至本期止營業毛利(毛損) (仟元):1,329,583 6.1月1日累計至本期止營業利益(損失) (仟元):218,463 7.1月1日累計至本期止稅前淨利(淨損) (仟元):262,624 8.1月1日累計至本期止本期淨利(淨損) (仟元):195,239 9.1月1日累計至本期止歸屬於母公司業主淨利(損) (仟元):202,259 10.1月1日累計至本期止基本每股盈餘(損失) (元):4.47 11.期末總資產(仟元):4,543,687 12.期末總負債(仟元):2,505,575 13.期末歸屬於母公司業主之權益(仟元):1,745,428 14.其他應敘明事項:無 ",https://mops.twse.com.tw/mops/#/web/t05st01,c96785b3f8e45fcee11719b9174affd65673a0756ce7b1f51de436bfcee1bc07,0
2732,111,11,111/11/09,15:24:25,2022-11-09 15:24:25,公告本公司董事會決議不分配111年第三季股利,capital_change,,,,,,False,False,False,False,1. 董事會決議日期：111/11/09 2. 股利所屬年(季)度：111年 第3季 3. 股利所屬期間：111/07/01 至 111/09/30 4. 股東配發內容： (1)盈餘分配之現金股利(元/股)：0 (2)法定盈餘公積發放之現金(元/股)：0 (3)資本公積發放之現金(元/股)：0 (4)股東配發之現金(股利)總金額(元)：0 (5)盈餘轉增資配股(元/股)：0 (6)法定盈餘公積轉增資配股(元/股)：0 (7)資本公積轉增資配股(元/股)：0 (8)股東配股總股數(股)：0 5. 其他應敘明事項： 無 6. 普通股每股面額欄位：新台幣10.0000元,https://mops.twse.com.tw/mops/#/web/t05st01,7e714403665e59d09de46fdefc7dcf250ae7e526a593d9de9435cf3008fb63b0,0
2834,112,01,112/01/09,16:46:22,2023-01-09 16:46:22,公告本公司111年12月份自結合併盈餘,capital_change,,,,,,False,True,False,False,"1.事實發生日:112/01/09 2.公司名稱:臺灣企銀 3.與公司關係(請輸入本公司或子公司):本公司 4.相互持股比例:無 5.發生緣由:公告本公司111年12月份自結合併盈餘 6.因應措施:無 7.其他應敘明事項(若事件發生或決議之主體係屬公開發行以上公司，本則重大訊息同時 符合證券交易法施行細則第7條第9款所定對股東權益或證券價格有重大影響之事項): 本公司111年12月份合併自結各項提存前稅前淨利1,441,183 千元，於提列各項提存480,743千元後，合併自結稅前淨利960,440千元(繼續 營業單位合併自結稅前淨利960,440千元)，合併自結稅後淨利812,016千元。 111年1月至12月合併累計自結各項提存前稅前淨利14,138,666千元，於提列各 項提存2,115,645千元後，合併累計自結稅前淨利12,023,021千元(繼續營業單位 合併累計自結稅前淨利12,023,021千元)，合併累計自結稅後淨利10,102,479千 元，合併每股稅前盈餘1.50元，合併每股稅後盈餘1.26元，合併每股淨值12.98 元。 以上數字係本公司自行結算金額。 ",https://mops.twse.com.tw/mops/#/web/t05st01,03ae0f6f07fa9ea7d2f33a796ef3e4402b164d60d5c3fd2c39e7fc4165d5c744,0
2834,112,02,112/02/06,17:20:48,2023-02-06 17:20:48,公告本公司112年1月份自結合併盈餘,capital_change,,,,,,False,True,False,False,"1.事實發生日:112/02/06 2.公司名稱:臺灣企銀 3.與公司關係(請輸入本公司或子公司):本公司 4.相互持股比例:無 5.發生緣由:公告本公司112年1月份自結合併盈餘 6.因應措施:無 7.其他應敘明事項(若事件發生或決議之主體係屬公開發行以上公司，本則重大訊息同時 符合證券交易法施行細則第7條第9款所定對股東權益或證券價格有重大影響之事項): 本公司112年1月份合併自結各項提存前稅前淨利1,628,985千元，於提列各項提存 110,644千元後，合併自結稅前淨利1,518,341千元(繼續營業單位合併自結稅前淨利 1,518,341千元)，合併自結稅後淨利1,306,079千元，合併每股稅前盈餘0.19元，合併 每股稅後盈餘0.16元，合併每股淨值13.27元。 以上數字係本公司自行結算金額。 ",https://mops.twse.com.tw/mops/#/web/t05st01,68a6172e86aa04705f5ca1e6e62a49030f276dabcfd25f720fb8a86f8c560af6,0
2834,112,02,112/02/22,17:26:31,2023-02-22 17:26:31,公告本公司董事會通過111年度合併財務報告,capital_change,,,,,,False,False,False,False,"1.提報董事會或經董事會決議日期:112/02/22 2.審計委員會通過日期:112/02/20 3.財務報告或年度自結財務資訊報導期間 起訖日期(XXX/XX/XX~XXX/XX/XX):111/01/01~111/12/31 4.1月1日累計至本期止利息淨收益(仟元):20,227,973 5.1月1日累計至本期止淨收益(仟元):28,529,123 6.1月1日累計至本期止稅前淨利(損) (仟元):12,039,792 7.1月1日累計至本期止本期淨利(淨損) (仟元):10,121,852 8.1月1日累計至本期止歸屬於母公司業主淨利(損) (仟元):10,121,852 9.1月1日累計至本期止基本每股盈餘(損失) (元):1.26 10.期末總資產(仟元):2,072,486,125 11.期末總負債(仟元):1,968,378,867 12.期末歸屬於母公司業主之權益(仟元):104,107,258 13.其他應敘明事項:無 ",https://mops.twse.com.tw/mops/#/web/t05st01,d02f38851018a364672dcb3f7d96638aaaeb61dd614aee2c9f72f76883ddf3a8,0
2834,112,03,112/03/08,15:27:14,2023-03-08 15:27:14,公告本公司112年2月份自結合併盈餘,capital_change,,,,,,False,True,False,False,"1.事實發生日:112/03/08 2.公司名稱:臺灣企銀 3.與公司關係(請輸入本公司或子公司):本公司 4.相互持股比例:無 5.發生緣由:公告本公司112年2月份自結合併盈餘 6.因應措施:無 7.其他應敘明事項(若事件發生或決議之主體係屬公開發行以上公司，本則重大訊息同時 符合證券交易法施行細則第7條第9款所定對股東權益或證券價格有重大影響之事項): 本公司112年2月份合併自結各項提存前稅前淨利1,253,257千元，於提列各項提存 18,906千元後，合併自結稅前淨利1,234,351千元(繼續營業單位合併自結稅前淨 利1,234,351千元)，合併自結稅後淨利1,017,390千元。112年1月至2月合併累計 自結各項提存前稅前淨利2,882,242千元，於提列各項提存129,550千元後，合併 累計自結稅前淨利2,752,692千元(繼續營業單位合併累計自結稅前淨利2,752,692千元) ，合併累計自結稅後淨利2,323,469千元，合併每股稅前盈餘0.34元，合併每股稅後盈餘 0.29元，合併每股淨值13.40元。 以上數字係本公司自行結算金額。 ",https://mops.twse.com.tw/mops/#/web/t05st01,426b40525ffdc6a15ae95ccf247e4c4b417b471757aa200ab287386672678822,0
2834,112,03,112/03/15,17:12:07,2023-03-15 17:12:07,董事會通過擬議分派股利,capital_change,,,,,,False,False,False,False,"1. 董事會擬議日期：112/03/15 2. 股利所屬年(季)度：111年 年度 3. 股利所屬期間：111/01/01 至 111/12/31 4. 股東配發內容： (1)盈餘分配之現金股利(元/股)：0.10000000 (2)法定盈餘公積發放之現金(元/股)：0 (3)資本公積發放之現金(元/股)：0 (4)股東配發之現金(股利)總金額(元)：802,969,352 (5)盈餘轉增資配股(元/股)：0.24000000 (6)法定盈餘公積轉增資配股(元/股)：0 (7)資本公積轉增資配股(元/股)：0 (8)股東配股總股數(股)：192,712,645 5. 其他應敘明事項： 無 6. 普通股每股面額欄位：新台幣10.0000元",https://mops.twse.com.tw/mops/#/web/t05st01,7fc39aa429fe2fc35825fe64725fef00a994fcc8fbcac817672ced273841a779,0
2834,112,04,112/04/10,17:33:27,2023-04-10 17:33:27,公告本公司112年3月份自結合併盈餘,capital_change,,,,,,False,True,False,False,"1.事實發生日:112/04/10 2.公司名稱:臺灣企銀 3.與公司關係(請輸入本公司或子公司):本公司 4.相互持股比例:無 5.發生緣由:公告本公司112年3月份自結合併盈餘 6.因應措施:無 7.其他應敘明事項(若事件發生或決議之主體係屬公開發行以上公司，本則重大訊息同時 符合證券交易法施行細則第7條第9款所定對股東權益或證券價格有重大影響之事項): 本公司112年3月份合併自結各項提存前稅前淨利1,454,769千元，於提列各項提存 98,454千元後，合併自結稅前淨利1,356,315千元(繼續營業單位合併自結稅前淨 利1,356,315千元)，合併自結稅後淨利1,157,476千元。112年1月至3月合併累計 自結各項提存前稅前淨利4,337,011千元，於提列各項提存228,004千元後，合併 累計自結稅前淨利4,109,007千元(繼續營業單位合併累計自結稅前淨利4,109,007千元) ，合併累計自結稅後淨利3,480,945千元，合併每股稅前盈餘0.51元，合併每股稅後盈 餘0.43元，合併每股淨值13.61元。 以上數字係本公司自行結算金額。 ",https://mops.twse.com.tw/mops/#/web/t05st01,57b4878e91d48ed0ef3d3bc9012b2eb99c51f2a9d2f6b85a96244cb053520864,0
2880,106,12,106/12/08,18:12:29,2017-12-08 18:12:29,代子公司華南銀行公告106年11月份自結合併子公司盈餘,capital_change,,,,,,False,True,False,False,1.事實發生日:106/12/08 2.公司名稱:華南銀行 3.與公司關係(請輸入本公司或子公司):子公司 4.相互持股比例:本公司100%持股子公司 5.發生緣由:華南銀行公告106年11月份自結合併子公司盈餘 6.因應措施:無 7.其他應敘明事項: 華南銀行11月份自結合併子公司盈餘︰呆帳提存前盈餘17.82億元，為積極提升資產品質 ，提列12.40億元呆帳費用，稅前盈餘為5.42億元、稅後盈餘4.84億元，累計至11月底止 稅前盈餘124.03億元、稅後盈餘108.39億元，每股稅前盈餘1.67元、每股稅後盈餘 1.46元，每股淨值22.44元。 金額單位:億元 11月自結 106年至11月底止自結 累計 EPS 合併子公司盈餘 合併子公司盈餘 稅前 稅後 稅前 稅後 稅前 稅後 5.42 4.84 124.03 108.39 1.67元 1.46元 註:以上係華南銀行合併子公司損益資料。 ,https://mops.twse.com.tw/mops/#/web/t05st01,66c168c923bdbd3ac7465fee676b7c9aca2c12098ea8dded0c2449d0a3726930,0
2880,107,01,107/01/10,18:03:30,2018-01-10 18:03:30,代子公司華南銀行公告106年12月份自結合併子公司盈餘,capital_change,,,,,,False,True,False,False,1.事實發生日:107/01/10 2.公司名稱:華南銀行 3.與公司關係(請輸入本公司或子公司):子公司 4.相互持股比例:本公司100%持股子公司 5.發生緣由:華南銀行公告106年12月份自結合併子公司盈餘 6.因應措施:無 7.其他應敘明事項: 華南銀行12月份自結合併子公司盈餘︰呆帳提存前盈餘18.61億元，為積極提升資產 品質，提列11.62億元呆帳費用，稅前盈餘為6.99億元、稅後盈餘6.04億元，累計至 12月底止稅前盈餘131.02億元、稅後盈餘114.43億元，每股稅前盈餘1.76元、每股稅後 盈餘1.53元，每股淨值22.49元。 金額單位:億元 12月自結 106年至12月底止自結 累計 EPS 合併子公司盈餘 合併子公司盈餘 稅前 稅後 稅前 稅後 稅前 稅後 6.99 6.04 131.02 114.43 1.76元 1.53元 註:以上係華南銀行合併子公司損益資料。 ,https://mops.twse.com.tw/mops/#/web/t05st01,13acf5529f5c40263df8bff5250994ed666d696c205aef3deb90c2518ee4d60b,0
2880,107,02,107/02/09,18:22:33,2018-02-09 18:22:33,代子公司華南銀行公告107年1月份自結合併子公司盈餘,capital_change,,,,,,False,True,False,False,1.事實發生日:107/02/09 2.公司名稱:華南銀行 3.與公司關係(請輸入本公司或子公司):子公司 4.相互持股比例:本公司100%持股子公司 5.發生緣由:華南銀行公告107年1月份自結合併子公司盈餘 6.因應措施:無 7.其他應敘明事項: 華南銀行1月份自結合併子公司盈餘︰呆帳提存前盈餘16.96億元，為積極提升資產 品質，提列6.21億元呆帳費用，稅前盈餘為10.75億元、稅後盈餘8.80億元，每股 稅前盈餘0.14元、每股稅後盈餘0.11元，每股淨值22.80元。 金額單位:億元 1月自結 107年至1月底止自結 累計 EPS 合併子公司盈餘 合併子公司盈餘 稅前 稅後 稅前 稅後 稅前 稅後 10.75 8.80 10.75 8.80 0.14元 0.11元 註:以上係華南銀行合併子公司損益資料。 ,https://mops.twse.com.tw/mops/#/web/t05st01,df5f5b79f8185c4ac56ccd9650f5513341b82592d422cb0b46fef32a647441b0,0
2880,107,03,107/03/09,18:03:21,2018-03-09 18:03:21,代子公司華南銀行公告107年2月份自結合併子公司盈餘,capital_change,,,,,,False,True,False,False,1.事實發生日:107/03/09 2.公司名稱:華南銀行 3.與公司關係(請輸入本公司或子公司):子公司 4.相互持股比例:100% 5.發生緣由:同主旨 6.因應措施:無 7.其他應敘明事項: 華南銀行2月份自結合併子公司盈餘︰呆帳提存前盈餘13.09億元， 提列呆帳費用2.26億元，稅前盈餘為10.83億元、稅後盈餘12.65億元， 累計至2月底止稅前盈餘21.57億元、稅後盈餘21.45億元， 每股稅前盈餘0.28元、每股稅後盈餘0.28元，每股淨值22.96元。 金額單位：億元 2月自結 107年至2月底止自結 累計EPS 合併子公司盈餘 合併子公司盈餘 稅前 稅後 稅前 稅後 稅前 稅後 10.83 12.65 21.57 21.45 0.28元 0.28元 註1：以上係華南銀行合併子公司損益資料。 ,https://mops.twse.com.tw/mops/#/web/t05st01,2270100b6577d53769328ed03220059d74194362b300d804d13c2248c328695d,0
2880,107,03,107/03/26,19:09:16,2018-03-26 19:09:16,代子公司華南銀行公告董事會決議106年度股利分派案,distribution,,,,,,False,True,False,False,"1.董事會決議日期:107/03/26 2.發放股利種類及金額: (1)分派現金股利新臺幣5,309,708,465元。 (2)分派股票股利新臺幣2,276,000,000元。 3.其他應敘明事項:無 ",https://mops.twse.com.tw/mops/#/web/t05st01,532ef38850d91c812a57956651e8bee45ef02d65c3e41d52882a7f75a60f35bf,0
2880,115,03,115/03/09,15:29:09,2026-03-09 15:29:09,公告本公司董事會決議通過114年度合併財務報告,capital_change,,,,,,False,False,False,False,"1.提報董事會或經董事會決議日期:115/03/09 2.審計委員會通過日期:115/03/04 3.財務報告或年度自結財務資訊報導期間 起訖日期(XXX/XX/XX~XXX/XX/XX):114/01/01~114/12/31 4.1月1日累計至本期止利息淨收益(仟元):29,254,628 5.1月1日累計至本期止淨收益(仟元):69,492,354 6.1月1日累計至本期止稅前淨利(損) (仟元):32,625,987 7.1月1日累計至本期止本期淨利(淨損) (仟元):26,424,261 8.1月1日累計至本期止歸屬於母公司業主淨利(損) (仟元):26,424,090 9.1月1日累計至本期止基本每股盈餘(損失) (元):1.90 10.期末總資產(仟元):4,324,086,459 11.期末總負債(仟元):4,087,726,381 12.期末歸屬於母公司業主之權益(仟元):236,357,548 13.其他應敘明事項:無 ",https://mops.twse.com.tw/mops/#/web/t05st01,cce9ba48a3bec55b401506d9952e2f775cf6a76e0758f968e333dddc7d2a081c,0
2880,115,03,115/03/30,16:04:39,2026-03-30 16:04:39,代子公司華南銀行公告董事會擬議114年度股利分派案,distribution,,,,,,False,True,False,False,"1.董事會決議日期:115/03/30 2.發放股利種類及金額: (1)分派現金股利新臺幣20,053,936,597元。 (2)分派股票股利新臺幣212,000,000元。 3.其他應敘明事項:無。 ",https://mops.twse.com.tw/mops/#/web/t05st01,7c8694b40b75fdf931ccae2b204d1e07d8ebdf831d17dd3c3d915b53033fcae5,0
2880,115,04,115/04/27,18:03:14,2026-04-27 18:03:14,公告本公司董事會決議股利分派情形,capital_change,,,,,,False,False,False,False,"1. 董事會擬議日期：115/04/27 2. 股利所屬年(季)度：114年 年度 3. 股利所屬期間：114/01/01 至 114/12/31 4. 股東配發內容： (1)盈餘分配之現金股利(元/股)：1.35000000 (2)法定盈餘公積發放之現金(元/股)：0 (3)資本公積發放之現金(元/股)：0 (4)股東配發之現金(股利)總金額(元)：18,787,902,870 (5)盈餘轉增資配股(元/股)：0.10000000 (6)法定盈餘公積轉增資配股(元/股)：0 (7)資本公積轉增資配股(元/股)：0 (8)股東配股總股數(股)：139,169,650 5. 其他應敘明事項： 無 6. 普通股每股面額欄位：新台幣10.0000元",https://mops.twse.com.tw/mops/#/web/t05st01,a0e60860667fce54b196aa432feb5dbc46eec00928a0f194e294999160c17286,0
2881,104,03,104/03/09,18:09:10,2015-03-09 18:09:10,富邦金控代北富銀人身保代公告董事會決議股利分配事宜,distribution,,,,,,False,False,False,False,"1.董事會決議日期:104/03/09 2.發放股利種類及金額: 擬配發現金股利$6,153,647元 3.其他應敘明事項: 1)擬議配發員工紅利$6,849元，已列入一○三年度費用。 2)擬議配發董監酬勞$136,985元，已列入一○三年度費用。 ",https://mops.twse.com.tw/mops/#/web/t05st01,5816003c549d5390413954777cb82d4d7c4439dc84ed12f0f7fd0eb266597fb1,0
2881,104,03,104/03/09,18:42:11,2015-03-09 18:42:11,公告本公司暨主要子公司104年2月合併自結損益,capital_change,,,,,,False,True,False,False,1.事實發生日:104/03/09 2.公司名稱:富邦金融控股股份有限公司 3.與公司關係(請輸入本公司或子公司):本公司 4.相互持股比例:不適用 5.傳播媒體名稱:不適用 6.報導內容:不適用 7.發生緣由:公告本公司暨主要子公司104年2月份合併 自結損益 8.因應措施:發佈重大訊息說明 9.其他應敘明事項: 公告本公司暨主要子公司104年2月合併自結損益： 單位:億元 --------------------------2月損益-------累計1-2月損益-------------- 公司別 合併 母公司 合併 母公司 基本EPS(元) 稅前 業主稅後 稅前 業主稅後 富邦金控合併損益 75.7 63.2 184.7 154.5 1.51(註1~2) 台北富邦銀行 14.8 12.0 37.3 30.1 0.34 富邦證券 0.3 0.2 1.9 1.7 0.10 富邦產物 2.0 2.1 7.2 6.7 2.11(註2) 富邦人壽 57.5 48.1 134.7 112.9 2.57(註1) ------------------------------------------------------------------ 註1：累計2月未適用外匯價格變動準備金之EPS(元) 富邦金控：1.40 富邦人壽：2.31 註2：累計2月未適用天災保險準備金之EPS(元) 富邦金控：1.51 富邦產險：2.09 ,https://mops.twse.com.tw/mops/#/web/t05st01,d1a86146813873410ecfd55d19adde654d42d41bc106c31a53abd141889eeeaa,0
2881,104,03,104/03/12,18:20:11,2015-03-12 18:20:11,富邦金控代越南富邦人壽公告董事會決議不發放股利事宜,distribution,,,,,,False,False,False,False,1.董事會決議日期:104/03/12 2.發放股利種類及金額:無 3.其他應敘明事項:無 ,https://mops.twse.com.tw/mops/#/web/t05st01,3903ecd0d4ef253f8d3065a2620a49e286da0a425aa5aae5059d9c6e6fd576c7,0
2881,104,03,104/03/16,19:02:40,2015-03-16 19:02:40,"富邦金控代子公司富邦投信公告董事會決議
股利分配事宜",distribution,,,,,,False,True,False,False,"1.董事會決議日期:104/03/16 2.發放股利種類及金額: 現金股利:新台幣187,694,884元 3.其他應敘明事項:無 ",https://mops.twse.com.tw/mops/#/web/t05st01,0f73d635978c64048bd3e38f984f21f2cefd3df0bb905eec4828cab6303133d8,0
2881,104,03,104/03/16,19:03:22,2015-03-16 19:03:22,富邦金控代子公司富邦資產管理公告決議股利分配事宜,distribution,,,,,,False,True,False,False,"1.董事會決議日期:104/03/16 2.發放股利種類及金額: 擬配發現金股利$225,803,992元 3.其他應敘明事項: 擬議配發員工現金紅利$22,902元，已列入一○三年度費用 ",https://mops.twse.com.tw/mops/#/web/t05st01,975bd34912a795a0f358647a395d58c23f709a4fa7e29d69c0d4ffd0673f56ae,0
2881,104,03,104/03/16,19:05:17,2015-03-16 19:05:17,富邦金控代廈門富邦財產保險公告董事會決議股利分配事宜,distribution,,,,,,False,False,False,False,1.董事會決議日期:104/03/16 2.發放股利種類及金額:0元 3.其他應敘明事項:103年度無盈餘，故不分配 ,https://mops.twse.com.tw/mops/#/web/t05st01,8821d0fdd7e0fb09105253f3794ae5c072c07dcb2ac304dd85034f2921db9a4b,0
2881,104,03,104/03/18,19:35:53,2015-03-18 19:35:53,"富邦金控代子公司台北富邦銀行公告董事會決議股利分配
事宜",distribution,,,,,,False,True,False,False,"1.董事會決議日期:104/03/18 2.發放股利種類及金額: (1)擬配發股票股利$8,862,153,720元 (2)擬配發現金股利$3,798,065,880元 3.其他應敘明事項: 擬議配發員工現金紅利$127,319,880元，已列入一○三年度費用。 ",https://mops.twse.com.tw/mops/#/web/t05st01,e065d03d9fa6ddca8bdf70294e6306380dd01024e99848fade5df258949fbe7b,0
2881,104,03,104/03/19,18:55:57,2015-03-19 18:55:57,富邦金控代運彩科技公告董事會決議103年度股利分派事宜,distribution,,,,,,False,False,False,False,1.董事會決議日期:104/03/19 2.發放股利種類及金額:不分派股息、員工紅利及董事酬勞 3.其他應敘明事項:無 ,https://mops.twse.com.tw/mops/#/web/t05st01,0cba163f6d202e45f4e5c73399152e725545b17f9538d4cddc66f1c1a7d4dd8c,0
2881,104,03,104/03/19,19:02:18,2015-03-19 19:02:18,富邦金控代子公司富邦證券公告董事會決議股利分配事宜,distribution,,,,,,False,True,False,False,"1.董事會決議日期:104/03/19 2.發放股利種類及金額: (1)現金股利新台幣809,343,971元 3.其他應敘明事項: (1)員工紅利新台幣950,000元,已列入103年度費用841,000元,差額認列104年度費用 ",https://mops.twse.com.tw/mops/#/web/t05st01,39aa2c6c33e058f5da8be58e71d05c3490eaa48860945f382567c37e871fbf8b,0
2881,104,03,104/03/20,18:00:22,2015-03-20 18:00:22,"富邦金控代子公司富邦行銷公告董事會決議
以盈餘及法定公積發放現金股利",distribution,,,,,,False,True,False,False,"1.董事會決議日期:104/03/20 2.發放股利種類及金額: (1)盈餘分配現金股利新台幣149,275,129元 (2)法定公積發放現金股利新台幣92,407,154元 3.其他應敘明事項:員工紅利新台幣149,275元,已列入103年度費用 ",https://mops.twse.com.tw/mops/#/web/t05st01,224db081b0fe96b2df0b3c5697ac673d1fd0737ab657ffd033334853b708f545,0
2881,104,03,104/03/20,18:02:34,2015-03-20 18:02:34,"富邦金控代富昇財產保代公告董事會決議
以盈餘及法定公積發放現金股利",distribution,,,,,,False,False,False,False,"1.董事會決議日期:104/03/20 2.發放股利種類及金額: (1)盈餘分配現金股利新台幣102,383,731元 (2)法定公積發放現金股利新台幣34,674,657元 3.其他應敘明事項:員工紅利新台幣102,385元,已列入103年度費用 ",https://mops.twse.com.tw/mops/#/web/t05st01,a78e59f036420c84f062b88b1f2216c0ccc6fc505c8307b319248d9151cf48a0,0
2881,104,03,104/03/20,18:03:01,2015-03-20 18:03:01,"富邦金控代富昇人身保代公告董事會決議
以盈餘及法定公積發放現金股利",distribution,,,,,,False,False,False,False,"1.董事會決議日期:104/03/20 2.發放股利種類及金額: (1)盈餘分配現金股利新台幣31,513,525元 (2)法定公積發放現金股利新台幣27,735,360元 3.其他應敘明事項:員工紅利新台幣31,514元,已列入103年度費用 ",https://mops.twse.com.tw/mops/#/web/t05st01,6ece5f91be693aeea7e507b33761fda16554759213b65066c2e5f6bb926fd438,0
2881,104,04,104/04/01,08:48:10,2015-04-01 08:48:10,"本公司之子公司富邦人壽誤植103年度合併財報附註揭露
P.81無活絡債券投資公允價值；影響本公司合併財報P.137其他
金融資產公允價值，已及時更正，並不影響財報損益及淨值",capital_change,,,,,,False,True,False,False,"1.事實發生日:104/04/01 2.公司名稱:富邦金融控股股份有限公司 3.與公司關係(請輸入本公司或子公司):本公司及子公司 4.相互持股比例:不適用 5.傳播媒體名稱:不適用 6.報導內容:不適用 7.發生緣由:本公司因富邦人壽誤植103年度合併財報附註揭露P.81無活絡債券投 資公允價值；並影響本公司合併財報P.137其他金融資產公允價值 8.因應措施:人壽子公司103年度合併財報p.81附註揭露(廿六)項下103.12.31金融 工具之公允價值資訊中無活絡市場之債券投資之公允價值予以更正相關資訊， 更正前為477,743,789千元，更正後為553,261,929千元。 本公司配合更正103年度合併財報p.137附註揭露(卅三)項下103.12.31金融工具之 公允價值資訊中其他金融資產-淨額之公允價值予以更正相關資訊， 更正前為682,116,847千元，更正後為757,634,987千元。 向證交所申請本公司及人壽子公司103年度合併財務報告附註揭露相關之金融工具 之公允價值資訊重新上傳至公開資訊觀測站 9.其他應敘明事項:無 ",https://mops.twse.com.tw/mops/#/web/t05st01,9932f6602bd1b86e7f6decd560c9bb2823ad14cc88ce5dd6d5ed79d55cd333a6,0
2881,104,04,104/04/09,19:57:26,2015-04-09 19:57:26,公告本公司暨主要子公司104年3月合併自結損益,capital_change,,,,,,False,True,False,False,1.事實發生日:104/04/09 2.公司名稱:富邦金融控股股份有限公司 3.與公司關係(請輸入本公司或子公司):本公司 4.相互持股比例:不適用 5.傳播媒體名稱:不適用 6.報導內容:不適用 7.發生緣由:公告本公司暨主要子公司104年3月份合併 自結損益 8.因應措施:發佈重大訊息說明 9.其他應敘明事項: 公告本公司暨主要子公司104年3月合併自結損益： 單位:億元 --------------------------3月損益-------累計1-3月損益-------------- 公司別 合併 母公司 合併 母公司 基本EPS(元) 稅前 業主稅後 稅前 業主稅後 富邦金控合併損益 63.2 45.8 247.9 200.3 1.96(註1~2) 台北富邦銀行 19.1 15.2 56.4 45.3 0.51 富邦證券 2.1 1.9 4.0 3.6 0.22 富邦產物 2.7 2.5 9.9 9.2 2.90(註2) 富邦人壽 34.8 22.2 169.5 135.1 3.07(註1) ------------------------------------------------------------------ 註1：累計3月未適用外匯價格變動準備金之EPS(元) 富邦金控：1.83 富邦人壽：2.78 註2：累計3月未適用天災保險準備金之EPS(元) 富邦金控：1.96 富邦產險：2.88 ,https://mops.twse.com.tw/mops/#/web/t05st01,a4b4e08f187f549e2635350ce9709091db5e3d6bbfe264475545d5e66cea8800,0
2881,104,04,104/04/10,19:24:12,2015-04-10 19:24:12,富邦金控代子公司富邦華一銀行有限公司公告股利分配事宜,distribution,,,,,,False,True,False,False,"1.董事會決議日期:104/04/10 2.發放股利種類及金額:發放現金股利人民幣42,189,000元 3.其他應敘明事項: 股利配發基准日（除權日）:104年4月10日 ",https://mops.twse.com.tw/mops/#/web/t05st01,6bc052abdb76ad90ed27d7bdb2e8482955c8a0c8b7b6207ddf71d3a1521c975b,0
2881,104,04,104/04/15,17:58:42,2015-04-15 17:58:42,富邦金控代子公司富邦金控創投公告103年度股利配發情形,distribution,,,,,,False,True,False,False,"1.董事會決議日期:104/04/15 2.發放股利種類及金額:擬全數分派股東現金股息新台幣479,023,402元 3.其他應敘明事項: 本案俟股東會通過後，授權董事長訂定除息基準日。 ",https://mops.twse.com.tw/mops/#/web/t05st01,cc0949e68750bc8690f1c16b38dbddd72b961df760d2bdda504188aa87504e9a,0
2881,104,04,104/04/17,18:00:12,2015-04-17 18:00:12,"富邦金控代北富銀人身保代公告103年度現金股利配發基準日
事宜",distribution,,,,,,False,False,False,False,"1.董事會、股東會決議或公司決定日期:104/04/17 2.除權、息類別（請填入「除權」、「除息」或「除權息」）:除息 3.發放股利種類及金額:現金股利NT$6,153,647元。 4.除權（息）交易日:NA 5.最後過戶日:NA 6.停止過戶起始日期:NA 7.停止過戶截止日期:NA 8.除權（息）基準日:104/06/15 9.其他應敘明事項:無 ",https://mops.twse.com.tw/mops/#/web/t05st01,24ae51fbbd8fc9ff8bb2b62984a65e6c79a700d61eb77f305c1bb5bbf6d05c01,0
2881,104,04,104/04/17,18:00:53,2015-04-17 18:00:53,富邦金控代富邦期貨公告董事會決議股利分配事宜,distribution,,,,,,False,False,False,False,"1.董事會決議日期:104/04/17 2.發放股利種類及金額:擬配發現金股利$40,997,052元 3.其他應敘明事項:無 ",https://mops.twse.com.tw/mops/#/web/t05st01,7995a68c7c65014fa28b8fa617e7016987e79dc6eec7b5ca9cb7b116714ed312,0
2881,104,04,104/04/17,18:05:28,2015-04-17 18:05:28,"富邦金控代子公司富邦金控創業投資股份有限公司公告取得
寰亞傳媒集團有限公司股票及可換股票據",capital_change,,,,,,False,True,False,False,"1.標的物之名稱及性質（屬特別股者，並應標明特別股約定發行條件，如股息率等）: 寰亞傳媒集團有限公司股票及可換股票據 2.事實發生日:103/5/5~104/4/17 3.交易數量、每單位價格及交易總金額: 股票數量:33,062,500股；每單位價格:HKD 0.3元；交易總金額:HKD 9,918,750元 可換股票據數量: 無；每單位價格:無；交易總金額:HKD 66,840,000元 4.交易相對人及其與公司之關係（交易相對人如屬自然人，且非公司之 關係人者，得免揭露其姓名）: 寰亞傳媒集團有限公司；無 5.交易相對人為關係人者，並應公告選定關係人為交易對象之原因及前次移 轉之所有人、前次移轉之所有人與公司及交易相對人間相互之關係、前次 移轉日期及移轉金額: 不適用 6.交易標的最近五年內所有權人曾為公司之關係人者，尚應公告關係人之取 得及處分日期、價格及交易當時與公司之關係: 不適用 7.本次係處分債權之相關事項（含處分之債權附隨擔保品種類、處分債權 如有屬對關係人債權者尚需公告關係人名稱及本次處分該關係人之債權 帳面金額: 不適用 8.處分利益（或損失）（取得有價證券者不適用）（原遞延者應列表說明 認列情形）: 不適用 9.交付或付款條件（含付款期間及金額）、契約限制條款及其他重要約定 事項: 交付或付款條件： 1.現金增資:認購金額為9,918,750元。 2.可換股票據部分:認購金額為HKD 66,840,000元 契約限制條款：無 其他重要約定：無 10.本次交易之決定方式、價格決定之參考依據及決策單位: 交易之決定方式、價格決定之參考依據：參考交易價格會計師合理性意見書 決策單位：董事會 11.迄目前為止，累積持有本交易證券（含本次交易）之數量、金額、持股 比例及權利受限情形（如質押情形）: 股票累積數量:99,187,500股；交易總金額:HKD 50,160,461元；持股比例: 4.94% 可換股票據數量: 無；交易總金額:HKD 66,840,000元；持股比例:不適用 權利受限:無 12.迄目前為止，依「公開發行公司取得或處分資產處理準則」第三條所列 之有價證券投資（含本次交易）占公司最近期財務報表中總資產及歸屬 於母公司業主之權益之比例暨最近期財務報表中營運資金數額（註二）: 佔總資產比例：1.08% 佔股東權益比例：1.25% 最近期財務報表中營運資金數額:不適用 13.經紀人及經紀費用: 不適用 14.取得或處分之具體目的或用途: 投資 15.本次交易表示異議董事之意見: 無 16.本次交易為關係人交易:否 17.董事會通過日期: 不適用 18.監察人承認日期: 不適用 19.本次交易會計師出具非合理性意見:否 20.其他敘明事項: 交易金額皆係以港幣金額表達，港幣匯率以@ 4.05估列",https://mops.twse.com.tw/mops/#/web/t05st01,398c74a459418a2055b366590b1f823a47bf9fa6adb56eb4876ffa42bf8c79e0,0
2881,104,04,104/04/20,18:03:17,2015-04-20 18:03:17,富邦金控代子公司富邦證券公告103年度現金股利發放事宜,distribution,,,2015-06-04,,,False,True,False,False,"1.董事會、股東會決議或公司決定日期:104/04/20 2.除權、息類別（請填入「除權」、「除息」或「除權息」）:除息 3.發放股利種類及金額:現金股東紅利新台幣809,343,973元 4.除權（息）交易日:NA 5.最後過戶日:NA 6.停止過戶起始日期:NA 7.停止過戶截止日期:NA 8.除權（息）基準日:104/06/03 9.其他應敘明事項:現金股利發放日期104/06/04 ",https://mops.twse.com.tw/mops/#/web/t05st01,f7cb5426299ad4d418126c12bbc93137ed0d4da80363f3c71f1ed4d408153603,0
2881,104,04,104/04/20,18:16:52,2015-04-20 18:16:52,富邦金控代富邦育樂公告103年度股利配發情形,distribution,,,,,,False,False,False,False,1.董事會決議日期:104/04/20 2.發放股利種類及金額:擬不分派股利。 3.其他應敘明事項:無 ,https://mops.twse.com.tw/mops/#/web/t05st01,6e5298c8731fed21731c5eed7728af8612efc0063c011b9b94c636b95b0db0c9,0
2881,104,04,104/04/27,18:02:42,2015-04-27 18:02:42,富邦金控代子公司富邦產物公告董事會決議股利分配事宜,distribution,,,,,,False,True,False,False,"1.董事會決議日期:104/04/27 2.發放股利種類及金額:現金股利NT$1,319,386,838元 3.其他應敘明事項:無 ",https://mops.twse.com.tw/mops/#/web/t05st01,86e21d7407c427b4cb295c3f2f1ba0a75879ee489535d1925caf26c4a7cafee7,0
2881,104,04,104/04/27,18:06:27,2015-04-27 18:06:27,"富邦金控代子公司富邦資產管理公告103年度股利
配發基準日事宜",distribution,,,,,,False,True,False,False,"1.董事會、股東會決議或公司決定日期:104/04/27 2.除權、息類別（請填入「除權」、「除息」或「除權息」）:除息 3.發放股利種類及金額:現金股利新台幣225,803,992元 4.除權（息）交易日:NA 5.最後過戶日:NA 6.停止過戶起始日期:NA 7.停止過戶截止日期:NA 8.除權（息）基準日:104/06/25 9.其他應敘明事項:無 ",https://mops.twse.com.tw/mops/#/web/t05st01,a6034bf3e9e31ad172a0c8127b6645abf331a9ed37b56a8979c500c551dda666,0
2881,104,04,104/04/28,18:02:40,2015-04-28 18:02:40,富邦金控公告董事會決議103年度股利分派事宜,capital_change,,,,,,False,False,False,False,"1. 董事會決議日期：2015/04/28 2. 股東配發內容： (1)盈餘分配之現金股利(元/股)：3.00000000 (2)法定盈餘公積、資本公積發放之現金(元/股)：0 (3)股東配發之現金(股利)總金額(元)：30,700,811,985 (4)盈餘轉增資配股(元/股)：0 (5)法定盈餘公積、資本公積轉增資配股(元/股)：0 (6)股東配股總股數(股)：0 3. 董監酬勞(元)：73,000,000 4. 員工紅利： (1)現金紅利金額(元)：10,000,000 (2)股票紅利金額(元)：0 5. 其他應敘明事項： 現金股利按分配比例計算至元為止,元以 下捨去,不足一元之畸零款合計數,由公司 轉列其他收入.嗣後如因買回本公司股份 或股份轉讓.轉換.註銷.增資或其他原因, 致影響流通在外股數增減,將依股東會決 議擬分配現金股利總額,按配息基準日本 公司實際流通在外股數調整配息率. 6. 普通股每股面額欄位：新台幣 10.0000元",https://mops.twse.com.tw/mops/#/web/t05st01,70f92216ad216dd5fc70f7130c22a801dacf208ff7bfc97f2e05df312d97b509,0
2881,104,04,104/04/29,19:00:44,2015-04-29 19:00:44,富邦金控代子公司台北富邦銀行公告103年度配息基準日事宜,distribution,,,,,,False,True,False,False,"1.董事會、股東會決議或公司決定日期:104/04/29 2.除權、息類別（請填入「除權」、「除息」或「除權息」）:除息 3.發放股利種類及金額:現金股利3,798,065,880元 4.除權（息）交易日:NA 5.最後過戶日:104/04/30 6.停止過戶起始日期:104/05/01 7.停止過戶截止日期:104/05/05 8.除權（息）基準日:104/05/05 9.其他應敘明事項:現金股利發放日104/05/06 ",https://mops.twse.com.tw/mops/#/web/t05st01,0b4d83455ffcba5f1496d3cccc4b840df1a9055a1bdab1792a5b4ad7aca2575c,0
2881,104,05,104/05/08,13:50:19,2015-05-08 13:50:19,公告本公司暨主要子公司104年4月合併自結損益,capital_change,,,,,,False,True,False,False,1.事實發生日:104/05/08 2.公司名稱:富邦金融控股股份有限公司 3.與公司關係(請輸入本公司或子公司):本公司 4.相互持股比例:不適用 5.傳播媒體名稱:不適用 6.報導內容:不適用 7.發生緣由:公告本公司暨主要子公司104年4月份合併 自結損益 8.因應措施:發佈重大訊息說明 9.其他應敘明事項: 公告本公司暨主要子公司104年4月合併自結損益： 單位:億元 --------------------------4月損益-------累計1-4月損益-------------- 公司別 合併 母公司 合併 母公司 基本EPS(元) 稅前 業主稅後 稅前 業主稅後 富邦金控合併損益 130.8 113.1 377.6 314.1 3.07(註1~2) 台北富邦銀行 22.6 18.7 79.0 67.4 0.76 富邦證券 0.9 0.9 5.0 4.5 0.27 富邦產物 3.8 3.4 13.9 12.4 3.89(註2) 富邦人壽 101.2 88.5 268.3 221.1 5.03(註1) ------------------------------------------------------------------ 註1：累計4月未適用外匯價格變動準備金之EPS(元) 富邦金控：2.86 富邦人壽：4.55 註2：累計4月未適用天災保險準備金之EPS(元) 富邦金控：3.07 富邦產險：3.86 ,https://mops.twse.com.tw/mops/#/web/t05st01,48113891f6b90c70cc195c7f34ee9f29316908b5228452d65fef06ce3ad8efd6,0
2881,104,05,104/05/20,18:37:23,2015-05-20 18:37:23,富邦金控代子公司富邦行銷公告103年度股利配發基準日,distribution,,,,,,False,True,False,False,"1.董事會、股東會決議或公司決定日期:104/05/20 2.除權、息類別（請填入「除權」、「除息」或「除權息」）:除息 3.發放股利種類及金額:現金股利新台幣241,682,283元 4.除權（息）交易日:NA 5.最後過戶日:NA 6.停止過戶起始日期:NA 7.停止過戶截止日期:NA 8.除權（息）基準日:104/06/25 9.其他應敘明事項:盈餘及法定公積發放現金股利 ",https://mops.twse.com.tw/mops/#/web/t05st01,d07d74e94bb60c5ddcfb262edc4efef1aa328730fc6db8de9a526e47273eff29,0
2881,104,05,104/05/21,18:19:19,2015-05-21 18:19:19,"富邦金控代子公司富邦金創公告103年度股利配發基準日
事宜",distribution,,,,,,False,True,False,False,"1.董事會、股東會決議或公司決定日期:104/05/21 2.除權、息類別（請填入「除權」、「除息」或「除權息」）:除息 3.發放股利種類及金額:現金股息新台幣479,023,402元 4.除權（息）交易日:NA 5.最後過戶日:104/04/21 6.停止過戶起始日期:104/04/22 7.停止過戶截止日期:104/05/21 8.除權（息）基準日:104/06/25 9.其他應敘明事項:現金股利發放日為104/06/25 ",https://mops.twse.com.tw/mops/#/web/t05st01,0a33ade892569414309472985554e5e7551c2cf3f8d0a2c38549d7017f5f9641,0
2881,104,05,104/05/22,18:29:58,2015-05-22 18:29:58,富邦金控代富邦期貨公告103年度股利配發基準日事宜,distribution,,,,,,False,False,False,False,"1.董事會、股東會決議或公司決定日期:104/05/22 2.除權、息類別（請填入「除權」、「除息」或「除權息」）:除息 3.發放股利種類及金額:現金股利新台幣$40,997,052元 4.除權（息）交易日:NA 5.最後過戶日:NA 6.停止過戶起始日期:NA 7.停止過戶截止日期:NA 8.除權（息）基準日:104/06/04 9.其他應敘明事項:現金股利發放日104/06/05 ",https://mops.twse.com.tw/mops/#/web/t05st01,ad1049cd10a8b6e5d38ca131ea1804a2150a90d0e23b691879846f06f982da77,0
2881,104,05,104/05/22,18:31:10,2015-05-22 18:31:10,富邦金控代富昇財產保代公告103年度股利配發基準日,distribution,,,,,,False,False,False,False,"1.董事會、股東會決議或公司決定日期:104/05/22 2.除權、息類別（請填入「除權」、「除息」或「除權息」）:除息 3.發放股利種類及金額:現金股利新台幣137,058,388元 4.除權（息）交易日:NA 5.最後過戶日:NA 6.停止過戶起始日期:NA 7.停止過戶截止日期:NA 8.除權（息）基準日:104/05/28 9.其他應敘明事項:盈餘及法定公積發放現金股利 ",https://mops.twse.com.tw/mops/#/web/t05st01,16eaf036775812b0bf6660c3bb0c9955fc85b1f448885813a68744f11a36c94f,0
2881,104,05,104/05/22,18:38:29,2015-05-22 18:38:29,富邦金控代富昇人身保代公告103年度股利配發基準日,distribution,,,,,,False,False,False,False,"1.董事會、股東會決議或公司決定日期:104/05/22 2.除權、息類別（請填入「除權」、「除息」或「除權息」）:除息 3.發放股利種類及金額:現金股利新台幣59,248,885元 4.除權（息）交易日:NA 5.最後過戶日:NA 6.停止過戶起始日期:NA 7.停止過戶截止日期:NA 8.除權（息）基準日:104/06/30 9.其他應敘明事項:盈餘及法定公積發放現金股利 ",https://mops.twse.com.tw/mops/#/web/t05st01,e65c331fac8fd2a4f35924acd931b89e62ef385031aedba7f8f65f0707134408,0
2881,104,05,104/05/26,20:49:42,2015-05-26 20:49:42,"富邦金控代運彩科技公告董事會決議減資以彌補累積
虧損事宜",capital_change,,,,,,False,False,False,False,"1.董事會決議日期:104/05/26 2.減資緣由:董事會決議減資以彌補累積虧損 3.減資金額:902,708,000元 4.消除股份:90,270,800股 5.減資比率:90.2708% 6.減資後股本:97,292,000元 7.預定股東會日期:不適用 8.預計減資新股上市後之上市普通股股數及比率 （減資後上市普通股數A、A/減資後已發行普通股）:不適用 9.前項預計減資後上巿普通股股數未達6000萬股且未達25%者， 請說明股權流通性偏低之因應措施:不適用 10.其他應敘明事項:(1)依減資基準日股東名冊所載股東持股比例減少90.2708%。 (2)本案經本次董事會決議通過後，擬提請近期董事會代行股東會核議，於該次董事 會另訂減資基準日並公告之。 ",https://mops.twse.com.tw/mops/#/web/t05st01,6b93d017b393f58a2d52284472ab53459b2d8e0f85d5416e1900d52cf4e174da,0
2882,105,06,105/06/07,16:58:14,2016-06-07 16:58:14,公告本公司暨主要子公司105年05月自結合併稅後損益,capital_change,,,,,,False,True,False,False,1.事實發生日:105/06/07 2.公司名稱:國泰金融控股股份有限公司 3.與公司關係(請輸入本公司或子公司):本公司 4.相互持股比例:不適用 5.發生緣由:公告本公司暨主要子公司105年05月自結合併稅後損益 6.因應措施:無 7.其他應敘明事項:公告105年05月本公司暨主要子公司自結合併稅後損益 單位：億元 ------------------------5月損益------------------累計1-5月損益------------- 公司別 稅前 稅後 稅前 稅後 EPS(元) 國泰金控 44.7 31.6 143.8 130.9 1.02 國泰人壽 28.3 19.4 49.0 51.9 0.95 國泰世華銀行 15.1 12.4 94.1 81.0 1.15 國泰產險 0.7 0.6 0.8 0.3 0.60 國泰證券 0.5 0.5 1.7 1.4 0.27 國泰投信 0.3 0.3 1.6 1.3 0.87 註：累計1-5月不含外匯價格變動準備金之EPS(元) 國泰金控 0.91 國泰人壽 0.69 註：累計1-5月不含收回不動產增值利益特別準備之EPS(元) 國泰金控 0.69 國泰人壽 0.17 註：累計1-5月不含天災保險準備金之EPS(元) 國泰金控 1.02 國泰產險 0.60 ,https://mops.twse.com.tw/mops/#/web/t05st01,cdf57409bc10593f93c6d6baf1de3d6b09eb055b93c066423fb776b626c0e373,0
2882,105,06,105/06/08,17:08:39,2016-06-08 17:08:39,公告本公司104年度現金股利配發基準日,distribution,2,2016-06-27,,,,False,False,False,False,"1.董事會、股東會決議或公司決定日期:105/06/08 2.除權、息類別（請填入「除權」、「除息」或「除權息」）:除息 3.發放股利種類及金額:現金股利每股配發2元，合計分配新台幣25,126,420,256元。 4.除權（息）交易日:105/06/27 5.最後過戶日:105/06/28 6.停止過戶起始日期:105/06/29 7.停止過戶截止日期:105/07/03 8.除權（息）基準日:105/07/03 9.其他應敘明事項:現金股利發放日：105/07/25 ",https://mops.twse.com.tw/mops/#/web/t05st01,61ed98f9e130cdf5686c7987c32d810ab31e021d1ab324a935e7a2473d3fad7d,0
2882,105,06,105/06/14,18:36:10,2016-06-14 18:36:10,代子公司國泰產險公告105年增資配股除權基準日。,distribution,,2016-06-15,,,,False,True,False,False,"1.董事會、股東會決議或公司決定日期:105/06/14 2.除權、息類別（請填入「除權」、「除息」或「除權息」）:「除權」 3.發放股利種類及金額:股票股利，每仟股配發31.1718股，計新台幣87,349,570元 4.除權（息）交易日:105/06/15 5.最後過戶日:105/06/16 6.停止過戶起始日期:105/06/17 7.停止過戶截止日期:105/06/21 8.除權（息）基準日:105/06/21 9.其他應敘明事項: (1)本公司104年度盈餘分派案，業經105年4月27日經董事會代行股東會職權通過。 (2)本公司盈餘轉增資發行新股案，業於105年4月27日經董事會代行股東會職權通過， 提撥新台幣87,349,570元，轉為增資發行新股8,734,957股，並經呈奉 金融監督管理委員會105年6月6日核准在案。 (3)新股之權利義務與原發行股份相同。 ",https://mops.twse.com.tw/mops/#/web/t05st01,32eacb0210aaadc328b15ecf048b8f4654ebfcb2f8bcc287d7d204abada42e23,0
2882,105,06,105/06/16,17:04:27,2016-06-16 17:04:27,國泰金控代子公司國泰投信公告除息基準日,distribution,,2016-06-24,,,,False,True,False,False,"1.董事會、股東會決議或公司決定日期:105/06/16 2.除權、息類別（請填入「除權」、「除息」或「除權息」）:除息 3.發放股利種類及金額:104年度股利新台幣280,636,541元 4.除權（息）交易日:105/06/24 5.最後過戶日:105/06/25 6.停止過戶起始日期:105/06/26 7.停止過戶截止日期:105/06/30 8.除權（息）基準日:105/06/30 9.其他應敘明事項:無 ",https://mops.twse.com.tw/mops/#/web/t05st01,b1480a6172b0defb08df488ef0368c5d2066921b0dfcf982c35d3950bf83743e,0
2882,105,07,105/07/01,17:41:25,2016-07-01 17:41:25,代子公司國泰世華銀行公告除權息基準日,capital_change,,2016-07-05,,,,False,True,False,False,"1.董事會、股東會決議或公司決定日期:105/07/01 2.除權、息類別（請填入「除權」、「除息」或「除權息」）:除權息 3.發放股利種類及金額:現金股利新臺幣10,421,940,748元及股票股利 新臺幣2,620,209,610元，共計新臺幣13,042,150,358元。 4.除權（息）交易日:105/07/05 5.最後過戶日:105/07/06 6.停止過戶起始日期:105/07/07 7.停止過戶截止日期:105/07/11 8.除權（息）基準日:105/07/11 9.其他應敘明事項:(1)本公司於105年4月28日經董事會代行股東會職權決議通過， 以104年度部分盈餘新臺幣2,620,209,610元轉增資發行每股面額新臺幣10元之普通股， 屬非私募股東配發之金額為2,488,779,560元，屬私募股東配發之金額為131,430,050元 ，並於105年6月22日獲金管會核准。 (2)新股之權利義務與原發行股份相同。 ",https://mops.twse.com.tw/mops/#/web/t05st01,543259f6d831786734b549ab1b89dfaf86da7f8b3b0a7ad1468bcb79435f4b58,0
2882,105,07,105/07/08,13:55:26,2016-07-08 13:55:26,公告本公司暨主要子公司105年06月自結合併稅後損益,capital_change,,,,,,False,True,False,False,1.事實發生日:105/07/08 2.公司名稱:國泰金融控股股份有限公司 3.與公司關係(請輸入本公司或子公司):本公司 4.相互持股比例:不適用 5.發生緣由:公告本公司暨主要子公司105年06月自結合併稅後損益 6.因應措施:無 7.其他應敘明事項:公告105年06月本公司暨主要子公司自結合併稅後損益 單位：億元 ------------------------6月損益------------------累計1-6月損益------------- 公司別 稅前 稅後 稅前 稅後 EPS(元) 國泰金控 55.2 12.5 199.0 143.4 1.11 國泰人壽 60.2 27.2 109.2 79.2 1.45 國泰世華銀行 12.6 13.7 106.7 94.6 1.34 國泰產險 4.2 3.6 5.0 3.8 1.85 國泰證券 0.4 0.3 2.1 1.7 0.32 國泰投信 0.1 0.04 1.6 1.4 0.90 註：累計1-6月不含外匯價格變動準備金之EPS(元) 國泰金控 0.94 國泰人壽 1.03 註：累計1-6月不含收回不動產增值利益特別準備之EPS(元) 國泰金控 0.72 國泰人壽 0.51 註：累計1-6月不含天災保險準備金之EPS(元) 國泰金控 1.11 國泰產險 1.85 ,https://mops.twse.com.tw/mops/#/web/t05st01,000112f9fa3259839f23f41e6c1f1246a8081b96c2a8fe77f4c1efb2d903a648,0
2882,105,08,105/08/05,17:01:33,2016-08-05 17:01:33,代國泰期貨公告105年增資配股除權基準日,distribution,,2016-08-10,,,,False,False,False,False,"1.董事會、股東會決議或公司決定日期:105/08/05 2.除權、息類別（請填入「除權」、「除息」或「除權息」）:「除權」 3.發放股利種類及金額:股票股利新台幣17,000,000元。 4.除權（息）交易日: 105/08/10 5.最後過戶日: 105/08/11 6.停止過戶起始日期: 105/08/12 7.停止過戶截止日期: 105/08/16 8.除權（息）基準日: 105/08/16 9.其他應敘明事項: (1)本公司104年度盈餘分派案，業經105年4月27日經股東會通過。 (2)本公司盈餘轉增資發行新股案，業於105年3月15日經董事會通過， 提撥新台幣17,000,000元，轉為增資發行新股1,700,000股， 並經呈奉金融監督管理委員會105年7月25日金管證期字第1050027411號函核准在案。 ",https://mops.twse.com.tw/mops/#/web/t05st01,a2f4ce0f71f4644779d59795d27075c12e0b85d099ba28cfe2e8f7b38e428a68,0
2882,105,08,105/08/08,17:31:38,2016-08-08 17:31:38,公告本公司暨主要子公司105年07月自結合併稅後損益,capital_change,,,,,,False,True,False,False,1.事實發生日:105/08/08 2.公司名稱:國泰金融控股股份有限公司 3.與公司關係(請輸入本公司或子公司):本公司 4.相互持股比例:不適用 5.發生緣由:公告本公司暨主要子公司105年07月自結合併稅後損益 6.因應措施:無 7.其他應敘明事項:公告105年07月本公司暨主要子公司自結合併稅後損益 單位：億元 ------------------------7月損益------------------累計1-7月損益------------- 公司別 稅前 稅後 稅前 稅後 EPS(元) 國泰金控 155.7 141.9 353.2 284.3 2.23 國泰人壽 106.1 101.2 214.2 179.4 3.34 國泰世華銀行 19.6 16.2 126.3 110.8 1.51 國泰產險 16.4 13.8 21.4 17.6 6.55 國泰證券 0.6 0.5 2.7 2.2 0.41 國泰投信 0.4 0.3 2.0 1.7 1.12 註：累計1-7月不含外匯價格變動準備金之EPS(元) 國泰金控 1.98 國泰人壽 2.74 註：累計1-7月不含收回不動產增值利益特別準備之EPS(元) 國泰金控 1.77 國泰人壽 2.24 註：累計1-7月不含天災保險準備金之EPS(元) 國泰金控 2.23 國泰產險 6.55 ,https://mops.twse.com.tw/mops/#/web/t05st01,7ee0643608b45eec80678c60464ea6572dfd7d407c4c0e4559ce05753f64c392,0
2882,105,08,105/08/09,17:03:57,2016-08-09 17:03:57,代子公司國泰綜合證券公告105年增資配股除權基準日。,distribution,,2016-08-10,,,,False,True,False,False,"1.董事會、股東會決議或公司決定日期:105/08/09 2.除權、息類別（請填入「除權」、「除息」或「除權息」）:「除權」 3.發放股利種類及金額:股票股利新台幣380,000,000元。 4.除權（息）交易日:105/08/10 5.最後過戶日:105/08/11 6.停止過戶起始日期:105/08/12 7.停止過戶截止日期:105/08/16 8.除權（息）基準日:105/08/16 9.其他應敘明事項: (1)本公司104年度盈餘分派案，業經105年4月27日經董事會代行股東會職權通過。 (2)本公司盈餘轉增資發行新股案，業於105年4月27日經董事會代行股東會職權通過， 提撥新台幣380,000,000元，轉為增資發行新股38,000,000股， 並經金融監督管理委員會於105年7月18日核准。 ",https://mops.twse.com.tw/mops/#/web/t05st01,3757af32c21cb907a8ef2afb91e10e5928175fc2928adf8b70cb54eac45d6f20,0
2882,105,08,105/08/18,17:05:25,2016-08-18 17:05:25,"代子公司國泰世華銀行公告召開董事會通過
105年上半年度本行結算財務報表及合併財務報表案",capital_change,,,,,,False,True,False,False,"1.事實發生日:105/08/18 2.公司名稱:國泰世華商業銀行 3.與公司關係(請輸入本公司或子公司):子公司 4.相互持股比例:為本公司100%持有之子公司 5.發生緣由: 國泰世華銀行於105年08月18日下午舉行董事會議，會中通過 105年上半年度本行結算財務報表、本行及子公司合併財務報表 審議案。國泰世華銀行105年上半年度淨收益為新台幣24,542百萬元， 稅後純益為新台幣9,305百萬元，合併淨收益(含非控制權益) 為新台幣25,214百萬元，合併稅後純益(含非控制權益) 為新台幣9,447百萬元，稅後每股盈餘為1.29元。 6.因應措施:無 7.其他應敘明事項:無 ",https://mops.twse.com.tw/mops/#/web/t05st01,8183ad85172d63b990f6ae943caf2c2b806d513a4e083c398cfa419d115d9192,0
2882,105,09,105/09/08,14:59:07,2016-09-08 14:59:07,公告本公司暨主要子公司105年08月自結合併稅後損益,capital_change,,,,,,False,True,False,False,1.事實發生日:105/09/08 2.公司名稱:國泰金融控股股份有限公司 3.與公司關係(請輸入本公司或子公司):本公司 4.相互持股比例:不適用 5.發生緣由:公告本公司暨主要子公司105年08月自結合併稅後損益 6.因應措施:無 7.其他應敘明事項:公告105年08月本公司暨主要子公司自結合併稅後損益 單位：億元 ------------------------8月損益------------------累計1-8月損益------------- 公司別 稅前 稅後 稅前 稅後 EPS(元) 國泰金控 83.2 72.9 436.4 357.2 2.80 國泰人壽 62.3 55.9 276.4 235.2 4.39 國泰世華銀行 18.6 15.3 144.9 126.1 1.72 國泰產險 2.3 1.9 23.6 19.6 7.22 國泰證券 0.5 0.5 3.1 2.7 0.50 國泰投信 0.5 0.4 2.5 2.1 1.38 註：累計1-8月不含外匯價格變動準備金之EPS(元) 國泰金控 2.47 國泰人壽 3.59 註：累計1-8月不含收回不動產增值利益特別準備之EPS(元) 國泰金控 2.28 國泰人壽 3.14 註：累計1-8月不含天災保險準備金之EPS(元) 國泰金控 2.80 國泰產險 6.84 ,https://mops.twse.com.tw/mops/#/web/t05st01,6542fea2dc66fbc9d08ca70d0a5ef146781ea2ece4709802daf6621340c5c11e,0
2882,105,10,105/10/05,18:17:45,2016-10-05 18:17:45,代子公司國泰人壽公告乙種特別股提前贖回之減資基準日,capital_change,,,,2016-10-11,,False,True,False,False,1.董事會決議日期:NA 2.減資基準日:105/10/11 3.減資換發股票作業計畫:不適用 4.換發股票基準日:不適用 5.減資後新股權利義務:不適用 6.新股預計上市日:不適用 7.預計減資新股上市後之上市普通股股數:不適用 8.預計減資新股上市後之上市普通股股數占已發行普通股比率 （減資後上市普通股股數/減資後已發行普通股股數）:不適用 9.前二項預計減資後上巿普通股股數未達6000萬股且未達25%者， 請說明股權流通性偏低之因應措施:不適用 10.其他應敘明事項: (1)本減資案經金融監督管理委員會105年10月4日金管保壽字第10502101600號 函核准在案。 (2)105年7月25日第十八屆第十八次臨時董事會授權董事長於奉目的事業主管機關 核准後，訂定減資基準日。 ,https://mops.twse.com.tw/mops/#/web/t05st01,8973ee0e20faea251a6364582f9194f0b04f38be32df62bbf62b6c82908f126a,0
2882,105,10,105/10/06,21:34:45,2016-10-06 21:34:45,公告本公司暨主要子公司105年09月自結合併稅後損益,capital_change,,,,,,False,True,False,False,1.事實發生日:105/10/06 2.公司名稱:國泰金融控股股份有限公司 3.與公司關係(請輸入本公司或子公司):本公司 4.相互持股比例:不適用 5.發生緣由:公告本公司暨主要子公司105年09月自結合併稅後損益 6.因應措施:無 7.其他應敘明事項:公告105年09月本公司暨主要子公司自結合併稅後損益 單位：億元 ------------------------9月損益------------------累計1-9月損益------------- 公司別 稅前 稅後 稅前 稅後 EPS(元) 國泰金控 34.5 36.0 470.9 393.2 3.09 國泰人壽 18.3 19.1 294.7 254.3 4.74 國泰世華銀行 14.1 15.3 158.9 141.4 1.92 國泰產險 2.5 2.2 26.1 21.7 7.97 國泰證券 0.1 0.02 3.2 2.7 0.51 國泰投信 0.3 0.2 2.8 2.3 1.54 註：累計1-9月不含外匯價格變動準備金之EPS(元) 國泰金控 2.70 國泰人壽 3.83 註：累計1-9月不含收回不動產增值利益特別準備之EPS(元) 國泰金控 2.49 國泰人壽 3.33 註：累計1-9月不含天災保險準備金之EPS(元) 國泰金控 3.08 國泰產險 7.58 ,https://mops.twse.com.tw/mops/#/web/t05st01,98230103c410d4be7d23153faabfd8833619f1460bc7117d92d9fa86cc2773e1,0
2882,105,11,105/11/08,17:00:14,2016-11-08 17:00:14,公告本公司暨主要子公司105年10月自結合併稅後損益,capital_change,,,,,,False,True,False,False,1.事實發生日:105/11/08 2.公司名稱:國泰金融控股股份有限公司 3.與公司關係(請輸入本公司或子公司):本公司 4.相互持股比例:不適用 5.發生緣由:公告本公司暨主要子公司105年10月自結合併稅後損益 6.因應措施:無 7.其他應敘明事項:公告105年10月本公司暨主要子公司自結合併稅後損益 單位：億元 ------------------------10月損益------------------累計1-10月損益------------- 公司別 稅前 稅後 稅前 稅後 EPS(元) 國泰金控 21.8 30.8 491.4 423.3 3.32 國泰人壽 3.2 16.2 297.3 269.8 5.03 國泰世華銀行 16.5 13.5 175.4 154.9 2.11 國泰產險 1.3 1.1 27.4 22.8 8.35 國泰證券 0.3 0.3 3.5 3.0 0.56 國泰投信 0.5 0.4 3.2 2.7 1.81 註：累計1-10月不含外匯價格變動準備金之EPS(元) 國泰金控 2.85 國泰人壽 3.90 註：累計1-10月不含收回不動產增值利益特別準備之EPS(元) 國泰金控 2.66 國泰人壽 3.47 註：累計1-10月不含天災保險準備金之EPS(元) 國泰金控 3.31 國泰產險 7.96 ,https://mops.twse.com.tw/mops/#/web/t05st01,4ca1ddd629b43f017ee479b6975199b57882a7420ce982022ae98bdd59edcc6b,0
2882,105,11,105/11/10,17:04:37,2016-11-10 17:04:37,"代子公司國泰世華銀行公告召開董事會通過
105年前三季合併財務報表案",capital_change,,,,,,False,True,False,False,"1.事實發生日:105/11/10 2.公司名稱:國泰世華商業銀行 3.與公司關係(請輸入本公司或子公司):子公司 4.相互持股比例:為本公司100%持有之子公司 5.發生緣由: 國泰世華銀行於105年11月10日下午舉行董事會議，會中通過 105年前三季本行及子公司合併財務報表 審議案。國泰世華銀行105年前三季合併淨收益(含非控制權益) 為新台幣38,578百萬元，合併稅後純益(含非控制權益) 為新台幣14,107百萬元，稅後每股盈餘為1.92元。 6.因應措施:無 7.其他應敘明事項:無 ",https://mops.twse.com.tw/mops/#/web/t05st01,4c178c4c032550195cde0dc4d562f330f51e280f6fa6616d4ce1103b73d132a9,0
2882,105,12,105/12/08,14:00:43,2016-12-08 14:00:43,公告本公司暨主要子公司105年11月自結合併稅後損益,capital_change,,,,,,False,True,False,False,1.事實發生日:105/12/08 2.公司名稱:國泰金融控股股份有限公司 3.與公司關係(請輸入本公司或子公司):本公司 4.相互持股比例:不適用 5.發生緣由:公告本公司暨主要子公司105年11月自結合併稅後損益 6.因應措施:無 7.其他應敘明事項:公告105年11月本公司暨主要子公司自結合併稅後損益 單位：億元 ------------------------11月損益------------------累計1-11月損益------------- 公司別 稅前 稅後 稅前 稅後 EPS(元) 國泰金控 21.0 30.9 512.4 454.3 3.56 國泰人壽 7.3 19.9 304.6 289.7 5.40 國泰世華銀行 13.0 10.9 188.4 165.8 2.26 國泰產險 0.7 0.5 28.1 23.3 8.52 國泰證券 0.1 0.03 3.6 3.0 0.56 國泰投信 0.2 0.2 3.5 2.9 1.94 註：累計1-11月不含外匯價格變動準備金之EPS(元) 國泰金控 3.10 國泰人壽 4.29 註：累計1-11月不含收回不動產增值利益特別準備之EPS(元) 國泰金控 2.84 國泰人壽 3.68 註：累計1-11月不含天災保險準備金之EPS(元) 國泰金控 3.56 國泰產險 8.17 ,https://mops.twse.com.tw/mops/#/web/t05st01,95f919efa41c4a6bce51a2aed027898bc3bc7e81e8a0583fe8191a8e0a0571f3,0
2882,105,12,105/12/13,18:10:08,2016-12-13 18:10:08,"代子公司國泰人壽公告乙種特別股提前贖回之
減資變更登記完成",capital_change,,,,,,False,True,False,False,"1.主管機關核准減資日期:105/10/04 2.辦理資本變更登記完成日期:105/12/13 3.對財務報告之影響（含實收資本額與流通在外股數之差異與對每股淨值之影響）: (1)實收資本額減少新台幣2,000,000,000元，變更後之實收資本額 為新台幣54,315,273,950元。 (2)流通在外之普通股股數為5,306,527,395股；特別股股數減少 200,000,000股，變更後為125,000,000股。 (3)對每股淨值無影響。 4.預計換股作業計畫:不適用 5.預計減資新股上市後之上市普通股股數:不適用 6.預計減資新股上市後之上市普通股股數占已發行普通股比率 （減資後上市普通股股數/減資後已發行普通股股數）:不適用 7.前二項預計減資後上巿普通股股數未達6000萬股且未達25%者，請說明股權流通性偏低 之因應措施:不適用 8.其他應敘明事項: 本公司於105年12月13日取得經濟部核准函。 ",https://mops.twse.com.tw/mops/#/web/t05st01,52962ff41eb0d30fb0852bfd4887b3b9b759ebfc5d71aa7ae95853dd7007e245,0
2882,113,03,113/03/05,17:25:36,2024-03-05 17:25:36,代子公司國泰世華銀行(柬埔寨)公告股利事宜,distribution,,,,,,False,True,False,False,1.董事會決議日期:113/03/05 2.發放股利種類及金額:董事會決議不發放股利 3.其他應敘明事項:無 ,https://mops.twse.com.tw/mops/#/web/t05st01,3d8022d2a150b619959080ce28a186436b752957b97ef8db84616ee63bba06ee,0
2882,113,03,113/03/05,17:30:46,2024-03-05 17:30:46,代子公司國泰世華銀行公告董事會決議112年度股利分派事項,distribution,,,,,,False,True,False,False,"1.董事會決議日期:113/03/05 2.發放股利種類及金額:112年度股利擬配發如下: (1)法定盈餘公積:新臺幣8,347,090,023元 (2)股票股利:新臺幣11,514,483,390元 (3)現金股利:新臺幣16,289,798,282元 3.其他應敘明事項:無 ",https://mops.twse.com.tw/mops/#/web/t05st01,0c664d12e0be3aa60faca88afb88125fa23f16079e38322fc3bc4dda1372ca8c,0
2882,113,03,113/03/06,17:31:23,2024-03-06 17:31:23,代子公司國泰產險公告董事會決議112年度股利分派事項,distribution,,,,,,False,True,False,False,"1.董事會決議日期:113/03/04 2.發放股利種類及金額: 112年度股利擬配發如下： 法定盈餘公積：新台幣 249,102,111元 特別盈餘公積：新台幣 706,554,685元 提撥現金股利：新台幣 289,853,758元 3.其他應敘明事項:無 ",https://mops.twse.com.tw/mops/#/web/t05st01,209aa02f47b7f6ae560c3646404c1016a68206c59e73c8440be5d5a07ffcad12,0
2882,113,03,113/03/08,18:00:01,2024-03-08 18:00:01,公告本公司暨主要子公司113年02月自結合併稅後損益,capital_change,,,,,,False,True,False,False,1.事實發生日:113/03/08 2.公司名稱:國泰金融控股股份有限公司 3.與公司關係(請輸入本公司或子公司):本公司 4.相互持股比例:不適用 5.發生緣由:公告本公司暨主要子公司113年02月自結合併稅後損益 6.因應措施:無 7.其他應敘明事項(若事件發生或決議之主體係屬公開發行以上公司，本則重大訊息同時 符合證券交易法施行細則第7條第9款所定對股東權益或證券價格有重大影響之事項): 公告113年02月本公司暨主要子公司自結合併稅後損益 單位：億元 ------------------------2月損益------------------累計1-2月損益------------- 公司別 稅前 稅後 稅前 稅後 EPS(元) 國泰金控 121.5 109.9 226.5 203.9 1.41 國泰人壽 77.2 75.2 123.8 122.4 2.00 國泰世華銀行 39.2 31.5 88.0 71.2 0.65 國泰產險 1.4 1.0 6.5 5.6 2.78 國泰證券 2.7 2.2 6.6 5.4 0.70 國泰投信 2.5 2.0 4.8 3.8 2.55 註：累計1-2月不含外匯價格變動準備金之EPS(元) 國泰金控 1.69 國泰人壽 2.63 註：累計1-2月不含天災保險準備金之EPS(元) 國泰金控 1.41 國泰產險 2.78 ,https://mops.twse.com.tw/mops/#/web/t05st01,8cff23f4ff7630e3333e2b17680cbcd85cf483789eac116ae0382cdb1769155b,0
2882,113,03,113/03/29,17:10:21,2024-03-29 17:10:21,代越南國泰產物保險有限公司公告董事會決議不發放股利,distribution,,,,,,False,False,False,False,1.董事會決議日期:113/03/29 2.發放股利種類及金額:無 3.其他應敘明事項:無 ,https://mops.twse.com.tw/mops/#/web/t05st01,aff7196efbbff8819826a76d94a496d2835903d2bde6f283e562f93c68240806,0
2882,113,04,113/04/10,17:35:00,2024-04-10 17:35:00,公告本公司暨主要子公司113年03月自結合併稅後損益,capital_change,,,,,,False,True,False,False,1.事實發生日:113/04/10 2.公司名稱:國泰金融控股股份有限公司 3.與公司關係(請輸入本公司或子公司):本公司 4.相互持股比例:不適用 5.發生緣由:公告本公司暨主要子公司113年03月自結合併稅後損益 6.因應措施:無 7.其他應敘明事項(若事件發生或決議之主體係屬公開發行以上公司，本則重大訊息同時 符合證券交易法施行細則第7條第9款所定對股東權益或證券價格有重大影響之事項): 公告113年03月本公司暨主要子公司自結合併稅後損益 單位：億元 ------------------------3月損益------------------累計1-3月損益------------- 公司別 稅前 稅後 稅前 稅後 EPS(元) 國泰金控 200.5 168.0 427.0 371.9 2.57 國泰人壽 148.5 125.0 272.3 247.4 3.99 國泰世華銀行 40.8 33.0 128.8 104.2 0.95 國泰產險 3.7 3.2 10.2 8.8 4.38 國泰證券 4.6 3.7 11.3 9.1 1.18 國泰投信 2.5 2.0 7.2 5.8 3.87 註：累計1-3月不含外匯價格變動準備金之EPS(元) 國泰金控 3.21 國泰人壽 5.48 註：累計1-3月不含天災保險準備金之EPS(元) 國泰金控 2.57 國泰產險 4.38 ,https://mops.twse.com.tw/mops/#/web/t05st01,55a4192014b5236b3e50e7140fbbdaad6d85180268680317f60e2e55fd4753c5,0
2882,113,04,113/04/30,15:39:45,2024-04-30 15:39:45,董事會決議分派普通股股利每股2元,capital_change,,,,,,False,False,False,False,"1. 董事會擬議日期：113/04/30 2. 股利所屬年(季)度：112年 年度 3. 股利所屬期間：112/01/01 至 112/12/31 4. 股東配發內容： (1)盈餘分配之現金股利(元/股)：2.00000000 (2)法定盈餘公積發放之現金(元/股)：0 (3)資本公積發放之現金(元/股)：0 (4)股東配發之現金(股利)總金額(元)：29,338,420,256 (5)盈餘轉增資配股(元/股)：0 (6)法定盈餘公積轉增資配股(元/股)：0 (7)資本公積轉增資配股(元/股)：0 (8)股東配股總股數(股)：0 5. 其他應敘明事項： 後續如因買回本公司股份、發行GDR或其他 原因，致分派股利基準日之流通在外股數 有所增減者，將依實際流通在外股數調整 股東配息率。 6. 普通股每股面額欄位：新台幣10.0000元",https://mops.twse.com.tw/mops/#/web/t05st01,97825cd96d7885ebd240cd26f01e77d65497fd5aa3b96ff1e7a3662560283662,0
2882,113,04,113/04/30,15:42:04,2024-04-30 15:42:04,分派甲種特別股股利,capital_change,,,,,,False,False,False,False,"1. 董事會擬議日期：113/04/30 2. 股利所屬年(季)度：112年 年度 3. 股利所屬期間：112/01/01 至 112/12/31 4. 股東配發內容： (1)盈餘分配之現金股利(元/股)：2.30000000 (2)法定盈餘公積發放之現金(元/股)：0 (3)資本公積發放之現金(元/股)：0 (4)股東配發之現金(股利)總金額(元)：1,913,402,913 (5)盈餘轉增資配股(元/股)：0 (6)法定盈餘公積轉增資配股(元/股)：0 (7)資本公積轉增資配股(元/股)：0 (8)股東配股總股數(股)：0 5. 其他應敘明事項： 本公司發行甲種特別股833,300,000股，按發行 價格60元，持有期間112/1/1~112/12/7共341天 以特別股股息年率3.8%計算，持有期間112/12/8 ~112/12/31共24天以重設股息年率4.21%計算。 6. 普通股每股面額欄位：新台幣10.0000元",https://mops.twse.com.tw/mops/#/web/t05st01,f983d266499ac9eacc27250906f42af937e32558173738e4c046e30930336b26,0
2882,113,04,113/04/30,15:44:34,2024-04-30 15:44:34,分派乙種特別股股利,capital_change,,,,,,False,False,False,False,"1. 董事會擬議日期：113/04/30 2. 股利所屬年(季)度：112年 年度 3. 股利所屬期間：112/01/01 至 112/12/31 4. 股東配發內容： (1)盈餘分配之現金股利(元/股)：2.13000000 (2)法定盈餘公積發放之現金(元/股)：0 (3)資本公積發放之現金(元/股)：0 (4)股東配發之現金(股利)總金額(元)：1,491,000,000 (5)盈餘轉增資配股(元/股)：0 (6)法定盈餘公積轉增資配股(元/股)：0 (7)資本公積轉增資配股(元/股)：0 (8)股東配股總股數(股)：0 5. 其他應敘明事項： 無。 6. 普通股每股面額欄位：新台幣10.0000元",https://mops.twse.com.tw/mops/#/web/t05st01,ca3e7b898645a396bb5ee19fd57ae879a130af5ff60aceba7c760eab301953c2,0
2882,113,05,113/05/09,17:00:00,2024-05-09 17:00:00,公告本公司暨主要子公司113年04月自結合併稅後損益,capital_change,,,,,,False,True,False,False,1.事實發生日:113/05/09 2.公司名稱:國泰金融控股股份有限公司 3.與公司關係(請輸入本公司或子公司):本公司 4.相互持股比例:不適用 5.發生緣由:公告本公司暨主要子公司113年04月自結合併稅後損益 6.因應措施:無 7.其他應敘明事項(若事件發生或決議之主體係屬公開發行以上公司，本則重大訊息同時 符合證券交易法施行細則第7條第9款所定對股東權益或證券價格有重大影響之事項): 公告113年04月本公司暨主要子公司自結合併稅後損益 單位：億元 ------------------------4月損益------------------累計1-4月損益------------- 公司別 稅前 稅後 稅前 稅後 EPS(元) 國泰金控 161.5 137.4 588.4 509.4 3.53 國泰人壽 119.8 104.0 392.1 351.4 5.68 國泰世華銀行 37.8 30.5 166.6 134.7 1.23 國泰產險 1.1 0.9 11.3 9.6 4.81 國泰證券 3.4 2.7 14.7 11.8 1.53 國泰投信 2.3 1.9 9.6 7.7 5.11 註：累計1-4月不含外匯價格變動準備金之EPS(元) 國泰金控 4.59 國泰人壽 8.14 註：累計1-4月不含天災保險準備金之EPS(元) 國泰金控 3.53 國泰產險 4.81 ,https://mops.twse.com.tw/mops/#/web/t05st01,6a30297f90cb72b20f808f9a699fbb8fe65731aa0a67074021cb6ae90bd7a43e,0
2882,113,05,113/05/29,17:02:04,2024-05-29 17:02:04,代子公司國泰投顧公告除息基準日。,distribution,,2024-06-19,,,,True,True,False,False,"1.董事會、股東會決議或公司決定日期:113/05/29 2.除權、息類別（請填入「除權」、「除息」或「除權息」）:除息。 3.發放股利種類及金額:現金股利新臺幣182,070,039元。 4.除權（息）交易日:113/06/19 5.最後過戶日:113/06/20 6.停止過戶起始日期:113/06/21 7.停止過戶截止日期:113/06/25 8.除權（息）基準日:113/06/25 9.其他應敘明事項:無 ",https://mops.twse.com.tw/mops/#/web/t05st01,ab96e42d392d2328a588e29e986f078c64b73bf002f32923c93ac2ec13ee3131,0
2882,113,06,113/06/10,14:00:01,2024-06-10 14:00:01,公告本公司暨主要子公司113年05月自結合併稅後損益,capital_change,,,,,,False,True,False,False,1.事實發生日:113/06/10 2.公司名稱:國泰金融控股股份有限公司 3.與公司關係(請輸入本公司或子公司):本公司 4.相互持股比例:不適用 5.發生緣由:公告本公司暨主要子公司113年05月自結合併稅後損益 6.因應措施:無 7.其他應敘明事項(若事件發生或決議之主體係屬公開發行以上公司，本則重大訊息同時 符合證券交易法施行細則第7條第9款所定對股東權益或證券價格有重大影響之事項): 公告113年05月本公司暨主要子公司自結合併稅後損益 單位：億元 ------------------------5月損益------------------累計1-5月損益------------- 公司別 稅前 稅後 稅前 稅後 EPS(元) 國泰金控 89.7 78.8 678.1 588.1 4.07 國泰人壽 43.5 41.8 435.6 393.2 6.35 國泰世華銀行 41.0 33.0 207.6 167.7 1.53 國泰產險 0.4 0.3 11.6 10.0 4.98 國泰證券 6.6 5.8 21.3 17.5 2.28 國泰投信 2.4 1.9 12.0 9.6 6.40 註：累計1-5月不含外匯價格變動準備金之EPS(元) 國泰金控 5.01 國泰人壽 8.54 註：累計1-5月不含天災保險準備金之EPS(元) 國泰金控 4.07 國泰產險 4.98 ,https://mops.twse.com.tw/mops/#/web/t05st01,df88db3d6da0915ea63920f2a70825d46892aa4ea12c0f683e28985ad2eef372,0
2882,113,06,113/06/14,14:01:58,2024-06-14 14:01:58,公告本公司112年度普通股現金股利配發基準日,distribution,2,2024-07-01,2024-07-29,,,True,False,True,False,"1.董事會、股東會決議或公司決定日期:113/06/14 2.除權、息類別（請填入「除權」、「除息」或「除權息」）:除息 3.普通股發放股利種類及金額: 現金股利每股配發2元，合計分配新台幣29,338,420,256元。 4.除權（息）交易日:113/07/01 5.最後過戶日:113/07/02 6.停止過戶起始日期:113/07/03 7.停止過戶截止日期:113/07/07 8.除權（息）基準日:113/07/07 9.債券最後申請轉換日期:不適用 10.債券停止轉換起始日期:不適用 11.債券停止轉換截止日期:不適用 12.普通股現金股利發放日期:113/07/29 13.其他應敘明事項:無 ",https://mops.twse.com.tw/mops/#/web/t05st01,1254bbc90e789e6babc41fef04d3b1bbf5d176a204d797028247f279f6f66891,0
2882,113,06,113/06/14,14:02:31,2024-06-14 14:02:31,公告本公司112年度甲種特別股現金股利配發基準日,distribution,2.29617534,2024-07-01,2024-07-29,,,True,False,True,False,"1.董事會、股東會決議或公司決定日期:113/06/14 2.除權、息類別（請填入「除權」、「除息」或「除權息」）:除息 3.發放特別股股利種類及金額: 現金股利每股配發2.29617534元，合計分配新台幣1,913,402,913元。 4.除權（息）交易日:113/07/01 5.最後過戶日:113/07/02 6.停止過戶起始日期:113/07/03 7.停止過戶截止日期:113/07/07 8.除權（息）基準日:113/07/07 9.特別股最後申請轉換日期:NA 10.特別股停止轉換起始日期:NA 11.特別股停止轉換截止日期:NA 12.特別股現金股利發放日期:113/07/29 13.其他應敘明事項:無 ",https://mops.twse.com.tw/mops/#/web/t05st01,3cfd3caf4c76848b28bac6e30082771167a32cb718007dc7d60eb0dd2444c349,0
2882,113,06,113/06/14,14:03:01,2024-06-14 14:03:01,公告本公司112年度乙種特別股現金股利配發基準日,distribution,2.13,2024-07-01,2024-07-29,,,True,False,True,False,"1.董事會、股東會決議或公司決定日期:113/06/14 2.除權、息類別（請填入「除權」、「除息」或「除權息」）:除息 3.發放特別股股利種類及金額: 現金股利每股配發2.13元，合計分配新台幣1,491,000,000元。 4.除權（息）交易日:113/07/01 5.最後過戶日:113/07/02 6.停止過戶起始日期:113/07/03 7.停止過戶截止日期:113/07/07 8.除權（息）基準日:113/07/07 9.特別股最後申請轉換日期:NA 10.特別股停止轉換起始日期:NA 11.特別股停止轉換截止日期:NA 12.特別股現金股利發放日期:113/07/29 13.其他應敘明事項:無 ",https://mops.twse.com.tw/mops/#/web/t05st01,6aa5a917c15e627b221568d8c2092d7665718333ec218c476be3f276dd3e3baa,0
2882,113,06,113/06/19,17:02:09,2024-06-19 17:02:09,代子公司國泰綜合證券公告除息基準日。,distribution,,2024-07-01,,,,True,True,False,False,"1.董事會、股東會決議或公司決定日期:113/06/19 2.除權、息類別（請填入「除權」、「除息」或「除權息」）:除息 3.發放股利種類及金額:現金股利新台幣1,553,065,331元 4.除權（息）交易日:113/07/01 5.最後過戶日:113/07/02 6.停止過戶起始日期:113/07/03 7.停止過戶截止日期:113/07/07 8.除權（息）基準日:113/07/07 9.其他應敘明事項:無 ",https://mops.twse.com.tw/mops/#/web/t05st01,8d2abe76f34471bff47c247cd8d5d18da8f8a8a74e19b8c84e8fae00534b797f,0
2882,113,06,113/06/28,17:13:53,2024-06-28 17:13:53,代子公司國泰產險公告除息基準日,distribution,,2024-07-09,,,,True,True,False,False,"1.董事會、股東會決議或公司決定日期:113/06/28 2.除權、息類別（請填入「除權」、「除息」或「除權息」）:「除息」 3.發放股利種類及金額:本公司112年度盈餘分派案， 業經113年4月30日董事會（代行股東會）通過， 分配現金股利新台幣289,853,758元。 4.除權（息）交易日:113/07/09 5.最後過戶日:113/07/10 6.停止過戶起始日期:113/07/11 7.停止過戶截止日期:113/07/15 8.除權（息）基準日:113/07/15 9.其他應敘明事項:無 ",https://mops.twse.com.tw/mops/#/web/t05st01,098f526d37015dc69fbfde4784716d567abec6d0b3519729425f4622106ac808,0
2882,113,07,113/07/04,17:53:55,2024-07-04 17:53:55,代國泰期貨公告112年度現金股利配發基準日,distribution,,2024-07-10,,,,True,False,False,False,"1.董事會、股東會決議或公司決定日期:113/07/04 2.除權、息類別（請填入「除權」、「除息」或「除權息」）:除息 3.發放股利種類及金額:現金股利新臺幣110,467,244元 4.除權（息）交易日:113/07/10 5.最後過戶日:113/07/11 6.停止過戶起始日期:113/07/12 7.停止過戶截止日期:113/07/16 8.除權（息）基準日:113/07/16 9.其他應敘明事項: 現金股利發放日：113/07/30 ",https://mops.twse.com.tw/mops/#/web/t05st01,a6548c19af28c2e031c95ab5d443b3e2ae24ab2172fd9196c18bc18f54229260,0
2882,113,07,113/07/05,17:13:13,2024-07-05 17:13:13,代子公司國泰投信公告除息基準日,distribution,,2024-07-11,,,,True,True,False,False,"1.董事會、股東會決議或公司決定日期:113/07/05 2.除權、息類別（請填入「除權」、「除息」或「除權息」）:除息 3.發放股利種類及金額:本公司112年度盈餘分派案， 業經113年4月27日董事會（代行股東會）通過， 分配現金股利新台幣1,590,513,808元。 4.除權（息）交易日:113/07/11 5.最後過戶日:113/07/12 6.停止過戶起始日期:113/07/15 7.停止過戶截止日期:113/07/19 8.除權（息）基準日:113/07/19 9.其他應敘明事項:無 ",https://mops.twse.com.tw/mops/#/web/t05st01,bf3ee02cf1543d6851ffcc553d19aabee19a89d5673a73fd5e2383094faffd1b,0
2882,113,07,113/07/05,17:14:07,2024-07-05 17:14:07,代子公司國泰世華銀行公告除權息基準日,distribution,,2024-07-09,,,,True,True,False,False,"1.董事會、股東會決議或公司決定日期:113/07/05 2.除權、息類別（請填入「除權」、「除息」或「除權息」）:除權息 3.發放股利種類及金額:現金股利新臺幣16,289,798,282元及股票股利 新臺幣11,514,483,390元，共計新臺幣27,804,281,672元。 4.除權（息）交易日:113/07/09 5.最後過戶日:113/07/10 6.停止過戶起始日期:113/07/11 7.停止過戶截止日期:113/07/15 8.除權（息）基準日:113/07/15 9.其他應敘明事項:無 ",https://mops.twse.com.tw/mops/#/web/t05st01,cac74ae09323ee5bf789123b7e7ade350ab95401281e833738edfa6fdf8e1890,0
2882,113,07,113/07/09,17:30:01,2024-07-09 17:30:01,公告本公司暨主要子公司113年06月自結合併稅後損益,capital_change,,,,,,False,True,False,False,1.事實發生日:113/07/09 2.公司名稱:國泰金融控股股份有限公司 3.與公司關係(請輸入本公司或子公司):本公司 4.相互持股比例:不適用 5.發生緣由:公告本公司暨主要子公司113年06月自結合併稅後損益 6.因應措施:無 7.其他應敘明事項(若事件發生或決議之主體係屬公開發行以上公司，本則重大訊息同時 符合證券交易法施行細則第7條第9款所定對股東權益或證券價格有重大影響之事項): 公告113年06月本公司暨主要子公司自結合併稅後損益 單位：億元 ------------------------6月損益------------------累計1-6月損益------------- 公司別 稅前 稅後 稅前 稅後 EPS(元) 國泰金控 153.9 128.0 832.0 716.1 4.66 國泰人壽 100.9 89.4 536.6 482.6 7.63 國泰世華銀行 39.7 34.0 247.3 201.7 1.67 國泰產險 3.8 3.3 15.4 13.3 6.63 國泰證券 4.8 4.1 26.1 21.7 2.81 國泰投信 2.3 1.8 14.3 11.4 7.62 註：累計1-6月不含外匯價格變動準備金之EPS(元) 國泰金控 5.63 國泰人壽 9.88 註：累計1-6月不含天災保險準備金之EPS(元) 國泰金控 4.66 國泰產險 6.63 ,https://mops.twse.com.tw/mops/#/web/t05st01,9568dc5a82125c0fafdf1439ca9904b1d62b0e37ef935d38aca3eea19e7ceb29,0
2882,113,08,113/08/07,18:02:47,2024-08-07 18:02:47,公告本公司113年上半年度合併財務報告董事會預計召開日期,capital_change,,,,,,False,False,False,False,1.董事會召集通知日:113/08/07 2.董事會預計召開日期:113/08/15 3.預計提報董事會或經董事會決議之財務報告或 年度自結財務資訊年季:113年上半年度合併財務報告 4.其他應敘明事項:無 ,https://mops.twse.com.tw/mops/#/web/t05st01,31ecbb0de50b827d2ea77697a59882f90879ab64c4b64a9074f6d18a4bba1736,0
2882,113,08,113/08/08,17:45:00,2024-08-08 17:45:00,公告本公司暨主要子公司113年07月自結合併稅後損益,capital_change,,,,,,False,True,False,False,"1.事實發生日:113/08/08 2.公司名稱:國泰金融控股股份有限公司 3.與公司關係(請輸入本公司或子公司):本公司 4.相互持股比例:不適用 5.發生緣由:公告本公司暨主要子公司113年07月自結合併稅後損益 6.因應措施:無 7.其他應敘明事項(若事件發生或決議之主體係屬公開發行以上公司，本則重大訊息同時 符合證券交易法施行細則第7條第9款所定對股東權益或證券價格有重大影響之事項): 公告113年07月本公司暨主要子公司自結合併稅後損益 單位：億元 ------------------------7月損益------------------累計1-7月損益------------- 公司別 稅前 稅後 稅前 稅後 EPS(元) 國泰金控 235.6 214.9 1,067.6 931.0 6.07 國泰人壽 178.7 168.3 715.3 650.9 10.18 國泰世華銀行 47.9 39.1 295.2 240.8 1.99 國泰產險 3.8 3.3 19.3 16.5 8.27 國泰證券 6.5 5.5 32.7 27.1 3.52 國泰投信 2.7 2.1 17.0 13.6 9.05 註：累計1-7月不含外匯價格變動準備金之EPS(元) 國泰金控 7.75 國泰人壽 14.05 註：累計1-7月不含天災保險準備金之EPS(元) 國泰金控 6.07 國泰產險 8.27 ",https://mops.twse.com.tw/mops/#/web/t05st01,10470283fc20758e83127a9a5e7665bd1723aad171edd3ece0390e6e2b7303be,0
2883,106,10,106/10/11,18:24:56,2017-10-11 18:24:56,"中華開發金控公告本公司暨主要子公司106年9月份自結合併
盈餘",capital_change,,,,,,False,True,False,False,1.事實發生日:106/10/11 2.公司名稱:中華開發金控 3.與公司關係(請輸入本公司或子公司):本公司 4.相互持股比例:不適用 5.發生緣由:公告本公司暨主要子公司106年9月份自結合併盈餘 6.因應措施:無 7.其他應敘明事項: 合併稅後(億元) ---------------------------------------------------------------- 9月份 累計1至9月份 -------------------------- ------------------------------------ 總損益 母公司 非控制 總損益 母公司 非控制 稅後每股 業主 權益 業主 權益 盈餘(元) -------- -------- -------- -------- -------- -------- --------- 開發金控 28.72 29.27 -0.55 87.46 88.88 -1.42 0.61 中華開發資本 2.23 2.22 0.01 23.65 23.53 0.12 1.14 凱基銀行 5.46 5.46 0.00 28.09 28.04 0.05 0.61 凱基證券 40.57 39.35 1.22 66.90 66.71 0.19 1.97 中國人壽 8.79 8.79 0.00 76.04 76.04 0.00 2.01 上述資料均係公司自結數。 註1：本公司及子公司凱基證券分別持有中國人壽25.33%及9.63% (不含因承作衍生性商品交易之避險部位)。 註2：中國人壽累計9月未適用外匯價格變動準備金之EPS(元)：1.23 ,https://mops.twse.com.tw/mops/#/web/t05st01,20d518c795ce14dfa3002aa68e2bad9f7df7973e78a645eda6057a46fc36df80,0
2883,106,11,106/11/10,18:03:00,2017-11-10 18:03:00,中華開發金控公告本公司暨主要子公司106年10月份自結合併盈餘,capital_change,,,,,,False,True,False,False,1.事實發生日:106/11/10 2.公司名稱:中華開發金控 3.與公司關係(請輸入本公司或子公司):本公司 4.相互持股比例:不適用 5.發生緣由:公告本公司暨主要子公司106年10月份自結合併盈餘 6.因應措施:無 7.其他應敘明事項: 合併稅後(億元) ---------------------------------------------------------------- 10月份 累計1至10月份 -------------------------- ------------------------------------ 總損益 母公司 非控制 總損益 母公司 非控制 稅後每股 業主 權益 業主 權益 盈餘(元) -------- -------- -------- -------- -------- -------- --------- 開發金控 7.85 7.25 0.60 95.31 96.13 -0.82 0.66 中華開發資本 0.67 0.65 0.02 24.32 24.18 0.14 1.17 凱基銀行 4.45 4.47 -0.02 32.54 32.51 0.03 0.71 凱基證券 3.07 3.01 0.06 69.97 69.72 0.25 2.08 中國人壽 6.32 6.32 0.00 82.36 82.36 0.00 2.18 上述資料均係公司自結數。 註1：本公司及子公司凱基證券分別持有中國人壽25.33%及9.63%(不含因承作衍生性商品 交易之避險部位)。 註2：中國人壽累計10月未適用外匯價格變動準備金之EPS(元)：1.40 ,https://mops.twse.com.tw/mops/#/web/t05st01,693ab59d4e59b8bd71c1bbb0abd769a085345c62d500f19d98e3ddb4e2298c0c,0
2883,106,12,106/12/11,16:55:30,2017-12-11 16:55:30,"中華開發金控公告本公司暨主要子公司106年11月份自結
合併盈餘",capital_change,,,,,,False,True,False,False,1.事實發生日:106/12/11 2.公司名稱:中華開發金控 3.與公司關係(請輸入本公司或子公司):本公司 4.相互持股比例:不適用 5.發生緣由:公告本公司暨主要子公司106年11月份自結合併盈餘 6.因應措施:無 7.其他應敘明事項: 合併稅後(億元) ---------------------------------------------------------------- 11月份 累計1至11月份 -------------------------- ------------------------------------ 總損益 母公司 非控制 總損益 母公司 非控制 稅後每股 業主 權益 業主 權益 盈餘(元) -------- -------- -------- -------- -------- -------- --------- 開發金控 13.65 12.94 0.71 108.96 109.07 -0.11 0.75 中華開發資本 8.20 8.20 0.00 32.52 32.38 0.14 1.57 凱基銀行 2.14 2.15 -0.01 34.68 34.66 0.02 0.75 凱基證券 5.37 5.34 0.03 75.34 75.06 0.28 2.26 中國人壽 4.24 4.24 0.00 86.60 86.60 0.00 2.29 上述資料均係公司自結數。 註1：本公司及子公司凱基證券分別持有中國人壽25.33%及9.63%。 註2：中國人壽累計11月未適用外匯價格變動準備金之EPS(元)：1.45 ,https://mops.twse.com.tw/mops/#/web/t05st01,9cc0897586cd3f798d837dcc2290fd3f9f7809f7b396a2ba356607d7234e47e9,0
2883,106,12,106/12/26,16:00:26,2017-12-26 16:00:26,"中華開發金控代子公司中華開發資本所屬之CDIB Global
Markets Limited 公告董事會決議股利發放事宜",distribution,,,,,,False,True,False,False,1.董事會決議日期:106/12/26 2.發放股利種類及金額:現金股利美金20佰萬元 3.其他應敘明事項:無 ,https://mops.twse.com.tw/mops/#/web/t05st01,c858745130d6e3d63d40780539874e9dfcb395660893b12c278fc81e65486030,0
2883,106,12,106/12/26,18:59:38,2017-12-26 18:59:38,"中華開發金控公告取得子公司中華開發資本股份有限公司以
退還本公司股份方式辦理減資之用途及預計產生效益",capital_change,,,,,,False,True,False,False,"1.事實發生日:106/12/26 2.公司名稱:中華開發金融控股股份有限公司 3.與公司關係(請輸入本公司或子公司):本公司 4.相互持股比例:不適用 5.發生緣由: 本公司之子公司中華開發資本股份有限公司(以下稱 「中華開發資本」)申請減資新臺幣192,834,970元乙案， 業經金融監督管理委員會106年12月26日金管銀控字 第10600248650號函准予照辦。本減資案之用途及預計產生 效益係為符合金融控股公司法第31條規定，中華開發資本 擬就前因以債作股而持有之萬泰商業銀行普通股於103年 間轉換為本公司普通股20,646,142股抵充股款，減資退還予 本公司192,834,970元，本公司將就本次收回之股份辦理 減資註銷。 6.因應措施: 無 7.其他應敘明事項: 無 ",https://mops.twse.com.tw/mops/#/web/t05st01,954398edb447cc8b32b6677679520d9594cedabb6895a58f0cc3d12bf124e0e1,0
2883,106,12,106/12/29,15:49:27,2017-12-29 15:49:27,中華開發金控代子公司中華開發資本公告減資基準日,capital_change,,,,2017-12-29,,True,True,False,False,"1.董事會決議日期:NA 2.減資基準日: 106/12/29 3.減資換發股票作業計畫:不適用。 4.換發股票基準日:NA 5.停止過戶起始日期:NA 6.停止過戶截止日期:NA 7.減資後新股權利義務:與原已發行普通股相同。 8.新股預計上市日:NA 9.預計減資新股上市後之上市普通股股數:不適用。 10.預計減資新股上市後之上市普通股股數占已發行普通股比率 （減資後上市普通股股數/減資後已發行普通股股數）:不適用。 11.前二項預計減資後上巿普通股股數未達6000萬股且未達25%者， 請說明股權流通性偏低之因應措施:不適用。 12.其他應敘明事項: (1)本公司106年9月25日股東會決議減資及銷除普通股股份 19,283,497股（每股面額新臺幣10元），計新臺幣192,834,970元 ，並奉金融監督管理委員會106年12月26日金管銀控字 第10600248650號函准予照辦在案。 (2)本公司106年9月25日股東會授權董事長訂定減資基準日。 (3)依金融控股公司法第15條規定，本公司股東會職權由 董事會行使。 ",https://mops.twse.com.tw/mops/#/web/t05st01,d9849131a7ad45edc75218ebb98ddea72dadd92a3e389ceb5825c93a6d8a5fd0,0
2883,107,01,107/01/09,18:06:38,2018-01-09 18:06:38,"中華開發金控公告取得子公司中華開發資本退還本公司股份
辦理減資之執行進度",capital_change,,,,,,False,True,False,False,"1.事實發生日:107/01/09 2.公司名稱:中華開發金融控股股份有限公司 3.與公司關係(請輸入本公司或子公司):本公司 4.相互持股比例:不適用 5.發生緣由: (1)本公司之子公司中華開發資本股份有限公司(以下稱 「中華開發資本」)申請減資新臺幣192,834,970元乙案， 業經金融監督管理委員會106年12月26日金管銀控字 第10600248650號函准予照辦。 (2)依據「金融控股公司之子公司減資辦法」第五條第二項規定， 金融控股公司子公司減資後，應於每季結束後十日內， 將該資金運用情形，輸入公開資訊觀測站。 1.用途：為符合金融控股公司法第31條規定，中華開發資本就 其因以債作股而持有之萬泰商業銀行普通股於103年間轉換 為本公司普通股20,646,142股抵充股款，減資退還予本 公司192,834,970元，本公司將就本次收回之股份辦理減資註銷。 2.運用情形：中華開發資本減資程序尚在進行中，本公司待收 到退還股份後將依規辦理。 3.執行進度：預定進度：100%；實際進度：0% 6.因應措施:無 7.其他應敘明事項:無 ",https://mops.twse.com.tw/mops/#/web/t05st01,156e974b5150c5c79413cad0fda2011ac8f3708172522ca1a27d4bc61fbe064e,0
2883,107,01,107/01/10,18:09:44,2018-01-10 18:09:44,"中華開發金控公告本公司暨主要子公司106年12月份自結合併
盈餘",capital_change,,,,,,False,True,False,False,1.事實發生日:107/01/10 2.公司名稱:中華開發金控 3.與公司關係(請輸入本公司或子公司):本公司 4.相互持股比例:不適用 5.發生緣由:公告本公司暨主要子公司106年12月份自結合併盈餘 6.因應措施:無 7.其他應敘明事項: 合併稅後(億元) ---------------------------------------------------------------- 12月份 累計1至12月份 -------------------------- ------------------------------------ 總損益 母公司 非控制 總損益 母公司 非控制 稅後每股 業主 權益 業主 權益 盈餘(元) -------- -------- -------- -------- -------- -------- --------- 開發金控 14.14 7.34 6.80 123.10 116.41 6.69 0.80 中華開發資本 0.96 0.97 -0.01 33.48 33.35 0.13 1.62 凱基銀行 -2.88 -2.89 0.01 31.80 31.77 0.03 0.69 凱基證券 5.43 5.40 0.03 80.77 80.46 0.31 2.44 中國人壽 4.24 4.24 0.00 90.84 90.84 0.00 2.40 上述資料均係公司自結數。 註1：本公司及子公司凱基證券分別持有中國人壽25.33%及9.63%。 註2：中國人壽累計12月未適用外匯價格變動準備金之EPS(元)：1.59 ,https://mops.twse.com.tw/mops/#/web/t05st01,aea8154c8dd40a8902f2c42974906016b723151c2f9182c5b26c3822f1229ac9,0
2883,107,01,107/01/26,16:25:11,2018-01-26 16:25:11,"中華開發金控代子公司中華開發資本公告減資案業經經濟部
核准資本變更登記",capital_change,,,,,,False,True,False,False,"1.主管機關核准減資日期:106/12/26 2.辦理資本變更登記完成日期:107/01/24 3.對財務報告之影響（含實收資本額與流通在外股數之差異與對每股淨值之影響）: (1)減資前：本公司106/12/28實收資本額為 新臺幣20,603,994,100元，發行股數為2,060,399,410股， 每股淨值為新臺幣25.79元。 (2)減資後：本公司106/12/29實收資本額為 新臺幣20,411,159,130元，發行股數為2,041,115,913股， 每股淨值為新臺幣25.93元。 4.預計換股作業計畫:不適用。 5.預計減資新股上市後之上市普通股股數:不適用。 6.預計減資新股上市後之上市普通股股數占已發行普通股比率 （減資後上市普通股股數/減資後已發行普通股股數）:不適用。 7.前二項預計減資後上巿普通股股數未達6000萬股且未達25%者，請說明股權流通性偏低 之因應措施:不適用。 8.其他應敘明事項: 本公司於107年1月26日收到經濟部變更登記核准函，特此公告。 ",https://mops.twse.com.tw/mops/#/web/t05st01,af707a8b18ad83208b06cfa8620bec1c11b162c581cbab092ef43d5ce32f9fcc,0
2883,107,02,107/02/08,18:10:03,2018-02-08 18:10:03,"中華開發金控公告本公司暨主要子公司107年1月份自結合併
盈餘",capital_change,,,,,,False,True,False,False,1.事實發生日:107/02/08 2.公司名稱:中華開發金控 3.與公司關係(請輸入本公司或子公司):本公司 4.相互持股比例:不適用 5.發生緣由:公告本公司暨主要子公司107年1月份自結合併盈餘 6.因應措施:無 7.其他應敘明事項: 合併稅後(億元) ------------------------------------- 1月份 ------------------------------------- 總損益 母公司 非控制 稅後每股 業主 權益 盈餘(元) -------- -------- -------- --------- 開發金控 26.59 17.66 8.93 0.12 中華開發資本 4.98 4.96 0.02 0.24 凱基銀行 6.12 6.11 0.01 0.13 凱基證券 4.62 4.52 0.10 0.15 中國人壽 16.54 16.54 0.00 0.44 上述資料均係公司自結數。 註1：本公司及子公司凱基證券分別持有中國人壽25.33%及9.63%。 註2：中國人壽1月未適用外匯價格變動準備金之EPS(元)：0.17 ,https://mops.twse.com.tw/mops/#/web/t05st01,a9d53481a3df9852f8be4b057ba3faa1a9711cca5519f9772a0d8af7c2cbb41f,0
2883,111,01,111/01/10,17:27:26,2022-01-10 17:27:26,"中華開發金控公告本公司暨主要子公司110年12月份
自結合併盈餘",capital_change,,,,,,False,True,False,False,1.事實發生日:111/01/10 2.公司名稱:中華開發金控 3.與公司關係(請輸入本公司或子公司):本公司 4.相互持股比例:不適用 5.發生緣由:公告本公司暨主要子公司110年12月份自結合併盈餘 6.因應措施:無 7.其他應敘明事項: 合併稅後(億元) ---------------------------------------------------------------------- 12月份 累計 1 至 12 月份 ---------------------------------------------------------------------- 總損益 母公司 非控制 總損益 母公司 非控制 稅後每股 業主 權益 業主 權益 盈餘(元) ------- -------- -------- ------- -------- -------- ------------------ 開發金控 16.24 17.10 -0.86 470.58 350.02 120.56 2.34 中國人壽 1.24 1.24 0.00 285.40 285.40 0.00 5.80 凱基銀行 3.56 3.56 0.00 41.48 41.36 0.12 0.90 中華開發資本 3.49 3.48 0.01 98.91 98.94 -0.03 4.85 凱基證券 11.52 11.52 0.00 129.04 129.01 0.03 3.65 上述資料均係公司自結數。 註：中國人壽累計12月未適用外匯價格變動準備金之EPS(元)：5.69。 ,https://mops.twse.com.tw/mops/#/web/t05st01,e685c3a59b31213d76b05d1c13b2383c2e100396d88f0613436a4faab4e78b22,0
2883,111,01,111/01/21,18:30:20,2022-01-21 18:30:20,"中華開發金控代子公司凱基證券股份有限公司(下稱「凱基證
券」)公告董事會決議減資案",capital_change,,,,,,False,True,False,False,"1.董事會決議日期:111/01/21 2.減資緣由:母公司中華開發金控與中國人壽於110年12月30日完成股份轉換，致凱基證券 原持有之中國人壽股份，於轉換基準日轉換為中華開發金控股份計普通股340,713,669股 、特別股310,901,223股以及現金4,897,759,016元，凱基證券擬以所持有之中華開發金 控股份計普通股340,713,669股、特別股310,901,223股以及現金4,897,759,016元退還母 公司中華開發金控方式辦理減資。本次減資以111年1月20日為衡量日，按該日中華開發 金控每股收盤價計算擬退還財產之價值及抵充之數額，抵充數額如未滿一股面額新台幣 10元，則以現金補足之。 3.減資金額:新臺幣14,208,611,810元(含公募普通股13,490,273,680元及私募普通股 718,338,130元)。 4.消除股份:1,420,861,181股(含公募普通股1,349,027,368股及私募普通股 71,833,813股)。 5.減資比率:43.06%。 6.減資後股本:新臺幣18,787,366,290元。 7.預定股東會日期:依金融控股公司法第15條第1項，擬於111/2/18由董事會代行股東會 職權。 8.預計減資新股上市後之上市普通股股數:不適用。 9.預計減資新股上市後之上市普通股股數占已發行普通股比率 （減資後上市普通股股數/減資後已發行普通股股數）:不適用。 10.前二項預計減資後上巿普通股股數未達6000萬股且未達25%者， 請說明股權流通性偏低之因應措施:不適用。 11.減資基準日:本減資案授權董事長俟報經主管機關核准後訂定減資基準日。 12.其他應敘明事項:無。 ",https://mops.twse.com.tw/mops/#/web/t05st01,3c7f4641883f46c9d6ae09bf4cb86dd72101014e82f79a1c839ef844b1fc4b5c,0
2883,111,01,111/01/21,18:30:48,2022-01-21 18:30:48,"中華開發金控代子公司凱基證券公告
董事會決議減資上繳中華開發金控特別股",capital_change,,,,,,False,True,False,False,"1.標的物之名稱及性質（屬特別股者，並應標明特別股約定發行條件，如股息率等）: 中華開發金控特別股 2.事實發生日:111/1/21~111/1/21 3.交易單位數量、每單位價格及交易總金額: 交易單位數量：特別股310,901,223股 單位價格：特別股9.4元 交易總金額：新臺幣 2,922,471,496 元整 4.交易相對人及其與公司之關係（交易相對人如屬自然人，且非公司之 關係人者，得免揭露其姓名）: 交易相對人：中華開發金融控股股份有限公司 與公司之關係：本公司之母公司 5.交易相對人為關係人者，並應公告選定關係人為交易對象之原因及前次移 轉之所有人、前次移轉之所有人與公司及交易相對人間相互之關係、前次 移轉日期及移轉金額: 因母公司中華開發金控與中國人壽進行股份轉換，本公司 原持有中國人壽425,892,087股普通股，於股份轉換基準日 110年12月30日轉換為母公司中華開發金控普通股 340,713,669股及特別股310,901,223股。 為配合母公司中華開發金控發展策略及整體資本配置規劃， 暨提升資本使用效率，本公司規劃辦理減少資本， 將前開因股份轉換取得之中華開發金控普通股340,713,669股 及特別股310,901,223股抵充股款，減資退還母公司中華開發金控。 6.交易標的最近五年內所有權人曾為公司之關係人者，尚應公告關係人之取 得及處分日期、價格及交易當時與公司之關係: 不適用 7.本次係處分債權之相關事項（含處分之債權附隨擔保品種類、處分債權 如有屬對關係人債權者尚需公告關係人名稱及本次處分該關係人之債權 帳面金額: 不適用 8.處分利益（或損失）（取得有價證券者不適用）（遞延者應列表說明 認列情形）: 不適用 9.交付或付款條件（含付款期間及金額）、契約限制條款及其他重要約定 事項: 減資上繳中華開發金控特別股 10.本次交易之決定方式、價格決定之參考依據及決策單位: 本次交易之決定方式：減資上繳中華開發金控特別股 價格決定之參考依據：以111年1月20日為衡量日，按該日中華開發金控特別股每股 收盤價計算擬退還財產之價值及抵充之數額。 決策單位：董事會 11.取得或處分有價證券標的公司每股淨值: 14.81元 12.迄目前為止，累積持有本交易證券（含本次交易）之數量、金額、持股 比例及權利受限情形（如質押情形）: 數量：0張 金額：新臺幣0元整 持股比例：0% 權利受限情形：無 13.迄目前為止，依「公開發行公司取得或處分資產處理準則」第三條所列 之有價證券投資（含本次交易）占公司最近期財務報表中總資產及歸屬 於母公司業主之權益之比例暨最近期財務報表中營運資金數額: （1）占總資產之比例：29.16% （2）占歸屬於母公司業主之權益之比例：36.17% （3）最近期財務報表中營運資金數額：不適用 14.經紀人及經紀費",https://mops.twse.com.tw/mops/#/web/t05st01,5b27006fd556116ee89a17b43d8a90b0f6ee0bb9c149eb4ac844dc1bfb681841,0
2883,111,01,111/01/21,18:31:05,2022-01-21 18:31:05,"中華開發金控代子公司凱基證券公告
董事會決議減資上繳中華開發金控普通股",capital_change,,,,,,False,True,False,False,"1.標的物之名稱及性質（屬特別股者，並應標明特別股約定發行條件，如股息率等）: 中華開發金控普通股 2.事實發生日:111/1/21~111/1/21 3.交易單位數量、每單位價格及交易總金額: 交易單位數量：普通股340,713,669股 單位價格：普通股18.75元 交易總金額：新臺幣6,388,381,293元整 4.交易相對人及其與公司之關係（交易相對人如屬自然人，且非公司之 關係人者，得免揭露其姓名）: 交易相對人：中華開發金融控股股份有限公司 與公司之關係：本公司之母公司 5.交易相對人為關係人者，並應公告選定關係人為交易對象之原因及前次移 轉之所有人、前次移轉之所有人與公司及交易相對人間相互之關係、前次 移轉日期及移轉金額: 因母公司中華開發金控與中國人壽進行股份轉換，本公司 原持有中國人壽425,892,087股普通股，於股份轉換基準日 110年12月30日轉換為母公司中華開發金控普通股 340,713,669股及特別股310,901,223股。 為配合母公司中華開發金控發展策略及整體資本配置規劃， 暨提升資本使用效率，本公司規劃辦理減少資本， 將前開因股份轉換取得之中華開發金控普通股340,713,669股 及特別股310,901,223股抵充股款，減資退還母公司中華開發金控。 6.交易標的最近五年內所有權人曾為公司之關係人者，尚應公告關係人之取 得及處分日期、價格及交易當時與公司之關係: 不適用 7.本次係處分債權之相關事項（含處分之債權附隨擔保品種類、處分債權 如有屬對關係人債權者尚需公告關係人名稱及本次處分該關係人之債權 帳面金額: 不適用 8.處分利益（或損失）（取得有價證券者不適用）（遞延者應列表說明 認列情形）: 不適用 9.交付或付款條件（含付款期間及金額）、契約限制條款及其他重要約定 事項: 減資上繳中華開發金控普通股 10.本次交易之決定方式、價格決定之參考依據及決策單位: 本次交易之決定方式：減資上繳中華開發金控普通股 價格決定之參考依據：以111年1月20日為衡量日，按該日中華開發金控普通股每股 收盤價計算擬退還財產之價值及抵充之數額。 決策單位：董事會 11.取得或處分有價證券標的公司每股淨值: 14.81元 12.迄目前為止，累積持有本交易證券（含本次交易）之數量、金額、持股 比例及權利受限情形（如質押情形）: 數量：0 張 金額：新臺幣0元整 持股比例：0% 權利受限情形：無 13.迄目前為止，依「公開發行公司取得或處分資產處理準則」第三條所列 之有價證券投資（含本次交易）占公司最近期財務報表中總資產及歸屬 於母公司業主之權益之比例暨最近期財務報表中營運資金數額: （1）占總資產之比例：29.16% （2）占歸屬於母公司業主之權益之比例：36.17% （3）最近期財務報表中營運資金數額：不適用 14.經紀人及經紀",https://mops.twse.com.tw/mops/#/web/t05st01,8398d3cba170e13486054ab97ebca077f8815579f3ca980b980d662fef3c3bb4,0
2883,111,02,111/02/11,16:47:38,2022-02-11 16:47:38,"中華開發金控公告本公司暨主要子公司111年1月份
自結合併盈餘",capital_change,,,,,,False,True,False,False,1.事實發生日:111/02/11 2.公司名稱:中華開發金控。 3.與公司關係(請輸入本公司或子公司):本公司。 4.相互持股比例:不適用。 5.發生緣由:公告本公司暨主要子公司111年1月份自結合併盈餘。 6.因應措施:無。 7.其他應敘明事項: 合併稅後(億元) --------------------------------------------------- 1月份 --------------------------------------------------- 總損益 母公司 非控制 稅後每股 業主 權益 盈餘(元) --------------------------------------------------- 開發金控 33.86 33.85 0.01 0.20 中國人壽 37.27 37.27 0.00 0.76 凱基銀行 5.58 5.57 0.01 0.12 中華開發資本 -4.59 -4.60 0.01 -0.23 凱基證券 1.31 1.31 0.00 0.04 上述資料均係公司自結數。 註：中國人壽1月未適用外匯價格變動準備金之EPS(元)：0.84。 ,https://mops.twse.com.tw/mops/#/web/t05st01,5f8483593bfc1479a1b393aa080273aff2039dc8630ceafe4758e25175779f96,0
2883,111,02,111/02/18,17:40:24,2022-02-18 17:40:24,"中華開發金控代子公司凱基證券股份有限公司(下稱「凱基證
券」)依法辦理減資之債權人公告",capital_change,,,,,,False,True,False,False,"1.事實發生日:111/02/18 2.公司名稱:凱基證券 3.與公司關係(請輸入本公司或子公司):子公司 4.相互持股比例:100% 5.發生緣由: (1)依公司法第281條準用第73條之規定，向債權人公告減資事宜。本次減資計消除已發 行普通股股份新台幣(以下同)14,208,611,810元(含公募普通股13,490,273,680元及私 募普通股718,338,130元)，減資比例為43.06 %，減資後實收資本額為新臺幣 18,787,366,290元。 (2)凱基證券債權人對本次減資如有異議，請於本公告刊登翌日起三十一日內以書面向 凱基證券提出，以便依法處理，逾期未表示者即視為無異議，特此公告。 6.因應措施:公告通知各債權人。 7.其他應敘明事項:依金融控股公司法第15條第1項，於111/2/18由董事會代行股東會職 權。 ",https://mops.twse.com.tw/mops/#/web/t05st01,a34a0a931e92eb2c150abaacce4543ab0916252b9aea4d3dcafde5e121902b3e,0
2883,111,02,111/02/24,18:52:31,2022-02-24 18:52:31,"中華開發金控代子公司凱基證券公告減資案辦理資本變更
登記完成",capital_change,,,,,,False,True,False,False,"1.主管機關核准減資日期:111/02/24 2.辦理資本變更登記完成日期:111/02/24 3.對財務報告之影響（含實收資本額與流通在外股數之差異與對每股淨值之影響）: (1)減資前：本公司實收資本額為新臺幣35,495,978,100元，發行股數為3,549,597,810 股，每股淨值為新臺幣21.5元。 (2)減資後：本公司實收資本額為新臺幣32,995,978,100元，發行股數為3,299,597,810 股，每股淨值為新臺幣22.37元。 4.預計換股作業計畫:不適用。 5.預計減資新股上市後之上市普通股股數:不適用。 6.預計減資新股上市後之上市普通股股數占已發行普通股比率 （減資後上市普通股股數/減資後已發行普通股股數）:不適用。 7.前二項預計減資後上巿普通股股數未達6000萬股且未達25%者，請說明股權流通性偏低 之因應措施:不適用。 8.其他應敘明事項:本公司於111年02月24日收到經濟部變更登記核准函，特此公告。 ",https://mops.twse.com.tw/mops/#/web/t05st01,bef6b42e620319cf51f628902811104bbac2adae7c2b309189dd9c787296c101,0
2883,111,03,111/03/09,18:06:28,2022-03-09 18:06:28,"開發金控代子公司凱基證所屬之KG Investments Holdings
Limited公告董事會決議發放股利",distribution,,,,,,False,True,False,False,"1.董事會決議日期:111/03/09 2.發放股利種類及金額:普通股現金股利美金8,474,000元。 3.其他應敘明事項:無。 ",https://mops.twse.com.tw/mops/#/web/t05st01,187c64d96ff2ed1fa343d1a61e9d3c95f0586503f0995016060d88c241d369eb,0
2883,111,03,111/03/09,18:07:03,2022-03-09 18:07:03,"開發金控代子公司凱基證所屬之KGI International Holdings
Limited公告董事會決議發放股利",distribution,,,,,,False,True,False,False,"1.董事會決議日期:111/03/09 2.發放股利種類及金額:普通股現金股利美金8,474,000元。 3.其他應敘明事項:無。 ",https://mops.twse.com.tw/mops/#/web/t05st01,3734d1571e35af3bf177673353c70567a23e6b8f5122b7f535b63fa5edb28ef1,0
2883,111,03,111/03/09,18:15:20,2022-03-09 18:15:20,"中華開發金控公告本公司暨主要子公司111年2月份自結
合併盈餘",capital_change,,,,,,False,True,False,False,1.事實發生日:111/03/09 2.公司名稱:中華開發金控 3.與公司關係(請輸入本公司或子公司):本公司。 4.相互持股比例:不適用。 5.發生緣由:公告本公司暨主要子公司111年2月份自結合併盈餘。 6.因應措施:無。 7.其他應敘明事項: 合併稅後(億元) ---------------------------------------------------------------------- 2月份 累計 1 至 2 月份 ---------------------------------------------------------------------- 總損益 母公司 非控制 總損益 母公司 非控制 稅後每股 業主 權益 業主 權益 盈餘(元) ------- -------- -------- ------- -------- -------- ------------------ 開發金控 27.21 27.19 0.02 61.07 61.03 0.04 0.36 中國人壽 20.75 20.75 0.00 58.03 58.03 0.00 1.18 凱基銀行 3.91 3.89 0.02 9.49 9.47 0.02 0.21 中華開發資本 1.18 1.17 0.01 -3.42 -3.43 0.01 -0.17 凱基證券 5.71 5.71 0.00 7.03 7.02 0.01 0.21 上述資料均係公司自結數。 註：中國人壽累計2月未適用外匯價格變動準備金之EPS(元)：1.44。 ,https://mops.twse.com.tw/mops/#/web/t05st01,c17009968ff3116ab69b32bba4f4056b019bc1fd3be8a3c16db81fe51dcac705,0
2883,111,03,111/03/14,19:18:10,2022-03-14 19:18:10,中華開發金控公告本公司董事會通過110年度合併財務報告,capital_change,,,,,,False,False,False,False,"1.提報董事會或經董事會決議日期:111/03/14 2.審計委員會通過日期:111/03/14 3.財務報告或年度自結財務資訊報導期間 起訖日期(XXX/XX/XX~XXX/XX/XX):110/01/01~110/12/31 4.1月1日累計至本期止利息淨收益(仟元):65,652,263 5.1月1日累計至本期止淨收益(仟元):192,278,170 6.1月1日累計至本期止稅前淨利(損) (仟元):52,199,699 7.1月1日累計至本期止本期淨利(淨損) (仟元):47,099,475 8.1月1日累計至本期止歸屬於母公司業主淨利(損) (仟元):35,043,431 9.1月1日累計至本期止基本每股盈餘(損失) (元):2.34 10.期末總資產(仟元):3,458,639,948 11.期末總負債(仟元):3,165,529,196 12.期末歸屬於母公司業主之權益(仟元):292,780,338 13.其他應敘明事項:無 ",https://mops.twse.com.tw/mops/#/web/t05st01,08dda54b9a21beca2f6e436f0c9bafa447652ad5140221772b456d6a4d3d42dd,0
2883,111,03,111/03/14,19:19:08,2022-03-14 19:19:08,"中華開發金控代子公司中華開發資本公告董事會決議
110年度股利分派事宜",distribution,,,,,,False,True,False,False,1.董事會決議日期:111/03/14 2.發放股利種類及金額:普通股現金股利新臺幣80億元。 3.其他應敘明事項:無。 ,https://mops.twse.com.tw/mops/#/web/t05st01,5866e8624a99e96dcaf278d5c568d3c7174a8379277cf2e4a362eac070d8002c,0
2883,111,04,111/04/08,17:37:41,2022-04-08 17:37:41,"中華開發金控公告本公司暨主要子公司111年3月份自結
合併盈餘",capital_change,,,,,,False,True,False,False,1.事實發生日:111/04/08 2.公司名稱:中華開發金控 3.與公司關係(請輸入本公司或子公司):本公司 4.相互持股比例:不適用 5.發生緣由:公告本公司暨主要子公司111年3月份自結合併盈餘 6.因應措施:無 7.其他應敘明事項: 合併稅後(億元) ---------------------------------------------------------------------- 3月份 累計 1 至 3 月份 ---------------------------------------------------------------------- 總損益 母公司 非控制 總損益 母公司 非控制 稅後每股 業主 權益 業主 權益 盈餘(元) ------- -------- -------- ------- -------- -------- ------------------ 開發金控 35.73 35.70 0.03 96.80 96.74 0.06 0.58 中國人壽 30.34 30.34 0.00 88.36 88.36 0.00 1.80 凱基銀行 4.14 4.12 0.02 13.63 13.59 0.04 0.29 中華開發資本 -2.27 -2.27 0.00 -5.69 -5.70 0.01 -0.28 凱基證券 7.42 7.41 0.01 14.44 14.44 0.00 0.44 上述資料均係公司自結數。 註：中國人壽累計3月未適用外匯價格變動準備金之EPS(元)：2.35。 ,https://mops.twse.com.tw/mops/#/web/t05st01,8edd032262ebb25197c59753624b1d3dd1890d1dde6a836f3ba0f46db304c722,0
2883,111,04,111/04/08,18:22:40,2022-04-08 18:22:40,"中華開發金控公告本公司以子公司凱基證券股份有限公司
減資方式取得資金之用途及預計產生效益",capital_change,,,,,,False,True,False,False,"1.事實發生日:111/04/08 2.公司名稱:中華開發金融控股股份有限公司 3.與公司關係(請輸入本公司或子公司):本公司 4.相互持股比例:不適用 5.發生緣由: (1)本公司之子公司凱基證券股份有限公司（下稱「凱基證券」）申請減資新臺幣 14,208,611,810元、銷除普通股1,420,861,181股乙案，業經金融監督管理委員 會111年4月8日金管銀控字第1110207196號函准予照辦。 (2)本減資案之資金取得用途及預計產生效益：凱基證券擬以減資方式，將因本公司 與中國人壽保險股份有限公司（下稱「中國人壽」）進行股份轉換所取得之本公 司之普通股340,713,669股、特別股310,901,223股以及現金 新臺幣4,897,759,016元減資退還予本公司。本公司因凱基證券減資取得現金合 計4,897,759,021元（含凱基證券以現金5元補足其退還本公司普通股及特別股之 財產價值及抵充數額未滿其減資股數一股面額10元部分）將全數用以償還本公司 之短期借款（含屆期之商業本票）；本公司因凱基證券減資取得之普通股股份及 特別股股份，將由本公司申請註銷，以符合金融控股公司法第38條規定。 6.因應措施:無 7.其他應敘明事項:無 ",https://mops.twse.com.tw/mops/#/web/t05st01,c61fdb3ac9e8d72f88c18fa08ab982db73071ba533a6b9177031511dde15ae40,0
2883,111,04,111/04/08,19:32:21,2022-04-08 19:32:21,中華開發金控代子公司凱基證券公告減資基準日,capital_change,,,,2022-04-08,,True,True,False,False,1.董事會決議日期:NA 2.減資基準日:111/04/08 3.減資換發股票作業計畫:不適用 4.換發股票基準日:NA 5.停止過戶起始日期:NA 6.停止過戶截止日期:NA 7.減資後新股權利義務:新股之權利義務與原股份相同 8.新股預計上市日:NA 9.預計減資新股上市後之上市普通股股數:不適用 10.預計減資新股上市後之上市普通股股數占已發行普通股比率 （減資後上市普通股股數/減資後已發行普通股股數）:不適用 11.前二項預計減資後上巿普通股股數未達6000萬股且未達25%者， 請說明股權流通性偏低之因應措施:不適用 12.其他應敘明事項: (1)本減資案經金融監督管理委員會111年4月8日金管銀控字第1110207196號函 核准在案。 (2)依據凱基證券111年2月18日董事會(代行股東會職權)決議，授權董事長訂定 減資基準日，經董事長核定減資基準日為111年4月8日。 ,https://mops.twse.com.tw/mops/#/web/t05st01,f7e55f050b7a75b0d1e5356055220f26ecea7feb5473ad7b541461b53d669738,0
2883,111,04,111/04/14,14:44:41,2022-04-14 14:44:41,中華開發金控代子公司中華開發資本公告配息基準日,distribution,,,,,,False,True,False,False,1.董事會、股東會決議或公司決定日期:111/04/14 2.除權、息類別（請填入「除權」、「除息」或「除權息」）:除息 3.發放股利種類及金額:現金股利新臺幣80億元。 4.除權（息）交易日:NA 5.最後過戶日:111/04/24 6.停止過戶起始日期:111/04/25 7.停止過戶截止日期:111/04/29 8.除權（息）基準日:111/04/29 9.其他應敘明事項: (1)普通股現金股利發放日:111/04/29 (2)依金融控股公司法第15條規定，本公司股東會職權由董事會行使。 (3)本公司111年3月31日董事會通過110年度現金股利分派案，並授權董事長訂定普 通股現金股息基準日暨發放基準日，經董事長核定111年4月29日為本公司現金股 息基準日暨發放基準日。 ,https://mops.twse.com.tw/mops/#/web/t05st01,ea653c6f2ae47ad630530dbf4e70593a3efe9cb2e0cba54628a691957e756e11,0
2883,111,04,111/04/15,17:09:49,2022-04-15 17:09:49,"中華開發金控代子公司凱基證券公告減資案辦理資本變更
登記完成",capital_change,,,,,,False,True,False,False,"1.主管機關核准減資日期:111/04/08 2.辦理資本變更登記完成日期:111/04/14 3.對財務報告之影響（含實收資本額與流通在外股數之差異與對每股淨值之影響）: (1)減資前：本公司實收資本額為新臺幣32,995,978,100元， 發行股數為3,299,597,810股，每股淨值為新臺幣20.61元。 (2)減資後：本公司實收資本額為新臺幣18,787,366,290元， 發行股數為1,878,736,629股，每股淨值為新臺幣28.64元。 4.預計換股作業計畫:不適用。 5.預計減資新股上市後之上市普通股股數:不適用。 6.預計減資新股上市後之上市普通股股數占已發行普通股比率 （減資後上市普通股股數/減資後已發行普通股股數）:不適用。 7.前二項預計減資後上巿普通股股數未達6000萬股且未達25%者，請說明股權流通性偏低 之因應措施:不適用。 8.其他應敘明事項:本公司於111年04月15日收到經濟部變更登記核准函，特此公告。 ",https://mops.twse.com.tw/mops/#/web/t05st01,58311ab6535565a27a1f351a537b94959b042252b48395604f1e8df8255fa274,0
2883,111,04,111/04/19,17:50:54,2022-04-19 17:50:54,"中華開發金控代子公司凱基證券所屬之凱基證券投資信託
股份有限公司公告董事會決議110年度股利分派事宜",distribution,,,,,,False,True,False,False,"1.董事會決議日期:111/04/19 2.發放股利種類及金額:分派普通股現金股利新臺幣129,337,638元。 3.其他應敘明事項:無。 ",https://mops.twse.com.tw/mops/#/web/t05st01,6a9c6d5ea899f3b33495c15e15e41b3be5b17819d921db8e97c9b44ba568bb1f,0
2883,111,04,111/04/19,17:51:23,2022-04-19 17:51:23,"中華開發金控代子公司凱基證券所屬之凱基證券投資信託
股份有限公司公告股東會決議110年度股利配發基準日",distribution,,,,,,False,True,False,False,"1.董事會、股東會決議或公司決定日期:111/04/19 2.除權、息類別（請填入「除權」、「除息」或「除權息」）:除息 3.發放股利種類及金額:普通股現金股利新臺幣129,337,638元。 4.除權（息）交易日:NA 5.最後過戶日:111/04/20 6.停止過戶起始日期:111/04/21 7.停止過戶截止日期:111/04/25 8.除權（息）基準日:111/04/25 9.其他應敘明事項: (1)現金股利發放日為111/04/26 (2)依公司法第128條之1規定，本公司股東會職權由董事會行使。 ",https://mops.twse.com.tw/mops/#/web/t05st01,495268c60ee10efb157027e093d583463f1679e4c2a55c5a8a351e3a279c8a9d,0
2883,111,04,111/04/19,17:52:28,2022-04-19 17:52:28,"中華開發金控代子公司凱基證券所屬之凱基保險經紀人
股份有限公司公告董事會決議110年度股利分派事宜。",distribution,,,,,,False,True,False,False,"1.董事會決議日期:111/04/19 2.發放股利種類及金額:分派普通股現金股利新臺幣 61,832,528元。 3.其他應敘明事項:無。 ",https://mops.twse.com.tw/mops/#/web/t05st01,f22b9c578a3fb7231091c6ac8a0f3f187f7bd45bb36fe22afc34cee92c57f408,0
2883,111,04,111/04/19,17:53:04,2022-04-19 17:53:04,"中華開發金控代子公司凱基證券所屬之凱基保險經紀人
股份有限公司公告股東會決議110年度股利配發基準日。",distribution,,,,,,False,True,False,False,"1.董事會、股東會決議或公司決定日期:111/04/19 2.除權、息類別（請填入「除權」、「除息」或「除權息」）:除息 3.發放股利種類及金額:普通股現金股利新臺幣61,832,528元。 4.除權（息）交易日:NA 5.最後過戶日:111/04/20 6.停止過戶起始日期:111/04/21 7.停止過戶截止日期:111/04/25 8.除權（息）基準日:111/04/25 9.其他應敘明事項: (1)現金股利發放日為111/04/26 (2)依公司法第128條之1規定，本公司股東會職權由董事會行使。 ",https://mops.twse.com.tw/mops/#/web/t05st01,ced8ba375d346e911d43f93e2787ea6e6ef4c7ee574041ccb0601fb91db38b47,0
2883,111,04,111/04/20,16:43:19,2022-04-20 16:43:19,"中華開發金控代子公司凱基證券所屬之凱基期貨股份有限公
司公告董事會決議110年度股利分派事宜。",distribution,,,,,,False,True,False,False,"1.董事會決議日期:111/04/20 2.發放股利種類及金額:分派普通股現金股利新臺幣409,605,172元 3.其他應敘明事項:本案尚須經股東會同意後方得為之 ",https://mops.twse.com.tw/mops/#/web/t05st01,9ef94bcc951fdfe220366e372537e9c766734e67d553678afe4a4dbb61c775e3,0
2883,111,04,111/04/20,16:43:53,2022-04-20 16:43:53,"中華開發金控代子公司凱基證券所屬之凱基證券投資顧問股
份有限公司公告l10年度股利發放事宜",distribution,,,,,,False,True,False,False,1.董事會決議日期:111/04/20 2.發放股利種類及金額:不發放股利 3.其他應敘明事項:無 ,https://mops.twse.com.tw/mops/#/web/t05st01,1e4ed7f2e4dbc7ec117d044ae7bdd2ab747bebfaa068993d01c3b79443981527,0
2883,111,04,111/04/21,17:17:27,2022-04-21 17:17:27,"中華開發金控代子公司凱基銀行公告股東會決議110年度
股利配發基準日。",distribution,,,,,,False,True,False,False,"1.董事會、股東會決議或公司決定日期:111/04/21 2.除權、息類別（請填入「除權」、「除息」或「除權息」）:除息。 3.發放股利種類及金額:現金股利新臺幣3,718,096,559元。 4.除權（息）交易日:NA 5.最後過戶日:111/04/22 6.停止過戶起始日期:111/04/23 7.停止過戶截止日期:111/04/27 8.除權（息）基準日:111/04/27 9.其他應敘明事項: (1)現金股利發放日為111年4月28日。 (2)依金融控股公司法第15條規定，本行股東會職權由董事會行使。 ",https://mops.twse.com.tw/mops/#/web/t05st01,c61c0948ad290048a47f56625e6fcbce9fef93ff182f673f44d6cc03dd8db421,0
2883,111,04,111/04/25,18:39:59,2022-04-25 18:39:59,中華開發金控公告董事會決議辦理減資註銷庫藏股事宜,capital_change,,,,,,False,True,False,False,"1.董事會決議日期:111/04/25 2.減資緣由: 本公司之子公司凱基證券股份有限公司以減資方式，將因本公司與中國人壽保險股份 有限公司進行股份轉換所取得之本公司之普通股340,713,669股、特別股310,901,223股 以及現金新臺幣4,897,759,016元減資退還予本公司。現本公司將本次收回之庫藏股份 辦理減資註銷。 3.減資金額:新臺幣6,516,148,920元 4.消除股份:普通股340,713,669股、特別股310,901,223股 5.減資比率:3.41% 6.減資後股本:新臺幣184,342,060,050元 7.預定股東會日期:不適用 8.預計減資新股上市後之上市普通股股數:不適用 9.預計減資新股上市後之上市普通股股數占已發行普通股比率 （減資後上市普通股股數/減資後已發行普通股股數）:不適用 10.前二項預計減資後上巿普通股股數未達6000萬股且未達25%者， 請說明股權流通性偏低之因應措施:不適用 11.減資基準日:待金管會核准後，授權董事長訂定。 12.其他應敘明事項:無 ",https://mops.twse.com.tw/mops/#/web/t05st01,16a0752de9c0383795c2e4631c480a8d891666f169f2489d9818869aeab3ebe1,0
2883,111,04,111/04/25,18:40:17,2022-04-25 18:40:17,中華開發金控公告董事會決議110年度普通股股利分派事宜,capital_change,,,,,,False,False,False,False,"1. 董事會擬議日期：111/04/25 2. 股利所屬年(季)度：110年 年度 3. 股利所屬期間：110/01/01 至 110/12/31 4. 股東配發內容： (1)盈餘分配之現金股利(元/股)：1.00000000 (2)法定盈餘公積發放之現金(元/股)：0 (3)資本公積發放之現金(元/股)：0 (4)股東配發之現金(股利)總金額(元)：16,848,553,631 (5)盈餘轉增資配股(元/股)：0 (6)法定盈餘公積轉增資配股(元/股)：0 (7)資本公積轉增資配股(元/股)：0 (8)股東配股總股數(股)：0 5. 其他應敘明事項： 無 6. 普通股每股面額欄位：新台幣10.0000元",https://mops.twse.com.tw/mops/#/web/t05st01,8e705e075e5269b148989c461a70abfa500ea454ee8fa37ab85efdea8d391aa4,0
2883,111,04,111/04/29,15:13:59,2022-04-29 15:13:59,"公告本公司因子公司凱基證券股份有限公司（下稱「凱基
證券」）辦理減資所取得資金之運用情形",capital_change,,,,,,False,True,False,False,"1.事實發生日:111/04/29 2.公司名稱:中華開發金融控股股份有限公司 3.與公司關係(請輸入本公司或子公司):本公司 4.相互持股比例:不適用 5.發生緣由: (1)凱基證券申請減資新臺幣14,208,611,810元乙案，業經金融監督管理委員會民國（下 同）111年4月8日金管銀控字第1110207196號函同意照辦在案。 (2)依據「金融控股公司之子公司減資辦法」第五條第二項規定，金融控股公司應於執行 完畢後十日內，將該資金運用情形，輸入公開資訊觀測站。 (3)資金運用情形：凱基證券業將因本公司與中國人壽保險股份有限公司進行股份轉換所 取得之本公司普通股340,713,669股、特別股310,901,223股及現金新臺幣4,897,759,016 元，以辦理減資及抵充股款方式，於111年4月22日全數退還予本公司。本公司取得凱基 證券減資退還股款之現金已全數用於償還本公司之短期借款，並於111年4月29日執行完 畢。 6.因應措施:無 7.其他應敘明事項:本公司依「金融控股公司之子公司減資辦法」所取得資金，除凱基證 券退還之現金外，尚包含其退還之本公司普通股股份及特別股股份，該等股份本公司將 於另案向金融監督管理委員會申請同意後，向經濟部辦理減少本公司資本並註銷；俟執 行完畢，再就全案資金運用情形輸入公開資訊觀測站，並將取得資金之實際運用結果報 主管機關備查。 ",https://mops.twse.com.tw/mops/#/web/t05st01,7fc8277850e3c60fb9ad673056c64b3eba5de7c82e16f5b7efa9918cf235ed8f,0
2884,106,03,106/03/01,19:46:15,2017-03-01 19:46:15,本公司公告董事會決議股利分派,capital_change,,,,,,False,False,False,False,"1. 董事會決議日期：2017/03/01 2. 股東配發內容： (1)盈餘分配之現金股利(元/股)：0.53000000 (2)法定盈餘公積、資本公積發放之現金(元/股)：0 (3)股東配發之現金(股利)總金額(元)：4,645,662,000 (4)盈餘轉增資配股(元/股)：0.80000000 (5)法定盈餘公積、資本公積轉增資配股(元/股)：0 (6)股東配股總股數(股)：701,232,000 3. 其他應敘明事項： 嗣後如因任何原因致影響流通在外股份數量， 股東之配股(息)率因此發生變動者，提請授權 董事長全權調整之。 4. 普通股每股面額欄位：新台幣 10.0000元",https://mops.twse.com.tw/mops/#/web/t05st01,003c4ce2e0bfda8c4133d1fe8af8b2b972c12e261fb78e7d7324e5775aca691f,0
2884,106,03,106/03/06,16:15:37,2017-03-06 16:15:37,"更正本公司104年度合併財務報告之合併財務報表─四大報表
同期比較欄位名稱等",capital_change,,,,,,False,True,False,False,"1.事實發生日:106/03/06 2.公司名稱:玉山金融控股股份有限公司 3.與公司關係(請輸入本公司或子公司):本公司 4.相互持股比例:不適用 5.發生緣由:104年度合併綜合損益表之 「其他利息以外淨損益」金額中有(2,154)仟元 應分開表達於「持有至到期日金融資產之已實現損益」，故更正表達。該更正不影響 淨收益、稅前淨利及本年度淨利。 6.更正資訊項目/報表名稱: 本公司104年度財務報告書(電子書)及股東會年報附錄、合併財務報告暨會計師查核報 告之合併資產負債表、合併綜合損益表、合併權益變動表及合併現金流量表 7.更正前金額/內容/頁次: 合併資產負債表同期比較欄位:103年12月31日(追溯適用後)，頁次：P.6(財務報告書 (電子書))及 P.111(股東會年報) 合併綜合損益表及合併現金流量表同期比較欄位:103年度(追溯適用後)，頁次：P.7~ P.8、P.10~P.12(財務報告書(電子書))及 P.112、P.115~P.117(股東會年報) 合併權益變動表:「代碼A5 103年1月1日追溯適用後餘額」及「代碼A5 104年1月1日追溯適用後餘額」，頁次：P.9(財務報告書(電子書))及P.113(股東會年 報) 合併綜合損益表104年度「代碼49999 其他利息以外淨損益」:240,379、「變動百分比 (%)」:212，頁次：P.7(財務報告書(電子書))及 P.112(股東會年報) 8.更正後金額/內容/頁次: 合併資產負債表同期比較欄位:103年12月31日(追溯比較適用後)，頁次：P.6(財務報 告書(電子書))及 P.111(股東會年報) 合併綜合損益表及合併現金流量表同期比較欄位:103年度(追溯比較適用後)，頁次： P.7~P.8、P.10~P.12(財務報告書(電子書))及 P.112、P.115~P.117(股東會年報) 合併權益變動表:「代碼A5 103年1月1日追溯比較適用後餘額」及 「代碼A5 104年1月1日追溯比較適用後餘額」，頁次：P.9(財務報告書(電子書))及 P.113(股東會年報) 合併綜合損益表104年度「代碼49840 持有至到期日金融資產之已實現損益」： (2,154)、「變動百分比(%)」:- 及104年度「代碼49999 其他利息以外淨損益」: 242,533、「變動百分比(%)」:215，頁次：P.7(財務報告書(電子書))及P.112(股東會 年報) 9.因應措施: 公開資訊觀測站財務報告更(補)正作業 104年度股東會後年報修訂本上傳作業。 10.其他應敘明事項:無 ",https://mops.twse.com.tw/mops/#/web/t05st01,c8325c522e4e2a5fe2b19d602080df1ac174f6b18151bd436ee6a69485afcab9,0
2884,106,03,106/03/29,18:07:48,2017-03-29 18:07:48,"更正本公司105年度合併財務報告暨子公司玉山銀行合併及
個體財務報告",capital_change,,,,,,False,True,False,False,"1.事實發生日:106/03/29 2.公司名稱:玉山金融控股股份有限公司、玉山商業銀行股份有限公司 3.與公司關係(請輸入本公司或子公司):本公司、子公司 4.相互持股比例:不適用 5.發生緣由: (1)本公司合併財務報告附註三六、權益有關現金股利之每股股利(元)104年度金額 $0.43繕打錯誤為$0.4340。 (2)本公司合併財務報告附註三五、每股盈餘有關104年度基本每股盈餘之股數及附註 三六、權益有關已發行且已收足股款之股數繕打錯誤「$」符號。 (3)子公司玉山銀行合併財務報告附表一「列入合併財務報告之子公司」被投資公司 名稱-聯合商業銀行104年12月31日年底持股比率75%繕打錯誤為70%。 (4)子公司玉山銀行合併財務報告附註三四、權益有關104年度子公司股東之現金股利為0 繕打錯誤空白。 (5)子公司玉山銀行合併財務報告附註三四、權益、個體財務報告附註三五、權益及附註 三四、每股盈餘分別為股數、股本及每股盈餘(元)繕打錯誤「$」符號。 (6)子公司玉山銀行合併權益變動表中備供出售金融資產之未實現評價損益繕打錯誤 為備供出售金融資產之未實現損益評價及股本股數(仟股)105年12月31日繕打錯誤 「$」符號。 6.更正資訊項目/報表名稱: 玉山金控合併財務報告附註三六、權益 玉山金控合併財務報告附註三五、每股盈餘、附註三六、權益 玉山銀行合併財務報告附表一「列入合併財務報告之子公司」 玉山銀行合併財務報告附註三四、權益 玉山銀行個體財務報告附註三五、權益、附註三四、每股盈餘 玉山銀行合併權益變動表 7.更正前金額/內容/頁次: 玉山金控合併財務報告附註三六、權益有關現金股利之每股股利(元)104年度金額： 0.4340，頁次：P.79。 玉山金控合併財務報告附註三五、每股盈餘:104年度基本每股盈餘股數(分母)(仟股) $8,675,279，附註三六、權益:105年12月31日已發行且已收足股款之股數(仟股) $8,765,400，頁次：P.74。 玉山銀行合併財務報告附表一「列入合併財務報告之子公司」被投資公司名稱-聯合商 業銀行104年12月31日年底持股比率：70.00，頁次：P.110。 玉山銀行合併財務報告附註三四、權益:104年度子公司股東之現金股利：空白， 頁次：P.69。 玉山銀行合併財務報告附註三四、權益:105年12月31日額定股數(仟股)$7,262,883， 已發行且已收足股款之股數(仟股)$7,262,883，頁次：P.66。 玉山銀行個體財務報告附註三四、每股盈餘:105年度每股盈餘(元)1.85，頁次：P.65。 玉山銀行個體財務報告附註三五、權益:105年12月31日額定股本72,628,830，已發行 股本72,628,830，頁次：P.66 。 玉山銀行合併權益變動表中股數(仟股)之105年12月31日餘額",https://mops.twse.com.tw/mops/#/web/t05st01,0119283e1a6262160690414e2104f9e11af6d2bd16f887a2fbb34cc586a03a59,0
2884,108,06,108/06/21,18:14:29,2019-06-21 18:14:29,"玉山金控代子公司聯合商業銀行
Union Commercial Bank PLC. 董事會決議不發放股利",distribution,,,,,,False,True,False,False,1.董事會決議日期: 108/06/21 2.發放股利種類及金額: 董事會決議不發放股利 3.其他應敘明事項: 無 ,https://mops.twse.com.tw/mops/#/web/t05st01,602415dac81b464183a9f92f83aed839b4ffe5b21259582fc81d49f6a4adb7aa,0
2884,108,07,108/07/09,16:46:21,2019-07-09 16:46:21,公告本公司本年度盈餘轉增資案之除權除息基準日,distribution,,2019-07-25,,,,False,False,False,False,"1.董事會、股東會決議或公司決定日期:108/07/09 2.除權、息類別（請填入「除權」、「除息」或「除權息」）:除權息 3.發放股利種類及金額:每股股票約0.71101405元(金額7,699,500,000元) ，每股現金約0.70998595元(金額7,688,366,900元)，總計新臺幣15,387,866,900元 4.除權（息）交易日:108/07/25 5.最後過戶日:108/07/28 6.停止過戶起始日期:108/07/29 7.停止過戶截止日期:108/08/02 8.除權（息）基準日:108/08/02 9.其他應敘明事項: (1)股票含權(息)最後買進日：108/07/24 (2)現金及股票股利發放日暫訂為：108/08/27，實際發放日仍以 公開資訊觀測站之公告為準。 ",https://mops.twse.com.tw/mops/#/web/t05st01,13fab7324787f03542f3eff91fa40bad76faa88c03737aa0a263924f75ca13ad,0
2886,113,10,113/10/08,16:51:54,2024-10-08 16:51:54,公告本公司暨主要子公司113年9月份自結合併盈餘,capital_change,,,,,,False,True,False,False,1.事實發生日:113/10/08 2.公司名稱:兆豐金融控股股份有限公司 3.與公司關係(請輸入本公司或子公司):本公司 4.相互持股比例:不適用 5.發生緣由:公告本公司暨主要子公司113年9月份自結合併盈餘 6.因應措施:無 7.其他應敘明事項(若事件發生或決議之主體係屬公開發行以上公司，本則重大訊息同時 符合證券交易法施行細則第7條第9款所定對股東權益或證券價格有重大影響之事項): 公告本公司暨主要子公司113年9月份業績資料： 當月稅前 當月稅後 累積稅前 累積稅後 累積每股 盈餘 盈餘 盈餘 盈餘 稅後盈餘 (億元) (億元) (億元) (億元) (元) 兆豐金控 29.27 24.04 336.93 293.21 1.98 兆豐銀行 25.28 20.62 287.34 250.92 2.61 兆豐證券 0.93 0.81 26.03 23.01 1.98 兆豐票券 1.95 1.85 21.19 17.17 1.14 兆豐產險 1.37 1.09 3.40 3.16 2.00 註:兆豐金控113年9月30日每股淨值24.37元。 註:累計至9月未適用巨災保險準備金之累計每股稅後盈餘 兆豐金控為1.98元、兆豐產險為2.00元。 上述資料均係自結數字，未經會計師查核或核閱。 ,https://mops.twse.com.tw/mops/#/web/t05st01,5b7d58fa2ff9f824dcf5616e771c66f4376e3f7d486b9a65799bb6289334b80a,0
2886,113,11,113/11/07,16:45:06,2024-11-07 16:45:06,公告本公司暨主要子公司113年10月份自結合併盈餘,capital_change,,,,,,False,True,False,False,1.事實發生日:113/11/07 2.公司名稱:兆豐金融控股股份有限公司 3.與公司關係(請輸入本公司或子公司):本公司 4.相互持股比例:不適用 5.發生緣由:公告本公司暨主要子公司113年10月份自結合併盈餘 6.因應措施:無 7.其他應敘明事項(若事件發生或決議之主體係屬公開發行以上公司，本則重大訊息同時 符合證券交易法施行細則第7條第9款所定對股東權益或證券價格有重大影響之事項): 公告本公司暨主要子公司113年10月份業績資料： 當月稅前 當月稅後 累積稅前 累積稅後 累積每股 盈餘 盈餘 盈餘 盈餘 稅後盈餘 (億元) (億元) (億元) (億元) (元) 兆豐金控 23.86 17.91 360.80 311.12 2.10 兆豐銀行 19.67 14.70 307.01 265.62 2.76 兆豐證券 1.76 1.32 27.79 24.33 2.10 兆豐票券 2.01 1.67 23.20 18.85 1.25 兆豐產險 0.71 0.57 4.12 3.72 1.99 註:兆豐金控113年10月31日每股淨值24.32元。 註:累計至10月未適用巨災保險準備金之累計每股稅後盈餘 兆豐金控為2.10元、兆豐產險為1.99元。 上述資料均係自結數字，未經會計師查核或核閱。 ,https://mops.twse.com.tw/mops/#/web/t05st01,749ab1a26a1a12d03fbcb9cef4ca1f737599d50af2964717b353726c68cc42d8,0
2886,113,11,113/11/18,16:00:37,2024-11-18 16:00:37,"公告本公司113年第三季合併財務報告董事會預計召開日期
為113年11月26日",capital_change,,,,,,False,False,False,False,1.董事會召集通知日:113/11/18 2.董事會預計召開日期:113/11/26 3.預計提報董事會或經董事會決議之財務報告或 年度自結財務資訊年季:113年第三季 4.其他應敘明事項:無 ,https://mops.twse.com.tw/mops/#/web/t05st01,ba44bca0478275364017b3b92022b962caf500cd1a3abe7a241a8ca3fe822053,0
2886,113,11,113/11/26,17:37:22,2024-11-26 17:37:22,"公告本公司113年第三季合併財務報告業經審計委員會及
董事會決議通過",capital_change,,,,,,False,False,False,False,"1.提報董事會或經董事會決議日期:113/11/26 2.審計委員會通過日期:113/11/12 3.財務報告或年度自結財務資訊報導期間 起訖日期(XXX/XX/XX~XXX/XX/XX):113/01/01~113/09/30 4.1月1日累計至本期止利息淨收益(仟元):27,654,084 5.1月1日累計至本期止淨收益(仟元):65,484,378 6.1月1日累計至本期止稅前淨利(損) (仟元):33,693,055 7.1月1日累計至本期止本期淨利(淨損) (仟元):29,320,768 8.1月1日累計至本期止歸屬於母公司業主淨利(損) (仟元):29,320,768 9.1月1日累計至本期止基本每股盈餘(損失) (元):1.98 10.期末總資產(仟元):4,612,679,144 11.期末總負債(仟元):4,251,145,439 12.期末歸屬於母公司業主之權益(仟元):361,533,705 13.其他應敘明事項:無 ",https://mops.twse.com.tw/mops/#/web/t05st01,49a1a819fa243613644bbae5ad6f4e311d496fc9c7849ca176b1b978da91d465,0
2886,113,12,113/12/06,17:07:27,2024-12-06 17:07:27,公告本公司暨主要子公司113年11月份自結合併盈餘,capital_change,,,,,,False,True,False,False,1.事實發生日:113/12/06 2.公司名稱:兆豐金融控股股份有限公司 3.與公司關係(請輸入本公司或子公司):本公司 4.相互持股比例:不適用 5.發生緣由:公告本公司暨主要子公司113年11月份自結合併盈餘 6.因應措施:無 7.其他應敘明事項(若事件發生或決議之主體係屬公開發行以上公司，本則重大訊息同時 符合證券交易法施行細則第7條第9款所定對股東權益或證券價格有重大影響之事項): 公告本公司暨主要子公司113年11月份業績資料： 當月稅前 當月稅後 累積稅前 累積稅後 累積每股 盈餘 盈餘 盈餘 盈餘 稅後盈餘 (億元) (億元) (億元) (億元) (元) 兆豐金控 13.28 9.49 374.08 320.61 2.17 兆豐銀行 11.92 8.77 318.93 274.39 2.85 兆豐證券 0.20 0.01 27.99 24.34 2.10 兆豐票券 1.99 1.60 25.20 20.45 1.35 兆豐產險 0.04 0.03 4.16 3.75 1.78 註:兆豐金控113年11月30日每股淨值24.39元。 註:累計至11月未適用巨災保險準備金之累計每股稅後盈餘 兆豐金控為2.17元、兆豐產險為1.78元。 上述資料均係自結數字，未經會計師查核或核閱。 ,https://mops.twse.com.tw/mops/#/web/t05st01,c2192263c3b0542040a4de9f33f9c0a7860e02d7a642a2ad11a8815bee00a02c,0
2886,114,01,114/01/07,17:12:53,2025-01-07 17:12:53,公告本公司暨主要子公司113年12月份自結合併盈餘,capital_change,,,,,,False,True,False,False,1.事實發生日:114/01/07 2.公司名稱:兆豐金融控股股份有限公司 3.與公司關係(請輸入本公司或子公司):本公司 4.相互持股比例:不適用 5.發生緣由:公告本公司暨主要子公司113年12月份自結合併盈餘 6.因應措施:無 7.其他應敘明事項(若事件發生或決議之主體係屬公開發行以上公司，本則重大訊息同時 符合證券交易法施行細則第7條第9款所定對股東權益或證券價格有重大影響之事項): 公告本公司暨主要子公司113年12月份業績資料： 當月稅前 當月稅後 累積稅前 累積稅後 累積每股 盈餘 盈餘 盈餘 盈餘 稅後盈餘 (億元) (億元) (億元) (億元) (元) 兆豐金控 16.84 27.05 390.92 347.66 2.35 兆豐銀行 13.31 9.30 332.24 283.70 2.95 兆豐證券 1.79 1.16 29.77 25.50 2.20 兆豐票券 2.25 1.61 27.45 22.06 1.46 兆豐產險 0.37 0.37 4.53 4.12 1.78 註:兆豐金控113年12月31日每股淨值24.54元。 註:累計至12月未適用巨災保險準備金之累計每股稅後盈餘 兆豐金控為2.34元、兆豐產險為1.61元。 上述資料均係自結數字，未經會計師查核或核閱。 ,https://mops.twse.com.tw/mops/#/web/t05st01,3a67177a9b96097f1a2a3180ba49b9232a15907d763d32e746e634c4004fe0ea,0
2892,105,03,105/03/08,17:00:53,2016-03-08 17:00:53,代子公司第一銀行公告105年02月份自結合併盈餘,capital_change,,,,,,False,True,False,False,1.事實發生日:105/03/08 2.公司名稱:第一銀行 3.與公司關係(請輸入本公司或子公司):子公司 4.相互持股比例:100% 5.傳播媒體名稱:無 6.報導內容:無 7.發生緣由:同主旨 8.因應措施:無 9.其他應敘明事項: 本月份自結提存前盈餘為新臺幣16.52億元，提列呆帳準備新臺幣0.84 億元後，稅前盈餘為新臺幣15.68億元， 累計全年稅前盈餘為新臺幣37.90億元及 累計稅前EPS0.44元。 ,https://mops.twse.com.tw/mops/#/web/t05st01,c743d3438102facd56bd7068575c242159dc67567b85991a9725600675c60d85,0
2892,105,03,105/03/08,17:01:54,2016-03-08 17:01:54,公告本公司暨主要子公司105年2月份自結合併盈餘數,capital_change,,,,,,False,True,False,False,1.事實發生日:105/03/08 2.公司名稱:第一金融控股股份有限公司 3.與公司關係(請輸入本公司或子公司):本公司 4.相互持股比例:100% 5.傳播媒體名稱:無 6.報導內容:無 7.發生緣由:同主旨 8.因應措施:無 9.其他應敘明事項: -------------本月自結盈餘 累計自結盈餘 累計EPS ------------- 稅前 稅後 稅前 稅後 稅後 單 位 (億元) (億元) (億元) (億元) (元) -------------------------------------------------------------- 第一金控 14.31 10.50 33.75 27.55 0.24 第一銀行 15.68 11.88 37.90 31.70 0.37 第一金證券 -0.26 -0.26 -0.93 -0.93 -0.15 第一金投信 0.06 0.05 0.15 0.13 0.21 ------------------------------------------------------------- 註：金控本月合併稅後損益歸屬於母公司為10.57億元、非控制權為-0.07億元; 金控累計合併稅後損益歸屬於母公司為27.76億元、非控制權為-0.21億元。 ,https://mops.twse.com.tw/mops/#/web/t05st01,2e6bd8e9d9453aaf60a116d9d87cf2cc2e647cffe2517be21aa8f282094b06ec,0
2892,105,03,105/03/10,17:51:43,2016-03-10 17:51:43,代子公司第一銀行公告合併其子公司第一保代,capital_change,,,,,,False,True,False,False,1.併購種類(如合併、分割、收購或股份受讓): 合併 2.事實發生日:105/3/10 3.參與併購公司名稱(如合併另一方公司、分割新設公司、收購或受讓股份標的公司之 名稱: 第一商業銀行股份有限公司(存續公司，簡稱「第一銀行」)。 4.交易相對人(如合併另一方公司、分割讓與他公司、收購或受讓股份之交易對象): 第一保險代理人股份有限公司(消滅公司，簡稱「第一保代」)。 5.交易相對人為關係人:是 6.交易相對人與公司之關係(本公司轉投資持股達XX%之被投資公司)，並說明選定 收購、受讓他公司股份之對象為關係企業或關係人之原因及是否不影響股東權益: 第一保代為第一銀行持股100%之子公司，合併後不影響股東權益。 7.併購目的: 擴大規模經濟及發揮經營綜效。 8.併購後預計產生之效益: 增進整合行銷及降低營運成本。 9.併購對每股淨值及每股盈餘之影響: 無。 10.換股比例及其計算依據: 第一保代為第一銀行持股100%之子公司，故無換股比率之情形。 11.預定完成日程: 合併基準日暫定為民國105年8月1日，實際日期將俟主管機關核准本合併案後另訂之。 12.既存或新設公司承受消滅(或分割)公司權利義務相關事項(註一): 均由第一銀行概括承受。 13.參與合併公司之基本資料(註二): 第一銀行為銀行業；第一保代為從事人身保險代理人業務。 14.分割之相關事項(含預定讓與既存公司或新設公司之營業、資產之評價價值；被 分割公司或其股東所取得股份之總數、種類及數量；被分割公司資本減少時，其資 本減少有關事項)(註：若非分割公告時，則不適用): 不適用 15.併購股份未來移轉之條件及限制: 不適用 16.其他重要約定事: 無。 17.本次交易，董事有無異議:否 18.其他敘明事項: 無。 註一、既存或新設公司承受消滅公司權利義務相關事項，包括庫藏股及已發行具有股權性質有 價證券之處理原則。 註二：參與合併公司之基本資料包括公司名稱及所營業務 之主要內容。,https://mops.twse.com.tw/mops/#/web/t05st01,1b2649cc07a1cd7690564a4f5633279c78714aa8be43a871acc9343affb3a0ff,0
2892,105,03,105/03/30,17:49:06,2016-03-30 17:49:06,代孫公司第一金投顧公告董事會決議分派104年度股利,distribution,,,,,,False,False,False,False,"1.董事會決議日期:105/03/30 2.發放股利種類及金額:分派現金股利8,567,217元 3.其他應敘明事項:無 ",https://mops.twse.com.tw/mops/#/web/t05st01,ea8340663d78df7c663acd4296996ee0681c3894722f4a18db3b4ae95dfb532b,0
2892,105,04,105/04/11,18:07:52,2016-04-11 18:07:52,代子公司第一銀行公告105年03月份自結合併盈餘,capital_change,,,,,,False,True,False,False,1.事實發生日:105/04/11 2.公司名稱:第一銀行 3.與公司關係(請輸入本公司或子公司):子公司 4.相互持股比例:100% 5.傳播媒體名稱:無 6.報導內容:無 7.發生緣由:同主旨 8.因應措施:無 9.其他應敘明事項: 本月份自結提存前盈餘為新臺幣23.27億元，提列呆帳準備新臺幣3.88 億元後，稅前盈餘為新臺幣19.39億元， 累計全年稅前盈餘為新臺幣57.29億元及 累計稅前EPS0.66元。 ,https://mops.twse.com.tw/mops/#/web/t05st01,5033f7921ca166a2b0ae7e0d6510f9cd597a26b125ded3dec50f4f50a62400ec,0
2892,105,04,105/04/11,18:09:03,2016-04-11 18:09:03,公告本公司暨主要子公司105年3月份自結合併盈餘數,capital_change,,,,,,False,True,False,False,1.事實發生日:105/04/11 2.公司名稱:第一金融控股股份有限公司 3.與公司關係(請輸入本公司或子公司):本公司 4.相互持股比例:100% 5.傳播媒體名稱:無 6.報導內容:無 7.發生緣由:同主旨 8.因應措施:無 9.其他應敘明事項: -------------本月自結盈餘 累計自結盈餘 累計EPS ------------- 稅前 稅後 稅前 稅後 稅後 單 位 (億元) (億元) (億元) (億元) (元) -------------------------------------------------------------- 第一金控 19.53 16.51 53.28 44.06 0.39 第一銀行 19.39 16.37 57.29 48.08 0.56 第一金證券 0.19 0.19 -0.74 -0.74 -0.12 第一金投信 0.08 0.06 0.23 0.19 0.31 ------------------------------------------------------------- 註：金控本月合併稅後損益歸屬於母公司為16.53億元、非控制權為-0.02億元; 金控累計合併稅後損益歸屬於母公司為44.30億元、非控制權為-0.24億元。 ,https://mops.twse.com.tw/mops/#/web/t05st01,502d302fa189131c9c7ed4d790bb647968fb7d96e45e988b85305071cfed9951,0
2892,105,04,105/04/29,13:59:35,2016-04-29 13:59:35,董事會決議股利分派,capital_change,,,,,,False,False,False,False,"1. 董事會決議日期：2016/04/29 2. 股東配發內容： (1)盈餘分配之現金股利(元/股)：0.95000000 (2)法定盈餘公積、資本公積發放之現金(元/股)：0 (3)股東配發之現金(股利)總金額(元)：10,888,051,062 (4)盈餘轉增資配股(元/股)：0.45000000 (5)法定盈餘公積、資本公積轉增資配股(元/股)：0 (6)股東配股總股數(股)：515,749,787 3. 其他應敘明事項： 無 4. 普通股每股面額欄位：新台幣 10.0000元",https://mops.twse.com.tw/mops/#/web/t05st01,9525bddd0cfa97ec9fb1962a382bfc2224e13a740e01a6a9e5cb9f011373d817,0
2892,105,04,105/04/29,18:08:37,2016-04-29 18:08:37,代子公司第一金證券依法辦理減資之債權人公告,capital_change,,,,,,False,True,False,False,1.事實發生日:105/04/29 2.公司名稱:第一金證券股份有限公司 3.與公司關係(請輸入本公司或子公司):子公司 4.相互持股比例:100% 5.傳播媒體名稱:不適用 6.報導內容:不適用 7.發生緣由: (1)依公司法第二百八十一條準用第七十三條及第七十四條之規定，公告減資事宜。本次 減資計銷除已發行股份2.5仟萬股，減資比率為3.91%，減資後實收資本額為新台幣61.5 億元。 (2)第一金證券公司債權人對本次減資如有異議，請於本公告刊登翌日起三十一日內以書 面向第一金證券提出，以便依法處理，逾期未表示者即視為無異議，特此公告。 8.因應措施:公告通知各債權人 9.其他應敘明事項:無 ,https://mops.twse.com.tw/mops/#/web/t05st01,32adf96a11073cd369b32ef28ba7779d1242977c0333e8cd9ba9e601fbc022bb,0
2892,105,04,105/04/29,18:16:48,2016-04-29 18:16:48,"代子公司第一金證券公告董事會代行股東會決議通過辦理
減資新台幣2.5億元",capital_change,,,,,,False,True,False,False,"1.董事會決議日期:105/04/29 2.減資緣由:為配合提昇集團資本有效運用 3.減資金額:新臺幣250,000,000元 4.消除股份:25,000,000股 5.減資比率:3.91% 6.減資後股本:新臺幣6,150,000,000元 7.預定股東會日期:不適用 8.預計減資新股上市後之上市普通股股數及比率 （減資後上市普通股數A、A/減資後已發行普通股）:不適用 9.前項預計減資後上巿普通股股數未達6000萬股且未達25%者， 請說明股權流通性偏低之因應措施:不適用 10.其他應敘明事項: (1)本次減資案，俟報奉主管機關核准後始執行，並授權董事長另訂減資基準日及其他相 關事宜。 (2)茲因第一金融控股股份有限公司持有第一金證券百分之百股份，依公司法第128條之1 及金融控股公司法第15條第1項規定，第一金證券股東會職權由董事會行使。 ",https://mops.twse.com.tw/mops/#/web/t05st01,39688e5f4583a7d9fb8299ea781a322d64a8283881b23e1c673ebbcdb2730b83,0
2892,105,05,105/05/10,14:03:02,2016-05-10 14:03:02,代子公司第一銀行公告105年04月份自結合併盈餘,capital_change,,,,,,False,True,False,False,1.事實發生日:105/05/10 2.公司名稱:第一銀行 3.與公司關係(請輸入本公司或子公司):子公司 4.相互持股比例:100% 5.傳播媒體名稱:無 6.報導內容:無 7.發生緣由:同主旨 8.因應措施:無 9.其他應敘明事項: 本月份自結提存前盈餘為新臺幣16.70億元，提列呆帳準備新臺幣2.92 億元後，稅前盈餘為新臺幣13.78億元， 累計全年稅前盈餘為新臺幣71.07億元及 累計稅前EPS0.82元。 ,https://mops.twse.com.tw/mops/#/web/t05st01,70e0ef1a207c0855b1cb5a2af33ee0a25d8b3421f5f5a165aa86a46566191f33,0
2892,105,05,105/05/10,14:04:29,2016-05-10 14:04:29,公告本公司暨主要子公司105年4月份自結合併盈餘數,capital_change,,,,,,False,True,False,False,1.事實發生日:105/05/10 2.公司名稱:第一金融控股股份有限公司 3.與公司關係(請輸入本公司或子公司):本公司 4.相互持股比例:100% 5.傳播媒體名稱:無 6.報導內容:無 7.發生緣由:同主旨 8.因應措施:無 9.其他應敘明事項: -------------本月自結盈餘 累計自結盈餘 累計EPS ------------- 稅前 稅後 稅前 稅後 稅後 單 位 (億元) (億元) (億元) (億元) (元) -------------------------------------------------------------- 第一金控 13.23 11.21 66.51 55.26 0.48 第一銀行 13.78 11.77 71.07 59.84 0.69 第一金證券 -0.49 -0.49 -1.23 -1.23 -0.19 第一金投信 0.09 0.07 0.31 0.26 0.43 ------------------------------------------------------------- 註：金控本月合併稅後損益歸屬於母公司為11.23億元、非控制權為-0.02億元; 金控累計合併稅後損益歸屬於母公司為55.52億元、非控制權為-0.26億元。 ,https://mops.twse.com.tw/mops/#/web/t05st01,1cca24b77298cc1c0e29deb7939502afd4a9c2832e1b2ae9a8ec81b3f2d59217,0
2892,105,05,105/05/31,17:12:05,2016-05-31 17:12:05,"第一金控公告本公司以子公司第一金證券股份有限公司減資
取得資金新台幣2.5億元之資金用途及預計產生效益",capital_change,,,,,,False,True,False,False,1.事實發生日:105/05/31 2.公司名稱:第一金融控股股份有限公司 3.與公司關係(請輸入本公司或子公司):本公司 4.相互持股比例:不適用 5.發生緣由:本公司子公司第一金證券股份有限公司申請減資新台 幣2.5億元乙案，業經金融監督管理委員會105年5月30日金管銀控 字第10500126470號函核准在案，爰依據「金融控股公司之子公司 減資辦法」第五條第二項規定，金融控股公司子公司減資後，應 於減資核淮後二日內，將取得資金之用途及預計產生之效益輸入 公開資訊觀測站。 6.因應措施:本次子公司第一金證券股份有限公司減資案資金規劃 用途為充實本公司營運資金及其他資本規劃所需之資金。 7.其他應敘明事項:無 ,https://mops.twse.com.tw/mops/#/web/t05st01,7f05958dfbe228fd363507a4fe1fa78388afa22e3c6f92d84ce04142620e073a,0
2892,111,06,111/06/09,14:03:42,2022-06-09 14:03:42,公告本公司暨主要子公司111年5月份自結合併盈餘數,capital_change,,,,,,False,True,False,False,1.事實發生日:111/06/09 2.公司名稱:第一金融控股股份有限公司 3.與公司關係(請輸入本公司或子公司):本公司 4.相互持股比例:100% 5.發生緣由:同主旨 6.因應措施:無 7.其他應敘明事項: -------------本月自結盈餘 累計自結盈餘 累計EPS ------------- 稅前 稅後 稅前 稅後 稅後 單 位 (億元) (億元) (億元) (億元) (元) -------------------------------------------------------------- 第一金控 21.45 16.73 99.97 81.99 0.63 第一銀行 21.40 16.83 98.56 80.85 0.89 第一金證券 0.39 0.31 1.87 1.63 0.26 第一金人壽 0.03 0.01 0.37 0.04 0.01 ------------------------------------------------------------- 註：累計1-5月不含外匯價格變動準備金之EPS(元) 第一金控：0.64 第一金人壽：0.14 ,https://mops.twse.com.tw/mops/#/web/t05st01,bb2c659c1dd8f971a06978c0bc63289157ed0319149ce723303b6be029d2a723,0
2892,111,06,111/06/14,17:07:58,2022-06-14 17:07:58,代子公司第一金投信公告110年度盈餘分配之除息基準日,distribution,,,,,,False,True,False,False,"1.董事會、股東會決議或公司決定日期:111/06/14 2.除權、息類別（請填入「除權」、「除息」或「除權息」）:除息 3.發放股利種類及金額:現金股利新臺幣94,731,008元 4.除權（息）交易日:NA 5.最後過戶日:NA 6.停止過戶起始日期:111/06/26 7.停止過戶截止日期:111/06/30 8.除權（息）基準日:111/06/30 9.其他應敘明事項:無。 ",https://mops.twse.com.tw/mops/#/web/t05st01,e6636f6ef87f7254a8faa3d4719e2e45e04ebbde736805105a5d2ce859c2f261,0
2892,111,06,111/06/16,16:01:20,2022-06-16 16:01:20,"代子公司第一商業銀行股份有限公司公告110年度盈餘
分配案之除息基準日",distribution,,,,,,False,True,False,False,"1.董事會、股東會決議或公司決定日期:111/06/16 2.除權、息類別（請填入「除權」、「除息」或「除權息」）:除息 3.發放股利種類及金額:現金股利9,000,000,000元 4.除權（息）交易日:NA 5.最後過戶日:NA 6.停止過戶起始日期:111/06/17 7.停止過戶截止日期:111/06/21 8.除權（息）基準日:111/06/21 9.其他應敘明事項:無 ",https://mops.twse.com.tw/mops/#/web/t05st01,850ac49358ace83fbf3242d6be71ce1a6b450f4dd76bde43268d30b408e4e93a,0
2892,111,06,111/06/21,18:00:43,2022-06-21 18:00:43,"代子公司第一金證券股份有限公司公告董事會決議110年度
盈餘分配案之除息基準日",distribution,,,,,,False,True,False,False,"1.董事會、股東會決議或公司決定日期:111/06/21 2.除權、息類別（請填入「除權」、「除息」或「除權息」）:除息 3.發放股利種類及金額:現金股利1,013,754,969元 4.除權（息）交易日:NA 5.最後過戶日:NA 6.停止過戶起始日期:111/06/25 7.停止過戶截止日期:111/06/29 8.除權（息）基準日:111/06/29 9.其他應敘明事項:無 ",https://mops.twse.com.tw/mops/#/web/t05st01,1202b4d3a55755192b2d98ac522721b846eba5bdfa2989975ee4d31547abd61b,0
2892,111,07,111/07/08,14:03:46,2022-07-08 14:03:46,公告本公司暨主要子公司111年6月份自結合併盈餘數,capital_change,,,,,,False,True,False,False,1.事實發生日:111/07/08 2.公司名稱:第一金融控股股份有限公司 3.與公司關係(請輸入本公司或子公司):本公司 4.相互持股比例:100% 5.發生緣由:同主旨 6.因應措施:無 7.其他應敘明事項: -------------本月自結盈餘 累計自結盈餘 累計EPS ------------- 稅前 稅後 稅前 稅後 稅後 單 位 (億元) (億元) (億元) (億元) (元) -------------------------------------------------------------- 第一金控 22.68 20.36 122.65 102.36 0.79 第一銀行 21.13 20.38 119.69 101.23 1.11 第一金證券 0.42 0.17 2.30 1.80 0.29 第一金人壽 0.43 0.24 0.80 0.28 0.06 ------------------------------------------------------------- 註：累計1-6月不含外匯價格變動準備金之EPS(元) 第一金控：0.80 第一金人壽：0.27 ,https://mops.twse.com.tw/mops/#/web/t05st01,a2e61935372363985a508bb88c47e45cced6ae9906dbd006f3e32ed5dc62a6fd,0
2892,111,07,111/07/20,16:20:01,2022-07-20 16:20:01,"本公司董事會決議110年度股利之除息除權
基準日",distribution,,2022-08-04,,,,True,False,False,False,"1.董事會、股東會決議或公司決定日期:111/07/20 2.除權、息類別（請填入「除權」、「除息」或「除權息」）:除權息 3.發放股利種類及金額: 每股分派現金股利1.00元及股票股利0.20元，計分派現金股利129億6,415萬9,088元 及股票股利25億9,283萬1,810元。 4.除權（息）交易日:111/08/04 5.最後過戶日:111/08/07 6.停止過戶起始日期:111/08/08 7.停止過戶截止日期:111/08/12 8.除權（息）基準日:111/08/12 9.其他應敘明事項:現金股利發放日訂為111年8月25日。 ",https://mops.twse.com.tw/mops/#/web/t05st01,99a89ed3413a12ce5fae7e10b609907cec3bf2f7984e9985a75ece9b56661817,0
2892,111,08,111/08/03,17:21:44,2022-08-03 17:21:44,"代子公司第一商業銀行股份有限公司公告110年度盈餘
轉增資除權基準日",distribution,,,,,,False,True,False,False,"1.董事會、股東會決議或公司決定日期:111/08/03 2.除權、息類別（請填入「除權」、「除息」或「除權息」）:除權 3.發放股利種類及金額:股票股利新臺幣3,845,000,000元 4.除權（息）交易日:NA 5.最後過戶日:NA 6.停止過戶起始日期:111/08/11 7.停止過戶截止日期:111/08/15 8.除權（息）基準日:111/08/15 9.其他應敘明事項: 本公司111/06/16董事會授權董事長訂定增資基準日。 ",https://mops.twse.com.tw/mops/#/web/t05st01,c3e5dc99f295e8074bd2eda6c44e6faa67f193bb9c945c8f2d9d9a06e94969ea,0
2892,111,08,111/08/09,14:04:10,2022-08-09 14:04:10,公告本公司暨主要子公司111年7月份自結合併盈餘數,capital_change,,,,,,False,True,False,False,1.事實發生日:111/08/09 2.公司名稱:第一金融控股股份有限公司 3.與公司關係(請輸入本公司或子公司):本公司 4.相互持股比例:100% 5.發生緣由:同主旨 6.因應措施:無 7.其他應敘明事項: -------------本月自結盈餘 累計自結盈餘 累計EPS ------------- 稅前 稅後 稅前 稅後 稅後 單 位 (億元) (億元) (億元) (億元) (元) -------------------------------------------------------------- 第一金控 26.20 23.82 148.85 126.18 0.97 第一銀行 23.85 22.01 143.54 123.24 1.36 第一金證券 1.05 0.83 3.35 2.63 0.43 第一金人壽 1.07 0.80 1.86 1.08 0.21 ------------------------------------------------------------- 註：累計1-7月不含外匯價格變動準備金之EPS(元) 第一金控：0.98 第一金人壽：0.42 ,https://mops.twse.com.tw/mops/#/web/t05st01,c7d09eb29becc43936516889b8a936b160408f3d704d0bd411b19793a582131a,0
2892,111,08,111/08/25,15:52:27,2022-08-25 15:52:27,公告本公司提報董事會111年度第2季合併財務報告,capital_change,,,,,,False,False,False,False,"1.提報董事會或經董事會決議日期:111/08/25 2.審計委員會通過日期:111/08/23 3.財務報告或年度自結財務資訊報導期間 起訖日期(XXX/XX/XX~XXX/XX/XX):111/01/01~111/06/30 4.1月1日累計至本期止利息淨收益(仟元):19,211,503 5.1月1日累計至本期止淨收益(仟元):32,368,691 6.1月1日累計至本期止稅前淨利(損) (仟元):12,265,010 7.1月1日累計至本期止本期淨利(淨損) (仟元):10,235,621 8.1月1日累計至本期止歸屬於母公司業主淨利(損) (仟元):10,235,621 9.1月1日累計至本期止基本每股盈餘(損失) (元):0.77 10.期末總資產(仟元):3,966,589,476 11.期末總負債(仟元):3,753,775,252 12.期末歸屬於母公司業主之權益(仟元):212,814,224 13.其他應敘明事項:無 ",https://mops.twse.com.tw/mops/#/web/t05st01,31d022911ef4e9f247f2a0dfb46fdd83090c9235ec5ca59f32f3f5fc197930d1,0
2892,111,09,111/09/08,15:08:11,2022-09-08 15:08:11,公告本公司暨主要子公司111年8月份自結合併盈餘數,capital_change,,,,,,False,True,False,False,1.事實發生日:111/09/08 2.公司名稱:第一金融控股股份有限公司 3.與公司關係(請輸入本公司或子公司):本公司 4.相互持股比例:100% 5.發生緣由:同主旨 6.因應措施:無 7.其他應敘明事項: -------------本月自結盈餘 累計自結盈餘 累計EPS ------------- 稅前 稅後 稅前 稅後 稅後 單 位 (億元) (億元) (億元) (億元) (元) -------------------------------------------------------------- 第一金控 24.03 20.83 172.88 147.00 1.11 第一銀行 22.63 19.77 166.17 143.01 1.51 第一金證券 0.83 0.66 4.18 3.29 0.53 第一金人壽 0.40 0.28 2.26 1.36 0.27 ------------------------------------------------------------- 註：累計1-8月不含外匯價格變動準備金之EPS(元) 第一金控：1.12 第一金人壽：0.52 ,https://mops.twse.com.tw/mops/#/web/t05st01,167df14c128471582ea247d92873b28de48c63b13ca0bd8595e6e889e81cb636,0
2892,111,10,111/10/07,15:35:23,2022-10-07 15:35:23,公告本公司暨主要子公司111年9月份自結合併盈餘數,capital_change,,,,,,False,True,False,False,1.事實發生日:111/10/07 2.公司名稱:第一金融控股股份有限公司 3.與公司關係(請輸入本公司或子公司):本公司 4.相互持股比例:100% 5.發生緣由:同主旨 6.因應措施:無 7.其他應敘明事項: -------------本月自結盈餘 累計自結盈餘 累計EPS ------------- 稅前 稅後 稅前 稅後 稅後 單 位 (億元) (億元) (億元) (億元) (元) -------------------------------------------------------------- 第一金控 21.15 17.28 194.02 164.28 1.24 第一銀行 20.80 17.21 186.97 160.23 1.69 第一金證券 0.89 0.79 5.07 4.08 0.66 第一金人壽 0.22 0.11 2.48 1.47 0.29 ------------------------------------------------------------- 註：累計1-9月不含外匯價格變動準備金之EPS(元) 第一金控：1.26 第一金人壽：0.65 ,https://mops.twse.com.tw/mops/#/web/t05st01,8c54f0877a67a9bf8069d5ecb840d1b88a945e085fb60b2e20f2a5986d4e067a,0
2892,111,12,111/12/08,13:59:32,2022-12-08 13:59:32,公告本公司暨主要子公司111年11月份自結合併盈餘數,capital_change,,,,,,False,True,False,False,1.事實發生日:111/12/08 2.公司名稱:第一金融控股股份有限公司 3.與公司關係(請輸入本公司或子公司):本公司 4.相互持股比例:100% 5.發生緣由:同主旨 6.因應措施:無 7.其他應敘明事項: -------------本月自結盈餘 累計自結盈餘 累計EPS ------------- 稅前 稅後 稅前 稅後 稅後 單 位 (億元) (億元) (億元) (億元) (元) -------------------------------------------------------------- 第一金控 19.42 16.53 231.21 194.37 1.47 第一銀行 19.07 15.63 225.28 190.97 2.02 第一金證券 0.77 0.70 5.00 3.94 0.64 第一金人壽 -0.51 -0.34 1.75 0.88 0.17 ------------------------------------------------------------- 註：累計1-11月不含外匯價格變動準備金之EPS(元) 第一金控：1.48 第一金人壽：0.45 ,https://mops.twse.com.tw/mops/#/web/t05st01,2dc322d0bfecca32f8e642c8467f1164df3e75109f61ab50c5b9ebcfdf2b6e1d,0
2892,112,01,112/01/07,14:01:40,2023-01-07 14:01:40,公告本公司暨主要子公司111年12月份自結合併盈餘數,capital_change,,,,,,False,True,False,False,1.事實發生日:112/01/07 2.公司名稱:第一金融控股股份有限公司 3.與公司關係(請輸入本公司或子公司):本公司 4.相互持股比例:100% 5.發生緣由:同主旨 6.因應措施:無 7.其他應敘明事項(若事件發生或決議之主體係屬公開發行以上公司，本則重大訊息同時 符合證券交易法施行細則第7條第9款所定對股東權益或證券價格有重大影響之事項): -------------本月自結盈餘 累計自結盈餘 累計EPS ------------- 稅前 稅後 稅前 稅後 稅後 單 位 (億元) (億元) (億元) (億元) (元) -------------------------------------------------------------- 第一金控 13.66 11.59 244.87 205.96 1.56 第一銀行 14.27 12.31 239.55 203.28 2.15 第一金證券 0.16 0.09 5.15 4.03 0.66 第一金人壽 -0.29 -0.26 1.45 0.62 0.12 ------------------------------------------------------------- 註：累計1-12月不含外匯價格變動準備金之EPS(元) 第一金控：1.57 第一金人壽：0.38 ,https://mops.twse.com.tw/mops/#/web/t05st01,c65cf813bf4fdc47ad9b7f0f17eb40be97b2eed415f0be137df4f7be60cf3d1a,0
2892,112,02,112/02/08,14:00:14,2023-02-08 14:00:14,公告本公司暨主要子公司112年1月份自結合併盈餘數,capital_change,,,,,,False,True,False,False,1.事實發生日:112/02/08 2.公司名稱:第一金融控股股份有限公司 3.與公司關係(請輸入本公司或子公司):本公司 4.相互持股比例:100% 5.發生緣由:同主旨 6.因應措施:無 7.其他應敘明事項(若事件發生或決議之主體係屬公開發行以上公司，本則重大訊息同時 符合證券交易法施行細則第7條第9款所定對股東權益或證券價格有重大影響之事項): -------------本月自結盈餘 累計自結盈餘 累計EPS ------------- 稅前 稅後 稅前 稅後 稅後 單 位 (億元) (億元) (億元) (億元) (元) -------------------------------------------------------------- 第一金控 25.89 20.74 25.89 20.74 0.16 第一銀行 25.07 20.05 25.07 20.05 0.21 第一金證券 0.71 0.61 0.71 0.61 0.10 第一金人壽 0.03 0.05 0.03 0.05 0.01 ------------------------------------------------------------- 註：累計1-1月不含外匯價格變動準備金之EPS(元) 第一金控：0.15 第一金人壽：-0.10 ,https://mops.twse.com.tw/mops/#/web/t05st01,bf6c9f2ef8dee31cdbc7f36ba3dbf63975b41a207adb8c3669cb6445e80abb87,0
2892,112,02,112/02/23,15:50:30,2023-02-23 15:50:30,公告本公司提報董事會111年度第4季合併財務報告,capital_change,,,,,,False,False,False,False,"1.提報董事會或經董事會決議日期:112/02/23 2.審計委員會通過日期:112/02/21 3.財務報告或年度自結財務資訊報導期間 起訖日期(XXX/XX/XX~XXX/XX/XX):111/01/01~111/12/31 4.1月1日累計至本期止利息淨收益(仟元):37,969,147 5.1月1日累計至本期止淨收益(仟元):67,756,394 6.1月1日累計至本期止稅前淨利(損) (仟元):24,486,604 7.1月1日累計至本期止本期淨利(淨損) (仟元):20,595,663 8.1月1日累計至本期止歸屬於母公司業主淨利(損) (仟元):20,595,663 9.1月1日累計至本期止基本每股盈餘(損失) (元):1.56 10.期末總資產(仟元):4,157,195,982 11.期末總負債(仟元):3,933,073,412 12.期末歸屬於母公司業主之權益(仟元):224,122,570 13.其他應敘明事項:無 ",https://mops.twse.com.tw/mops/#/web/t05st01,5ad159864f950c5520e3daa96310028a9d47e8de4d2d1e47b7f477a7972e5777,0
2892,112,03,112/03/07,17:19:07,2023-03-07 17:19:07,公告本公司暨主要子公司112年2月份自結合併盈餘數,capital_change,,,,,,False,True,False,False,1.事實發生日:112/03/07 2.公司名稱:第一金融控股股份有限公司 3.與公司關係(請輸入本公司或子公司):本公司 4.相互持股比例:100% 5.發生緣由:同主旨 6.因應措施:無 7.其他應敘明事項(若事件發生或決議之主體係屬公開發行以上公司，本則重大訊息同時 符合證券交易法施行細則第7條第9款所定對股東權益或證券價格有重大影響之事項): -------------本月自結盈餘 累計自結盈餘 累計EPS ------------- 稅前 稅後 稅前 稅後 稅後 單 位 (億元) (億元) (億元) (億元) (元) -------------------------------------------------------------- 第一金控 28.05 22.60 53.94 43.34 0.33 第一銀行 25.25 20.22 50.32 40.27 0.43 第一金證券 2.35 2.04 3.06 2.65 0.43 第一金人壽 0.11 0.07 0.14 0.12 0.02 ------------------------------------------------------------- 註：累計1-2月不含外匯價格變動準備金之EPS(元) 第一金控：0.33 第一金人壽：-0.03 ,https://mops.twse.com.tw/mops/#/web/t05st01,4e5e4dee403c85a7f48b4ee0bc58edfb77769f66ee448287fa15b1502320cfec,0
2892,112,03,112/03/17,17:14:44,2023-03-17 17:14:44,公告更正本公司111年度合併財務報告附註資訊,capital_change,,,,,,False,True,False,False,1.事實發生日:112/03/17 2.公司名稱:第一金融控股股份有限公司 3.與公司關係(請輸入本公司或子公司):本公司 4.相互持股比例:不適用 5.發生緣由:更正本公司111年度合併財務報告附註資訊 6.更正資訊項目/報表名稱:依金融控股公司法第 46 條規定應揭露金 融控股公司所有子公司對同一人、同一關係人或同一關係企業 為授信背書或其他交易行為之加計總額 7.更正前金額/內容/頁次: 刪除前述報表表頭贅字「(%)」/P.160~P.165 8.更正後金額/內容/頁次:詳第7項之說明 9.因應措施:無 10.其他應敘明事項:本次更正內容為刪除贅字，對本公司財務面尚無影響。 ,https://mops.twse.com.tw/mops/#/web/t05st01,9198bb54a14f9496d15d1689ff4681ade3990616ec16afc89d1f0373465cd804,0
2892,112,03,112/03/28,15:44:25,2023-03-28 15:44:25,"代子公司第一金人壽公告董事會決議
111年度不發放股利",distribution,,,,,,False,True,False,False,1.董事會決議日期:112/03/28 2.發放股利種類及金額:111年度不發放現金及股票股利 3.其他應敘明事項:無 ,https://mops.twse.com.tw/mops/#/web/t05st01,cece2f4c4693ac7209d262a94da3d2501e54ec98a83f862db53119039105409a,0
2912,104,06,104/06/18,17:10:56,2015-06-18 17:10:56,公告本公司董事會決議配息基準日暨現金股利發放日,distribution,,2015-08-04,,,,False,False,False,False,1.董事會、股東會決議或公司決定日期:104/06/18 2.除權、息類別（請填入「除權」、「除息」或「除權息」）:除息 3.發放股利種類及金額:每股配發7.0元現金股利 4.除權（息）交易日:104/08/04 5.最後過戶日:104/08/05 6.停止過戶起始日期:104/08/06 7.停止過戶截止日期:104/08/10 8.除權（息）基準日:104/08/10 9.其他應敘明事項:現金發放日：104/09/04 ,https://mops.twse.com.tw/mops/#/web/t05st01,65b7a1b07d6d1ef9de07c97d2587337b18e5d2d6770dbc8af14e4edbb6abfcdf,0
2912,105,03,105/03/16,18:16:44,2016-03-16 18:16:44,董事會決議股利分派,capital_change,,,,,,False,False,False,False,"1. 董事會決議日期：2016/03/16 2. 股東配發內容： (1)盈餘分配之現金股利(元/股)：7.20000000 (2)法定盈餘公積、資本公積發放之現金(元/股)：0 (3)股東配發之現金(股利)總金額(元)：7,485,280,236 (4)盈餘轉增資配股(元/股)：0 (5)法定盈餘公積、資本公積轉增資配股(元/股)：0 (6)股東配股總股數(股)：0 3. 其他應敘明事項： 無 4. 普通股每股面額欄位：新台幣 10.0000元",https://mops.twse.com.tw/mops/#/web/t05st01,940e61103a22865a1656c03d8d5a16763476a5436260e24dbb3a0575aee2aa97,0
2912,105,03,105/03/16,18:32:11,2016-03-16 18:32:11,"代重要子公司統一超商維京控股有限公司公告
董事會決議104年股利發放事宜",distribution,,,,,,False,True,False,False,1.董事會決議日期:105/03/16 2.發放股利種類及金額:不發放股利 3.其他應敘明事項:無 ,https://mops.twse.com.tw/mops/#/web/t05st01,41d51bba50cea680327f59529cab23e3ad9ca3f69fd04bc12dee29ecca657d84,0
2912,106,11,106/11/07,19:58:42,2017-11-07 19:58:42,106年度第三季合併財務報告附表部份資訊內容更正,capital_change,,,,,,False,True,False,False,1.事實發生日:106/11/07 2.公司名稱:統一超商股份有限公司 3.與公司關係(請輸入本公司或子公司):本公司 4.相互持股比例:不適用 5.發生緣由:更正106年第三季合併財務報告附表部份資訊 附表四:與關係人進、銷貨之金額達新台幣一億元或實收資本額百分之二十以上、 附表五:應收關係人款項達新台幣一億元或實收資本額百分之二十以上、 附表六:母公司與子公司及各子公司間之業務關係及重要交易往來情形及金額、 附表八:大陸投資資訊-基本資料 6.因應措施:重新上傳至公開資訊觀測站 7.其他應敘明事項:無 ,https://mops.twse.com.tw/mops/#/web/t05st01,ee500d40b5c9a905d179e250fdf985c632446656136f0fe794efd9932d2d4ea9,0
2912,107,09,107/09/05,17:09:10,2018-09-05 17:09:10,"代重要子公司統一超商維京控股有限公司公告
董事會決議每股面額變動事宜",capital_change,,,,,,False,True,False,False,"1.董事會決議日期:107/09/05 2.原每股面額(元)及已發行總股數:原每股面額美金1元；原已發行總股數171,589,586股 3.新每股面額(元)及預計總股數:更新後每股面額美金0.1元； 更新後已發行總股數171,589,586股 4.其他應敘明事項:無 ",https://mops.twse.com.tw/mops/#/web/t05st01,fd1b0018066259b41b03a4ca65a78612b624d9c2dca194450c9786c46f4c6346,0
3004,114,04,114/04/02,14:38:09,2025-04-02 14:38:09,新聞稿--豐達三月自結合併營收為3.45億元,capital_change,,,,,,False,True,False,False,1.事實發生日:114/04/02 2.公司名稱:豐達科技股份有限公司 3.與公司關係(請輸入本公司或子公司):本公司 4.相互持股比例:不適用 5.發生緣由: 豐達科技股份有限公司(股票代碼：3004)今日(2025/04/02)公佈 2025年3月份自結合併營收。 2025年3月份自結合併營收為新台幣3.45億元，較2025年2月份3.03億元 增加14.07%，相較去年同期的3億元增加14.92%。 2025年第一季累計自結合併營收為新台幣9.36億元，與上一季9.32億元相當 ，相較去年同期的8.35億元增加12.07%。 6.因應措施:無。 7.其他應敘明事項(若事件發生或決議之主體係屬公開發行以上公司，本則重大訊息同時 符合證券交易法施行細則第7條第9款所定對股東權益或證券價格有重大影響之事項): 無。 ,https://mops.twse.com.tw/mops/#/web/t05st01,30b19c349c72af0ac6c612a453013b0104633189250c38802886279a7578f511,0
3004,114,04,114/04/22,15:19:19,2025-04-22 15:19:19,公告本公司114年第1季合併財務報告提報董事會日期,capital_change,,,,,,False,False,False,False,1.董事會召集通知日:114/04/22 2.董事會預計召開日期:114/04/30 3.預計提報董事會或經董事會決議之財務報告或 年度自結財務資訊年季:114年第一季財務報告。 4.其他應敘明事項:無。 ,https://mops.twse.com.tw/mops/#/web/t05st01,bc62226fb00e830a3e141e0880688d5feb226bb3c8d7389b009ec768525586c1,0
3004,114,04,114/04/24,14:45:57,2025-04-24 14:45:57,更補正本公司113年度合併及個體財務報告附註揭露事項部分資訊,capital_change,,,,,,False,True,False,False,"1.事實發生日:114/04/24 2.公司名稱:豐達科技股份有限公司 3.與公司關係(請輸入本公司或子公司):本公司 4.相互持股比例:不適用 5.發生緣由: 更補正本公司113年度合併財務報告附註六(十七)4.盈餘分派及附註六(二十二)2. 員工酬勞及董事酬勞相關資訊. 更補正本公司113年度個體財務報告附註六(十七)4.盈餘分派及附註六(二十二)2. 員工酬勞及董事酬勞相關資訊. 6.更正資訊項目/報表名稱: 更補正本公司113年度合併財務報告附註六(十七)4.盈餘分派及附註六(二十二)2. 員工酬勞及董事酬勞相關資訊. 更補正本公司113年度個體財務報告附註六(十七)4.盈餘分派及附註六(二十二)2. 員工酬勞及董事酬勞相關資訊. 7.更正前金額/內容/頁次: 113年度合併財務報告 頁次:第40頁 內容:(十七)保留盈餘4.第3行普通股股利$XXX元，股利總額為$XXX 頁次:第42頁 內容:(二十二)員工福利費用2.第5行實際配發金額別為$XXX及$XXX 113年度個體財務報告 頁次:第37頁 內容:(十七)保留盈餘4.第3行普通股股利$XXX元，股利總額為$XXX 頁次:第39頁 內容:(二十二)員工福利費用2.第5行實際配發金額分別為$XXX及$XXX 8.更正後金額/內容/頁次: 113年度合併財務報告 頁次:第40頁 內容:(十七)保留盈餘4.第3行普通股股利$3.02元，股利總額$167,634 頁次:第42頁 內容:(二十二)員工福利費用2.第5行實際配發金額別為$6,000及$2,400 113年度個體財務報告 頁次:第37頁 內容:(十七)保留盈餘4.第3行普通股股利$3.02元，股利總額$167,634 頁次:第39頁 內容:(二十二)員工福利費用2.第5行實際配發金額分別為$6,000及$2,400 9.因應措施:資料更正後重新上傳至公開資訊觀測站。 10.其他應敘明事項:無。 ",https://mops.twse.com.tw/mops/#/web/t05st01,505655106b09d617ad535e4fa905be9496bfdbdbe0f7e351431a6f2a9a93227a,0
3004,114,04,114/04/30,15:52:27,2025-04-30 15:52:27,公告本公司董事會通過114年第1季合併財務報告,capital_change,,,,,,False,False,False,False,"1.提報董事會或經董事會決議日期:114/04/30 2.審計委員會通過日期:114/04/30 3.財務報告或年度自結財務資訊報導期間 起訖日期(XXX/XX/XX~XXX/XX/XX):114/01/01~114/03/31 4.1月1日累計至本期止營業收入(仟元):935,854 5.1月1日累計至本期止營業毛利(毛損) (仟元):263,601 6.1月1日累計至本期止營業利益(損失) (仟元):142,458 7.1月1日累計至本期止稅前淨利(淨損) (仟元):137,684 8.1月1日累計至本期止本期淨利(淨損) (仟元):110,649 9.1月1日累計至本期止歸屬於母公司業主淨利(損) (仟元):110,649 10.1月1日累計至本期止基本每股盈餘(損失) (元):1.99 11.期末總資產(仟元):6,536,785 12.期末總負債(仟元):3,831,444 13.期末歸屬於母公司業主之權益(仟元):2,705,341 14.其他應敘明事項:無。 ",https://mops.twse.com.tw/mops/#/web/t05st01,10ddbe9e357b432dd143820d673dd659115790015dc9a848f198aac5100eab9b,0
3004,114,04,114/04/30,15:55:19,2025-04-30 15:55:19,新聞稿--豐達董事會通過2025年第一季合併財務報告,capital_change,,,,,,False,True,False,False,"1.事實發生日:114/04/30 2.公司名稱:豐達科技股份有限公司 3.與公司關係(請輸入本公司或子公司):本公司 4.相互持股比例:不適用 5.發生緣由: 豐達科技股份有限公司(股票代號：3004) 今日(2025/04/30)董事會通過經會計師 核閱之2025年第一季合併財務報告。 2025年第一季合併營收為新台幣935,854仟元，較2024年第四季932,125仟元相當， 相較去年同期的835,060仟元增加12.07%。 2025年第一季合併稅後淨利為新台幣110,649仟元，較2024年第四季合併稅後淨利 為新台幣106,252仟元增加4.14%；較去年同期合併稅後淨利104,086仟元增加6.31 %。 2025年第一季每股稅後盈餘為1.99元，較2024年第四季每股稅後盈餘1.93元增加 3.11%，較去年同期每股稅後盈餘1.92元增加3.65%。 6.因應措施:無。 7.其他應敘明事項(若事件發生或決議之主體係屬公開發行以上公司，本則重大訊息同時 符合證券交易法施行細則第7條第9款所定對股東權益或證券價格有重大影響之事項): 無。 ",https://mops.twse.com.tw/mops/#/web/t05st01,b88b90644a99d7134ddbb4b83f442cbb006372188355eb98358e9be20e840e94,0
3004,114,05,114/05/02,14:37:05,2025-05-02 14:37:05,新聞稿--豐達四月自結合併營收為3.48億元,capital_change,,,,,,False,True,False,False,1.事實發生日:114/05/02 2.公司名稱:豐達科技股份有限公司 3.與公司關係(請輸入本公司或子公司):本公司 4.相互持股比例:不適用 5.發生緣由: 豐達科技股份有限公司(股票代碼：3004)今日(2025/05/02)公佈2025年4月份 自結合併營收。 2025年4月份自結合併營收為新台幣3.48億元，較2025年3月份3.45億元增加0.68%， 相較去年同期的2.95億元增加17.78%。 2025年累計自結合併營收為新台幣12.83億元，相較去年同期的11.30億元增加13.56%。 6.因應措施:無。 7.其他應敘明事項(若事件發生或決議之主體係屬公開發行以上公司，本則重大訊息同時 符合證券交易法施行細則第7條第9款所定對股東權益或證券價格有重大影響之事項): 無。 ,https://mops.twse.com.tw/mops/#/web/t05st01,10aa92ce427daf462efa0b60234d50b6488381e5ea410c2995ded9f3f2536b3d,0
3004,114,06,114/06/02,20:23:55,2025-06-02 20:23:55,新聞稿--豐達五月自結合併營收為3.0億元,capital_change,,,,,,False,True,False,False,1.事實發生日:114/06/02 2.公司名稱:豐達科技股份有限公司 3.與公司關係(請輸入本公司或子公司):本公司 4.相互持股比例:不適用 5.發生緣由: 豐達科技股份有限公司(股票代碼：3004)今日(2025/06/02)公佈 2025年5月份自結合併營收。 2025年5月份自結合併營收為新台幣3.0億元，較2025年4月份3.48億元 減少13.56%，相較去年同期的2.93億元增加2.38%。 2025年累計自結合併營收為新台幣15.84億元，相較去年同期的14.24億元增加11.26%。 6.因應措施:無。 7.其他應敘明事項(若事件發生或決議之主體係屬公開發行以上公司，本則重大訊息同時 符合證券交易法施行細則第7條第9款所定對股東權益或證券價格有重大影響之事項): 無。 ,https://mops.twse.com.tw/mops/#/web/t05st01,88659c3f3f4b116cbfc3c8d11534a0d5df6c9af446839df5b0acda7828188b9d,0
3004,114,07,114/07/02,15:00:30,2025-07-02 15:00:30,新聞稿--豐達六月自結合併營收為3.39億元,capital_change,,,,,,False,True,False,False,1.事實發生日:114/07/02 2.公司名稱:豐達科技股份有限公司 3.與公司關係(請輸入本公司或子公司):本公司 4.相互持股比例:不適用 5.發生緣由: 豐達科技股份有限公司(股票代碼：3004)今日(2025/07/02)公佈2025年6月份 自結合併營收。 2025年6月份自結合併營收為新台幣3.39億元，較2025年5月份3.00億元增加13.00% ，相較去年同期的2.78億元增加22.19%。 2025年第二季自結合併營收為新台幣9.87億元，較第一季的9.35億元增加5.51%， 相較去年同期的8.66億元增加13.98%。 2025年累計自結合併營收為新台幣19.23億元，相較去年同期的17.01億元增加13.04%。 6.因應措施:無。 7.其他應敘明事項(若事件發生或決議之主體係屬公開發行以上公司，本則重大訊息同時 符合證券交易法施行細則第7條第9款所定對股東權益或證券價格有重大影響之事項): 無。 ,https://mops.twse.com.tw/mops/#/web/t05st01,c00e8b95d951fcf934206cf11db939124a128502f6d12cfdb45a326e6fabadaf,0
3004,114,07,114/07/23,16:54:45,2025-07-23 16:54:45,公告本公司114年第2季合併財務報告提報董事會日期,capital_change,,,,,,False,False,False,False,1.董事會召集通知日:114/07/23 2.董事會預計召開日期:114/07/31 3.預計提報董事會或經董事會決議之財務報告或 年度自結財務資訊年季:: 114年第二季財務報告。 4.其他應敘明事項:無。 ,https://mops.twse.com.tw/mops/#/web/t05st01,90a43f26c3450acc931737bc970726850cdc2124540f599eeac41488d29f8fd9,0
3004,114,07,114/07/31,15:27:10,2025-07-31 15:27:10,公告本公司董事會通過114年第2季合併財務報告,capital_change,,,,,,False,False,False,False,"1.提報董事會或經董事會決議日期:114/07/31 2.審計委員會通過日期:114/07/31 3.財務報告或年度自結財務資訊報導期間 起訖日期(XXX/XX/XX~XXX/XX/XX):114/01/01~114/06/30 4.1月1日累計至本期止營業收入(仟元):1,923,275 5.1月1日累計至本期止營業毛利(毛損) (仟元):508,819 6.1月1日累計至本期止營業利益(損失) (仟元):279,496 7.1月1日累計至本期止稅前淨利(淨損) (仟元):225,723 8.1月1日累計至本期止本期淨利(淨損) (仟元):175,272 9.1月1日累計至本期止歸屬於母公司業主淨利(損) (仟元):175,272 10.1月1日累計至本期止基本每股盈餘(損失) (元):3.15 11.期末總資產(仟元):6,855,000 12.期末總負債(仟元):4,163,356 13.期末歸屬於母公司業主之權益(仟元):2,691,644 14.其他應敘明事項:無。 ",https://mops.twse.com.tw/mops/#/web/t05st01,bf12fb8a243d870b875668b4e3f4be52bf9b9e874e4ce0380892a87e5bfdc4c0,0
3004,114,07,114/07/31,15:47:03,2025-07-31 15:47:03,"新聞稿--豐達公佈2025年上半年合併財務報告及辦理
現金增資發行新股",capital_change,,,,,,False,True,False,False,"1.事實發生日:114/07/31 2.公司名稱:豐達科技股份有限公司 3.與公司關係(請輸入本公司或子公司):本公司 4.相互持股比例:不適用 5.發生緣由: 豐達科技股份有限公司(股票代號：3004) 今日(2025/07/31)公布經會計師 核閱之2025年上半年度合併財務報告及辦理現金增資發行新股。 營收方面2025年上半年合併營收達新台幣1,923,275仟元，較2024年同期之 1,701,383仟元成長13.04%。獲利方面，受台幣升值影響，第二季產生匯兌 損失新台幣38,781仟元，致使單季稅後淨利為新台幣64,623仟元，較2024年 同期新台幣94,234仟元減少31.42%。累計2025年上半年合併稅後淨利為新台幣 175,272仟元，較去年同期198,320仟元減少11.62%。每股盈餘方面，2025年 上半年每股稅後盈餘（EPS）為新台幣3.15元，較2024年同期之3.65元減少13.70%。 另，為因應公司未來營運發展所需，本公司董事會通過辦理現金增資發行新股， 發行股數不超過10,000仟股。 6.因應措施:無。 7.其他應敘明事項(若事件發生或決議之主體係屬公開發行以上公司，本則重大訊息同時 符合證券交易法施行細則第7條第9款所定對股東權益或證券價格有重大影響之事項): 無。 ",https://mops.twse.com.tw/mops/#/web/t05st01,d256eae12821377ece461e227bbd05f3415f6cefd8fdb8d730379e33895f09a1,0
3006,115,02,115/02/26,15:21:54,2026-02-26 15:21:54,公告本公司114年度合併財務報告業經提報董事會通過,capital_change,,,,,,False,False,False,False,"1.提報董事會或經董事會決議日期:115/02/26 2.審計委員會通過日期:115/02/26 3.財務報告或年度自結財務資訊報導期間 起訖日期(XXX/XX/XX~XXX/XX/XX):114/01/01~114/12/31 4.1月1日累計至本期止營業收入(仟元):14,575,272 5.1月1日累計至本期止營業毛利(毛損) (仟元):2,485,753 6.1月1日累計至本期止營業利益(損失) (仟元):344,567 7.1月1日累計至本期止稅前淨利(淨損) (仟元):270,049 8.1月1日累計至本期止本期淨利(淨損) (仟元):244,350 9.1月1日累計至本期止歸屬於母公司業主淨利(損) (仟元):245,125 10.1月1日累計至本期止基本每股盈餘(損失) (元):0.87 11.期末總資產(仟元):16,796,952 12.期末總負債(仟元):6,633,416 13.期末歸屬於母公司業主之權益(仟元):10,287,062 14.其他應敘明事項:無。 ",https://mops.twse.com.tw/mops/#/web/t05st01,181442638906005132cff65b361ec7c432865e026ac57cd921fbb1b3e4c46fa7,0
3006,115,02,115/02/26,15:22:48,2026-02-26 15:22:48,董事會決議股利分派,capital_change,,,,,,False,False,False,False,"1. 董事會擬議日期：115/02/26 2. 股利所屬年(季)度：114年 年度 3. 股利所屬期間：114/01/01 至 114/12/31 4. 股東配發內容： (1)盈餘分配之現金股利(元/股)：1.00000000 (2)法定盈餘公積發放之現金(元/股)：0 (3)資本公積發放之現金(元/股)：0 (4)股東配發之現金(股利)總金額(元)：292,468,827 (5)盈餘轉增資配股(元/股)：0 (6)法定盈餘公積轉增資配股(元/股)：0 (7)資本公積轉增資配股(元/股)：0 (8)股東配股總股數(股)：0 5. 其他應敘明事項： 在維持每股配息率新台幣1.0元不變下，若於除 息基準日前，如經主管機關修正或因本公司股 本變動，如國內可轉換公司債轉換成普通股等 因素，致影響流通在外股份總數，致本盈餘分 配表發生異動者，授權董事長全權處理之。 6. 普通股每股面額欄位：新台幣10.0000元",https://mops.twse.com.tw/mops/#/web/t05st01,c8782dd569ffde24739ecea9d6895fc397c2a5c80f366cddec585f7951ba7a7b,0
3006,115,04,115/04/30,15:27:25,2026-04-30 15:27:25,公告本公司115年第1季合併財務報告業經提報董事會通過,capital_change,,,,,,False,False,False,False,"1.提報董事會或經董事會決議日期:115/04/30 2.審計委員會通過日期:115/04/30 3.財務報告或年度自結財務資訊報導期間 起訖日期(XXX/XX/XX~XXX/XX/XX):115/01/01~115/03/31 4.1月1日累計至本期止營業收入(仟元):7,266,900 5.1月1日累計至本期止營業毛利(毛損) (仟元):3,453,448 6.1月1日累計至本期止營業利益(損失) (仟元):2,254,754 7.1月1日累計至本期止稅前淨利(淨損) (仟元):2,352,467 8.1月1日累計至本期止本期淨利(淨損) (仟元):2,063,826 9.1月1日累計至本期止歸屬於母公司業主淨利(損) (仟元):2,063,883 10.1月1日累計至本期止基本每股盈餘(損失) (元):7.22 11.期末總資產(仟元):20,073,767 12.期末總負債(仟元):7,169,155 13.期末歸屬於母公司業主之權益(仟元):13,019,535 14.其他應敘明事項:無。 ",https://mops.twse.com.tw/mops/#/web/t05st01,e342e6b9b0c120ffea2a8ba1ec30add604154e5a1b493cd00eaf3425b578a826,0
3008,104,04,104/04/27,14:44:23,2015-04-27 14:44:23,董事會決議股利分派,capital_change,,,,,,False,False,False,False,"1. 董事會決議日期：2015/04/27 2. 股東配發內容： (1)盈餘分配之現金股利(元/股)：51.00000000 (2)法定盈餘公積、資本公積發放之現金(元/股)：0 (3)股東配發之現金(股利)總金額(元)：6,841,150,047 (4)盈餘轉增資配股(元/股)：0 (5)法定盈餘公積、資本公積轉增資配股(元/股)：0 (6)股東配股總股數(股)：0 3. 董監酬勞(元)：262,626,915 4. 員工紅利： (1)現金紅利金額(元)：3,501,692,241 (2)股票紅利金額(元)：0 5. 其他應敘明事項： 其他調整事項(元)_F: 精算損益本期變動數 -NT$4,002,593 6. 普通股每股面額欄位：新台幣 10.0000元",https://mops.twse.com.tw/mops/#/web/t05st01,e6372d8801fa4d4141743b48ad80048677762f30a2f2f9f388bc1ef3cb7a1512,0
3008,104,07,104/07/30,15:42:32,2015-07-30 15:42:32,本公司董事會決議除息基準日,distribution,,2015-08-17,,,,False,False,False,False,"1.董事會、股東會決議或公司決定日期:104/07/30 2.除權、息類別（請填入「除權」、「除息」或「除權息」）:除息 3.發放股利種類及金額:現金股利6,841,150,047元(每仟股配發51,000元) 4.除權（息）交易日:104/08/17 5.最後過戶日:104/08/18 6.停止過戶起始日期:104/08/19 7.停止過戶截止日期:104/08/23 8.除權（息）基準日:104/08/23 9.其他應敘明事項:無 ",https://mops.twse.com.tw/mops/#/web/t05st01,0f8656d69e0f30a42dd514fa7663e76a58bd535e18b5dad502b1f167b85b325a,0
3008,105,04,105/04/25,15:12:13,2016-04-25 15:12:13,董事會決議股利分派,capital_change,,,,,,False,False,False,False,"1. 董事會決議日期：2016/04/25 2. 股東配發內容： (1)盈餘分配之現金股利(元/股)：63.50000000 (2)法定盈餘公積、資本公積發放之現金(元/股)：0 (3)股東配發之現金(股利)總金額(元)：8,517,902,510 (4)盈餘轉增資配股(元/股)：0 (5)法定盈餘公積、資本公積轉增資配股(元/股)：0 (6)股東配股總股數(股)：0 3. 其他應敘明事項： 其他調整事項(元)F: 確定福利計畫之再衡量數:-NT$7,366,781 4. 普通股每股面額欄位：新台幣 10.0000元",https://mops.twse.com.tw/mops/#/web/t05st01,915d38aa638ca363d42dad24b576db110e2b837c00888cdd65bf03c0a04a4a22,0
3008,107,04,107/04/23,15:20:25,2018-04-23 15:20:25,董事會決議股利分派,capital_change,,,,,,False,False,False,False,"1. 董事會決議日期：107/04/23 2. 股東配發內容： (1)盈餘分配之現金股利(元/股)：72.50000000 (2)法定盈餘公積、資本公積發放之現金(元/股)：0 (3)股東配發之現金(股利)總金額(元)：9,725,164,283 (4)盈餘轉增資配股(元/股)：0 (5)法定盈餘公積、資本公積轉增資配股(元/股)：0 (6)股東配股總股數(股)：0 3. 其他應敘明事項： 確定福利計畫之再衡量數:-NT17,774,541 採用權益法認列之關聯企業股權淨值增減: -NT1,900,611 4. 普通股每股面額欄位：新台幣 10.0000元",https://mops.twse.com.tw/mops/#/web/t05st01,64211319d7f819e4995913d4c3073dfb7ef3f1b4a9dd0bb07b4e6a871a0226c0,0
3008,107,07,107/07/30,14:29:01,2018-07-30 14:29:01,本公司董事會決議除息基準日,distribution,,2018-08-16,,,,False,False,False,False,"1.董事會、股東會決議或公司決定日期:107/07/30 2.除權、息類別（請填入「除權」、「除息」或「除權息」）:除息 3.發放股利種類及金額:現金股利9,725,164,283元(每仟股配發72,500元) 4.除權（息）交易日:107/08/16 5.最後過戶日:107/08/17 6.停止過戶起始日期:107/08/18 7.停止過戶截止日期:107/08/22 8.除權（息）基準日:107/08/22 9.其他應敘明事項:無 ",https://mops.twse.com.tw/mops/#/web/t05st01,748751964528a84acb71ddf9fe3c55aa369cdbbf7f2f623e7a165f269cc1b44e,0
3008,108,04,108/04/22,14:32:03,2019-04-22 14:32:03,董事會決議股利分派,capital_change,,,,,,False,False,False,False,"1. 董事會決議日期：108/04/22 2. 股東配發內容： (1)盈餘分配之現金股利(元/股)：68.00000000 (2)法定盈餘公積、資本公積發放之現金(元/股)：0 (3)股東配發之現金(股利)總金額(元)：9,121,533,396 (4)盈餘轉增資配股(元/股)：0 (5)法定盈餘公積、資本公積轉增資配股(元/股)：0 (6)股東配股總股數(股)：0 3. 其他應敘明事項： 無 4. 普通股每股面額欄位：新台幣 10.0000元",https://mops.twse.com.tw/mops/#/web/t05st01,f5f93e6ed6190e5d51a2f4781bfd6229e67ce873ece361c74c536cc0d2aafe1b,0
3008,114,10,114/10/09,15:16:51,2025-10-09 15:16:51,公告本公司114年第3季合併財務報告董事會召開日期,capital_change,,,,,,False,False,False,False,1.董事會召集通知日:114/10/09 2.董事會預計召開日期:114/10/20 3.預計提報董事會或經董事會決議之財務報告或 年度自結財務資訊年季:114年第3季合併財務報告 4.其他應敘明事項:無 ,https://mops.twse.com.tw/mops/#/web/t05st01,88a9ccb7534a67b217f1a19495c42ce24ee1b18d82d4515a0a0d57e554254baa,0
3008,114,10,114/10/20,14:57:11,2025-10-20 14:57:11,公告本公司114年第3季合併財務報告,capital_change,,,,,,False,False,False,False,"1.提報董事會或經董事會決議日期:114/10/20 2.審計委員會通過日期:114/10/20 3.財務報告或年度自結財務資訊報導期間 起訖日期(XXX/XX/XX~XXX/XX/XX):(114/01/01~114/09/30) 4.1月1日累計至本期止營業收入(仟元):43,929,248 5.1月1日累計至本期止營業毛利(毛損) (仟元):22,576,878 6.1月1日累計至本期止營業利益(損失) (仟元):17,229,674 7.1月1日累計至本期止稅前淨利(淨損) (仟元):17,664,703 8.1月1日累計至本期止本期淨利(淨損) (仟元):14,758,266 9.1月1日累計至本期止歸屬於母公司業主淨利(損) (仟元):14,555,710 10.1月1日累計至本期止基本每股盈餘(損失) (元):109.06 11.期末總資產(仟元):212,155,955 12.期末總負債(仟元):28,464,844 13.期末歸屬於母公司業主之權益(仟元):181,779,124 14.其他應敘明事項:無。 ",https://mops.twse.com.tw/mops/#/web/t05st01,d46113cd294d7aca734fa66254b4b64aa5d99b191552c4d5a1f3ddb5e61c3817,0
3017,112,08,112/08/09,15:51:02,2023-08-09 15:51:02,公告本公司調整現金股利之配息率事宜。,distribution,,,,,,False,False,False,False,1.董事會或股東會決議日期:112/08/09 2.原發放股利種類及金額: (1)盈餘分配之現金股利(元/股)：4.52 (2)資本公積發放之現金(元/股)：0.9 (3)股東配發之現金股利合計(元/股)：5.42 3.變更後發放股利種類及金額: (1)盈餘分配之現金股利(元/股)：4.16623948 (2)資本公積發放之現金(元/股)：0.82956095 (3)股東配發之現金股利合計(元/股)：4.99580043 4.變更原因:因本公司辦理現金增資發行新股致流通在外股數發生變動調整配息率。 5.其他應敘明事項:無。 ,https://mops.twse.com.tw/mops/#/web/t05st01,2bb97c31083f0e6c32fcaefc89760414148343b67f279d3d842ffb4d4022e97d,0
3017,112,08,112/08/09,15:53:52,2023-08-09 15:53:52,公告本公司董事會決議股利配發基準日,distribution,,2023-08-25,2023-09-20,,,False,False,False,False,"1.董事會、股東會決議或公司決定日期:112/08/09 2.除權、息類別（請填入「除權」、「除息」或「除權息」）:除息 3.發放股利種類及金額:現金股利新新台1,914,941,051元（盈餘1,596,961,910元 及資本公積-發行溢價317,979,141元），每股配發新台幣4.99580043元 4.除權（息）交易日:112/08/25 5.最後過戶日:112/08/28 6.停止過戶起始日期:112/08/29 7.停止過戶截止日期:112/09/02 8.除權（息）基準日:112/09/02 9.債券最後申請轉換日期:不適用 10.債券停止轉換起始日期:不適用 11.債券停止轉換截止日期:不適用 12.現金股利發放日期:112/09/20 13.其他應敘明事項:無 ",https://mops.twse.com.tw/mops/#/web/t05st01,1c5f9c1230a419e5ea673a43a46a1904376b2fe3101c2e431a7f79664e6aec46,0
3017,112,08,112/08/09,16:00:11,2023-08-09 16:00:11,公告本公司董事會通過112年第二季合併財報,capital_change,,,,,,False,False,False,False,"1.提報董事會或經董事會決議日期:112/08/09 2.審計委員會通過日期:112/08/09 3.財務報告或年度自結財務資訊報導期間 起訖日期(XXX/XX/XX~XXX/XX/XX):112/01/01~112/06/30 4.1月1日累計至本期止營業收入(仟元):26,705,427 5.1月1日累計至本期止營業毛利(毛損) (仟元):5,327,107 6.1月1日累計至本期止營業利益(損失) (仟元):2,899,634 7.1月1日累計至本期止稅前淨利(淨損) (仟元):3,314,254 8.1月1日累計至本期止本期淨利(淨損) (仟元):2,413,486 9.1月1日累計至本期止歸屬於母公司業主淨利(損) (仟元):2,207,991 10.1月1日累計至本期止基本每股盈餘(損失) (元):6.03 11.期末總資產(仟元):60,964,571 12.期末總負債(仟元):40,460,797 13.期末歸屬於母公司業主之權益(仟元):18,616,359 14.其他應敘明事項:無 ",https://mops.twse.com.tw/mops/#/web/t05st01,90a06d26514986ed999ac1885d1dfc9143286e1313934f7e5bea1d11ff4db6f1,0
3017,114,03,114/03/04,21:00:56,2025-03-04 21:00:56,"公告113年度第四季合併財務報告董事會預計召開日期為
114年3月12日",capital_change,,,,,,False,False,False,False,1.董事會召集通知日:114/03/04 2.董事會預計召開日期:114/03/12 3.預計提報董事會或經董事會決議之財務報告或 年度自結財務資訊年季:113年度第四季合併財務報告 4.其他應敘明事項:無 ,https://mops.twse.com.tw/mops/#/web/t05st01,dba5cbe147b65161d5afafa2c138ade5a8505831cfc25f268342fe373a8b34ff,0
3017,114,03,114/03/12,17:21:33,2025-03-12 17:21:33,董事會通過113年度合併財務報告,capital_change,,,,,,False,False,False,False,"1.提報董事會或經董事會決議日期:114/03/12 2.審計委員會通過日期:114/03/12 3.財務報告或年度自結財務資訊報導期間 起訖日期(XXX/XX/XX~XXX/XX/XX):113/01/01~113/12/31 4.1月1日累計至本期止營業收入(仟元):71,761,296 5.1月1日累計至本期止營業毛利(毛損) (仟元):16,870,441 6.1月1日累計至本期止營業利益(損失) (仟元):10,822,659 7.1月1日累計至本期止稅前淨利(淨損) (仟元):12,351,611 8.1月1日累計至本期止本期淨利(淨損) (仟元):9,192,677 9.1月1日累計至本期止歸屬於母公司業主淨利(損) (仟元):8,172,379 10.1月1日累計至本期止基本每股盈餘(損失) (元):21.21 11.期末總資產(仟元):99,905,561 12.期末總負債(仟元):66,432,686 13.期末歸屬於母公司業主之權益(仟元):28,870,634 14.其他應敘明事項:無。 ",https://mops.twse.com.tw/mops/#/web/t05st01,4d7eb1bf271bc7a16eeb032e615102aed77f35d002a0cce984c655b73848986c,0
3017,114,03,114/03/12,17:21:47,2025-03-12 17:21:47,本公司董事會決議股利分派,capital_change,,,,,,False,False,False,False,"1. 董事會決議日期：114/03/12 2. 股利所屬年(季)度：113年 年度 3. 股利所屬期間：113/01/01 至 113/12/31 4. 股東配發內容： (1)盈餘分配之現金股利(元/股)：7.00000000 (2)法定盈餘公積發放之現金(元/股)：0 (3)資本公積發放之現金(元/股)：3.00000000 (4)股東配發之現金(股利)總金額(元)：3,876,951,570 (5)盈餘轉增資配股(元/股)：0 (6)法定盈餘公積轉增資配股(元/股)：0 (7)資本公積轉增資配股(元/股)：0 (8)股東配股總股數(股)：0 5. 其他應敘明事項： 盈餘暨資本公積配發基準日前，如因本公司流通在外 股數發生變動，致使股東配息比率發生變動需修正 時，授權董事長調整之。 6. 普通股每股面額欄位：新台幣10.0000元",https://mops.twse.com.tw/mops/#/web/t05st01,327ad7192edf6bdf47236ded3cb40d0e609718027fe5eae9d5dad258df800985,0
3017,114,05,114/05/05,14:42:07,2025-05-05 14:42:07,"公告114年度第一季合併財務報告董事會預計召開日期為
114年5月13日",capital_change,,,,,,False,False,False,False,1.董事會召集通知日:114/05/05 2.董事會預計召開日期:114/05/13 3.預計提報董事會或經董事會決議之財務報告或 年度自結財務資訊年季:114年度第一季合併財務報告 4.其他應敘明事項:無 ,https://mops.twse.com.tw/mops/#/web/t05st01,14471efddc4132db5097b8b025cc8c0136dc816f97f6ccfe13c3e71845be7cea,0
3017,114,05,114/05/13,15:19:06,2025-05-13 15:19:06,董事會通過114年第一季合併財務報告,capital_change,,,,,,False,False,False,False,"1.提報董事會或經董事會決議日期:114/05/13 2.審計委員會通過日期:114/05/13 3.財務報告或年度自結財務資訊報導期間 起訖日期(XXX/XX/XX~XXX/XX/XX):114/01/01~114/03/31 4.1月1日累計至本期止營業收入(仟元):23,332,951 5.1月1日累計至本期止營業毛利(毛損) (仟元):6,027,960 6.1月1日累計至本期止營業利益(損失) (仟元):4,360,870 7.1月1日累計至本期止稅前淨利(淨損) (仟元):4,620,361 8.1月1日累計至本期止本期淨利(淨損) (仟元):3,510,091 9.1月1日累計至本期止歸屬於母公司業主淨利(損) (仟元):3,213,746 10.1月1日累計至本期止基本每股盈餘(損失) (元):8.28 11.期末總資產(仟元):111,824,662 12.期末總負債(仟元):78,471,930 13.期末歸屬於母公司業主之權益(仟元):28,847,253 14.其他應敘明事項:無。 ",https://mops.twse.com.tw/mops/#/web/t05st01,5b4bd440ac9cc515bc1f431ff1c4e90b7ff7c3455b85e513759e7686a73650cd,0
3017,114,07,114/07/29,15:15:01,2025-07-29 15:15:01,公告股利配發基準日,distribution,,2025-08-19,2025-09-22,,,True,False,False,False,"1.董事會、股東會決議或公司決定日期:114/07/29 2.除權、息類別（請填入「除權」、「除息」或「除權息」）:除息 3.普通股發放股利種類及金額:現金股利新台幣3,876,951,570元（盈餘2,713,866,099元 及資本公積-發行溢價1,163,085,471元），每股配發新台幣9.93036998元 4.除權（息）交易日:114/08/19 5.最後過戶日:114/08/20 6.停止過戶起始日期:114/08/21 7.停止過戶截止日期:114/08/25 8.除權（息）基準日:114/08/25 9.債券最後申請轉換日期:不適用 10.債券停止轉換起始日期:不適用 11.債券停止轉換截止日期:不適用 12.普通股現金股利發放日期:114/09/22 13.其他應敘明事項:現金股利將於民國114年9月22日以匯款或掛號郵寄「禁止背書轉讓」 支票方式發放，現金股利發放至元為止(元以下捨去)，匯費及支票處理費由股東應發股 利中扣除，倘現金股利總額不足以支付匯費或支票處理費者僅郵寄通知書，請股東逕洽 本公司股務代理機構洽領。 ",https://mops.twse.com.tw/mops/#/web/t05st01,a2f3ac75c2057677f19b9ef2efdf8579d658761de4230ddb2bfa603b47216d25,0
3017,114,07,114/07/29,15:15:21,2025-07-29 15:15:21,公告調整現金股利配息率,distribution,,,,,,False,False,False,False,1.董事會或股東會決議日期:NA 2.原發放股利種類及金額: (1)盈餘分配之現金股利(元/股)：7 (2)資本公積發放之現金(元/股)：3 (3)股東配發之現金股利合計(元/股)：10 3.變更後發放股利種類及金額: (1)盈餘分配之現金股利(元/股)：6.95125899 (2)資本公積發放之現金(元/股)：2.97911099 (3)股東配發之現金股利合計(元/股)：9.93036998 4.變更原因:因員工行使員工認股權，致流通在外股數發生變動。 依114年3月12日董事會決議，授權董事長調整配息率。 5.其他應敘明事項:無。 ,https://mops.twse.com.tw/mops/#/web/t05st01,c3c61d97ebad3048afa58ff758b1004f4871c11baee857e4b133ac882787d5eb,0
3017,114,08,114/08/05,14:29:59,2025-08-05 14:29:59,"公告114年度第二季合併財務報告董事會預計召開日期為
114年8月13日",capital_change,,,,,,False,False,False,False,1.董事會召集通知日:114/08/05 2.董事會預計召開日期:114/08/13 3.預計提報董事會或經董事會決議之財務報告或 年度自結財務資訊年季:114年度第二季合併財務報告 4.其他應敘明事項:無 ,https://mops.twse.com.tw/mops/#/web/t05st01,68eb8ba8527116d90cc4cdcc700e56cfc223f4246d99a1e1929c79273c644819,0
3017,114,08,114/08/13,14:37:06,2025-08-13 14:37:06,董事會通過114年第二季合併財務報告,capital_change,,,,,,False,False,False,False,"1.提報董事會或經董事會決議日期:114/08/13 2.審計委員會通過日期:114/08/13 3.財務報告或年度自結財務資訊報導期間 起訖日期(XXX/XX/XX~XXX/XX/XX):114/01/01~114/06/30 4.1月1日累計至本期止營業收入(仟元):52,927,460 5.1月1日累計至本期止營業毛利(毛損) (仟元):13,252,399 6.1月1日累計至本期止營業利益(損失) (仟元):9,455,452 7.1月1日累計至本期止稅前淨利(淨損) (仟元):10,516,502 8.1月1日累計至本期止本期淨利(淨損) (仟元):7,781,932 9.1月1日累計至本期止歸屬於母公司業主淨利(損) (仟元):7,211,151 10.1月1日累計至本期止基本每股盈餘(損失) (元):18.58 11.期末總資產(仟元):114,642,506 12.期末總負債(仟元):80,570,760 13.期末歸屬於母公司業主之權益(仟元):29,647,985 14.其他應敘明事項:無。 ",https://mops.twse.com.tw/mops/#/web/t05st01,52e0a51034c83a546042d994ff19723f7f26a8d90dc503bd0a534ffd1e6ef3e5,0
3019,107,03,107/03/23,18:02:07,2018-03-23 18:02:07,董事會決議股利分派,capital_change,,,,,,False,False,False,False,"1. 董事會決議日期：107/03/23 2. 股東配發內容： (1)盈餘分配之現金股利(元/股)：1.60000000 (2)法定盈餘公積、資本公積發放之現金(元/股)：0 (3)股東配發之現金(股利)總金額(元)：449,734,241 (4)盈餘轉增資配股(元/股)：0 (5)法定盈餘公積、資本公積轉增資配股(元/股)：0 (6)股東配股總股數(股)：0 3. 其他應敘明事項： 無 4. 普通股每股面額欄位：新台幣 10.0000元",https://mops.twse.com.tw/mops/#/web/t05st01,e9ad1aa2a29c2ddf24dd67e310d9f1490aa1181ea45c5f32087dd5e0b2793fad,0
3032,105,03,105/03/10,14:28:04,2016-03-10 14:28:04,公告本公司105年2月份自結合併營業收入,capital_change,,,,,,False,True,False,False,"1.事實發生日:105/03/10 2.公司名稱:偉訓科技股份有限公司 3.與公司關係(請輸入本公司或子公司):本公司 4.相互持股比例:不適用。 5.傳播媒體名稱:不適用。 6.報導內容:不適用。 7.發生緣由: 一、本公司105年2月份自結合併營業收入為新台幣228,152仟元， 較去年同期新台幣204,539仟元增加11.54%；累計至2月份自結合併營業收入 為新台幣630,302仟元，較去年同期522,690仟元增加20.59%。 二、以上資訊係本公司初步自行結算結果，並未經會計師簽證或核閱。 三、前述詳細資料業已輸入公開資訊觀測站資訊系統，網址 http://mops.twse.com.tw。 8.因應措施:無。 9.其他應敘明事項:無。 ",https://mops.twse.com.tw/mops/#/web/t05st01,c3fb4ddbaefe9e48d4c2ab2b2b821a4deef2821e81005e08fefe5a3fc0a37ef8,0
3032,105,03,105/03/15,16:25:04,2016-03-15 16:25:04,"本公司董事會通過一○四年度財務報表暨合併子公司
財務報表。",capital_change,,,,,,False,True,False,False,"1.事實發生日:105/03/15 2.公司名稱:偉訓科技股份有限公司 3.與公司關係(請輸入本公司或子公司):本公司 4.相互持股比例:不適用。 5.傳播媒體名稱:不適用。 6.報導內容:不適用。 7.發生緣由: 本公司一○四年度財務報告及合併子公司財務報告業經董事會決議通過。 本公司一○四年度財務報告數字如下： 營業收入淨額3,273,877仟元(較去年同期增加12%) 已實現營業毛利352,895仟元(較去年同期增加7%) 營業淨利127,790仟元(較去年同期減少3%) 稅前淨利307,779仟元(較去年同期增加27%) 稅後淨利270,826仟元(較去年同期增加27%) 每股稅後盈餘: 2.62元 本公司一○四年度合併子公司財務報告數字如下： 營業收入淨額3,637,295仟元(較去年同期增加6%) 營業毛利739,165仟元(較去年同期減少0%) 營業淨利235,201仟元(較去年同期減少5%) 稅前淨利326,231仟元(較去年同期增加25%) 不含少數股權稅後淨利270,826仟元(較去年同期增加27%) 每股稅後盈餘:2.62元 8.因應措施:無。 9.其他應敘明事項:無。 ",https://mops.twse.com.tw/mops/#/web/t05st01,e16870bcc419432978ff1ff37b3a0a0c42b89078d99e1fcde10b3ad673a232bc,0
3032,105,03,105/03/15,16:29:09,2016-03-15 16:29:09,董事會決議股利分派,capital_change,,,,,,False,False,False,False,"1. 董事會決議日期：2016/03/15 2. 股東配發內容： (1)盈餘分配之現金股利(元/股)：2.00000000 (2)法定盈餘公積、資本公積發放之現金(元/股)：0 (3)股東配發之現金(股利)總金額(元)：206,571,252 (4)盈餘轉增資配股(元/股)：0 (5)法定盈餘公積、資本公積轉增資配股(元/股)：0 (6)股東配股總股數(股)：0 3. 其他應敘明事項： 上述公司章程股利分派內容為董事會擬具之修章案內容，尚待105年股東常會通過。 4. 普通股每股面額欄位：新台幣 10.0000元",https://mops.twse.com.tw/mops/#/web/t05st01,58089d368b128e5c2154f17d1222a88f6b33255d37ab21e833e0988cc895e403,0
3032,105,04,105/04/08,15:14:37,2016-04-08 15:14:37,公告本公司105年3月份自結合併營業收入,capital_change,,,,,,False,True,False,False,"1.事實發生日:105/04/08 2.公司名稱:偉訓科技股份有限公司 3.與公司關係(請輸入本公司或子公司):本公司 4.相互持股比例:不適用。 5.傳播媒體名稱:不適用。 6.報導內容:不適用。 7.發生緣由: 一、本公司105年3月份自結合併營業收入為新台幣420,460仟元， 較去年同期新台幣307,183仟元增加36.88%；累計至3月份自結合併營業收入 為新台幣1,050,762仟元，較去年同期829,873仟元增加26.62%。 二、以上資訊係本公司初步自行結算結果，並未經會計師簽證或核閱。 三、前述詳細資料業已輸入公開資訊觀測站資訊系統，網址 http://mops.twse.com.tw。 8.因應措施:無。 9.其他應敘明事項:無。 ",https://mops.twse.com.tw/mops/#/web/t05st01,f16f124141272fa124954d993a73f40442e2c689acd15abde4529dd800381122,0
3032,105,05,105/05/10,15:13:09,2016-05-10 15:13:09,公告本公司105年4月份自結合併營業收入,capital_change,,,,,,False,True,False,False,"1.事實發生日:105/05/10 2.公司名稱:偉訓科技股份有限公司 3.與公司關係(請輸入本公司或子公司):本公司 4.相互持股比例:不適用。 5.傳播媒體名稱:不適用。 6.報導內容:不適用。 7.發生緣由: 一、本公司105年4月份自結合併營業收入為新台幣316,959仟元， 較去年同期新台幣252,709仟元增加25.42%；累計至4月份自結合併營業收入 為新台幣1,367,721仟元，較去年同期1,082,582仟元增加26.34%。 二、以上資訊係本公司初步自行結算結果，並未經會計師簽證或核閱。 三、前述詳細資料業已輸入公開資訊觀測站資訊系統，網址 http://mops.twse.com.tw。 8.因應措施:無。 9.其他應敘明事項:無。 ",https://mops.twse.com.tw/mops/#/web/t05st01,58a2bece396c4813b601cd6c2a84c788b62830704067c9b2aa65551a9219bd95,0
3032,105,05,105/05/10,15:14:58,2016-05-10 15:14:58,本公司董事會通過一○五年第一季合併子公司財務報表。,capital_change,,,,,,False,True,False,False,"1.事實發生日:105/05/10 2.公司名稱:偉訓科技股份有限公司 3.與公司關係(請輸入本公司或子公司):本公司 4.相互持股比例:不適用。 5.傳播媒體名稱:不適用。 6.報導內容:不適用。 7.發生緣由: 本公司一○五年第一季合併子公司財務報表業經董事會決議通過。 本公司一○五年第一季合併子公司財務報表數字如下： 營業收入淨額1,056,302仟元(較去年同期增加28%) 營業毛利223,355仟元(較去年同期增加31%) 營業淨利102,654仟元(較去年同期增加80%) 稅前淨利111,239仟元(較去年同期增加52%) 不含少數股權稅後淨利89,350仟元(較去年同期增加49%) 每股稅後盈餘: 0.87元 8.因應措施:無。 9.其他應敘明事項:無。 ",https://mops.twse.com.tw/mops/#/web/t05st01,e8df20752c3c657ad88f9e46779d9ee41c38235c10b3c03a1ef0e0451bc674af,0
3032,105,05,105/05/31,14:49:39,2016-05-31 14:49:39,公告本公司董事會決議除息基準日公告,distribution,,2016-07-19,,,,False,False,False,False,"1.董事會、股東會決議或公司決定日期:105/05/31 2.除權、息類別（請填入「除權」、「除息」或「除權息」）:除息 3.發放股利種類及金額:現金股利新台幣206,571,252元。 4.除權（息）交易日:105/07/19 5.最後過戶日:105/07/20 6.停止過戶起始日期:105/07/21 7.停止過戶截止日期:105/07/25 8.除權（息）基準日:105/07/25 9.其他應敘明事項: 1.現金股利發放日期預訂於105年8月16日。 2.嗣後如基準日之日期有異動時，授權董事長調整之。 3.其他未盡事宜或因調整之必要性或因法令變更或主管機關要求，授權董事長全權處 理之。 ",https://mops.twse.com.tw/mops/#/web/t05st01,dd40dcf620aadc2b2bf7875a62e40c1befdd788725ac17fed7eaa12dab3c29e2,0
3034,110,02,110/02/04,16:46:02,2021-02-04 16:46:02,"聯詠科技公佈一○九年度自結數合併財務報告及一一○年
第一季業績展望",capital_change,,,,,,False,True,False,False,1.事實發生日:110/02/04 2.公司名稱:聯詠科技股份有限公司。 3.與公司關係(請輸入本公司或子公司):本公司。 4.相互持股比例:不適用。 5.發生緣由:不適用。 6.因應措施:不適用。 7.其他應敘明事項: 聯詠科技股份有限公司(代號：3034)於今(4)日召開法人說明會，公佈公司 一○九年度自結數合併財務報告： 聯詠科技一○九年度合併營業收入淨額為新台幣799億5仟6佰萬元，較 一○八年度增加24.21%，全年毛利率為34.97%，較一○八年毛利率32.02%， 增加2.95個百分點。第四季合併營業收入淨額為新台幣224億5仟3佰萬元， 較第三季增加2.05%，較一○八年第四季增加35.87%；第四季合併營業收入 較第三季成長，係IT產品因新冠疫情需求持續暢旺以及手機產品步入出貨 旺季。第四季毛利率為38.03%，較第三季毛利率34.45%，增加3.58個百分點 ，主要為部分產品反映成本而調整售價和優化產品組合。 全年營業費用為新台幣131億8仟萬元，一○八年為新台幣107億5仟7佰萬元， 全年營業淨利為新台幣147億7仟8佰萬元，一○八年為新台幣98億5仟7佰萬元 。第四季營業費用為新台幣37億9仟萬元，第三季為新台幣33億1仟7佰萬元， 一○八年第四季為新台幣28億8仟7佰萬元。第四季營業淨利為新台幣47億4仟 8佰萬元，第三季為新台幣42億6仟3佰萬元，一○八年第四季為新台幣24億4 仟2佰萬元。 全年稅後盈餘為新台幣118億1仟7佰萬元，較一○八年增加49.07%，每股稅後 盈餘為新台幣19.42元。第四季稅後盈餘為新台幣36億4仟4佰萬元，較第三季 增加7.02%，較一○八年第四季增加102.22%，每股稅後盈餘為新台幣5.99元。 本公司一一○年第一季的業績展望如下： ‧合併營收預計介於新台幣252億元至260億元之間； ‧毛利率預計介於38% 至41% 之間； ‧營業利益率預計介於22% 至25% 之間。 ,https://mops.twse.com.tw/mops/#/web/t05st01,24bc05ec9a8c3eb8515b06a3e5296baf750e93be4dfdb1ba967be08aed606a4a,0
3034,110,03,110/03/18,17:00:08,2021-03-18 17:00:08,公告本公司109年度合併財務報告,capital_change,,,,,,False,False,False,False,"1.財務報告提報董事會或經董事會決議日期:110/02/25 2.審計委員會通過財務報告日期:110/02/25 3.財務報告報導期間起訖日期(XXX/XX/XX~XXX/XX/XX):109/01/01~109/12/31 4.1月1日累計至本期止營業收入(仟元):79,955,520 5.1月1日累計至本期止營業毛利(毛損) (仟元):27,957,707 6.1月1日累計至本期止營業利益(損失) (仟元):14,777,598 7.1月1日累計至本期止稅前淨利(淨損) (仟元):14,548,974 8.1月1日累計至本期止本期淨利(淨損) (仟元):11,817,239 9.1月1日累計至本期止歸屬於母公司業主淨利(損) (仟元):11,817,239 10.1月1日累計至本期止基本每股盈餘(損失) (元):19.42 11.期末總資產(仟元):58,100,689 12.期末總負債(仟元):18,157,486 13.期末歸屬於母公司業主之權益(仟元):39,943,203 14.其他應敘明事項:無。 ",https://mops.twse.com.tw/mops/#/web/t05st01,b2453246ab930a3e93442bd0993448bb20a7c397bb7899647b03a63839c12d0e,0
3034,110,04,110/04/26,16:59:15,2021-04-26 16:59:15,董事會決議股利分派,capital_change,,,,,,False,False,False,False,"1. 董事會擬議日期：110/04/26 2. 股利所屬年(季)度：109年 年度 3. 股利所屬期間：109/01/01 至 109/12/31 4. 股東配發內容： (1)盈餘分配之現金股利(元/股)：15.60000000 (2)法定盈餘公積發放之現金(元/股)：0 (3)資本公積發放之現金(元/股)：0 (4)股東配發之現金(股利)總金額(元)：9,492,778,916 (5)盈餘轉增資配股(元/股)：0 (6)法定盈餘公積轉增資配股(元/股)：0 (7)資本公積轉增資配股(元/股)：0 (8)股東配股總股數(股)：0 5. 其他應敘明事項： 無。 6. 普通股每股面額欄位：新台幣10.0000元",https://mops.twse.com.tw/mops/#/web/t05st01,e8bf8a47e1327fe3f058d0b8ae521769a33ce3a5781f11a82584321bdec8d866,0
3034,110,04,110/04/26,17:02:33,2021-04-26 17:02:33,本公司董事會決議通過民國110年第1季合併財務報告,capital_change,,,,,,False,False,False,False,"1.財務報告提報董事會或經董事會決議日期:110/04/26 2.審計委員會通過財務報告日期:110/04/26 3.財務報告報導期間起訖日期(XXX/XX/XX~XXX/XX/XX):110/01/01~110/03/31 4.1月1日累計至本期止營業收入(仟元):26,366,515 5.1月1日累計至本期止營業毛利(毛損) (仟元):11,506,568 6.1月1日累計至本期止營業利益(損失) (仟元):7,210,532 7.1月1日累計至本期止稅前淨利(淨損) (仟元):7,286,222 8.1月1日累計至本期止本期淨利(淨損) (仟元):5,875,214 9.1月1日累計至本期止歸屬於母公司業主淨利(損) (仟元):5,875,214 10.1月1日累計至本期止基本每股盈餘(損失) (元):9.66 11.期末總資產(仟元):68,923,078 12.期末總負債(仟元):22,903,351 13.期末歸屬於母公司業主之權益(仟元):46,019,727 14.其他應敘明事項:無。 ",https://mops.twse.com.tw/mops/#/web/t05st01,bb73344c63ca044199d15229c5e8145047839a0fb386bc59c6485c57021a2d71,0
3034,110,05,110/05/06,16:52:27,2021-05-06 16:52:27,聯詠科技一一○年第一季合併財務報告及第二季業績展望,capital_change,,,,,,False,True,False,False,"1.事實發生日:110/05/06 2.公司名稱:聯詠科技股份有限公司。 3.與公司關係(請輸入本公司或子公司):本公司。 4.相互持股比例:不適用。 5.發生緣由:不適用。 6.因應措施:不適用。 7.其他應敘明事項: 聯詠科技股份有限公司(代號：3034)於今(6)日召開法人說明會， 說明公司一一○年第一季合併財務報告： 聯詠科技一一○年第一季合併營業收入淨額為新台幣263億6仟7佰萬元 ，較去年第四季增加17.43%，較去年第一季增加56.10%；第一季營收 較上季成長，主要是受惠宅經濟相關產品需求動能持續，出貨呈現淡 季不淡，SOC產品和驅動IC出貨均持續增加。第一季毛利率為43.64%， 較去年第四季毛利率38.03%，增加5.61個百分點，主要係因部分產品 反映成本調升售價和持續優化的產品組合。 一一○年第一季營業費用為新台幣42億9仟6佰萬元，去年第四季為新 台幣37億9仟萬元，去年第一季為新台幣30億7佰萬元。第一季營業淨 利為新台幣72億1仟1佰萬元，去年第四季為新台幣47億4仟8佰萬元， 去年第一季為新台幣26億1佰萬元。 一一○年第一季稅後盈餘為新台幣58億7仟5佰萬元，較去年第四季增 加61.22%，較去年第一季增加165.71%，每股稅後盈餘為新台幣9.66元。 聯詠科技民國一○九年度盈餘分配案，董事會決議盈餘分配之現金股利 每股配發新台幣15.6元，股東配發之現金股利總金額9,492,778,916元， 占一○九年度稅後盈餘80.33%。 本公司一一○年第二季的業績展望如下： ‧合併營收預計介於新台幣330億元至340億元之間； ‧毛利率預計介於45% 至48% 之間； ‧營業利益率預計介於29.5% 至32.5% 之間。 ",https://mops.twse.com.tw/mops/#/web/t05st01,36c6db369f2d64b1c3a933e25233a9d36fa4d4c018972819880a96e2c979cca1,0
3034,110,10,110/10/29,16:56:04,2021-10-29 16:56:04,本公司董事會決議通過民國110年第3季合併財務報告,capital_change,,,,,,False,False,False,False,"1.提報董事會或經董事會決議日期:110/10/29 2.審計委員會通過日期:110/10/29 3.財務報告或年度自結財務資訊報導期間 起訖日期(XXX/XX/XX~XXX/XX/XX):110/01/01~110/09/30 4.1月1日累計至本期止營業收入(仟元):98,823,404 5.1月1日累計至本期止營業毛利(毛損) (仟元):48,590,560 6.1月1日累計至本期止營業利益(損失) (仟元):34,323,952 7.1月1日累計至本期止稅前淨利(淨損) (仟元):34,524,222 8.1月1日累計至本期止本期淨利(淨損) (仟元):27,932,320 9.1月1日累計至本期止歸屬於母公司業主淨利(損) (仟元):27,932,320 10.1月1日累計至本期止基本每股盈餘(損失) (元):45.90 11.期末總資產(仟元):103,036,055 12.期末總負債(仟元):43,756,829 13.期末歸屬於母公司業主之權益(仟元):59,279,226 14.其他應敘明事項:無。 ",https://mops.twse.com.tw/mops/#/web/t05st01,de9503399d10e00843142af87878817f58ca0539d3f5c42c69c9bc81a6298453,0
3034,110,11,110/11/04,16:31:32,2021-11-04 16:31:32,聯詠科技公佈一一○年前三季合併財務報告及第四季業績展望,capital_change,,,,,,False,True,False,False,1.事實發生日:110/11/04 2.公司名稱:聯詠科技股份有限公司。 3.與公司關係(請輸入本公司或子公司):本公司。 4.相互持股比例:不適用。 5.發生緣由:不適用。 6.因應措施:不適用。 7.其他應敘明事項: 聯詠科技股份有限公司(代號：3034)於今(4)日召開法人說明會，公佈公司 一一○年前三季合併財務報告： 聯詠科技一一○年前三季合併營業收入淨額為新台幣988億2仟3佰萬元， 較去年同期增加71.86%，前三季毛利率為49.17%，較去年同期毛利率 33.77%，增加15.40個百分點。第三季合併營業收入淨額為新台幣 383億4仟6佰萬元，較第二季增加12.41%，較去年第三季增加74.29%； 第三季合併營業收入較第二季成長，主要係IT相關需求持續，SoC產品旺季 備貨，以及手機、車用驅動IC出貨增加。第三季毛利率為51.94%，較 第二季毛利率50.33%，增加1.61個百分點，主要係持續優化的產品組合和 部份產品反應成本調升售價。 一一○年前三季營業費用為新台幣142億6仟7佰萬元，去年同期為新台幣 93億9仟萬元，前三季營業淨利為新台幣343億2仟4佰萬元，去年同期為 新台幣100億2仟9佰萬元。第三季營業費用為新台幣47億9仟6佰萬元， 第二季為新台幣51億7仟5佰萬元，去年第三季為新台幣33億1仟7佰萬元。 第三季營業淨利為新台幣151億2仟1佰萬元，第二季為新台幣119億9仟2佰 萬元，去年第三季為新台幣42億6仟3佰萬元。 一一○年前三季稅後盈餘為新台幣279億3仟2佰萬元，較去年同期增加 241.76%，每股稅後盈餘為新台幣45.90元。第三季稅後盈餘為新台幣 122億7仟1佰萬元，較第二季增加25.39%，較去年第三季增加260.37%， 每股稅後盈餘為新台幣20.17元。 本公司一一○年第四季的業績展望如下： ‧合併營收預計介於新台幣360億元至370億元之間； ‧毛利率預計介於48% 至51% 之間； ‧營業利益率預計介於34% 至37% 之間。 ,https://mops.twse.com.tw/mops/#/web/t05st01,40f39c9317699e12c8a193933c96467112b8856a75b9398718dcf7752406b0f3,0
3034,111,11,111/11/08,16:11:46,2022-11-08 16:11:46,聯詠科技一一一年前三季合併財務報告及第四季業績展望,capital_change,,,,,,False,True,False,False,1.事實發生日:111/11/08 2.公司名稱:聯詠科技股份有限公司。 3.與公司關係(請輸入本公司或子公司):本公司。 4.相互持股比例:不適用。 5.發生緣由:不適用。 6.因應措施:不適用。 7.其他應敘明事項: 聯詠科技股份有限公司(代號：3034)於今(8)日召開法人說明會， 說明公司一一一年前三季合併財務報告： 聯詠科技一一一年前三季合併營業收入淨額為新台幣875億3仟7佰萬元， 較去年同期減少11.42%，前三季毛利率為47.81%，較去年同期毛利率 49.17%，減少1.36個百分點。第三季合併營業收入淨額為新台幣 195億6仟4佰萬元，較第二季減少37.82%，較去年第三季減少48.98%； 第三季合併營業收入較第二季減少，主要係因消費性產品終端需求急凍， 造成品牌系統廠清庫存拉貨保守，面板廠降載生產所致。第三季毛利率為 42.65%，較第二季毛利率47.62%，減少4.97個百分點，主要係產品成本 上升以及售價下滑影響所致。 一一一年前三季營業費用為新台幣143億3仟1佰萬元，去年同期為新台幣 142億6仟7佰萬元，前三季營業淨利為新台幣275億2仟萬元，去年同期為 新台幣343億2仟4佰萬元。第三季營業費用為新台幣40億8仟9佰萬元， 第二季為新台幣49億9仟8佰萬元，去年第三季為新台幣47億9仟6佰萬元。 第三季營業淨利為新台幣42億5仟5佰萬元，第二季為新台幣99億8仟5佰 萬元，去年第三季為新台幣151億2仟1佰萬元。 一一一年前三季稅後盈餘為新台幣239億2仟7佰萬元，較去年同期減少 14.34%，每股稅後盈餘為新台幣39.32元。第三季稅後盈餘為新台幣 43億5佰萬元，較第二季減少49.27%，較去年第三季減少64.92%， 每股稅後盈餘為新台幣7.07元。 本公司一一一年第四季的業績展望如下： ‧合併營收預計介於新台幣188億元至200億元之間； ‧毛利率預計介於38.5% 至40.5% 之間； ‧營業利益率預計介於18.5% 至21.5% 之間。 ,https://mops.twse.com.tw/mops/#/web/t05st01,8bedd6878bce354488a4fb084f03834888cd9afd53503a7de186b21986a4ea91,0
3034,112,02,112/02/07,16:16:01,2023-02-07 16:16:01,聯詠科技公佈111年度自結數合併財務報告及112年第一季業績展望,capital_change,,,,,,False,True,False,False,"1.事實發生日:112/02/07 2.公司名稱:聯詠科技股份有限公司。 3.與公司關係(請輸入本公司或子公司):本公司。 4.相互持股比例:不適用。 5.發生緣由:不適用。 6.因應措施:不適用。 7.其他應敘明事項(若事件發生或決議之主體係屬公開發行以上公司，本則重大訊息同時 符合證券交易法施行細則第7條第9款所定對股東權益或證券價格有重大影響之事項): 聯詠科技股份有限公司(代號：3034)於今(7)日召開法人說明會，說明 公司111年度自結數合併財務報告： 聯詠科技111年度合併營業收入淨額為新台幣1,099億5仟7佰萬元，較110 年同期減少18.77%，全年毛利率為46.33%，較110年同期毛利率49.78%， 減少3.45個百分點。第四季合併營業收入淨額為新台幣224億2仟萬元， 較第三季增加14.60%，較110年第四季減少38.65%；第四季合併營業收入 較第三季增加，主要受惠於大尺寸應用產品急單挹注以及手機OLED需求 增加，相關 IC 出貨優於預期所貢獻。第四季毛利率為40.55%，較第三季 毛利率42.65%，減少2.10個百分點，主要係部份產品成本上升以及售價 下滑影響所致。 全年營業費用為新台幣182億1仟2佰萬元，110年同期為新台幣196億1仟8佰萬 元，全年營業淨利為新台幣327億2仟9佰萬元，110年同期為新台幣477億7仟 3佰萬元。第四季營業費用為新台幣38億8仟1佰萬元，第三季為新台幣40億8仟 9佰萬元，110年第四季為新台幣53億5仟2佰萬元。第四季營業淨利為新台幣 52億9佰萬元，第三季為新台幣42億5仟5佰萬元，110年第四季為新台幣134億 4仟9佰萬元。 全年稅後盈餘為新台幣279億7仟萬元，較110年同期減少28.04%，每股稅後盈餘 為新台幣45.96元。第四季稅後盈餘為新台幣40億4仟3佰萬元，較第三季減少 6.09%，較110年第四季減少63.02%，每股稅後盈餘為新台幣6.64元。 本公司112年第一季的業績展望如下： ‧合併營收預計介於新台幣222億元至232億元之間； ‧毛利率預計介於37.5% 至39.5% 之間； ‧營業利益率預計介於20% 至23% 之間。 ",https://mops.twse.com.tw/mops/#/web/t05st01,871536ad1aa718bfb64b20c0a347126f63820bb63be86680f133872f12d56007,0
3034,112,02,112/02/24,17:19:42,2023-02-24 17:19:42,本公司董事會決議通過民國111年合併財務報告,capital_change,,,,,,False,False,False,False,"1.提報董事會或經董事會決議日期:112/02/24 2.審計委員會通過日期:112/02/24 3.財務報告或年度自結財務資訊報導期間 起訖日期(XXX/XX/XX~XXX/XX/XX):111/01/01~111/12/31 4.1月1日累計至本期止營業收入(仟元):109,956,674 5.1月1日累計至本期止營業毛利(毛損) (仟元):50,941,187 6.1月1日累計至本期止營業利益(損失) (仟元):32,728,831 7.1月1日累計至本期止稅前淨利(淨損) (仟元):34,511,191 8.1月1日累計至本期止本期淨利(淨損) (仟元):27,969,522 9.1月1日累計至本期止歸屬於母公司業主淨利(損) (仟元):27,969,522 10.1月1日累計至本期止基本每股盈餘(損失) (元):45.96 11.期末總資產(仟元):100,546,386 12.期末總負債(仟元):34,976,181 13.期末歸屬於母公司業主之權益(仟元):65,570,205 14.其他應敘明事項:無。 ",https://mops.twse.com.tw/mops/#/web/t05st01,4967e6fe3b8fac06b825b21caa47d9550d523ed3ba70776332735947e479a45c,0
3034,112,03,112/03/31,15:33:54,2023-03-31 15:33:54,董事會決議股利分派,capital_change,,,,,,False,False,False,False,"1. 董事會擬議日期：112/03/31 2. 股利所屬年(季)度：111年 年度 3. 股利所屬期間：111/01/01 至 111/12/31 4. 股東配發內容： (1)盈餘分配之現金股利(元/股)：37.00000000 (2)法定盈餘公積發放之現金(元/股)：0 (3)資本公積發放之現金(元/股)：0 (4)股東配發之現金(股利)總金額(元)：22,514,924,353 (5)盈餘轉增資配股(元/股)：0 (6)法定盈餘公積轉增資配股(元/股)：0 (7)資本公積轉增資配股(元/股)：0 (8)股東配股總股數(股)：0 5. 其他應敘明事項： 無 6. 普通股每股面額欄位：新台幣10.0000元",https://mops.twse.com.tw/mops/#/web/t05st01,de15f79261e5a0c8bf11b3aa28caf283c3f5c53763db1591534a3714d1dcf47f,0
3034,112,04,112/04/28,16:58:11,2023-04-28 16:58:11,本公司董事會決議通過民國112年第1季合併財務報告,capital_change,,,,,,False,False,False,False,"1.提報董事會或經董事會決議日期:112/04/28 2.審計委員會通過日期:112/04/28 3.財務報告或年度自結財務資訊報導期間 起訖日期(XXX/XX/XX~XXX/XX/XX):112/01/01~112/03/31 4.1月1日累計至本期止營業收入(仟元):24,045,882 5.1月1日累計至本期止營業毛利(毛損) (仟元):10,078,803 6.1月1日累計至本期止營業利益(損失) (仟元):5,661,964 7.1月1日累計至本期止稅前淨利(淨損) (仟元):5,862,629 8.1月1日累計至本期止本期淨利(淨損) (仟元):4,751,836 9.1月1日累計至本期止歸屬於母公司業主淨利(損) (仟元):4,751,836 10.1月1日累計至本期止基本每股盈餘(損失) (元):7.81 11.期末總資產(仟元):108,528,688 12.期末總負債(仟元):37,582,880 13.期末歸屬於母公司業主之權益(仟元):70,945,808 14.其他應敘明事項:無。 ",https://mops.twse.com.tw/mops/#/web/t05st01,5abcce1f315ee72ad13827d377c880049da8432e30f36b9cd34f47a71a957083,0
3034,114,02,114/02/12,16:22:57,2025-02-12 16:22:57,聯詠科技公佈113年度自結數合併財務報告及114年第一季業績展望,capital_change,,,,,,False,True,False,False,"1.事實發生日:114/02/12 2.公司名稱:聯詠科技股份有限公司。 3.與公司關係(請輸入本公司或子公司):本公司。 4.相互持股比例:不適用。 5.發生緣由:不適用。 6.因應措施:不適用。 7.其他應敘明事項(若事件發生或決議之主體係屬公開發行以上公司，本則重大訊息同時 符合證券交易法施行細則第7條第9款所定對股東權益或證券價格有重大影響之事項): 聯詠科技股份有限公司(代號：3034)於今(12)日召開法人說明會， 說明公司一一三年度自結數合併財務報告： 聯詠科技一一三年度合併營業收入淨額為新台幣1,027億8仟8佰萬元， 較一一二年同期減少6.92%，全年毛利率為40.35%，較一一二年同期毛 利率41.85%，減少1.50個百分點。第四季合併營業收入淨額為新台幣 252億6仟3佰萬元，較第三季減少9.34%，較一一二年第四季減少6.97% ；第四季合併營業收入較第三季減少，主要是消費性電子產品進入需求 淡季，以及年底廠商調控庫存所致。第四季毛利率為39.51%，較第三季 毛利率39.74%，微幅減少0.23個百分點，主要是受到產品組合變動及金 價成本持續上漲的影響所致。 一一三年全年營業費用為新台幣196億6仟6佰萬元，一一二年同期為新 台幣195億5仟萬元，全年營業淨利為新台幣218億6佰萬元，一一二年同 期為新台幣266億6仟2佰萬元。第四季營業費用為新台幣50億6仟5佰萬元 ，第三季為新台幣48億3仟3佰萬元，一一二年第四季為新台幣49億5仟7佰 萬元。第四季營業淨利為新台幣49億1仟6佰萬元，第三季為新台幣62億4仟 1佰萬元，一一二年第四季為新台幣63億6佰萬元。 一一三年全年稅後盈餘為新台幣203億4仟2佰萬元，較一一二年同期減少 12.76%，每股稅後盈餘為新台幣33.43元。第四季稅後盈餘為新台幣48億 1佰萬元，較第三季減少8.69%，較一一二年第四季減少9.88%，每股稅後 盈餘為新台幣7.89元。 本公司一一四年第一季的業績展望如下： ‧合併營收預計介於新台幣260億元至272億元之間； ‧毛利率預計介於37% 至40% 之間； ‧營業利益率預計介於18.5% 至21.5% 之間。 ",https://mops.twse.com.tw/mops/#/web/t05st01,618d265a826b2093e1f3049924ce463448755e586593bfab4641105b6173f146,0
3034,114,02,114/02/17,15:23:41,2025-02-17 15:23:41,"公告本公司113年度個體暨合併財務報告董事會
預計召開日期為114年2月25日",capital_change,,,,,,False,False,False,False,1.董事會召集通知日:114/02/17 2.董事會預計召開日期:114/02/25 3.預計提報董事會或經董事會決議之財務報告或 年度自結財務資訊年季:113年度個體暨合併財務報告 4.其他應敘明事項:無 ,https://mops.twse.com.tw/mops/#/web/t05st01,bbb1c357ee771340ea1b1bde27586c6c3aa1d33be1f98ca0a0f0847fb82bc232,0
3034,114,02,114/02/25,18:16:51,2025-02-25 18:16:51,本公司董事會決議通過民國113年度合併財務報告,capital_change,,,,,,False,False,False,False,"1.提報董事會或經董事會決議日期:114/02/25 2.審計委員會通過日期:114/02/25 3.財務報告或年度自結財務資訊報導期間 起訖日期(XXX/XX/XX~XXX/XX/XX):113/01/01~113/12/31 4.1月1日累計至本期止營業收入(仟元):102,787,751 5.1月1日累計至本期止營業毛利(毛損) (仟元):41,472,356 6.1月1日累計至本期止營業利益(損失) (仟元):21,806,038 7.1月1日累計至本期止稅前淨利(淨損) (仟元):24,126,317 8.1月1日累計至本期止本期淨利(淨損) (仟元):20,342,021 9.1月1日累計至本期止歸屬於母公司業主淨利(損) (仟元):20,342,021 10.1月1日累計至本期止基本每股盈餘(損失) (元):33.43 11.期末總資產(仟元):102,400,603 12.期末總負債(仟元):34,477,231 13.期末歸屬於母公司業主之權益(仟元):67,923,372 14.其他應敘明事項:無。 ",https://mops.twse.com.tw/mops/#/web/t05st01,9c7d83a22f40237efe047a1e638ff1ab67d55b7e8f5f90328ce56b87f861fbea,0
3034,114,03,114/03/27,15:34:25,2025-03-27 15:34:25,董事會決議股利分派,capital_change,,,,,,False,False,False,False,"1. 董事會擬議日期：114/03/27 2. 股利所屬年(季)度：113年 年度 3. 股利所屬期間：113/01/01 至 113/12/31 4. 股東配發內容： (1)盈餘分配之現金股利(元/股)：28.00000000 (2)法定盈餘公積發放之現金(元/股)：0 (3)資本公積發放之現金(元/股)：0 (4)股東配發之現金(股利)總金額(元)：17,038,321,132 (5)盈餘轉增資配股(元/股)：0 (6)法定盈餘公積轉增資配股(元/股)：0 (7)資本公積轉增資配股(元/股)：0 (8)股東配股總股數(股)：0 5. 其他應敘明事項： 無。 6. 普通股每股面額欄位：新台幣10.0000元",https://mops.twse.com.tw/mops/#/web/t05st01,d9a1021a8f7cdf622df4d9b6121961f1f7d7a8a63156b596c5e9d272ab23bd5e,0
3034,114,04,114/04/21,15:23:50,2025-04-21 15:23:50,"公告本公司114年第1季合併財務報告董事會
預計召開日期為114年4月29日",capital_change,,,,,,False,False,False,False,1.董事會召集通知日:114/04/21 2.董事會預計召開日期:114/04/29 3.預計提報董事會或經董事會決議之財務報告或 年度自結財務資訊年季:114年第1季合併財務報告 4.其他應敘明事項:無 ,https://mops.twse.com.tw/mops/#/web/t05st01,e4c9913e9284cddeed8aa29ecccdf91c730c43d8e8a44030f55a1967f83405bc,0
3034,114,04,114/04/29,17:01:16,2025-04-29 17:01:16,本公司董事會決議通過民國114年第1季合併財務報告,capital_change,,,,,,False,False,False,False,"1.提報董事會或經董事會決議日期:114/04/29 2.審計委員會通過日期:114/04/29 3.財務報告或年度自結財務資訊報導期間 起訖日期(XXX/XX/XX~XXX/XX/XX):114/01/01~114/03/31 4.1月1日累計至本期止營業收入(仟元):27,120,202 5.1月1日累計至本期止營業毛利(毛損) (仟元):10,782,716 6.1月1日累計至本期止營業利益(損失) (仟元):5,695,750 7.1月1日累計至本期止稅前淨利(淨損) (仟元):6,140,613 8.1月1日累計至本期止本期淨利(淨損) (仟元):5,263,805 9.1月1日累計至本期止歸屬於母公司業主淨利(損) (仟元):5,263,805 10.1月1日累計至本期止基本每股盈餘(損失) (元):8.65 11.期末總資產(仟元):107,723,366 12.期末總負債(仟元):34,592,292 13.期末歸屬於母公司業主之權益(仟元):73,131,074 14.其他應敘明事項:無。 ",https://mops.twse.com.tw/mops/#/web/t05st01,7e0173817b31e6694a56bc9f5f7fc6c16f73ef29399e3ad9eab3000d844bc9b9,0
3035,114,02,114/02/21,15:57:16,2025-02-21 15:57:16,"公告本公司董事會決議通過民國113年度合併財
務報告",capital_change,,,,,,False,False,False,False,"1.提報董事會或經董事會決議日期:114/02/21 2.審計委員會通過日期:114/02/21 3.財務報告或年度自結財務資訊報導期間 起訖日期(XXX/XX/XX~XXX/XX/XX):113/01/01~113/12/31 4.1月1日累計至本期止營業收入(仟元):11,064,852 5.1月1日累計至本期止營業毛利(毛損) (仟元):5,051,359 6.1月1日累計至本期止營業利益(損失) (仟元):1,070,677 7.1月1日累計至本期止稅前淨利(淨損) (仟元):1,343,054 8.1月1日累計至本期止本期淨利(淨損) (仟元):1,071,892 9.1月1日累計至本期止歸屬於母公司業主淨利(損) (仟元):1,041,465 10.1月1日累計至本期止基本每股盈餘(損失) (元):4.04 11.期末總資產(仟元):18,330,001 12.期末總負債(仟元):4,856,669 13.期末歸屬於母公司業主之權益(仟元):13,074,685 14.其他應敘明事項:無 ",https://mops.twse.com.tw/mops/#/web/t05st01,f92472559998ef9a004418a2760f0d60a9386a88077b53e2bdb8a31db0eec699,0
3035,114,02,114/02/21,16:07:20,2025-02-21 16:07:20,公告本公司董事會決議分派股利事宜,capital_change,,,,,,False,False,False,False,"1. 董事會決議日期：114/02/21 2. 股利所屬年(季)度：113年 年度 3. 股利所屬期間：113/01/01 至 113/12/31 4. 股東配發內容： (1)盈餘分配之現金股利(元/股)：3.00000000 (2)法定盈餘公積發放之現金(元/股)：0 (3)資本公積發放之現金(元/股)：0 (4)股東配發之現金(股利)總金額(元)：781,650,939 (5)盈餘轉增資配股(元/股)：0 (6)法定盈餘公積轉增資配股(元/股)：0 (7)資本公積轉增資配股(元/股)：0 (8)股東配股總股數(股)：0 5. 其他應敘明事項： 無 6. 普通股每股面額欄位：新台幣10.0000元",https://mops.twse.com.tw/mops/#/web/t05st01,72a54d8ac65d4b0de8df259897c5a1ad0b82c92ea58b3ab1c633411a35e4bdbd,0
3045,107,02,107/02/01,17:41:19,2018-02-01 17:41:19,本公司107年度簡式合併財務預測公告,capital_change,,,,,,False,False,False,False,1.財務預測年度：107 2.財務預測型態：簡式 3.董事會決議日期：107/02/01 4.財務預測編制、更正或更新日期：107/01/25 5.財務預測編製原因： 自願公開 6.其他應敘明事項： 無 本資料係屬預測性質，將來未必能完全達成，詳細內容應再參考 '重要會計政策及基本假設彙總',https://mops.twse.com.tw/mops/#/web/t05st01,e7bf3260359f2f3f731f64eb92050ab39a6e2b42807852da10c15c1cadfcbe3e,0
3045,107,04,107/04/02,17:46:47,2018-04-02 17:46:47,"公告本公司106年第4季自結合併稅前損益與會計師查核數差
異原因說明",capital_change,,,,,,False,True,False,False,"1.事實發生日:107/04/02 2.公司名稱:台灣大哥大股份有限公司 3.與公司關係(請輸入本公司或子公司):本公司 4.相互持股比例:不適用 5.發生緣由:本公司106年第4季自結合併稅前損益3,942,756仟元，與會計師查核數 3,182,164仟元比較，差異金額760,592仟元，差異比率23.9%。 6.因應措施:主係估列訴訟賠償損失所致。 7.其他應敘明事項:無 ",https://mops.twse.com.tw/mops/#/web/t05st01,9e34c57865dc2d6b0ccc99794a0048c2a7029eff6749d2a5f1695d6054d1fa80,0
3045,107,04,107/04/19,18:33:54,2018-04-19 18:33:54,代重要子公司大富媒體科技(股)公司公告現金股利配發基準日,distribution,,,,,,False,True,False,False,"1.董事會、股東會決議或公司決定日期:107/04/19 2.除權、息類別（請填入「除權」、「除息」或「除權息」）:除息 3.發放股利種類及金額:現金股利新台幣2,040,376,210元 4.除權（息）交易日:NA 5.最後過戶日:107/06/23 6.停止過戶起始日期:107/06/24 7.停止過戶截止日期:107/06/28 8.除權（息）基準日:107/06/28 9.其他應敘明事項:無 ",https://mops.twse.com.tw/mops/#/web/t05st01,442aab48c656209b5da3e0fdea2b975f8ed14388b904854d340ea9a50b90face,0
3045,107,04,107/04/27,18:52:05,2018-04-27 18:52:05,"代子公司-台信聯合投資(股)公司、台聯網投資(股)公司及
台固新創投資(股)公司公告拋棄所持有台灣大哥大股票106年度
現金股利分配及資本公積現金返還之權利",distribution,,,,,,False,True,False,False,1.事實發生日:107/04/27 2.公司名稱:台信聯合投資(股)公司、台聯網投資(股)公司及台固新創投資(股)公司 3.與公司關係(請輸入本公司或子公司):子公司 4.相互持股比例:本公司間接持有台信聯合投資(股)公司、台聯網投資(股)公司及 台固新創投資(股)公司股權均為100%，台信聯合投資(股)公司持有本公司股權5.861%， 台聯網投資(股)公司持有本公司股權12.005%，台固新創投資(股)公司持有本公司股權 2.56% 5.發生緣由:台信聯合投資(股)公司、台聯網投資(股)公司及台固新創投資(股)公司業經 董事會決議通過拋棄其所持有台灣大哥大股票106年度現金股利分配及資本公積現金返 還之權利。渠等所拋棄之現金將由台灣大哥大股東會將其比例分派與其餘股東。 6.因應措施:不適用 7.其他應敘明事項:無 ,https://mops.twse.com.tw/mops/#/web/t05st01,1e7c78c8ee83c864a8ed7d2e69fe6ba9fd20dfbc633cc1e9fda76324cccce665,0
3045,107,04,107/04/27,18:58:32,2018-04-27 18:58:32,代重要子公司台灣固網(股)公司公告現金股利配發基準日,distribution,,,,,,False,True,False,False,"1.董事會、股東會決議或公司決定日期:107/04/27 2.除權、息類別（請填入「除權」、「除息」或「除權息」）:除息 3.發放股利種類及金額:現金股利新台幣3,064,876,031元 4.除權（息）交易日:NA 5.最後過戶日:107/07/24 6.停止過戶起始日期:107/07/25 7.停止過戶截止日期:107/07/29 8.除權（息）基準日:107/07/29 9.其他應敘明事項:無 ",https://mops.twse.com.tw/mops/#/web/t05st01,9cb75c20cab11bc948f619d90dcde969dbe6accd128ed9b489a0ca603892c8be,0
3045,107,04,107/04/27,18:58:57,2018-04-27 18:58:57,代重要子公司台信電訊(股)公司公告現金股利配發基準日,distribution,,,,,,False,True,False,False,"1.董事會、股東會決議或公司決定日期:107/04/27 2.除權、息類別（請填入「除權」、「除息」或「除權息」）:除息 3.發放股利種類及金額:現金股利新台幣3,122,011,674元 4.除權（息）交易日:NA 5.最後過戶日:107/07/24 6.停止過戶起始日期:107/07/25 7.停止過戶截止日期:107/07/29 8.除權（息）基準日:107/07/29 9.其他應敘明事項:無 ",https://mops.twse.com.tw/mops/#/web/t05st01,725e8fc4d8b6b78d99d1cfe75e5c53a6f5e4a5ca59c51d04ff3c58d55bd9bfb7,0
3045,107,04,107/04/27,18:59:25,2018-04-27 18:59:25,代重要子公司台信聯合投資(股)公司公告現金股利配發基準日,distribution,,,,,,False,True,False,False,"1.董事會、股東會決議或公司決定日期:107/04/27 2.除權、息類別（請填入「除權」、「除息」或「除權息」）:除息 3.發放股利種類及金額:現金股利新台幣5,552,782元 4.除權（息）交易日:NA 5.最後過戶日:107/05/29 6.停止過戶起始日期:107/05/30 7.停止過戶截止日期:107/06/03 8.除權（息）基準日:107/06/03 9.其他應敘明事項:無 ",https://mops.twse.com.tw/mops/#/web/t05st01,730c528f14f2d61414bd650a8d1edf52025899064b76bbb3948518c41e94cf2b,0
3045,108,06,108/06/12,18:36:29,2019-06-12 18:36:29,公告本公司現金股利配發基準日相關事宜,distribution,,2019-07-09,,,,False,False,False,False,"1.董事會、股東會決議或公司決定日期:108/06/12 2.除權、息類別（請填入「除權」、「除息」或「除權息」）:除息 3.發放股利種類及金額:本公司以可供分配盈餘中之新台幣15,366,223,421元配發現金股 利案，業經本公司108年股東常會通過在案。另股東台信聯合投資(股)公司、台固新創 投資(股)公司及台聯網投資(股)公司拋棄領取所持股份之股利，本公司並將其比例分派 與其餘股東，按本公司流通在外股數扣除上述三家公司拋棄領取股利之股數， 2,743,968,468股計算，每股可配發現金股利新台幣5.6元，惟每股實際配發金額依除息 基準日可領取股數計算之。 4.除權（息）交易日:108/07/09 5.最後過戶日:108/07/10 6.停止過戶起始日期:108/07/11 7.停止過戶截止日期:108/07/15 8.除權（息）基準日:108/07/15 9.其他應敘明事項: (1)現金股利發放日訂為108年7月31日，屆時將另行發函通知各股東。 (2)本公司國內第三次無擔保轉換公司債(代碼：30453)依本公司國內第三次無擔保轉換 公司債發行及轉換辦法，於108年6月20日至108年7月15日止停止受理轉換登記。 (3)本公司如因可轉換公司債之轉換，致影響流通在外股數總額，股東配息率因而發生 變動需修正時，授權董事長全權處理。 ",https://mops.twse.com.tw/mops/#/web/t05st01,ad32a1531821d61c4f937209b56a01c8c3eb1bb5ac552d6a15c7ce379da8d863,0
3045,108,06,108/06/21,16:56:30,2019-06-21 16:56:30,公告本公司調整現金股利每股配發金額,distribution,5.6,,,,,False,False,False,False,"1.董事會或股東會決議日期:NA 2.原發放股利種類及金額:現金股利新台幣15,366,223,421元，每股配發約5.6元 3.變更後發放股利種類及金額:現金股利新台幣15,366,223,421元，每股配發約5.54897元 4.變更原因:依108年股東常會決議，本公司如因國內第三次無擔保轉換公司債之轉換，致 影響流通在外股數總額，授權董事長調整現金股利每股配發金額。 5.其他應敘明事項:本公司股東台信聯合投資(股)公司、台固新創投資(股)公司及台聯網 投資(股)公司拋棄領取所持股份之股利，本公司並將其比例分派與其餘股東。本公司截 至轉換公司債停止轉換前流通在外股數3,467,953,094股，扣除上述三家公司拋棄領取現 金股利之股數698,751,601股，以實際領取股數2,769,201,493股計算每股配發金額。 ",https://mops.twse.com.tw/mops/#/web/t05st01,da7b4fb4acb6c455d111d674b68ec1875a6d465e1a892fd90cd492066ffa5e1b,0
3045,113,06,113/06/21,17:35:37,2024-06-21 17:35:37,"公告本公司現金股利及資本公積現金返還配發基準日
相關事宜",distribution,,2024-07-08,2024-07-31,,,False,False,False,False,"1.董事會、股東會決議或公司決定日期:113/06/21 2.除權、息類別（請填入「除權」、「除息」或「除權息」）:除息 3.普通股發放股利種類及金額: 本公司以可供分配盈餘中之新台幣10,964,151,963元配發現金股利及資本公積現金返還 新台幣2,041,241,941元案，業經本公司113年股東常會通過在案。另股東台信聯合投資 (股)公司、台固新創投資(股)公司及台聯網投資(股)公司拋棄領取所持股份之股利及現 金返還，本公司並將其比例分派與其餘股東，按本公司流通在外股數扣除上述三家公司 拋棄領取股利及資本公積現金返還之股數，3,024,510,210股計算，每股可配發現金新 台幣4.3元，惟每股實際配發金額依除息基準日可領取股數計算之。 4.除權（息）交易日:113/07/08 5.最後過戶日:113/07/09 6.停止過戶起始日期:113/07/10 7.停止過戶截止日期:113/07/14 8.除權（息）基準日:113/07/14 9.債券最後申請轉換日期:不適用 10.債券停止轉換起始日期:不適用 11.債券停止轉換截止日期:不適用 12.普通股現金股利發放日期:113/07/31 13.其他應敘明事項:無 ",https://mops.twse.com.tw/mops/#/web/t05st01,3d3ff27bc2ba1b095ea56cb90a4d05fe72dc95c799bfd0e5bc0ba75bd42a7280,0
3045,113,08,113/08/05,18:49:42,2024-08-05 18:49:42,公告本公司董事會通過113年第2季合併財務報告,capital_change,,,,,,False,False,False,False,"1.提報董事會或經董事會決議日期:113/08/05 2.審計委員會通過日期:113/08/05 3.財務報告或年度自結財務資訊報導期間 起訖日期(XXX/XX/XX~XXX/XX/XX):113/01/01~113/06/30 4.1月1日累計至本期止營業收入(仟元):96,020,527 5.1月1日累計至本期止營業毛利(毛損) (仟元):18,974,969 6.1月1日累計至本期止營業利益(損失) (仟元):9,606,274 7.1月1日累計至本期止稅前淨利(淨損) (仟元):8,880,551 8.1月1日累計至本期止本期淨利(淨損) (仟元):7,158,184 9.1月1日累計至本期止歸屬於母公司業主淨利(損) (仟元):6,200,522 10.1月1日累計至本期止基本每股盈餘(損失) (元):2.05 11.期末總資產(仟元):240,523,339 12.期末總負債(仟元):154,880,070 13.期末歸屬於母公司業主之權益(仟元):78,075,377 14.其他應敘明事項:無 ",https://mops.twse.com.tw/mops/#/web/t05st01,3515d998b4499740a734de7055c5eb82c5cc67fe9aadfb887b30f5e20aa98c6e,0
3045,113,10,113/10/17,17:20:15,2024-10-17 17:20:15,"代重要子公司台灣固網(股)公司公告董事決議通過與其子公司
台聯網投資(股)公司進行簡易合併",capital_change,,,,,,False,True,False,False,"1.併購種類(如合併、分割、收購或股份受讓): 合併 2.事實發生日:113/10/17 3.參與併購公司名稱(如合併另一方公司、分割新設公司、收購或受讓股份標的公司之 名稱: 存續公司：台灣固網股份有限公司(以下簡稱「台灣固網」) 消滅公司：台聯網投資股份有限公司(以下簡稱「台聯網」) 4.交易相對人(如合併另一方公司、分割讓與他公司、收購或受讓股份之交易對象): 存續公司：台灣固網 消滅公司：台聯網 均為本公司之重要子公司 5.交易相對人為關係人:是 6.交易相對人與公司之關係(本公司轉投資持股達XX%之被投資公司)，並說明選定 收購、受讓他公司股份之對象為關係企業或關係人之原因及是否不影響股東權益: 台聯網為台灣固網持股100%之子公司，不影響股東權益 7.併購目的及條件，包括併購理由、對價條件及支付時點: 簡化投資架構 8.併購後預計產生之效益: 簡化投資架構 9.併購對每股淨值及每股盈餘之影響: 無 10.併購之對價種類及資金來源: 台灣固網吸收合併台聯網之所有發行股份，台灣固網持有台聯網之股份400,000股， 將於合併基準日一併銷除，不發生現金對價之問題。 11.換股比例及其計算依據: 不適用 12.本次交易會計師、律師或證券承銷商出具非合理性意見:不適用 13.會計師或律師事務所名稱或證券承銷商公司名稱: 不適用 14.會計師或律師姓名: 不適用 15.會計師或律師開業證書字號: 不適用 16.獨立專家就本次併購換股比例、配發股東之現金或其他財產之合理性意見書內容 (一、包含公開收購價格訂定所採用之方法、原則或計算方式及與國際慣用之市價法 、成本法及現金流量折現法之比較。二、被收購公司與已上市櫃同業之財務狀況 、獲利情形及本益比之比較情形。三、公開收購價格若參考鑑價機構之鑑價報告者 ，應說明該鑑價報告內容及結論。四、收購人融資償還計畫若係以被收購公司或合 併後存續公司之資產或股份為擔保者，應說明對被收購公司或合併後存續公司財務 業務健全性之影響評估): 不適用 17.預定完成日程: 合併基準日暫定為民國113年11月1日 18.既存或新設公司承受消滅(或分割)公司權利義務相關事項(註二): 合併基準日訂為民國113年11月1日。自合併基準日起，台聯網帳列之資產、負債及 一切有效之權利義務、法律關係，均由台灣固網概括承受。 19.參與合併公司之基本資料(註三): 台灣固網：固定網路業務 台聯網：一般投資業 20.分割之相關事項(含預定讓與既存公司或新設公司之營業、資產之評價價值；被 分割公司或其股東所取得股份之總數、種類及數量；被分割公司資本減少時，其資 本減少有關事項)(註：若非分割公告時，則不適用): 不適用 21.併購股份未來移轉之條件及限制: 不適用 22.併購完成後之計畫(包含一、繼續經營公司業務之意願及計畫內容。二、是否發生 解散、",https://mops.twse.com.tw/mops/#/web/t05st01,27678add3efda1aafaab0da11d4753b83d077a39958342fb594d3ca5857da3f1,0
3046,112,05,112/05/03,18:21:23,2023-05-03 18:21:23,公告本公司董事會通過112年度第1季合併財務報告,capital_change,,,,,,False,False,False,False,"1.提報董事會或經董事會決議日期:112/05/03 2.審計委員會通過日期:112/05/03 3.財務報告或年度自結財務資訊報導期間 起訖日期(XXX/XX/XX~XXX/XX/XX):112/01/01~112/03/31 4.1月1日累計至本期止營業收入(仟元):1,161,515 5.1月1日累計至本期止營業毛利(毛損) (仟元):109,170 6.1月1日累計至本期止營業利益(損失) (仟元):48,399 7.1月1日累計至本期止稅前淨利(淨損) (仟元):54,997 8.1月1日累計至本期止本期淨利(淨損) (仟元):53,322 9.1月1日累計至本期止歸屬於母公司業主淨利(損) (仟元):52,937 10.1月1日累計至本期止基本每股盈餘(損失) (元):0.74 11.期末總資產(仟元):2,091,112 12.期末總負債(仟元):1,311,492 13.期末歸屬於母公司業主之權益(仟元):774,701 14.其他應敘明事項:無。 ",https://mops.twse.com.tw/mops/#/web/t05st01,44f24dab4c9b71085ec09a1c011924b90e33bf3a89490eafff600b7213549d44,0
3046,112,08,112/08/02,16:45:58,2023-08-02 16:45:58,公告本公司董事會通過112年度第2季合併財務報告,capital_change,,,,,,False,False,False,False,"1.提報董事會或經董事會決議日期:112/08/02 2.審計委員會通過日期:112/08/02 3.財務報告或年度自結財務資訊報導期間 起訖日期(XXX/XX/XX~XXX/XX/XX):112/01/01~112/06/30 4.1月1日累計至本期止營業收入(仟元):2,710,553 5.1月1日累計至本期止營業毛利(毛損) (仟元):216,927 6.1月1日累計至本期止營業利益(損失) (仟元):97,036 7.1月1日累計至本期止稅前淨利(淨損) (仟元):118,526 8.1月1日累計至本期止本期淨利(淨損) (仟元):115,151 9.1月1日累計至本期止歸屬於母公司業主淨利(損) (仟元):113,198 10.1月1日累計至本期止基本每股盈餘(損失) (元):1.58 11.期末總資產(仟元):2,597,144 12.期末總負債(仟元):1,773,109 13.期末歸屬於母公司業主之權益(仟元):817,436 14.其他應敘明事項:無。 ",https://mops.twse.com.tw/mops/#/web/t05st01,699178aefc29f2e3690b907b8982b6afb056946e33d249ec1ad468d0209c51c1,0
3094,111,02,111/02/24,15:28:34,2022-02-24 15:28:34,"董事會通過110年度合併財務報表,每股稅後盈餘0.85元",capital_change,,,,,,False,False,False,False,1.提報董事會或經董事會決議日期:111/02/24 2.審計委員會通過日期:111/02/24 3.財務報告或年度自結財務資訊報導期間 起訖日期(XXX/XX/XX~XXX/XX/XX):110/01/01~110/12/31 4.1月1日累計至本期止營業收入(仟元):283470 5.1月1日累計至本期止營業毛利(毛損) (仟元):201567 6.1月1日累計至本期止營業利益(損失) (仟元):56524 7.1月1日累計至本期止稅前淨利(淨損) (仟元):80915 8.1月1日累計至本期止本期淨利(淨損) (仟元):69662 9.1月1日累計至本期止歸屬於母公司業主淨利(損) (仟元):69662 10.1月1日累計至本期止基本每股盈餘(損失) (元):0.85 11.期末總資產(仟元):1173379 12.期末總負債(仟元):128096 13.期末歸屬於母公司業主之權益(仟元):1045283 14.其他應敘明事項:不適用 ,https://mops.twse.com.tw/mops/#/web/t05st01,251565ec5c0dbedd5acc5d700762e63ec5bb051406b0c03dbe0936e3ad272059,0
3218,109,03,109/03/23,18:34:00,2020-03-23 18:34:00,公告本公司董事會決議配發股利,capital_change,,,,,,False,False,False,False,"1. 董事會決議日期：109/03/23 2. 股利所屬年(季)度：108年 年度 3. 股利所屬期間：108/01/01 至 108/12/31 4. 股東配發內容： (1)盈餘分配之現金股利(元/股)：2.00000000 (2)法定盈餘公積、資本公積發放之現金(元/股)：0 (3)股東配發之現金(股利)總金額(元)：152,246,000 (4)盈餘轉增資配股(元/股)：0 (5)法定盈餘公積、資本公積轉增資配股(元/股)：0 (6)股東配股總股數(股)：0 5. 其他應敘明事項： 無。 6. 普通股每股面額欄位：新台幣 10.0000元",https://mops.twse.com.tw/mops/#/web/t05st01,943abd9d5ac66f6f8e676cc74d77aaa6915c5f0ee9c5288b1bb7127d7720f492,0
3218,109,03,109/03/23,18:37:09,2020-03-23 18:37:09,本公司董事會決議除息基準日,distribution,2,2020-04-15,2020-05-08,,,False,False,False,False,"1.董事會、股東會決議或公司決定日期:109/03/23 2.除權、息類別（請填入「除權」、「除息」或「除權息」）:除息 3.發放股利種類及金額:現金股利每股配發2元，共計新台幣152,246,000元。 4.除權（息）交易日:109/04/15 5.最後過戶日:109/04/16 6.停止過戶起始日期:109/04/17 7.停止過戶截止日期:109/04/21 8.除權（息）基準日:109/04/21 9.債券最後申請轉換日期:不適用。 10.債券停止轉換起始日期:不適用。 11.債券停止轉換截止日期:不適用。 12.現金股利發放日期:109/05/08 13.其他應敘明事項:無。 ",https://mops.twse.com.tw/mops/#/web/t05st01,3aa5bbf8ac00220fdd9af541aadc630146f122984ae1903c5a0bb65289853555,0
3260,105,09,105/09/29,15:04:28,2016-09-29 15:04:28,"公告105年08月底自結合併財務比率之負債、流動、速動
等比率",capital_change,,,,,,False,False,False,False,1.事實發生日:105/09/29 2.發生緣由:依櫃檯買賣中心105/05/27證櫃監字第1050200537號函規定辦理 3.財務資訊年度月份:本公司105年08月底自結合併財報比率 4.自結流動比率:116.08% 5.自結速動比率:66.97% 6.自結負債比率:66.99% 7.因應措施:不適用 8.其他應敘明事項:無 ,https://mops.twse.com.tw/mops/#/web/t05st01,81e284109d1b0bc8641a48f6595c0fa1ed0b08a29d6501cb2fd639df8c062472,0
3260,105,10,105/10/27,18:09:48,2016-10-27 18:09:48,"公告105年09月底自結合併財務比率之負債、流動、速動
等比率",capital_change,,,,,,False,False,False,False,1.事實發生日:105/10/27 2.發生緣由:依櫃檯買賣中心105/05/27證櫃監字第1050200537號函規定辦理 3.財務資訊年度月份:本公司105年09月底自結合併財報比率 4.自結流動比率:118.86% 5.自結速動比率:71.97% 6.自結負債比率:66.84% 7.因應措施:不適用 8.其他應敘明事項:無 ,https://mops.twse.com.tw/mops/#/web/t05st01,c26d9634df0452ce49428603d3e1b13051068a32f05f4cd4871e1dc98a3e6533,0
3260,105,11,105/11/15,16:39:00,2016-11-15 16:39:00,"公告105年10月底自結合併財務比率之負債、流動、速動
等比率",capital_change,,,,,,False,False,False,False,1.事實發生日:105/11/15 2.發生緣由:依櫃檯買賣中心105/05/27證櫃監字第1050200537號函規定辦理 3.財務資訊年度月份:本公司105年10月底自結合併財報比率 4.自結流動比率:121.22% 5.自結速動比率:74.88% 6.自結負債比率:66.13% 7.因應措施:不適用 8.其他應敘明事項:無 ,https://mops.twse.com.tw/mops/#/web/t05st01,0de86f28cff01c2e972c274b7957d25a4f9407a49e761fb25535c1fa1f163b37,0
3260,110,03,110/03/24,14:30:10,2021-03-24 14:30:10,公告本公司董事會通過民國109年度合併財務報告,capital_change,,,,,,False,False,False,False,"1.財務報告提報董事會或經董事會決議日期:110/03/24 2.審計委員會通過財務報告日期:110/03/24 3.財務報告報導期間起訖日期(XXX/XX/XX~XXX/XX/XX):109/01/01~109/12/31 4.1月1日累計至本期止營業收入(仟元):32,227,330 5.1月1日累計至本期止營業毛利(毛損) (仟元):4,775,715 6.1月1日累計至本期止營業利益(損失) (仟元):1,888,095 7.1月1日累計至本期止稅前淨利(淨損) (仟元):1,974,137 8.1月1日累計至本期止本期淨利(淨損) (仟元):1,361,192 9.1月1日累計至本期止歸屬於母公司業主淨利(損) (仟元):1,350,659 10.1月1日累計至本期止基本每股盈餘(損失) (元):6.10 11.期末總資產(仟元):28,126,655 12.期末總負債(仟元):18,507,018 13.期末歸屬於母公司業主之權益(仟元):8,953,803 14.其他應敘明事項:無 ",https://mops.twse.com.tw/mops/#/web/t05st01,d75411381b29be4c400d3322ce07da6fa73d6ce298c1be6e300376f5e26daf15,0
3260,110,03,110/03/24,14:51:43,2021-03-24 14:51:43,公告本公司董事會決議股利分派,capital_change,,,,,,False,False,False,False,"1. 董事會擬議日期：110/03/24 2. 股利所屬年(季)度：109年 年度 3. 股利所屬期間：109/01/01 至 109/12/31 4. 股東配發內容： (1)盈餘分配之現金股利(元/股)：3.50000000 (2)法定盈餘公積發放之現金(元/股)：0 (3)資本公積發放之現金(元/股)：0 (4)股東配發之現金(股利)總金額(元)：808,194,258 (5)盈餘轉增資配股(元/股)：0 (6)法定盈餘公積轉增資配股(元/股)：0 (7)資本公積轉增資配股(元/股)：0 (8)股東配股總股數(股)：0 5. 其他應敘明事項： 無 6. 普通股每股面額欄位：新台幣10.0000元",https://mops.twse.com.tw/mops/#/web/t05st01,37757e71920dc522a59aefd709ecca323c752d667288a7c838335f9e4c04e48d,0
3260,110,03,110/03/30,19:27:12,2021-03-30 19:27:12,公告110年2月底自結合併財務比率之負債、流動、速動等比率,capital_change,,,,,,False,False,False,False,1.事實發生日:110/03/30 2.發生緣由:依櫃檯買賣中心105/05/27證櫃監字第1050200537號函規定辦理 3.財務資訊年度月份:本公司110年2月底自結合併財報比率 4.自結流動比率:138.32% 5.自結速動比率:72.50% 6.自結負債比率:64.93% 7.因應措施:不適用 8.其他應敘明事項:無 ,https://mops.twse.com.tw/mops/#/web/t05st01,c492082a8e617c6c8824855207218bf18f26496974f90dabae1df1bf69eabb62,0
3260,110,04,110/04/28,17:10:21,2021-04-28 17:10:21,公告110年3月底自結合併財務比率之負債、流動、速動等比率,capital_change,,,,,,False,False,False,False,1.事實發生日:110/04/28 2.發生緣由:依櫃檯買賣中心105/05/27證櫃監字第1050200537號函規定辦理 3.財務資訊年度月份:本公司110年3月底自結合併財報比率 4.自結流動比率:155.64% 5.自結速動比率:71.36% 6.自結負債比率:66.17% 7.因應措施:不適用 8.其他應敘明事項:無 ,https://mops.twse.com.tw/mops/#/web/t05st01,afd9dfcb6dc0b580030fd45bbcc92d4896b4768a66e6d58791b00b8aaee6e0b9,0
3260,110,05,110/05/03,14:50:19,2021-05-03 14:50:19,公告本公司董事會通過民國110年第一季合併財務報告,capital_change,,,,,,False,False,False,False,"1.財務報告提報董事會或經董事會決議日期:110/05/03 2.審計委員會通過財務報告日期:不適用 3.財務報告報導期間起訖日期(XXX/XX/XX~XXX/XX/XX):110/01/01~110/03/31 4.1月1日累計至本期止營業收入(仟元):9,095,815 5.1月1日累計至本期止營業毛利(毛損) (仟元):1,734,941 6.1月1日累計至本期止營業利益(損失) (仟元):720,897 7.1月1日累計至本期止稅前淨利(淨損) (仟元):980,384 8.1月1日累計至本期止本期淨利(淨損) (仟元):707,208 9.1月1日累計至本期止歸屬於母公司業主淨利(損) (仟元):684,600 10.1月1日累計至本期止基本每股盈餘(損失) (元):2.94 11.期末總資產(仟元):31,829,994 12.期末總負債(仟元):21.077,705 13.期末歸屬於母公司業主之權益(仟元):10,042,528 14.其他應敘明事項:無 ",https://mops.twse.com.tw/mops/#/web/t05st01,430878e6c5ea2b347b7927578d1cead775c6318b3159618d0cab3fd401a492ad,0
3260,110,05,110/05/28,17:10:17,2021-05-28 17:10:17,公告110年4月底自結合併財務比率之負債、流動、速動等比率,capital_change,,,,,,False,False,False,False,1.事實發生日:110/05/28 2.發生緣由:依櫃檯買賣中心105/05/27證櫃監字第1050200537號函規定辦理 3.財務資訊年度月份:本公司110年4月底自結合併財報比率 4.自結流動比率:158.27% 5.自結速動比率:79.26% 6.自結負債比率:64.36% 7.因應措施:不適用 8.其他應敘明事項:無 ,https://mops.twse.com.tw/mops/#/web/t05st01,ec1cf32c929a6fc26175caf0d556880656c74fed682fddfc0a944d539f918fd7,0
3260,110,06,110/06/29,18:34:39,2021-06-29 18:34:39,公告110年5月底自結合併財務比率之負債、流動、速動等比率,capital_change,,,,,,False,False,False,False,1.事實發生日:110/06/29 2.發生緣由:依櫃檯買賣中心105/05/27證櫃監字第1050200537號函規定辦理 3.財務資訊年度月份:本公司110年5月底自結合併財報比率 4.自結流動比率:151.18% 5.自結速動比率:75.17% 6.自結負債比率:64.76% 7.因應措施:不適用 8.其他應敘明事項:無 ,https://mops.twse.com.tw/mops/#/web/t05st01,d3ee408e36c9c3af6ef5ee8984b632c754ef95f6badb5a9b244a38bb04a0505c,0
3260,115,02,115/02/11,17:02:12,2026-02-11 17:02:12,公告本公司註銷限制員工權利新股減資變更登記完成,capital_change,,,,,,False,True,False,False,"1.主管機關核准減資日期:115/02/10 2.辦理資本變更登記完成日期:115/02/10 3.對財務報告之影響（含實收資本額與流通在外股數之差異與對每股淨值之影響）: (1)減資前實收資本額為新台幣3,257,856,480元，流通在外股數為318,022,648股， (已扣除庫藏股7,763,000股)，每股淨值為新台幣59.1621元。 (2)減資後實收資本額為新台幣3,257,440,480元，流通在外股數為317,981,048股， (已扣除庫藏股7,763,000股)，每股淨值為新台幣59.1698元。 (3)每股淨值係依最近一期(114年Q3)會計師合併查核財務報告設算。 4.預計換股作業計畫:不適用 5.預計減資新股上櫃後之上櫃普通股股數:不適用 6.預計減資新股上櫃後之上櫃普通股股數占已發行普通股比率 （減資後上櫃普通股股數/減資後已發行普通股股數）:不適用 7.前二項預計減資後上櫃普通股股數未達500萬股且未達25%者， 請說明股權流通性偏低之因應措施:不適用 8.其他應敘明事項: (1)本公司於115/02/11接獲主管機關核准減資變更登記核准函。 (2)本公司本次辦理註銷之限制員工權利新股股數為41,600股。 ",https://mops.twse.com.tw/mops/#/web/t05st01,67f0f410b601b10a826ba644451dabd1008fd48b773b8f63436f783477d39144,0
3260,115,03,115/03/05,14:30:07,2026-03-05 14:30:07,公告本公司董事會通過民國114年度合併財務報告,capital_change,,,,,,False,False,False,False,"1.提報董事會或經董事會決議日期:115/03/05 2.審計委員會通過日期:115/03/05 3.財務報告或年度自結財務資訊報導期間 起訖日期(XXX/XX/XX~XXX/XX/XX):114/01/01~114/12/31 4.1月1日累計至本期止營業收入(仟元):53,087,430 5.1月1日累計至本期止營業毛利(毛損) (仟元):14,761,566 6.1月1日累計至本期止營業利益(損失) (仟元):9,161,219 7.1月1日累計至本期止稅前淨利(淨損) (仟元):10,248,862 8.1月1日累計至本期止本期淨利(淨損) (仟元):7,630,299 9.1月1日累計至本期止歸屬於母公司業主淨利(損) (仟元):7,292,607 10.1月1日累計至本期止基本每股盈餘(損失) (元):23.18 11.期末總資產(仟元):68,894,606 12.期末總負債(仟元):43,242,081 13.期末歸屬於母公司業主之權益(仟元):23,142,794 14.其他應敘明事項:無 ",https://mops.twse.com.tw/mops/#/web/t05st01,7a219e4f51ec4337a2366009a67d8fcfc712086c84c27688a56e8b1ed7f8b1c7,0
3260,115,03,115/03/05,14:36:04,2026-03-05 14:36:04,公告本公司董事會決議通過114年下半年度盈餘分派現金股利案,capital_change,,,,,,False,False,False,False,"1. 董事會決議日期：115/03/05 2. 股利所屬年(季)度：114年 下半年 3. 股利所屬期間：114/07/01 至 114/12/31 4. 股東配發內容： (1)盈餘分配之現金股利(元/股)：17.00000000 (2)法定盈餘公積發放之現金(元/股)：0 (3)資本公積發放之現金(元/股)：0 (4)股東配發之現金(股利)總金額(元)：5,405,677,816 (5)盈餘轉增資配股(元/股)：0 (6)法定盈餘公積轉增資配股(元/股)：0 (7)資本公積轉增資配股(元/股)：0 (8)股東配股總股數(股)：0 5. 其他應敘明事項： 無 6. 普通股每股面額欄位：新台幣10.0000元",https://mops.twse.com.tw/mops/#/web/t05st01,9cf2a2d7cc0345db4336476e495810d7b1c5ad8e854f3cec21c1b36854673b33,0
3260,115,03,115/03/05,17:10:54,2026-03-05 17:10:54,"公告本公司114年下半年度現金股利除息基準日及發放日
等相關事宜",distribution,,2026-03-20,2026-04-24,,,False,False,False,False,"1.董事會、股東會決議或公司決定日期:115/03/05 2.除權、息類別（請填入「除權」、「除息」或「除權息」）:除息 3.發放普通股股利種類及金額:普通股現金股利新台幣5,405,677,816元， 每股配發新台幣17元。 4.除權（息）交易日:115/03/20 5.最後過戶日:115/03/23 6.停止過戶起始日期:115/03/24 7.停止過戶截止日期:115/03/28 8.除權（息）基準日:115/03/28 9.債券最後申請轉換日期:不適用 10.債券停止轉換起始日期:不適用 11.債券停止轉換截止日期:不適用 12.普通股現金股利發放日期:115/04/24 13.其他應敘明事項: 嗣後如因本公司股本發生變動，影響流通在外股份數量， 致配息率因此發生變動者，授權董事長依公司法或其相關法令規定全權處理之。 ",https://mops.twse.com.tw/mops/#/web/t05st01,0fcb7498f510c482c2a2a95932071aeaeeaa94fee15a38792b0668c5ee6f7662,0
3260,115,04,115/04/28,14:30:13,2026-04-28 14:30:13,公告本公司董事會通過民國115年第一季合併財務報告,capital_change,,,,,,False,False,False,False,"1.提報董事會或經董事會決議日期:115/04/28 2.審計委員會通過日期:115/04/28 3.財務報告或年度自結財務資訊報導期間 起訖日期(XXX/XX/XX~XXX/XX/XX):115/01/01~115/03/31 4.1月1日累計至本期止營業收入(仟元):26,099,523 5.1月1日累計至本期止營業毛利(毛損) (仟元):14,536,092 6.1月1日累計至本期止營業利益(損失) (仟元):12,279,511 7.1月1日累計至本期止稅前淨利(淨損) (仟元):12,839,961 8.1月1日累計至本期止本期淨利(淨損) (仟元):9,974,550 9.1月1日累計至本期止歸屬於母公司業主淨利(損) (仟元):9,533,983 10.1月1日累計至本期止基本每股盈餘(損失) (元):30.05 11.期末總資產(仟元):95,144,738 12.期末總負債(仟元):64,560,293 13.期末歸屬於母公司業主之權益(仟元):27,553,174 14.其他應敘明事項:無 ",https://mops.twse.com.tw/mops/#/web/t05st01,e63651dfa229a6d9e09672d0e1740be231cfa284b5c0efe09fe833307d4832fe,0
3265,112,10,112/10/31,15:35:17,2023-10-31 15:35:17,公告本公司民國112年第3季合併財務報告經董事會通過,capital_change,,,,,,False,False,False,False,1.提報董事會或經董事會決議日期:112/10/31 2.審計委員會通過日期:112/10/31 3.財務報告或年度自結財務資訊報導期間 起訖日期(XXX/XX/XX~XXX/XX/XX):112/01/01~112/09/30 4.1月1日累計至本期止營業收入(仟元):2721591 5.1月1日累計至本期止營業毛利(毛損) (仟元):820376 6.1月1日累計至本期止營業利益(損失) (仟元):615934 7.1月1日累計至本期止稅前淨利(淨損) (仟元):829587 8.1月1日累計至本期止本期淨利(淨損) (仟元):693092 9.1月1日累計至本期止歸屬於母公司業主淨利(損) (仟元):693092 10.1月1日累計至本期止基本每股盈餘(損失) (元):5.09 11.期末總資產(仟元):7683317 12.期末總負債(仟元):1708404 13.期末歸屬於母公司業主之權益(仟元):5974913 14.其他應敘明事項:NA ,https://mops.twse.com.tw/mops/#/web/t05st01,fff75e67a1f4b9780ab23617ca9368f8ea558354f7e6a180d7fb19aeb42271c0,0
3293,106,08,106/08/11,16:46:25,2017-08-11 16:46:25,本公司董事會決議除息基準日等相關事宜,distribution,10.0,2017-08-28,,,,False,False,False,False,"1.董事會、股東會決議或公司決定日期:106/08/11 2.除權、息類別（請填入「除權」、「除息」或「除權息」）: 除息 3.發放股利種類及金額: (1)普通股現金股利：每股配發新台幣10.0元，現金總額為699,793,900元。 4.除權（息）交易日:106/08/28 5.最後過戶日:106/08/29 6.停止過戶起始日期:106/08/30 7.停止過戶截止日期:106/09/03 8.除權（息）基準日:106/09/03 9.其他應敘明事項: 除息交易日：106/08/28(本日及以後買進者無權參與配息)。 ",https://mops.twse.com.tw/mops/#/web/t05st01,20a31236931cdf5f8c527055da231dc279a4edc888be6412741c6419f40f59f2,0
3413,115,04,115/04/01,17:19:01,2026-04-01 17:19:01,本公司公告調整現金股利配息率,distribution,11.0,,,,,False,False,False,False,"1.董事會或股東會決議日期:115/04/01 2.原發放股利種類及金額: 現金股利:NT$ 1,216,589,880元，每股配發現金股利NT$ 11.0元。 3.變更後發放股利種類及金額: 現金股利:NT$ 1,216,589,880元，每股配發現金股利NT$10.98379232元。 4.變更原因:本公司因員工認股權執行，致本公司流通在外股份總數有所變動， 故發放比率隨之調整。 5.其他應敘明事項:無 ",https://mops.twse.com.tw/mops/#/web/t05st01,03ccb3ac11ccbddedd35a7281970bba28afe2a2b78b357e1d17d9e75e495fb71,0
3413,115,05,115/05/08,17:15:58,2026-05-08 17:15:58,公告本公司董事會通過115年度第一季合併財務報告,capital_change,,,,,,False,False,False,False,"1.提報董事會或經董事會決議日期:115/05/08 2.審計委員會通過日期:115/05/08 3.財務報告或年度自結財務資訊報導期間 起訖日期(XXX/XX/XX~XXX/XX/XX):115/01/01~115/03/31 4.1月1日累計至本期止營業收入(仟元):5,561,563 5.1月1日累計至本期止營業毛利(毛損) (仟元):1,325,901 6.1月1日累計至本期止營業利益(損失) (仟元):726,995 7.1月1日累計至本期止稅前淨利(淨損) (仟元):761,237 8.1月1日累計至本期止本期淨利(淨損) (仟元):518,766 9.1月1日累計至本期止歸屬於母公司業主淨利(損) (仟元):473,092 10.1月1日累計至本期止基本每股盈餘(損失) (元):4.28 11.期末總資產(仟元):30,215,184 12.期末總負債(仟元):12,835,834 13.期末歸屬於母公司業主之權益(仟元):15,913,520 14.其他應敘明事項:無。 ",https://mops.twse.com.tw/mops/#/web/t05st01,4579494ec57eb88aca7cc2aa341d056ba10a0d3e8d590c63d88a9b15f95a7407,0
3481,106,03,106/03/06,15:01:39,2017-03-06 15:01:39,"本公司收買/收回已發行之限制員工權利新股註銷減資變更
登記完成",capital_change,,,,,,False,True,False,False,"1.主管機關核准減資日期:106/03/03 2.辦理資本變更登記完成日期:106/03/03 3.對財務報告之影響（含實收資本額與流通在外股數之差異與對每股淨值之影響）: (1)收買/收回已發行之限制員工權利新股註銷減資前:本公司實收資本額為新台幣 99,521,487,770元，在外流通股數為9,952,148,777股，每股淨值為新台幣22.71元。 (2)收買/收回已發行之限制員工權利新股註銷減資後:本公司實收資本額為新台幣 99,520,783,770元，在外流通股數為9,952,078,377股，每股淨值為新台幣22.71元。 4.預計換股作業計畫:不適用。 5.預計減資新股上市後之上市普通股股數:不適用。 6.預計減資新股上市後之上市普通股股數占已發行普通股比率 （減資後上市普通股股數/減資後已發行普通股股數）:不適用。 7.前二項預計減資後上巿普通股股數未達6000萬股且未達25%者，請說明股權流通性偏低 之因應措施:不適用。 8.其他應敘明事項:無。 ",https://mops.twse.com.tw/mops/#/web/t05st01,3ec01169cc272d39d4bd64421370494fd403cf4ab192ce6d99720c0a0fab5aca,0
3481,106,03,106/03/09,14:00:48,2017-03-09 14:00:48,群創光電2017年2月合併營收新台幣274億元,capital_change,,,,,,False,True,False,False,"1.事實發生日:106/03/09 2.公司名稱:群創光電股份有限公司 3.與公司關係(請輸入本公司或子公司):本公司 4.相互持股比例:不適用 5.發生緣由: 群創光電(股票代碼：3481)今天公佈2017年2月營收。2017年2月合併營收為新台幣274億 元，較2017年1月合併營收增加0.6%，比去年同期相比增加64.9%。出貨量方面，2017年2 月份群創光電大尺寸合併出貨量共計849萬片，與2017年1月相比增加4.6%；中小尺寸合 併出貨量共計1,853萬片，相較2017年1月份增加3.8%。 6.因應措施:無。 7.其他應敘明事項:無。 ",https://mops.twse.com.tw/mops/#/web/t05st01,109d711207859bf1b17edd9daa31c83db10f15de0f1abfdebdaa83eca945dc3c,0
3481,106,04,106/04/07,14:00:27,2017-04-07 14:00:27,群創光電2017年3月合併營收新台幣314億元,capital_change,,,,,,False,True,False,False,"1.事實發生日:106/04/07 2.公司名稱:群創光電股份有限公司 3.與公司關係(請輸入本公司或子公司):本公司 4.相互持股比例:不適用 5.發生緣由: 群創光電(股票代碼：3481)今天公佈2017年3月營收。2017年3月合併營收為新台 幣314億元，較2017年2月合併營收增加14.4%，比去年同期相比增加67.6%。出貨 量方面，2017年3月份群創光電大尺寸合併出貨量共計1,023萬片，與2017年2月 相比增加20.5%；中小尺寸合併出貨量共計2,547萬片，相較2017年2月份增加37.4%。 群創光電2017年第一季合併營收為新台幣860億元，較去年同期增加52.5%，與 2016年第四季合併營收新台幣894億相比減少3.8%。大尺寸合併出貨量共計 2,685萬片，與2016年第四季出貨量3,016萬片相比減少11.0%；中小尺寸合併出 貨量共計6,186萬片，與2016年第四季出貨量6,193萬片相比減少0.1%。 6.因應措施:無。 7.其他應敘明事項:無。 ",https://mops.twse.com.tw/mops/#/web/t05st01,bfe96c7ef648ce6668a80ad083252876a3af9b63454a02585512df1b96d7c75e,0
3481,106,05,106/05/10,13:42:25,2017-05-10 13:42:25,群創光電2017年4月合併營收新台幣284億元,capital_change,,,,,,False,True,False,False,"1.事實發生日:106/05/10 2.公司名稱:群創光電股份有限公司 3.與公司關係(請輸入本公司或子公司):本公司 4.相互持股比例:不適用 5.發生緣由: 群創光電(股票代碼：3481)今天公佈2017年4月營收。2017年4月合併營收為新台幣284億 元，較2017年3月合併營收減少9.5%，比去年同期相比增加35.6%。出貨量方面，2017年 4月份群創光電大尺寸合併出貨量共計950萬片，與2017年3月相比減少7.2%；中小尺寸合 併出貨量共計1,840萬片，相較2017年3月份減少27.8%。 6.因應措施:無。 7.其他應敘明事項:無。 ",https://mops.twse.com.tw/mops/#/web/t05st01,2668aff26645eff9704428d64d4e5c065ccfc06f4237098e17f5487963cd4058,0
3481,106,05,106/05/10,18:20:37,2017-05-10 18:20:37,董事會決議股利分派,capital_change,,,,,,False,False,False,False,"1. 董事會決議日期：106/05/10 2. 股東配發內容： (1)盈餘分配之現金股利(元/股)：0.10000000 (2)法定盈餘公積、資本公積發放之現金(元/股)：0 (3)股東配發之現金(股利)總金額(元)：995,204,078 (4)盈餘轉增資配股(元/股)：0 (5)法定盈餘公積、資本公積轉增資配股(元/股)：0 (6)股東配股總股數(股)：0 3. 其他應敘明事項： 無 4. 普通股每股面額欄位：新台幣 10.0000元",https://mops.twse.com.tw/mops/#/web/t05st01,71254725dbcae9d92780bc1e73a378b78c06c45647c38d5078995b6c4bdb61d0,0
3481,106,05,106/05/10,18:27:48,2017-05-10 18:27:48,"本公司董事會決議收買/收回已發行之限制員工權利新股註
銷減資事宜",capital_change,,,,2017-05-11,,False,True,False,False,"1.董事會決議日期:106/05/10 2.減資緣由:因有獲配限制員工權利新股之員工績效未達既得條件及離職，本公司董事會 決議收買/收回已發行之限制員工權利新股註銷減資。 3.減資金額:64,000元。 4.消除股份:6,400股。 5.減資比率:0.0001% 6.減資後股本:99,520,719,770元。 7.預定股東會日期:不適用。 8.預計減資新股上市後之上市普通股股數:不適用。 9.預計減資新股上市後之上市普通股股數占已發行普通股比率 （減資後上市普通股股數/減資後已發行普通股股數）:不適用。 10.前二項預計減資後上巿普通股股數未達6000萬股且未達25%者， 請說明股權流通性偏低之因應措施:不適用。 11.其他應敘明事項:訂定減資基準日為106/05/11 ",https://mops.twse.com.tw/mops/#/web/t05st01,72c27cfb0c9864dfcbf4e2fd2f7cd677d3f76bb3ec2686b47a466cf207b7c333,0
3481,106,05,106/05/31,16:04:46,2017-05-31 16:04:46,"本公司收買/收回已發行之限制員工權利新股註銷減資變更
登記完成",capital_change,,,,,,False,True,False,False,"1.主管機關核准減資日期:106/05/26 2.辦理資本變更登記完成日期:106/05/26 3.對財務報告之影響（含實收資本額與流通在外股數之差異與對每股淨值之影響）: (1)收買/收回已發行之限制員工權利新股註銷減資前:本公司實收資本額為新台幣 99,520,783,770元，在外流通股數為9,952,078,377股，每股淨值為新台幣23.67元。 (2)收買/收回已發行之限制員工權利新股註銷減資後:本公司實收資本額為新台幣 99,520,719,770元，在外流通股數為9,952,071,977股，每股淨值為新台幣23.67元。 4.預計換股作業計畫:不適用。 5.預計減資新股上市後之上市普通股股數:不適用。 6.預計減資新股上市後之上市普通股股數占已發行普通股比率 （減資後上市普通股股數/減資後已發行普通股股數）:不適用。 7.前二項預計減資後上巿普通股股數未達6000萬股且未達25%者，請說明股權流通性偏低 之因應措施:不適用。 8.其他應敘明事項:無。 ",https://mops.twse.com.tw/mops/#/web/t05st01,6c8d78751b0a4912b78d0a6f1cdd0a4ac672843e0fa61bc5cc1b267d994fab64,0
3481,106,06,106/06/09,14:01:06,2017-06-09 14:01:06,群創光電2017年5月合併營收新台幣281億元,capital_change,,,,,,False,True,False,False,"1.事實發生日:106/06/09 2.公司名稱:群創光電股份有限公司 3.與公司關係(請輸入本公司或子公司):本公司 4.相互持股比例:不適用 5.發生緣由: 群創光電(股票代碼：3481)今天公佈2017年5月營收。2017年5月合併營收為新台幣281億 元，較2017年4月合併營收減少1%，比去年同期相比增加24.8%。出貨量方面，2017年5月 份群創光電大尺寸合併出貨量共計963萬片，與2017年4月相比增加1.4%；中小尺寸合併 出貨量共計1,829萬片，相較2017年4月份減少0.6%。 6.因應措施:無。 7.其他應敘明事項:無。 ",https://mops.twse.com.tw/mops/#/web/t05st01,72b37595be52fab71c86e13fdd36486ee449b363900ffdd93d665b6e2e9c5ecb,0
3481,106,06,106/06/26,15:24:50,2017-06-26 15:24:50,公告本公司106年現金股利配息基準日,distribution,0.09999972,2017-07-11,,,,True,True,False,False,1.董事會、股東會決議或公司決定日期:106/06/26 2.除權、息類別（請填入「除權」、「除息」或「除權息」）:除息 3.發放股利種類及金額:盈餘分派每股配發現金股利0.09999972元 4.除權（息）交易日:106/07/11 5.最後過戶日:106/07/12 6.停止過戶起始日期:106/07/13 7.停止過戶截止日期:106/07/17 8.除權（息）基準日:106/07/17 9.其他應敘明事項: 1.因本公司獲配限制員工權利新股員工達既得條件返還，致影響可分配股息 之股數，故調整配息率。 2.現金股利預計於民國106年8月15日發放。 ,https://mops.twse.com.tw/mops/#/web/t05st01,88b2f7df0745304b22822643851d3c7e3dfba749d2e4595711d9d51839779d6c,0
3481,106,07,106/07/07,14:00:39,2017-07-07 14:00:39,群創光電2017年6月合併營收新台幣280億元,capital_change,,,,,,False,True,False,False,"1.事實發生日:106/07/07 2.公司名稱:群創光電股份有限公司 3.與公司關係(請輸入本公司或子公司):本公司 4.相互持股比例:不適用 5.發生緣由: 群創光電(股票代碼：3481)今天公佈2017年6月營收。2017年6月合併營收為新台 幣280億元，較2017年5月合併營收減少0.2%，比去年同期相比增加20%。出貨量方 面，2017年6月份群創光電大尺寸合併出貨量共計999萬片，與2017年5月相比增加 3.8%；中小尺寸合併出貨量共計2,248萬片，相較2017年5月份增加22.9%。 群創光電2017年第二季合併營收為新台幣845億元，較去年同期增加26.5%，與2017 年第一季合併營收新台幣860億相比減少1.8%。大尺寸合併出貨量共計2,913萬片， 與2017年第一季出貨量2,685萬片相比增加8.5%；中小尺寸合併出貨量共計5,917萬 片，與2017年第一季出貨量6,186萬片相比減少4.3%。 6.因應措施:無。 7.其他應敘明事項:無。 ",https://mops.twse.com.tw/mops/#/web/t05st01,ec149c09cb1111640a7b1e8fb002bad7b01745250a1f0f1cb661e34f134c113e,0
3515,109,03,109/03/12,17:51:01,2020-03-12 17:51:01,董事會決議股利分派,capital_change,,,,,,False,False,False,False,"1. 董事會決議日期：109/03/12 2. 股利所屬年(季)度：108年 年度 3. 股利所屬期間：108/01/01 至 108/12/31 4. 股東配發內容： (1)盈餘分配之現金股利(元/股)：4.00000000 (2)法定盈餘公積、資本公積發放之現金(元/股)：0 (3)股東配發之現金(股利)總金額(元)：482,569,716 (4)盈餘轉增資配股(元/股)：0 (5)法定盈餘公積、資本公積轉增資配股(元/股)：0 (6)股東配股總股數(股)：0 5. 其他應敘明事項： 無 6. 普通股每股面額欄位：新台幣 10.0000元",https://mops.twse.com.tw/mops/#/web/t05st01,a4ea1b307ef3c46176efc1a1833584a1b2bce3a35bb493b648a86c4f2a1f2921,0
3515,109,04,109/04/29,17:05:41,2020-04-29 17:05:41,公告本公司董事會決議辦理限制員工權利新股收買註銷減資案,capital_change,,,,,,False,True,False,False,"1.董事會決議日期:109/04/29 2.減資緣由:係因原獲配限制員工權利新股之員工未達既得條件，本公司董事會決議 將所有買回之限制員工權利新股註銷減資。 3.減資金額:新台幣48,000元 4.消除股份:4,800股 5.減資比率:0.004% 6.減資後股本:1,206,424,290元 7.預定股東會日期:不適用。 8.預計減資新股上市後之上市普通股股數:不適用。 9.預計減資新股上市後之上市普通股股數占已發行普通股比率 （減資後上市普通股股數/減資後已發行普通股股數）:不適用。 10.前二項預計減資後上巿普通股股數未達6000萬股且未達25%者， 請說明股權流通性偏低之因應措施:不適用。 11.減資基準日:109年05月29日 12.其他應敘明事項:無。 ",https://mops.twse.com.tw/mops/#/web/t05st01,f6f4f4b0f94ae15dd7a7233e90ff0317629e2ed5c409ed67d4e2fb0019615f1c,0
3515,109,05,109/05/29,14:50:50,2020-05-29 14:50:50,公告本公司109年配息基準日,distribution,,2020-07-23,,,,True,False,False,False,"1.董事會、股東會決議或公司決定日期:109/05/29 2.除權、息類別（請填入「除權」、「除息」或「除權息」）:除息 3.發放股利種類及金額: 以盈餘分配股東之現金股利：新臺幣482,569,716元。（每股配發4.00000000元） 4.除權（息）交易日:109/07/23 5.最後過戶日:109/07/24 6.停止過戶起始日期:109/07/27 7.停止過戶截止日期:109/07/31 8.除權（息）基準日:109/07/31 9.其他應敘明事項: (1)本次現金股利，嗣後如因本公司買回公司股份等因素，影響配息基準日流通在外 股數，致使股東配息比例發生變動而需修正時，授權董事長於上述分派金額之範 圍內全權處理之。 (2)預計現金股利發放日為109年08月20日。 ",https://mops.twse.com.tw/mops/#/web/t05st01,05af59c6eedf7bda1f28f3dd5cd16e5442040dc1ed410510a184a89abac2a6a9,0
3532,106,03,106/03/17,14:45:46,2017-03-17 14:45:46,董事會決議股利分派,capital_change,,,,,,False,False,False,False,"1. 董事會決議日期：106/03/17 2. 股東配發內容： (1)盈餘分配之現金股利(元/股)：0.67000000 (2)法定盈餘公積、資本公積發放之現金(元/股)：0 (3)股東配發之現金(股利)總金額(元)：519,716,721 (4)盈餘轉增資配股(元/股)：0 (5)法定盈餘公積、資本公積轉增資配股(元/股)：0 (6)股東配股總股數(股)：0 3. 其他應敘明事項： 無 4. 普通股每股面額欄位：新台幣 10.0000元",https://mops.twse.com.tw/mops/#/web/t05st01,1cd910213677ccd6b662e45612ebeb1283bdf43555a9095766a18c16c7f90671,0
3546,105,11,105/11/21,14:43:01,2016-11-21 14:43:01,代子公司USERJOY JAPAN公告董事會決議辦理減資案,capital_change,,,,,,False,True,False,False,"1.董事會決議日期:105/11/21 2.減資緣由:為提升未來營運發展及改善財務結構。 3.減資金額:日幣12,600,000。 4.消除股份:不適用 5.減資比率:7.24%。 6.減資後實收資本額:日幣161,400,000。 7.預定股東會日期:NA 8.預計減資新股上櫃後之上櫃普通股股數:不適用 9.預計減資新股上櫃後之上櫃普通股股數及比率（減資後上櫃普通股數A、A/減資後已發 行普通股）:不適用 10.前二項預計減資後上櫃普通股股數未達500萬股且未達25%者，請說明 股權流通性偏低之因應措施:不適用 11.其他應敘明事項:無 ",https://mops.twse.com.tw/mops/#/web/t05st01,50fdc82cfdffc449cd854f12b987dcfe03a6777781dae9102f65ed985abf3af5,0
3583,115,05,115/05/08,17:44:41,2026-05-08 17:44:41,公告本公司董事會決議通過115年第一季合併財務報表,capital_change,,,,,,False,False,False,False,1.提報董事會或經董事會決議日期:115/05/08 2.審計委員會通過日期:115/05/08 3.財務報告或年度自結財務資訊報導期間 起訖日期(XXX/XX/XX~XXX/XX/XX):115/01/01~115/03/31 4.1月1日累計至本期止營業收入(仟元):3120325 5.1月1日累計至本期止營業毛利(毛損) (仟元):1049311 6.1月1日累計至本期止營業利益(損失) (仟元):404203 7.1月1日累計至本期止稅前淨利(淨損) (仟元):441207 8.1月1日累計至本期止本期淨利(淨損) (仟元):343045 9.1月1日累計至本期止歸屬於母公司業主淨利(損) (仟元):332960 10.1月1日累計至本期止基本每股盈餘(損失) (元):4.14 11.期末總資產(仟元):27561798 12.期末總負債(仟元):19565777 13.期末歸屬於母公司業主之權益(仟元):7638099 14.其他應敘明事項:無 ,https://mops.twse.com.tw/mops/#/web/t05st01,1c7ddd8d05425e6154492511a68146cc2b334de7dead02a75ddfd95bb1f7c480,0
3583,115,05,115/05/18,17:43:12,2026-05-18 17:43:12,本公司董事會變更訂定現金股利除息基準日及發放日,distribution,,2026-07-30,2026-08-28,,,False,False,False,False,"1.董事會、股東會決議或公司決定日期:115/05/18 2.除權、息類別（請填入「除權」、「除息」或「除權息」）:除息 3.普通股發放股利種類及金額:現金股息新台幣481,987,560元，每股配發新台幣6元 4.除權（息）交易日:115/07/30 5.最後過戶日:115/08/02 6.停止過戶起始日期:115/08/03 7.停止過戶截止日期:115/08/07 8.除權（息）基準日:115/08/07 9.債券最後申請轉換日期:不適用 10.債券停止轉換起始日期:不適用 11.債券停止轉換截止日期:不適用 12.普通股現金股利發放日期:115/08/28 13.其他應敘明事項:最後過戶日(115/8/2)遇假日，臨櫃辦理過戶請提前至115/7/31 ",https://mops.twse.com.tw/mops/#/web/t05st01,5fa50f95e422ea84b7b33186e278c16c6bcf73e61269a28aaccbd010a813c7ab,0
3583,115,07,115/07/14,00:34:36,2026-07-14 00:34:36,公告本公司調整現金股利配息率,distribution,6,,,,,False,False,False,False,"1.董事會或股東會決議日期:NA 2.原發放股利種類及金額: 現金股利新台幣481,987,560元，每股配發新台幣6元 3.變更後發放股利種類及金額: 現金股利新台幣481,987,560元，每股配發新台幣5.74761929元 4.變更原因:本公司發行國內第一次與第二次無擔保轉換公司債債權人申請轉換 普通股，致影響流通在外股數總額，授權董事長調整配息率。 5.其他應敘明事項:無。 ",https://mops.twse.com.tw/mops/#/web/t05st01,9cf656addb6aad9d209a8428e297eb815ed01b381aef9e926a840aec955eae40,0
3653,109,08,109/08/04,18:05:01,2020-08-04 18:05:01,公告本公司董事會決議除息基準日相關資訊,distribution,5.0,2020-08-20,,,,False,False,False,False,"1.董事會、股東會決議或公司決定日期:109/08/04 2.除權、息類別（請填入「除權」、「除息」或「除權息」）:除息 3.發放股利種類及金額:現金股利新台幣605,127,010(每股配發5.0元) 4.除權（息）交易日:109/08/20 5.最後過戶日:109/08/21 6.停止過戶起始日期:109/08/22 7.停止過戶截止日期:109/08/26 8.除權（息）基準日:109/08/26 9.其他應敘明事項: (1)現金股息發放日：109年9月16日 (2)此除息基準日股東名簿之股東持股數配發，計算至元為止，元以下捨去。 (3)本次盈餘分配若嗣後因主客觀等因素，影響流通在外股份數量，而需調整 股東配息率時，授權董事長調整之。 ",https://mops.twse.com.tw/mops/#/web/t05st01,0d0ff508fe5f5dda3103b11925e7f5d15f172fa98214bbe1ec325b23eb23a7c4,0
3653,115,03,115/03/03,14:07:49,2026-03-03 14:07:49,"公告本公司114年第四季合併財務報告董事會預計召開日期
為115年3月11日",capital_change,,,,,,False,False,False,False,1.董事會召集通知日:115/03/03 2.董事會預計召開日期:115/03/11 3.預計提報董事會或經董事會決議之財務報告或 年度自結財務資訊年季:114年第四季合併財務報告 4.其他應敘明事項:無 ,https://mops.twse.com.tw/mops/#/web/t05st01,a68c8db3d2119777ac2054c6b8fe1fe931c104147d98afef0dd1550b534489c7,0
3653,115,03,115/03/11,17:48:20,2026-03-11 17:48:20,本公司董事會通過114年度合併財務報告,capital_change,,,,,,False,False,False,False,"1.提報董事會或經董事會決議日期:115/03/11 2.審計委員會通過日期:115/03/11 3.財務報告或年度自結財務資訊報導期間 起訖日期(XXX/XX/XX~XXX/XX/XX):114/01/01~114/12/31 4.1月1日累計至本期止營業收入(仟元):20,275,577 5.1月1日累計至本期止營業毛利(毛損) (仟元):8,433,990 6.1月1日累計至本期止營業利益(損失) (仟元):6,498,133 7.1月1日累計至本期止稅前淨利(淨損) (仟元):6,606,955 8.1月1日累計至本期止本期淨利(淨損) (仟元):5,310,342 9.1月1日累計至本期止歸屬於母公司業主淨利(損) (仟元):5,277,165 10.1月1日累計至本期止基本每股盈餘(損失) (元):36.75 11.期末總資產(仟元):27,968,731 12.期末總負債(仟元):4,904,018 13.期末歸屬於母公司業主之權益(仟元):22,837,360 14.其他應敘明事項:無 ",https://mops.twse.com.tw/mops/#/web/t05st01,3cfc91b9d5f876428ca6f7503dc0f9f7edeb9a9c8d21226ab77339fdc95b9887,0
3653,115,03,115/03/11,17:49:23,2026-03-11 17:49:23,董事會決議股利分派,capital_change,,,,,,False,False,False,False,"1. 董事會決議日期：115/03/11 2. 股利所屬年(季)度：114年 年度 3. 股利所屬期間：114/01/01 至 114/12/31 4. 股東配發內容： (1)盈餘分配之現金股利(元/股)：22.00000000 (2)法定盈餘公積發放之現金(元/股)：0 (3)資本公積發放之現金(元/股)：0 (4)股東配發之現金(股利)總金額(元)：3,187,141,078 (5)盈餘轉增資配股(元/股)：0 (6)法定盈餘公積轉增資配股(元/股)：0 (7)資本公積轉增資配股(元/股)：0 (8)股東配股總股數(股)：0 5. 其他應敘明事項： 無 6. 普通股每股面額欄位：新台幣10.0000元",https://mops.twse.com.tw/mops/#/web/t05st01,edd631be6785be73f7e1c04864cd4d09b805f8e3f705adbb7c6b057839e11bc5,0
3653,115,04,115/04/30,16:26:18,2026-04-30 16:26:18,"公告本公司代重要子公司金利精密
工業股份有限公司一一四年現金股利除息基準日",distribution,1.22,,,,,False,True,False,False,"1.董事會、股東會決議或公司決定日期:115/04/30 2.除權、息類別（請填入「除權」、「除息」或「除權息」）:除息 3.發放股利種類及金額:現金股利新台幣171,066,724元。 擬定分派現金股利每股新台幣1.22元。 4.除權（息）交易日:NA 5.最後過戶日:NA 6.停止過戶起始日期:NA 7.停止過戶截止日期:NA 8.除權（息）基準日:115/04/30 9.其他應敘明事項:現金股利發放日為115年5月8日。 ",https://mops.twse.com.tw/mops/#/web/t05st01,bad4035174404289eb32510311369d0deaf138ad59ce1f6d4c7062228a04d9b2,0
3653,115,05,115/05/04,15:54:48,2026-05-04 15:54:48,"公告本公司115年第一季合併財務報告董事會預計召開日期
為115年5月12日",capital_change,,,,,,False,False,False,False,1.董事會召集通知日:115/05/04 2.董事會預計召開日期:115/05/12 3.預計提報董事會或經董事會決議之財務報告或 年度自結財務資訊年季:115年第一季合併財務報告 4.其他應敘明事項:無 ,https://mops.twse.com.tw/mops/#/web/t05st01,c7b56e7a264c6c463cc4a974139d978df6b89c51242466ec8f820c6b986a565a,0
3661,111,08,111/08/26,14:00:09,2022-08-26 14:00:09,本公司董事會通過民國111年第二季合併財務報告,capital_change,,,,,,False,False,False,False,"1.提報董事會或經董事會決議日期:111/08/26 2.審計委員會通過日期:111/08/26 3.財務報告或年度自結財務資訊報導期間 起訖日期(XXX/XX/XX~XXX/XX/XX):111/01/01~111/06/30 4.1月1日累計至本期止營業收入(仟元):5,591,681 5.1月1日累計至本期止營業毛利(毛損) (仟元):2,038,228 6.1月1日累計至本期止營業利益(損失) (仟元):1,116,803 7.1月1日累計至本期止稅前淨利(淨損) (仟元):1,111,242 8.1月1日累計至本期止本期淨利(淨損) (仟元):876,609 9.1月1日累計至本期止歸屬於母公司業主淨利(損) (仟元):876,609 10.1月1日累計至本期止基本每股盈餘(損失) (元):12.33 11.期末總資產(仟元):16,520,704 12.期末總負債(仟元):5,140,829 13.期末歸屬於母公司業主之權益(仟元):11,379,875 14.其他應敘明事項:無。 ",https://mops.twse.com.tw/mops/#/web/t05st01,8d5f6d1b326dff8790b49eeef9c205eaa04563b5879fc2ff26541d7b23f7e1d4,0
3661,111,08,111/08/26,18:23:29,2022-08-26 18:23:29,公告本公司董事會決議配息基準日,distribution,,2022-09-18,,,,False,False,False,False,"1.董事會、股東會決議或公司決定日期:111/08/26 2.除權、息類別（請填入「除權」、「除息」或「除權息」）:除息 3.發放股利種類及金額:普通股現金股利26,772,486美元，擬授權董事長調整配息率， 實際發放金額以股務代理機構收到兌換後之新台幣現金股利金額為準。現金股利發放 至元為止(元以下捨去)，其畸零款合計數計入本公司之其他收入。 4.除權（息）交易日:111/09/18 5.最後過戶日:111/09/19 6.停止過戶起始日期:111/09/20 7.停止過戶截止日期:111/09/24 8.除權（息）基準日:111/09/24 9.其他應敘明事項:本公司配息率嗣後如因本公司員工認股權行使因素影響流通在外股份 數量，致使股東配息比率發生變動而需修正時，授權董事長調整配息率。 ",https://mops.twse.com.tw/mops/#/web/t05st01,d98f266a58a61f038f4e206d79729695cdcf2e9f9f1288aa00f4f1f71cfc4a97,0
3661,111,08,111/08/29,11:47:31,2022-08-29 11:47:31,公告本公司董事會決議配息基準日(更正除息交易日),distribution,,2022-09-16,,,,False,False,False,False,"1.董事會、股東會決議或公司決定日期:111/08/26 2.除權、息類別（請填入「除權」、「除息」或「除權息」）:除息 3.發放股利種類及金額:普通股現金股利26,772,486美元，擬授權董事長調整配息率， 實際發放金額以股務代理機構收到兌換後之新台幣現金股利金額為準。現金股利發放 至元為止(元以下捨去)，其畸零款合計數計入本公司之其他收入。 4.除權（息）交易日:111/09/16 5.最後過戶日:111/09/19 6.停止過戶起始日期:111/09/20 7.停止過戶截止日期:111/09/24 8.除權（息）基準日:111/09/24 9.其他應敘明事項:本公司配息率嗣後如因本公司員工認股權行使因素影響流通在外股份 數量，致使股東配息比率發生變動而需修正時，授權董事長調整配息率。 ",https://mops.twse.com.tw/mops/#/web/t05st01,198472dd192d730ee31e3de041c3f166b1eb75839b6154e8913a4fc31fc203bb,0
3661,111,08,111/08/30,16:20:08,2022-08-30 16:20:08,公告本公司調整111年現金股利配息率,distribution,11.35397423,,,,,False,False,False,False,"1.董事會或股東會決議日期:111/08/30 2.原發放股利種類及金額:普通股現金股利每股配發新台幣11.35397423元。 3.變更後發放股利種類及金額:普通股現金股利26,772,486美元，依據本公司截至 111/08/26止流通在外股數為71,682,704股及匯率以111/08/29台灣銀行之即期 買入及賣出之均價(NT$30.40)估算，每股分派現金股利新台幣11.35397423元，實際 發放金額應以股務代理機構收到兌換後之新台幣現金股利金額為準。 4.變更原因:依111/08/26董事會決議授權董事長辦理股東配息率調整事宜。 5.其他應敘明事項:無。 ",https://mops.twse.com.tw/mops/#/web/t05st01,67b623bfd768ab5940f9e43f4ed4f6a9038a56883124b99be20ce7384d1ac438,0
3661,111,10,111/10/05,14:26:58,2022-10-05 14:26:58,本公司除息公告-結匯匯率,distribution,,,,,,False,True,False,False,"1.事實發生日:111/10/05 2.公司名稱:英屬開曼群島商世芯電子股份有限公司 3.與公司關係(請輸入本公司或子公司):本公司 4.相互持股比例:不適用 5.發生緣由:不適用 6.因應措施:不適用 7.其他應敘明事項: (一)英屬開曼群島商世芯電子股份有限公司於中華民國111年06月10日股東會決議發放 普通股現金股利26,772,486美元，依本公司中華民國111年09月24日配息基準日股東名 簿持有股數為71,682,704股，匯率依中華民國111年10月05日美元兌新台幣匯率31.59 換算，每股現金股利折合新台幣11.79842257元。 (二)現金股利發放至元為止(元以下不計)，其畸零款合計數列入本公司之其他收入， 現金股利發放之匯款或支票處理費用由股東自行負擔。 (三)茲訂定中華民國111年10月20日為本公司現金股利之付款日，委由股務代理機構 中國信託商業銀行代理部(電話:02-66365566)以匯款或掛號郵寄支票方式發放。 ",https://mops.twse.com.tw/mops/#/web/t05st01,acf7d97a0ba479a47d9b3bf71025e51b316008854cfeb2e835aabbb743293b46,0
3661,113,10,113/10/04,17:50:50,2024-10-04 17:50:50,本公司除息公告-結匯匯率,distribution,,,,,,False,True,False,False,"1.事實發生日:113/10/04 2.公司名稱:英屬開曼群島商世芯電子股份有限公司 3.與公司關係(請輸入本公司或子公司):本公司 4.相互持股比例:不適用 5.發生緣由:不適用 6.因應措施:不適用 7.其他應敘明事項(若事件發生或決議之主體係屬公開發行以上公司，本則重大訊息同時 符合證券交易法施行細則第7條第9款所定對股東權益或證券價格有重大影響之事項): (一)英屬開曼群島商世芯電子股份有限公司於中華民國113年5月30日股東會決議發放 普通股現金股利56,300,842美元，依本公司中華民國113年9月20日配息基準日股東名 簿持有股數為79,880,012股，依中央銀行規定辦理匯兌，每股現金股利折合新台幣 22.41010017元。 (二)現金股利發放至元為止(元以下不計)，其畸零款合計數列入本公司之其他收入， 現金股利發放之匯款或支票處理費用由股東自行負擔。 (三)茲訂定中華民國113年10月16日為本公司現金股利之付款日，委由股務代理機構 中國信託商業銀行代理部(電話:02-66365566)以匯款或掛號郵寄支票方式發放。 ",https://mops.twse.com.tw/mops/#/web/t05st01,a23b883e1f3253afb810a9933e514dd9f7e8ca189bebf58261fe08313c5e7cfe,0
3661,113,10,113/10/24,15:42:20,2024-10-24 15:42:20,公告本公司113年第三季合併財務報告董事會召開日期,capital_change,,,,,,False,False,False,False,1.董事會召集通知日:113/10/24 2.董事會預計召開日期:113/11/01 3.預計提報董事會或經董事會決議之財務報告或 年度自結財務資訊年季:民國113年度第三季合併財務報告 4.其他應敘明事項:無 ,https://mops.twse.com.tw/mops/#/web/t05st01,272bc81d75f4766a9c192102a14ec31aa0b6e38aec83262b1dc1f63650d49ada,0
3661,113,11,113/11/01,14:22:06,2024-11-01 14:22:06,本公司董事會通過民國113年第三季合併財務報告,capital_change,,,,,,False,False,False,False,"1.提報董事會或經董事會決議日期:113/11/01 2.審計委員會通過日期:113/11/01 3.財務報告或年度自結財務資訊報導期間 起訖日期(XXX/XX/XX~XXX/XX/XX):113/01/01~113/09/30 4.1月1日累計至本期止營業收入(仟元):38,897,297 5.1月1日累計至本期止營業毛利(毛損) (仟元):7,431,874 6.1月1日累計至本期止營業利益(損失) (仟元):4,742,719 7.1月1日累計至本期止稅前淨利(淨損) (仟元):5,762,773 8.1月1日累計至本期止本期淨利(淨損) (仟元):4,606,465 9.1月1日累計至本期止歸屬於母公司業主淨利(損) (仟元):4,610,013 10.1月1日累計至本期止基本每股盈餘(損失) (元):58.43 11.期末總資產(仟元):47,981,070 12.期末總負債(仟元):12,710,921 13.期末歸屬於母公司業主之權益(仟元):35,253,394 14.其他應敘明事項:無。 ",https://mops.twse.com.tw/mops/#/web/t05st01,58b6e9afc9570770ad90ad46adaeefb493dd6aa3de2325a208019be625a6a2ed,0
3665,115,01,115/01/05,15:58:38,2026-01-05 15:58:38,公告本公司114年12月份自結合併營收,capital_change,,,,,,False,True,False,False,"1.事實發生日:115/01/05 2.公司名稱:BizLink Holding Inc. 3.與公司關係(請輸入本公司或子公司):本公司 4.相互持股比例:不適用 5.發生緣由:無 6.因應措施:無 7.其他應敘明事項(若事件發生或決議之主體係屬公開發行以上公司，本則重大訊息同時 符合證券交易法施行細則第7條第9款所定對股東權益或證券價格有重大影響之事項): 本公司114年12月份自結合併營業收入淨額為美金211,767仟元，較去年同期自結數 增加48.58%。114年累計合併營收為美金2,283,619仟元，較去年累計自結數合併 營收增加35.60%。 ",https://mops.twse.com.tw/mops/#/web/t05st01,20cffaa6a8dddc9597e30325a4ee9cb4146ff06e4add961b9e8023e64b7ff130,0
3665,115,02,115/02/02,16:52:54,2026-02-02 16:52:54,"代重要子公司BizLink Silitherm S.r.l.公告董事會決議
分配現金股利",distribution,,,,,,False,True,False,False,"1.董事會決議日期:115/02/02 2.發放股利種類及金額:發放現金股利歐元53,000,000元 3.其他應敘明事項:無 ",https://mops.twse.com.tw/mops/#/web/t05st01,57cb4efb63f0fc794c23348ed97b88724403285ef9f0f21d6a3bf648f85f5df3,0
3665,115,02,115/02/05,16:05:37,2026-02-05 16:05:37,公告本公司115年1月份自結合併營收,capital_change,,,,,,False,True,False,False,"1.事實發生日:115/02/05 2.公司名稱:BizLink Holding Inc. 3.與公司關係(請輸入本公司或子公司):本公司 4.相互持股比例:不適用 5.發生緣由:無 6.因應措施:無 7.其他應敘明事項(若事件發生或決議之主體係屬公開發行以上公司，本則重大訊息同時 符合證券交易法施行細則第7條第9款所定對股東權益或證券價格有重大影響之事項): 本公司115年1月份自結合併營業收入淨額為美金236,446仟元，較去年同期自結數 增加39.95%。115年累計合併營收為美金236,446仟元，較去年累計自結數合併 營收增加39.95%。 ",https://mops.twse.com.tw/mops/#/web/t05st01,df960ce8b592fabd1955a21574671a5f1ca260f07ccb38b1ac0b1dd36a1f6e4b,0
3665,115,03,115/03/05,15:58:43,2026-03-05 15:58:43,公告本公司115年2月份自結合併營收,capital_change,,,,,,False,True,False,False,"1.事實發生日:115/03/05 2.公司名稱:BizLink Holding Inc. 3.與公司關係(請輸入本公司或子公司):本公司 4.相互持股比例:不適用 5.發生緣由:無 6.因應措施:無 7.其他應敘明事項(若事件發生或決議之主體係屬公開發行以上公司，本則重大訊息同時 符合證券交易法施行細則第7條第9款所定對股東權益或證券價格有重大影響之事項): 本公司115年2月份自結合併營業收入淨額為美金202,816仟元，較去年同期自結數 增加33.03%。115年累計合併營收為美金439,262仟元，較去年累計自結數合併 營收增加36.67%。 ",https://mops.twse.com.tw/mops/#/web/t05st01,47da3f5fd7d2b89f3e07b26ed00760324960c60dfe8b928bc67d426dfd7aacde,0
3665,115,03,115/03/06,13:54:54,2026-03-06 13:54:54,本公司114年度合併財務報告業經提報董事會,capital_change,,,,,,False,False,False,False,"1.提報董事會或經董事會決議日期:115/03/06 2.審計委員會通過日期:115/03/06 3.財務報告或年度自結財務資訊報導期間 起訖日期(XXX/XX/XX~XXX/XX/XX):114/01/01~114/12/31 4.1月1日累計至本期止營業收入(仟元): 新台幣71,247,272仟元 5.1月1日累計至本期止營業毛利(毛損) (仟元): 新台幣22,604,599仟元 6.1月1日累計至本期止營業利益(損失) (仟元): 新台幣 12,457,612仟元 7.1月1日累計至本期止稅前淨利(淨損) (仟元): 新台幣 11,865,856仟元 8.1月1日累計至本期止本期淨利(淨損) (仟元): 新台幣 9,005,235仟元 9.1月1日累計至本期止歸屬於母公司業主淨利(損) (仟元):新台幣 9,005,366仟元 10.1月1日累計至本期止基本每股盈餘(損失) (元): 新台幣 46.57元 11.期末總資產(仟元): 新台幣82,312,791仟元 12.期末總負債(仟元): 新台幣35,670,143仟元 13.期末歸屬於母公司業主之權益(仟元): 新台幣46,634,452仟元 14.其他應敘明事項:N/A ",https://mops.twse.com.tw/mops/#/web/t05st01,4bba52b5353f562ebb9261fa64a260a8925369744d155661960b3599873c3bf7,0
3665,115,03,115/03/06,13:57:57,2026-03-06 13:57:57,董事會決議股利分派,capital_change,,,,,,False,False,False,False,"1. 董事會決議日期：115/03/06 2. 股利所屬年(季)度：114年 年度 3. 股利所屬期間：114/01/01 至 114/12/31 4. 股東配發內容： (1)盈餘分配之現金股利(元/股)：15.00000000 (2)法定盈餘公積發放之現金(元/股)：0 (3)資本公積發放之現金(元/股)：0 (4)股東配發之現金(股利)總金額(元)：2,925,051,101 (5)盈餘轉增資配股(元/股)：0 (6)法定盈餘公積轉增資配股(元/股)：0 (7)資本公積轉增資配股(元/股)：0 (8)股東配股總股數(股)：0 5. 其他應敘明事項： 董事會決議分派現金股利總金額為 USD 93,006,394.31元，USD:NTD暫以 115/3/2台灣銀行之即期買入及賣出之 均價估算，實際金額應以股務代理機構 收到現金股利後，依當時匯率兌換成NTD 之金額為準。 6. 普通股每股面額欄位：新台幣10.0000元",https://mops.twse.com.tw/mops/#/web/t05st01,1230fc9219b83069fef46129d3cfd95fa09f8e021c7e09b5316015cf6608696b,0
3665,115,03,115/03/27,16:02:57,2026-03-27 16:02:57," 代子公司BizLink System Integration Solutions s.r.o. 
公告合併BizLink System Integration Solutions (Slovakia)
s.r.o.",capital_change,,,,,,False,True,False,False,1.併購種類(如合併、分割、收購或股份受讓): 合併 2.事實發生日:115/3/27 3.參與併購公司名稱(如合併另一方公司、分割新設公司、收購或受讓股份標的公司之 名稱: 本公司間接持股100%之子公司BizLink System Integration Solutions s.r.o. (後稱CSKT)與其子公司BizLink System Integration Solutions (Slovakia) s.r.o. (後稱CSKE)合併。 合併後CSKT為存續公司，CSKE為消滅公司。 4.交易相對人(如合併另一方公司、分割讓與他公司、收購或受讓股份之交易對象): BizLink System Integration Solutions (Slovakia) s.r.o. 5.交易相對人為關係人:是 6.交易相對人與公司之關係(本公司轉投資持股達XX%之被投資公司)，並說明選定 收購、受讓他公司股份之對象為關係企業或關係人之原因及是否不影響股東權益: CSKT為本公司間接持股100%之子公司，為簡化組織架構，與其100%持股之子公司CSKE 進行合併，不影響本公司股東權益。 7.併購目的及條件，包括併購理由、對價條件及支付時點(註七): 不適用 8.併購後預計產生之效益: 簡化組織架構，節省管理成本 9.併購對每股淨值及每股盈餘之影響: 不適用 10.併購之對價種類及資金來源: 不適用 11.換股比例及其計算依據: 不適用 12.本次交易會計師、律師或證券承銷商出具非合理性意見:不適用 13.會計師或律師事務所名稱或證券承銷商公司名稱: 不適用 14.會計師或律師姓名: 不適用 15.會計師或律師開業證書字號: 不適用 16.獨立專家就本次併購換股比例、配發股東之現金或其他財產之合理性意見書內容 (一、包含公開收購價格訂定所採用之方法、原則或計算方式及與國際慣用之市價法 、成本法及現金流量折現法之比較。二、被收購公司與已上市櫃同業之財務狀況 、獲利情形及本益比之比較情形。三、公開收購價格若參考鑑價機構之鑑價報告者 ，應說明該鑑價報告內容及結論。四、收購人融資償還計畫若係以被收購公司或合 併後存續公司之資產或股份為擔保者，應說明對被收購公司或合併後存續公司財務 業務健全性之影響評估)(註七): 不適用 17.預定完成日程(註七): 預計於115/05/01完成 18.既存或新設公司承受消滅(或分割)公司權利義務相關事項(註二): CSKT概括承受消滅公司之帳列資產、負債及截至合併日止仍為有效之一切權利及義務。 19.參與合併公司之基本資料(註三): CSKT：控股公司 CSKE：製造機械、機電及氣動組件及組裝 20.分割之相關事項(含預定讓與既存公司或新設公司之營業、資產之評價價值；被 分割公司或其股東所取得股份之總數、種類及數量；被分割公司資本減少,https://mops.twse.com.tw/mops/#/web/t05st01,666c23d3e35c3a8936ac16d58eac2801f35245fa7a117374f9601af9bb6f66c6,0
3702,107,06,107/06/08,17:10:14,2018-06-08 17:10:14,公告本公司107年5月份自結合併營收,capital_change,,,,,,False,True,False,False,"1.事實發生日:107/06/08 2.公司名稱:大聯大投資控股(股)公司 3.與公司關係(請輸入本公司或子公司):本公司 4.相互持股比例:不適用 5.發生緣由:公告本公司107年5月份自結合併營收 6.因應措施:不適用 7.其他應敘明事項: 半導體零組件通路商-大聯大投控，受惠3C、汽車電子及高階新應用產品如物聯網(IoT) 、人工智慧(AI)、雲端儲存、高速運算等，加上被動元件出貨暢望帶動銷售成長，2018 年5月單月合併營收為新台幣486.1億元，相較去年同期新台幣424.9億元，年成長14.4% ，優於預期；累計合併營收為新台幣2,185.7億元，相較去年同期新台幣2,029.6億元， 年成長7.7%；若以美金計算，則為年成長12.5%。 ",https://mops.twse.com.tw/mops/#/web/t05st01,b0ec71c9d4dcf0e0865ce27eb6f5ccb28af2c41aec314caebec8ef9906dcdb3c,0
3702,107,06,107/06/21,22:04:07,2018-06-21 22:04:07,本公司辦理現金減資致債權人公告,capital_change,,,,,,False,True,False,False,"1.事實發生日:107/06/21 2.公司名稱:大聯大投資控股(股)公司 3.與公司關係(請輸入本公司或子公司):本公司 4.相互持股比例:不適用 5.發生緣由:本公司業經107年6月21日股東常會決議通過辦理現金減資。 6.因應措施: (1)本公司業經民國107年6月21日股東常會決議通過，為調整資本結構及提升股東權益報 酬率，辦理現金減資退還股東股款。現金減資金額訂定為新台幣1,460,049,420元，銷除 股份146,004,942股，現金減資比例為8%。減資後實收資本額為新台幣16,790,568,330元 ，發行股數為1,679,056,833股。 (2)本次現金減資案經主管機關核准後，授權董事長依相關法令規定另訂減資基準日等相 關事宜。 (3)上述係依公司法第281條準用同法第73條、第74條規定辦理。 (4)本公司債權人對此次現金減資退還股款如有異議，請自公告日(民國107年6月21日)起 至民國107年7月21日前以書面方式向本公司提出，逾期未表示者即視為無異議。 (5)特此公告。 7.其他應敘明事項:無 ",https://mops.twse.com.tw/mops/#/web/t05st01,6d4e43cbfb7c29702ecec24271f12e73210d5e206b8338244934074d8a20ff0d,0
3702,107,06,107/06/21,22:05:17,2018-06-21 22:05:17,"代子公司-世平興業(股)公司、大傳企業(股)公司公告董事會
決議股東紅利除權息基準日",distribution,,,,,,False,True,False,False,"1.董事會決議日期:107/06/21 2.發放股利種類及金額: (1)世平興業(股)公司 配發股東現金紅利新台幣2,208,434,371元 配發股東股票股利新台幣947,475,930元 (2)大傳企業(股)公司 配發股東現金紅利新台幣28,403,330元 3.其他應敘明事項: (1)世平興業(股)公司：除權息基準日為107/07/02 (2)大傳企業(股)公司：除息基準日為107/06/29 ",https://mops.twse.com.tw/mops/#/web/t05st01,5681f6807fc59c5b28bc149127cd2dd06c74fe32567f4db8b2a11723396822f6,0
3702,107,06,107/06/21,22:11:50,2018-06-21 22:11:50,"代子公司-友尚(股)公司、富威科技(股)公司、建智(股)公司、詮
鼎科技(股)公司、昱博科技(股)公司、振遠科技(股)公司、Suntop
Investments Limited公告董事會決議股東紅利除權息基準日",distribution,,,,,,False,True,False,False,"1.董事會決議日期:107/06/21 2.發放股利種類及金額: (1)友尚(股)公司： 配發股東現金紅利新台幣904,695,462元 (2)富威科技(股)公司： 配發股東現金紅利新台幣352,965,804元 (3)建智(股)公司： 配發股東現金紅利新台幣192,541,911元 (4)詮鼎科技(股)公司： 配發股東現金紅利新台幣704,996,059元 配發股東股票股利新台幣331,876,330元 (5)昱博科技(股)公司： 配發股東現金紅利新台幣87,503,571元 (6)振遠科技(股)公司： 配發股東現金紅利新台幣351,917,340元 (7)Suntop Investments Limited：無 3.其他應敘明事項: (1)友尚(股)公司：除息基準日為107/07/06 (2)富威科技(股)公司：除息基準日為107/07/05 (3)建智(股)公司：除息基準日為107/07/05 (4)詮鼎科技(股)公司：除權息基準日為107/06/30 (5)昱博科技(股)公司：除息基準日為107/06/30 (6)振遠科技(股)公司：除息基準日為107/06/30 (7)Suntop Investments Limited：不適用 ",https://mops.twse.com.tw/mops/#/web/t05st01,44f33e0297ded55ec2813e487885c4c91071354cbfa2ccd2ba484d149764b29d,0
3702,107,06,107/06/26,18:08:41,2018-06-26 18:08:41,"代子公司-品佳(股)公司、凱悌(股)公司公告董事會決議股東
紅利除權息基準日",distribution,,,,,,False,True,False,False,"1.董事會決議日期:107/06/26 2.發放股利種類及金額: (1)品佳(股)公司 配發股東現金紅利新台幣505,878,113元 配發股東股票股利新台幣214,300,000元 (2)凱悌(股)公司 配發股東現金紅利新台幣147,664,327元 3.其他應敘明事項: (1)品佳(股)公司：除權息基準日為107/07/10 (2)凱悌(股)公司：除息基準日為107/07/06 ",https://mops.twse.com.tw/mops/#/web/t05st01,ced0deeaa7aa82548cc11a3aaa487deca137a51a27e1b9fab3667becd712dfc9,0
3702,107,07,107/07/10,14:23:58,2018-07-10 14:23:58,公告本公司107年度現金股利配發基準日,distribution,2.4,2018-07-25,,,,False,False,False,False,"1.董事會、股東會決議或公司決定日期:107/07/10 2.除權、息類別（請填入「除權」、「除息」或「除權息」）:除息 3.發放股利種類及金額:配發普通股現金股利新台幣4,380,148,260元，每股配發2.4元 4.除權（息）交易日:107/07/25 5.最後過戶日:107/07/26 6.停止過戶起始日期:107/07/27 7.停止過戶截止日期:107/07/31 8.除權（息）基準日:107/07/31 9.其他應敘明事項:無 ",https://mops.twse.com.tw/mops/#/web/t05st01,7f81c07ddea965bef33749e47fd5649b54fb272013434038502b50803f342598,0
3702,107,07,107/07/11,15:03:11,2018-07-11 15:03:11,公告本公司107年6月份自結合併營收,capital_change,,,,,,False,True,False,False,"1.事實發生日:107/07/11 2.公司名稱:大聯大投資控股(股)公司 3.與公司關係(請輸入本公司或子公司):本公司 4.相互持股比例:不適用 5.發生緣由:公告本公司107年6月份自結合併營收 6.因應措施:不適用 7.其他應敘明事項: 半導體零組件通路商-大聯大投控，受惠3C、汽車電子及高階新應用產品如物聯網(IoT) 、人工智慧(AI)、雲端儲存、高速運算等，加上被動元件出貨暢望帶動銷售成長， 2018年6月單月合併營收為新台幣443.7億元；第二季合併季營收為新台幣1,395.3億元， 相較第一季新台幣1,234.1億元，季成長13.1%，相較去年同期新台幣1,282.8億元， 年成長8.8%，接近財測高標新台幣1,400億元，若以美金計算，則為年成長10.6%；累計 合併營收為新台幣2,629.4億元，相較去年同期新台幣2,473.8億元，年成長6.3%；若以 美金計算，則為年成長10.3%。 ",https://mops.twse.com.tw/mops/#/web/t05st01,5c0f0adb52963ede1c4fd5f82a4c3277743a65e313303243259b177217aab80d,0
3702,107,07,107/07/12,18:18:23,2018-07-12 18:18:23,"代子公司-世平興業(股)公司公告更正董事會(代行股東會職權)重
要決議事項之股利金額",capital_change,,,,,,False,True,False,False,"1.股東常會日期:107/06/21 2.重要決議事項一、盈餘分配或盈虧撥補: 通過承認民國一零六年度盈餘分配案：配發股東現金紅利新台幣2,528,434,371元、 配發股東股票股利新台幣627,475,930元，每股面額新台幣10元。 3.重要決議事項二、章程修訂:不適用 4.重要決議事項三、營業報告書及財務報表:通過承認一零六年度營業報告書及財務報表 5.重要決議事項四、董監事選舉:不適用 6.重要決議事項五、其他事項: 通過修訂取得或處分資產處理程序、通過盈餘轉增資發行新股案 7.其他應敘明事項:無 ",https://mops.twse.com.tw/mops/#/web/t05st01,f013f4022b5caaf3c9f0c54efd7805c184cefa79b4be643f25214bb1e4b32a2f,0
3702,107,07,107/07/12,18:18:39,2018-07-12 18:18:39,"代子公司-世平興業(股)公司公告更正董事會決議股東紅利除權息
基準日之股利金額",distribution,,,,,,False,True,False,False,"1.董事會決議日期:107/06/21 2.發放股利種類及金額: 配發股東現金紅利新台幣2,528,434,371元 配發股東股票股利新台幣627,475,930元 3.其他應敘明事項:除權息基準日為107/07/02 ",https://mops.twse.com.tw/mops/#/web/t05st01,32ad00770e333d41329227caabe83cd30edcbba83016b06c413c9d8e4a49318b,0
3702,107,07,107/07/31,19:32:32,2018-07-31 19:32:32,"代子公司-友尚(股)公司公告董事會(代行股東會職權)決議通過辦
理現金減資",capital_change,,,,2018-09-01,,False,True,False,False,"1.董事會決議日期:107/07/31 2.減資緣由:調整資本結構 3.減資金額:新台幣1,500,000,000元 4.消除股份:150,000,000股 5.減資比率:29.29% 6.減資後股本:新台幣3,620,744,000元 7.預定股東會日期:不適用 8.預計減資新股上市後之上市普通股股數:不適用 9.預計減資新股上市後之上市普通股股數占已發行普通股比率 （減資後上市普通股股數/減資後已發行普通股股數）:不適用 10.前二項預計減資後上巿普通股股數未達6000萬股且未達25%者， 請說明股權流通性偏低之因應措施:不適用 11.其他應敘明事項:減資基準日為107/09/01 ",https://mops.twse.com.tw/mops/#/web/t05st01,83ccac12f976ffb2b79341ba421ef72c8ce11f4d4a4d601bccacd20e7cac02b6,0
3702,107,07,107/07/31,20:37:48,2018-07-31 20:37:48,公告本公司董事會通過107年第三季簡式合併財務預測,capital_change,,,,,,False,False,False,False,1.財務預測年度：107 2.財務預測型態：簡式 3.董事會決議日期：107/07/31 4.財務預測編制、更正或更新日期：107/07/30 5.財務預測編製原因： 自願公開 6.其他應敘明事項： 本資料係屬預測性質，將來未必能完全達成，詳細內容應再參考 '重要會計政策及基本假設彙總',https://mops.twse.com.tw/mops/#/web/t05st01,8315e00bc0ee38fdd6ffa3e265ec582c16ed6a92844ace14b0a7eb2dd590fd64,0
3702,107,08,107/08/03,23:28:05,2018-08-03 23:28:05,公告本公司減資基準日及減資換股基準日等相關事宜,capital_change,,,,2018-08-06,,False,False,False,False,"1.董事會決議日期:107/08/03 2.減資基準日:107/08/06 3.減資換發股票作業計畫: 一、本公司民國(以下同)107年6月21日股東常會決議辦理現金減資案，業經行政院金融 監督管理委員會107年8月1日金管證發字第1070326660號函申報生效，茲依據「臺灣證 券交易所股份有限公司上市公司換發有價證券作業程序」之相關規定，訂定本作業計劃 。 二、本次應換發之股票，包括歷年發行之全部上市股票，計普通股1,825,061,775股， 每股面額為新台幣(以下同)10元，共計18,250,617,750元。 三、本次現金減資1,460,049,420元整，銷除已發行股份146,004,942股，用以健全資本 結構及提升股東權益報酬率；依公司法第168條之規定，減少資本應依股東所持股份比 例減少之，減資比率為8%。 四、減資後換發股份總數、總金額及換發比率： 減資後換發股數計1,679,056,833股，每股面額10元，減資後換發金額計16,790,568,330 元。 本次減資銷除股份換發新股採無實體發行，依「減資換股基準日」股東名簿記載各股東 持有股份分別計算，每仟股換發920股(即每仟股減少80股)，預計每仟股退還現金800元 ；減資後不滿一股之畸零股，由股東自減資換股停止過戶前五日起至停止過戶前一日止 ，向本公司股務代理機構辦理合併湊成整股之登記，併湊股後仍不足一股之普通股畸零 股，依減資換股基準日前在股票公開集中交易市場最後交易日之收盤價，按比例計算給 付現金，計算至元為止(元以下捨去)，並提請股東會授權董事長洽特定人以該收盤價承 購。 五、減資換發股票日程： (1)減資股票最後交易日：107年9月19日。 (2)減資股票停止交易期間：107年9月20日起至107年9月28日止。 (3)減資股票最後過戶日：107年9月23日(因最後過戶日107年9月23日適逢星期例假日， 故現場過戶請於107年9月21日(星期五)下午4時30分止前駕臨本公司股務代理機構辦理， 掛號郵寄者以107年9月23日(最後過戶日)郵戳為憑。)。 (4)減資股票停止過戶期間：107年9月24日起至107年9月28日止。 (5)減資換股基準日：107年9月28日。 (6)新股票上市買賣日期暨舊股票終止上市日期：107年10月1日。 (7)現金減資退還股款發放日:107年10月8日。 (8)本次換發之股票採無實體方式發行，其權利義務與舊股票相同。 六、換發程序及手續： (1)原已存放於證券集保帳戶之股票，由台灣集中保管結算所股份有限公司於新股上市買 賣日統一換發為無實體之新股上市買賣，不需辦理任何手續。 (2)持有現股之舊票且已辦妥過戶者，請持現股舊票、原留印鑑章至本公司股務代理機構 辦理無實體登錄或集保帳簿劃撥。 (3)持有現股之舊股票未能辦妥過戶及換發者，股東持現股",https://mops.twse.com.tw/mops/#/web/t05st01,3995099a29cbfc8615f01e0cc145d96fdbab409db294ceefdd8ff8918d9f6650,0
3702,107,08,107/08/10,14:17:37,2018-08-10 14:17:37,公告本公司107年7月份自結合併營收,capital_change,,,,,,False,True,False,False,"1.事實發生日:107/08/10 2.公司名稱:大聯大投資控股(股)公司 3.與公司關係(請輸入本公司或子公司):本公司 4.相互持股比例:不適用 5.發生緣由:公告本公司107年7月份自結合併營收 6.因應措施:不適用 7.其他應敘明事項: 半導體零組件通路商-大聯大投控，受惠3C、汽車電子及高階新應用產品如物聯網(IoT) 、人工智慧(AI)、雲端儲存、高速運算等，加上被動元件出貨暢望帶動銷售成長，2018 年7月單月合併營收為新台幣493億元，相較上月新台幣443.7億元，月成長11.1%，相較 去年同期新台幣459億元，年成長7.4%，優於預期；累計合併營收為新台幣3,122.4億元 ，相較去年同期新台幣2,932.8億元，年成長6.5%。；若以美金計算，則為年成長9.7%。 ",https://mops.twse.com.tw/mops/#/web/t05st01,de8dca198b266e6fad58aaccd4ef82e6ac73982fb0b126468e9da8f0ab2c6c8c,0
3702,107,08,107/08/15,19:34:46,2018-08-15 19:34:46,公告本公司減資辦理資本額變更登記完成,capital_change,,,,,,False,False,False,False,"1.主管機關核准減資日期:107/08/01 2.辦理資本變更登記完成日期:107/08/14 3.對財務報告之影響（含實收資本額與流通在外股數之差異與對每股淨值之影響）: (1)現金減資前：本公司普通股實收資本額為新台幣18,250,617,750元，在外流通股 數為1,825,061,775股，減資前每股淨值為新台幣28.65元。 (2)現金減資後：本公司普通股實收資本額為新台幣16,790,568,330元，在外流通股數 為1,679,056,833股，減資後每股淨值為新台幣30.27元。 (3)上述每股淨值係以107年第2季經會計師核閱之財務報表為設算依據。 4.預計換股作業計畫:詳見本公司107/08/03重大訊息公告 5.預計減資新股上市後之上市普通股股數:1,679,056,833股 6.預計減資新股上市後之上市普通股股數占已發行普通股比率 （減資後上市普通股股數/減資後已發行普通股股數）:100% 7.前二項預計減資後上巿普通股股數未達6000萬股且未達25%者，請說明股權流通性偏低 之因應措施:不適用 8.其他應敘明事項: 本公司減資資本變更登記業經經濟部商業司107年08月14日經授商字第10701100870號 函核准在案，公司收文日期為107年08月15日。 ",https://mops.twse.com.tw/mops/#/web/t05st01,8f01508cdca33773736846fdc74afeb77f80b6d99b416a5e730dd4b69c160417,0
3704,112,07,112/07/04,15:37:20,2023-07-04 15:37:20,"代子公司Zyxel Communications A/S公告董事會決議不分
派股利",distribution,,,,,,False,True,False,False,1.董事會決議日期:112/07/04 2.發放股利種類及金額:董事會決議不分配股利 3.其他應敘明事項:無。 ,https://mops.twse.com.tw/mops/#/web/t05st01,6e5c58157716cfd0e180a91dfa03007586775a28d513b512350cbf4b80d7086f,0
3704,112,07,112/07/04,15:38:21,2023-07-04 15:38:21,代子公司Zyxel Networks A/S公告董事會決議不分派股利,distribution,,,,,,False,True,False,False,1.董事會決議日期:112/07/04 2.發放股利種類及金額:董事會決議不分配股利 3.其他應敘明事項:無。 ,https://mops.twse.com.tw/mops/#/web/t05st01,94256dd81c6a53f2f2719bc4e5924b05aca67264e5cad1d9cdf6d8d245ce6ae8,0
3704,112,07,112/07/17,17:36:32,2023-07-17 17:36:32,公告本公司一一二年第二季合併自結損益,capital_change,,,,,,False,True,False,False,"1.事實發生日:112/07/17 2.公司名稱:合勤投資控股股份有限公司 3.與公司關係(請輸入本公司或子公司):本公司 4.相互持股比例:不適用 5.發生緣由: 公告本公司一一二年第二季合併自結損益(尚未經會計師查核)： (單位：新台幣仟元) 112年04-06月 112年01-06月 ------------ ------------ 營業收入： 7,123,776 15,977,267 營業毛利： 1,507,902 3,416,614 營業利益： 265,699 803,844 稅前淨利： 419,833 992,744 本期淨利： 302,070 767,904 本期淨利歸屬於 母公司業主： 304,136 765,474 基本每股盈餘： 0.77元 1.94元 6.因應措施:無 7.其他應敘明事項(若事件發生或決議之主體係屬公開發行以上公司，本則重大訊息同時 符合證券交易法施行細則第7條第9款所定對股東權益或證券價格有重大影響之事項):無 ",https://mops.twse.com.tw/mops/#/web/t05st01,2889557522842a5cf92f565885fb674be3518ea9d0bce5d4dc34aac9b5d3ebc1,0
3704,112,08,112/08/07,16:32:28,2023-08-07 16:32:28,公告本公司董事會通過112年第2季合併財務報告,capital_change,,,,,,False,False,False,False,"1.提報董事會或經董事會決議日期:112/08/07 2.審計委員會通過日期:112/08/07 3.財務報告或年度自結財務資訊報導期間 起訖日期(XXX/XX/XX~XXX/XX/XX):112/01/01~112/06/30 4.1月1日累計至本期止營業收入(仟元):15,977,267 5.1月1日累計至本期止營業毛利(毛損) (仟元):3,416,614 6.1月1日累計至本期止營業利益(損失) (仟元):803,844 7.1月1日累計至本期止稅前淨利(淨損) (仟元):992,744 8.1月1日累計至本期止本期淨利(淨損) (仟元):767,904 9.1月1日累計至本期止歸屬於母公司業主淨利(損) (仟元):765,474 10.1月1日累計至本期止基本每股盈餘(損失) (元):1.94 11.期末總資產(仟元):22,419,489 12.期末總負債(仟元):12,114,208 13.期末歸屬於母公司業主之權益(仟元):10,113,174 14.其他應敘明事項:無 ",https://mops.twse.com.tw/mops/#/web/t05st01,be030e7debcf7ebc093668a0f46955cbade7c51052c6d4f39f6a52d8a5ea1c3f,0
3704,112,08,112/08/07,18:08:11,2023-08-07 18:08:11,公告本公司董事會決議現金股利除息基準日,distribution,,2023-08-25,2023-09-21,,,False,False,False,False,"1.董事會、股東會決議或公司決定日期:112/08/07 2.除權、息類別（請填入「除權」、「除息」或「除權息」）:除息 3.發放股利種類及金額:普通股股東現金股利新台幣500,214,963元 4.除權（息）交易日:112/08/25 5.最後過戶日:112/08/28 6.停止過戶起始日期:112/08/29 7.停止過戶截止日期:112/09/02 8.除權（息）基準日:112/09/02 9.債券最後申請轉換日期:不適用 10.債券停止轉換起始日期:不適用 11.債券停止轉換截止日期:不適用 12.現金股利發放日期:112/09/21 13.其他應敘明事項: (1).現金股利發放日訂於民國112年09月21日。 (2).其他未盡事宜，擬授權董事長全權處理之。 ",https://mops.twse.com.tw/mops/#/web/t05st01,68741c405f53808b97bf8d711d5a819bd387ee1b36d4d156480460be1ad0f3da,0
3704,112,08,112/08/07,18:11:57,2023-08-07 18:11:57,公告本公司調整現金股利配息率,distribution,1.25,,,,,False,False,False,False,"1.董事會或股東會決議日期:112/08/07 2.原發放股利種類及金額: 現金股利:NTD$500,214,963元，每股配發現金股利NTD$1.25元。 3.變更後發放股利種類及金額: 現金股利:NTD$500,214,963元，每股配發現金股利NTD$1.23809158元。 4.變更原因:本公司因員工認股權執行，致本公司流通在外股份總數 有所變動，故發放比率隨之調整。 5.其他應敘明事項:無。 ",https://mops.twse.com.tw/mops/#/web/t05st01,ff6f77dfda03a94f365726acdfa0ac5710465f31b8de6a068eddbd44942f7d83,0
3711,108,05,108/05/20,17:50:20,2019-05-20 17:50:20,"代子公司環旭電子股份有限公司公告除息基準日及現金股利
發放日期",distribution,0.164,,2019-05-27,,,False,True,False,False,"1.董事會、股東會決議或公司決定日期:108/05/20 2.除權、息類別（請填入「除權」、「除息」或「除權息」）:除息 3.發放股利種類及金額:共發放現金股利人民幣356,851,467.12元,每股配發現金股利人民 幣0.164元。 4.除權（息）交易日:NA 5.最後過戶日:NA 6.停止過戶起始日期:NA 7.停止過戶截止日期:NA 8.除權（息）基準日:108/05/27 9.其他應敘明事項:以108/05/24收盤後股東名冊為發放股利依據，現金股利發放日期 108/05/27。 ",https://mops.twse.com.tw/mops/#/web/t05st01,62b531461245edd730192b5600592cac93bfcc8e80cc318caa142fc7d1f812e3,0
3711,108,05,108/05/23,14:32:13,2019-05-23 14:32:13,"代子公司日月光半導體製造(股)公司公告其董事會決議
訂定除息基準日",distribution,,,,,,False,True,False,False,"1.董事會、股東會決議或公司決定日期:108/05/23 2.除權、息類別（請填入「除權」、「除息」或「除權息」）:除息 3.發放股利種類及金額:盈餘分派股東紅利新台幣15,000,000,000元，全部以現金 發放予唯一股東日月光投資控股股份有限公司。 4.除權（息）交易日:NA 5.最後過戶日:NA 6.停止過戶起始日期:NA 7.停止過戶截止日期:NA 8.除權（息）基準日:108/05/27 9.其他應敘明事項:現金股利預計發放日為108/05/29。 ",https://mops.twse.com.tw/mops/#/web/t05st01,6e3b0ed50ee82c25a490953e3f41d4de1051dfc51083c19ad3a3bcd5cce611f3,0
3711,108,05,108/05/24,14:00:47,2019-05-24 14:00:47,"代子公司台灣福雷電子股份有限公司公告其董事會決議
訂定除息基準日",distribution,,,,,,False,True,False,False,"1.董事會、股東會決議或公司決定日期:108/05/24 2.除權、息類別（請填入「除權」、「除息」或「除權息」）:除息 3.發放股利種類及金額:分派股東股利新台幣2,489,195,504元，全部以現金發放予 唯一股東日月光半導體製造股份有限公司。 4.除權（息）交易日:NA 5.最後過戶日:NA 6.停止過戶起始日期:NA 7.停止過戶截止日期:NA 8.除權（息）基準日:108/05/26 9.其他應敘明事項:普通股現金股利預計發放日為108/05/27。 ",https://mops.twse.com.tw/mops/#/web/t05st01,8c07434dc17c3db6536400f4c7a8bed9107e9304e33fd1a43d633de23a6b4f65,0
3711,108,06,108/06/06,18:16:06,2019-06-06 18:16:06,代子公司矽品精密工業(股)公司公告其董事會決議發放股利,distribution,1.9164,,,,,False,True,False,False,"1.董事會決議日期:108/06/06 2.發放股利種類及金額:本次分派股東股利新台幣6,500,000,000元，全部以現金 發放，每股配發現金股利1.9164元。 3.其他應敘明事項:無 ",https://mops.twse.com.tw/mops/#/web/t05st01,9170e24b76db3466d728e0b6f4a9819f12959ec585a79d348dd0837ae98252ee,0
3711,108,06,108/06/06,18:16:51,2019-06-06 18:16:51,"代子公司矽品精密工業(股)公司公告其董事會決議訂定
除息基準日",distribution,,,,,,False,True,False,False,"1.董事會、股東會決議或公司決定日期:108/06/06 2.除權、息類別（請填入「除權」、「除息」或「除權息」）:除息 3.發放股利種類及金額:普通股現金股利NT$ 6,500,000,000元，每普通股配發現金股利 新台幣1.9164元。 4.除權（息）交易日:NA 5.最後過戶日:NA 6.停止過戶起始日期:NA 7.停止過戶截止日期:NA 8.除權（息）基準日:108/06/10 9.其他應敘明事項:普通股現金股利預計發放日為108年06月12日。 ",https://mops.twse.com.tw/mops/#/web/t05st01,8e76fa37a1c71a3bbe9f9a724ed4f32ca5539ba7496a012c25de4827e1276bb9,0
3711,108,06,108/06/24,18:18:10,2019-06-24 18:18:10,代子公司環電股份有限公司公告董事會決議訂定除權基準日,distribution,,,,,,False,True,False,False,"1.董事會、股東會決議或公司決定日期:108/06/24 2.除權、息類別（請填入「除權」、「除息」或「除權息」）:除權 3.發放股利種類及金額:普通股股票股利NT$3,625,205,080元 4.除權（息）交易日:NA 5.最後過戶日:108/07/10 6.停止過戶起始日期:108/07/11 7.停止過戶截止日期:108/07/15 8.除權（息）基準日:108/07/15 9.其他應敘明事項:無。 ",https://mops.twse.com.tw/mops/#/web/t05st01,214f7830c908400e4303763034283a739488d7e804fe55564c6ba8aca4b276b7,0
3711,108,07,108/07/15,15:13:14,2019-07-15 15:13:14,公告本公司董事會決議訂定除息基準日,distribution,,2019-08-13,,,,False,False,False,False,"1.董事會、股東會決議或公司決定日期:108/07/15 2.除權、息類別（請填入「除權」、「除息」或「除權息」）:除息 3.發放股利種類及金額: 普通股現金股利總額NT$10,806,453,705元 4.除權（息）交易日:108/08/13 5.最後過戶日:108/08/14 6.停止過戶起始日期:108/08/15 7.停止過戶截止日期:108/08/19 8.除權（息）基準日:108/08/19 9.其他應敘明事項:普通股現金股利預計發放日為108/09/05。 ",https://mops.twse.com.tw/mops/#/web/t05st01,9104d9c5fd03d3e7f016c58498e12cef308b239c199542af6cdd5178bfdade04,0
3711,112,06,112/06/26,19:48:30,2023-06-26 19:48:30,代子公司環電股份有限公司公告董事會決議訂定除權基準日,distribution,,,,,,False,True,False,False,"1.董事會、股東會決議或公司決定日期:112/06/26 2.除權、息類別（請填入「除權」、「除息」或「除權息」）:除權 3.發放股利種類及金額:普通股股票股利，新台幣7,504,296,470元 4.除權（息）交易日:NA 5.最後過戶日:112/07/21 6.停止過戶起始日期:112/07/24 7.停止過戶截止日期:112/07/28 8.除權（息）基準日:112/07/28 9.其他應敘明事項:無 ",https://mops.twse.com.tw/mops/#/web/t05st01,4a8abdc8655d2d4553d5f647215416e3ae5f5c6754ee096df426bc9430b22013,0
3711,112,07,112/07/13,14:17:17,2023-07-13 14:17:17,"公告本公司董事會決議辦理限制員工權利新股收回註銷
減資事宜",capital_change,,,,2023-07-13,,False,True,False,False,"1.董事會決議日期:112/07/13 2.減資緣由:因原獲配限制員工權利新股之員工於既得期間內離職， 將收回之限制員工權利新股辦理註銷。 3.減資金額:新台幣700,000元 4.消除股份:70,000股 5.減資比率:0.0016% 6.減資後股本:新台幣43,763,607,870元 7.預定股東會日期:不適用 8.預計減資新股上市後之上市普通股股數:不適用 9.預計減資新股上市後之上市普通股股數占已發行普通股比率 （減資後上市普通股股數/減資後已發行普通股股數）:不適用 10.前二項預計減資後上巿普通股股數未達6000萬股且未達25%者， 請說明股權流通性偏低之因應措施:不適用 11.減資基準日:112/07/13 12.其他應敘明事項:無 ",https://mops.twse.com.tw/mops/#/web/t05st01,f2e881d55f923fdee4c69f7f826643260c3149d774efc9e03797c9dca392d124,0
3711,112,08,112/08/04,16:16:21,2023-08-04 16:16:21,代子公司日月光半導體(上海)有限公司公告其股東會決議分割事宜,capital_change,,,,,,False,True,False,False,"1.併購種類(如合併、分割、收購或股份受讓): 分割 2.事實發生日:112/8/4 3.參與併購公司名稱(如合併另一方公司、分割新設公司、收購或受讓股份標的公司之 名稱: 分割公司名稱：日月光半導體(上海)有限公司(下稱「日月光上海」) 分割新設公司名稱：日月光企業服務(上海)有限公司(名稱暫定) 4.交易相對人(如合併另一方公司、分割讓與他公司、收購或受讓股份之交易對象): 日月光企業服務(上海)有限公司(下稱「日月光企服」) 5.交易相對人為關係人:否 6.交易相對人與公司之關係(本公司轉投資持股達XX%之被投資公司)，並說明選定 收購、受讓他公司股份之對象為關係企業或關係人之原因及是否不影響股東權益: 交易相對人與公司之關係：無 選定收購、受讓他公司股份之對象為關係企業或關係人之原因及是否不影響 股東權益：不適用 7.併購目的及條件，包括併購理由、對價條件及支付時點: 日月光上海本次分割之目的為進行組織調整以提高營運彈性 併購理由：不適用 對價條件：不適用 支付時點：不適用 8.併購後預計產生之效益: 日月光上海透過本次分割進行組織調整，擬達到提高營運彈性之效益。 9.併購對每股淨值及每股盈餘之影響: 日月光上海擬依分割計畫減少資本人民幣813,802,961元，減少比率為69.3%，原有股東之 權益不受影響。 10.併購之對價種類及資金來源: 不適用 11.換股比例及其計算依據: (1)換股比例：按日月光上海被分割標的之營業價值，由日月光企服依日月光上海股東 原持股比例分別簽發出資額為人民幣744,955,230元及68,847,731元之出資證明書予 日月光上海之原股東ASE Mauritius Inc. 及Innosource Limited。 (2)計算方式：前揭換股比例係參酌日月光上海預估至分割基準日擬分割讓與營業之 資產與負債之帳面價值及股東權益定之，並洽請獨立專家出具合理性意見書。 12.本次交易會計師、律師或證券承銷商出具非合理性意見:否 13.會計師或律師事務所名稱或證券承銷商公司名稱: 北京國富會計師事務所 14.會計師或律師姓名: 程良進 15.會計師或律師開業證書字號: 證書字號 420302120958 16.獨立專家就本次併購換股比例、配發股東之現金或其他財產之合理性意見書內容 (一、包含公開收購價格訂定所採用之方法、原則或計算方式及與國際慣用之市價法 、成本法及現金流量折現法之比較。二、被收購公司與已上市櫃同業之財務狀況 、獲利情形及本益比之比較情形。三、公開收購價格若參考鑑價機構之鑑價報告者 ，應說明該鑑價報告內容及結論。四、收購人融資償還計畫若係以被收購公司或合 併後存續公司之資產或股份為擔保者，應說明對被收購公司或合併後存續公司財務 業務健全性之影響評估): 不適用 17.預定完成日程: 分割基準日暫訂為民國112",https://mops.twse.com.tw/mops/#/web/t05st01,df0d05c87f27b56e7ad89c4f5a391063e1f26a69c93e3ea70d3887d1de8784fa,0
3711,112,08,112/08/10,16:44:21,2023-08-10 16:44:21,公告本公司112年第2季合併財務報告經董事會決議通過,capital_change,,,,,,False,False,False,False,"1.提報董事會或經董事會決議日期:112/08/10 2.審計委員會通過日期:112/08/10 3.財務報告或年度自結財務資訊報導期間 起訖日期(XXX/XX/XX~XXX/XX/XX):112/01/01~112/06/30 4.1月1日累計至本期止營業收入(仟元):267,166,425 5.1月1日累計至本期止營業毛利(毛損) (仟元):41,080,146 6.1月1日累計至本期止營業利益(損失) (仟元):17,107,741 7.1月1日累計至本期止稅前淨利(淨損) (仟元):17,981,138 8.1月1日累計至本期止本期淨利(淨損) (仟元):14,289,717 9.1月1日累計至本期止歸屬於母公司業主淨利(損) (仟元):13,557,588 10.1月1日累計至本期止基本每股盈餘(損失) (元):3.16 11.期末總資產(仟元):672,520,913 12.期末總負債(仟元):375,104,219 13.期末歸屬於母公司業主之權益(仟元):278,623,853 14.其他應敘明事項:無 ",https://mops.twse.com.tw/mops/#/web/t05st01,e53e371731522d42f4db45036049e19f28a371cbb99bf3f1ae28c0eadeb6c50b,0
3711,114,07,114/07/10,14:56:28,2025-07-10 14:56:28,"公告本公司董事會決議辦理限制員工權利新股收回註銷
減資事宜",capital_change,,,,2025-07-11,,False,True,False,False,"1.董事會決議日期:114/07/10 2.減資緣由:收回限制員工權利新股並辦理註銷。 3.減資金額:新台幣2,550,000元 4.消除股份:255,000股 5.減資比率:0.0058% 6.減資後股本:新台幣44,221,752,320元 7.預定股東會日期:不適用 8.預計減資新股上市後之上市普通股股數:不適用 9.預計減資新股上市後之上市普通股股數占已發行普通股比率 （減資後上市普通股股數/減資後已發行普通股股數）:不適用 10.前二項預計減資後上巿普通股股數未達6000萬股且未達25%者， 請說明股權流通性偏低之因應措施:不適用 11.減資基準日:114/07/11 12.其他應敘明事項:無 ",https://mops.twse.com.tw/mops/#/web/t05st01,75ec36d0c376439460fd9cf008615eddbe0b5e30ff96286871bd16a4788c5578,0
3711,114,07,114/07/18,15:34:40,2025-07-18 15:34:40,代子公司環維電子(上海)有限公司公告董事會決議發放股利,distribution,,,,,,False,True,False,False,"1.董事會決議日期:114/07/18 2.發放股利種類及金額:分派股東現金股利人民幣 900,000,000.00元 3.其他應敘明事項:無 ",https://mops.twse.com.tw/mops/#/web/t05st01,852c6a11e8402a3c96bd61464bb831dd700be9d26244dc07507ad064565e2eb6,0
3711,114,07,114/07/18,15:52:45,2025-07-18 15:52:45,代子公司USI Enterprise Limited公告董事會決議發放股利,distribution,,,,,,False,True,False,False,"1.董事會決議日期:114/07/18 2.發放股利種類及金額:分派股東現金股利USD 10,000,000.00 3.其他應敘明事項:無 ",https://mops.twse.com.tw/mops/#/web/t05st01,b95fb4ea900f1737697ebbee493f01dad57c16cdb93192281ffa470dfa2dac10,0
3711,114,07,114/07/18,16:00:44,2025-07-18 16:00:44,"代子公司環榮電子（惠州）有限公司公告董事會決議發放
股利",distribution,,,,,,False,True,False,False,"1.董事會決議日期:114/07/18 2.發放股利種類及金額:分派股東現金股利人民幣300,000,000元 3.其他應敘明事項:無 ",https://mops.twse.com.tw/mops/#/web/t05st01,ef487169d1bcda99ad346260357a0032aff555b3cc9b5b5b099e24a181e88b03,0
3711,114,07,114/07/18,16:15:30,2025-07-18 16:15:30,代子公司環鴻電子(昆山)有限公司公告董事會決議發放股利,distribution,,,,,,False,True,False,False,"1.董事會決議日期:114/07/18 2.發放股利種類及金額:分派股東現金股利人民幣1,200,000,000.00元 3.其他應敘明事項:無 ",https://mops.twse.com.tw/mops/#/web/t05st01,6bce03498ec7c70deb46e6e732ea893a96198006c35a22e7ebaa314c6f50096f,0
3711,114,08,114/08/11,16:44:06,2025-08-11 16:44:06,公告本公司114年第2季合併財務報告經董事會決議通過,capital_change,,,,,,False,False,False,False,"1.提報董事會或經董事會決議日期:114/08/11 2.審計委員會通過日期:114/08/11 3.財務報告或年度自結財務資訊報導期間 起訖日期(XXX/XX/XX~XXX/XX/XX):114/01/01~114/6/30 4.1月1日累計至本期止營業收入(仟元):298,903,585 5.1月1日累計至本期止營業毛利(毛損) (仟元):50,580,256 6.1月1日累計至本期止營業利益(損失) (仟元):19,864,383 7.1月1日累計至本期止稅前淨利(淨損) (仟元):19,064,411 8.1月1日累計至本期止本期淨利(淨損) (仟元):15,466,983 9.1月1日累計至本期止歸屬於母公司業主淨利(損) (仟元):15,074,918 10.1月1日累計至本期止基本每股盈餘(損失) (元):3.48 11.期末總資產(仟元):765,174,736 12.期末總負債(仟元):450,239,731 13.期末歸屬於母公司業主之權益(仟元):293,770,159 14.其他應敘明事項:無 ",https://mops.twse.com.tw/mops/#/web/t05st01,0b997bbd90cea3d62ca198e9e7376c5208a50335ef50ae18f66ab9315f0a4fff,0
3711,114,11,114/11/10,17:44:39,2025-11-10 17:44:39,公告本公司114年第3季合併財務報告經董事會決議通過,capital_change,,,,,,False,False,False,False,"1.提報董事會或經董事會決議日期:114/11/10 2.審計委員會通過日期:114/11/10 3.財務報告或年度自結財務資訊報導期間 起訖日期(XXX/XX/XX~XXX/XX/XX):114/01/01~114/9/30 4.1月1日累計至本期止營業收入(仟元):467,472,473 5.1月1日累計至本期止營業毛利(毛損) (仟元):79,456,998 6.1月1日累計至本期止營業利益(損失) (仟元):33,065,080 7.1月1日累計至本期止稅前淨利(淨損) (仟元):33,040,649 8.1月1日累計至本期止本期淨利(淨損) (仟元):26,828,051 9.1月1日累計至本期止歸屬於母公司業主淨利(損) (仟元):25,944,680 10.1月1日累計至本期止基本每股盈餘(損失) (元):5.99 11.期末總資產(仟元):842,643,936 12.期末總負債(仟元):503,091,518 13.期末歸屬於母公司業主之權益(仟元):317,042,622 14.其他應敘明事項:無 ",https://mops.twse.com.tw/mops/#/web/t05st01,93b801b7cc768d87ba0273549f61513d469cc31c7b893161c01c8616c5f79a00,0
3711,114,11,114/11/14,17:59:08,2025-11-14 17:59:08,代子公司環旭電子(股)公司公告減資變更登記完成,capital_change,,,,,,False,True,False,False,"1.主管機關核准減資日期:114/11/12 2.辦理資本變更登記完成日期:114/11/12 3.對財務報告之影響（含實收資本額與流通在外股數之差異與對每股淨值之影響）: 註冊資本由人民幣2,210,315,689.00元減少至人民幣2,196,393,270.00元， 減資比率為0.63% 4.預計換股作業計畫:不適用 5.預計減資新股上市後之上市普通股股數:不適用 6.預計減資新股上市後之上市普通股股數占已發行普通股比率 （減資後上市普通股股數/減資後已發行普通股股數）:不適用 7.前二項預計減資後上巿普通股股數未達6000萬股且未達25%者，請說明股權流通性偏低 之因應措施:不適用 8.其他應敘明事項:於114/11/14接獲通知減資變更登記完成 ",https://mops.twse.com.tw/mops/#/web/t05st01,e17da09fe45f526ae7fe2950b8d9dd6398dc421967374d5c99dbef2b818c171c,0
4114,111,11,111/11/09,13:58:47,2022-11-09 13:58:47,公告本公司提報董事會111年第3季合併財務報表,capital_change,,,,,,False,False,False,False,"1.提報董事會或經董事會決議日期:111/11/09 2.審計委員會通過日期:111/11/09 3.財務報告或年度自結財務資訊報導期間 起訖日期(XXX/XX/XX~XXX/XX/XX):111/01/01~111/09/30 4.1月1日累計至本期止營業收入(仟元):3,129,956 5.1月1日累計至本期止營業毛利(毛損) (仟元):1,289,473 6.1月1日累計至本期止營業利益(損失) (仟元):298,319 7.1月1日累計至本期止稅前淨利(淨損) (仟元):579,449 8.1月1日累計至本期止本期淨利(淨損) (仟元):506,325 9.1月1日累計至本期止歸屬於母公司業主淨利(損) (仟元):638,722 10.1月1日累計至本期止基本每股盈餘(損失) (元):1.96 11.期末總資產(仟元):11,186,668 12.期末總負債(仟元):4,662,164 13.期末歸屬於母公司業主之權益(仟元):5,136,720 14.其他應敘明事項:無 ",https://mops.twse.com.tw/mops/#/web/t05st01,1270418234254f4b8ac7cc577699cc94f2b7a0585d027e890c384a3cc64178c2,0
4114,111,12,111/12/27,18:22:03,2022-12-27 18:22:03,本公司董事會決議通過「光復廠部門」分割案,capital_change,,,,,,False,False,False,False,"1.併購種類(如合併、分割、收購或股份受讓): 分割 2.事實發生日:111/12/27 3.參與併購公司名稱(如合併另一方公司、分割新設公司、收購或受讓股份標的公司之 名稱: (1)被分割公司:健喬信元醫藥生技股份有限公司(以下簡稱「本公司」) (2)受讓公司:優良生技醫藥股份有限公司(以下簡稱「優良生醫公司」) 4.交易相對人(如合併另一方公司、分割讓與他公司、收購或受讓股份之交易對象): 優良生醫公司 5.交易相對人為關係人:是 6.交易相對人與公司之關係(本公司轉投資持股達XX%之被投資公司)，並說明選定 收購、受讓他公司股份之對象為關係企業或關係人之原因及是否不影響股東權益: (1)本公司轉投資持股69.17%之被投資公司。 (2)本公司為優良生醫公司法人董事。 (3)選定優良生醫公司為受讓分割部門對象，主係有助於落實專業分工及發揮資產管 理績效。 (4)本分割案對本公司股東權益無不利影響。 7.併購目的及條件，包括併購理由、對價條件及支付時點: 併購目的：企業再造提高競爭力。 支付對價之時間：暫訂分割基準日為民國112年4月1日 支付對價之方法：擬依公司法及企業併購法等規定，將本公司「光復廠部門」予以分割 ，以該部門相關之營業（包含資產、負債及營業），分割讓與既存之優良生醫公司，並 由優良生醫公司支付現金337,405仟元予本公司作為對價。 8.併購後預計產生之效益: 落實專業分工及發揮資產管理績效。 9.併購對每股淨值及每股盈餘之影響: 由於本次分割讓與「光復廠部門」對健喬公司之經營權與控制權皆無實質移轉，故交易 實質應為組織重組，故對每股淨值及每股盈餘無重大影響。 10.併購之對價種類及資金來源: 營運資金。 11.換股比例及其計算依據: 不適用 12.本次交易會計師、律師或證券承銷商出具非合理性意見:否 13.會計師或律師事務所名稱或證券承銷商公司名稱: 圓富聯合會計師事務所 14.會計師或律師姓名: 林錦華會計師 15.會計師或律師開業證書字號: 北市會證字第4231號 16.獨立專家就本次併購換股比例、配發股東之現金或其他財產之合理性意見書內容 (一、包含公開收購價格訂定所採用之方法、原則或計算方式及與國際慣用之市價法 、成本法及現金流量折現法之比較。二、被收購公司與已上市櫃同業之財務狀況 、獲利情形及本益比之比較情形。三、公開收購價格若參考鑑價機構之鑑價報告者 ，應說明該鑑價報告內容及結論。四、收購人融資償還計畫若係以被收購公司或合 併後存續公司之資產或股份為擔保者，應說明對被收購公司或合併後存續公司財務 業務健全性之影響評估): (1)經本會計師取得評價報告及不動產估價報告，綜合考量總體經濟、產業概況及永續 經營等基本前提下，假設上述兩份報告所援引的財務資料及資訊均屬真實可靠且能適當 合理反映評價標的之狀況，並複核所引用之財務資料來",https://mops.twse.com.tw/mops/#/web/t05st01,78a3ea85b4ee1bdc0a79247bf1d2f4e8af6b67bc62f0880834622a96a01fa4bb,0
4749,115,03,115/03/11,15:59:17,2026-03-11 15:59:17,公告本公司董事會決議股利分派,capital_change,,,,,,False,False,False,False,"1. 董事會決議日期：115/03/11 2. 股利所屬年(季)度：114年 年度 3. 股利所屬期間：114/01/01 至 114/12/31 4. 股東配發內容： (1)盈餘分配之現金股利(元/股)：8.00000000 (2)法定盈餘公積發放之現金(元/股)：0 (3)資本公積發放之現金(元/股)：0 (4)股東配發之現金(股利)總金額(元)：741,862,920 (5)盈餘轉增資配股(元/股)：0 (6)法定盈餘公積轉增資配股(元/股)：0 (7)資本公積轉增資配股(元/股)：0 (8)股東配股總股數(股)：0 5. 其他應敘明事項： 無 6. 普通股每股面額欄位：新台幣10.0000元",https://mops.twse.com.tw/mops/#/web/t05st01,ea5e84dd8dff78beb96339f16053e8b37d78c2c1553143cccce725709bc5270d,0
4763,113,03,113/03/12,16:30:40,2024-03-12 16:30:40,公告本公司董事會通過112年度合併財務報告案,capital_change,,,,,,False,False,False,False,"1.提報董事會或經董事會決議日期:113/03/12 2.審計委員會通過日期:113/03/12 3.財務報告或年度自結財務資訊報導期間 起訖日期(XXX/XX/XX~XXX/XX/XX):112/01/01~112/12/31 4.1月1日累計至本期止營業收入(仟元):11,025,642 5.1月1日累計至本期止營業毛利(毛損) (仟元):6,888,692 6.1月1日累計至本期止營業利益(損失) (仟元):6,048,563 7.1月1日累計至本期止稅前淨利(淨損) (仟元):6,136,014 8.1月1日累計至本期止本期淨利(淨損) (仟元):5,222,835 9.1月1日累計至本期止歸屬於母公司業主淨利(損) (仟元):5,175,744 10.1月1日累計至本期止基本每股盈餘(損失) (元):62.52 11.期末總資產(仟元):11,999,376 12.期末總負債(仟元):10,322,817 13.期末歸屬於母公司業主之權益(仟元):10,199,147 14.其他應敘明事項:無 ",https://mops.twse.com.tw/mops/#/web/t05st01,bc6e20722af5b9f8564ca94121e32c636a3d6e5954d57b49c08139885d6b872f,0
4763,113,03,113/03/12,18:21:45,2024-03-12 18:21:45,(更正)公告本公司董事會通過112年度合併財務報告案,capital_change,,,,,,False,False,False,False,"1.提報董事會或經董事會決議日期:113/03/12 2.審計委員會通過日期:113/03/12 3.財務報告或年度自結財務資訊報導期間 起訖日期(XXX/XX/XX~XXX/XX/XX):112/01/01~112/12/31 4.1月1日累計至本期止營業收入(仟元):11,025,642 5.1月1日累計至本期止營業毛利(毛損) (仟元):6,888,692 6.1月1日累計至本期止營業利益(損失) (仟元):6,048,563 7.1月1日累計至本期止稅前淨利(淨損) (仟元):6,136,014 8.1月1日累計至本期止本期淨利(淨損) (仟元):5,222,835 9.1月1日累計至本期止歸屬於母公司業主淨利(損) (仟元):5,175,744 10.1月1日累計至本期止基本每股盈餘(損失) (元):62.52 11.期末總資產(仟元):11,999,376 12.期末總負債(仟元):1,676,559 13.期末歸屬於母公司業主之權益(仟元):10,199,147 14.其他應敘明事項:更正期末總負債餘額。 ",https://mops.twse.com.tw/mops/#/web/t05st01,0dc314b68ae6fb814a7e117ad3f54f70a01a6bb03203034c0aedaab8a877ddfb,0
4763,113,04,113/04/03,20:22:12,2024-04-03 20:22:12,公告董事會決議股利分派,capital_change,,,,,,False,False,False,False,"1. 董事會擬議日期：113/04/03 2. 股利所屬年(季)度：112年 下半年 3. 股利所屬期間：112/07/01 至 112/12/31 4. 股東配發內容： (1)盈餘分配之現金股利(元/股)：6.49999999 (2)法定盈餘公積發放之現金(元/股)：0 (3)資本公積發放之現金(元/股)：0 (4)股東配發之現金(股利)總金額(元)：558,376,376 (5)盈餘轉增資配股(元/股)：0.50000001 (6)法定盈餘公積轉增資配股(元/股)：0 (7)資本公積轉增資配股(元/股)：0 (8)股東配股總股數(股)：4,295,203 5. 其他應敘明事項： 無 6. 普通股每股面額欄位：新台幣10.0000元",https://mops.twse.com.tw/mops/#/web/t05st01,9951ab48c6baefb741346c1ccc46fb33e7a339fbd4fb4bf0731467c15eedad0f,0
4904,112,05,112/05/01,17:30:16,2023-05-01 17:30:16,本公司與亞太電信股份有限公司簽訂合併契約增補協議,capital_change,,,,,,False,False,False,False,1.事實發生日:112/05/01 2.原公告申報日期:111/12/30 3.簡述原公告申報內容:至112/4/30如未取得國家通訊傳播委員會及公平交易委員 會的核准，符合一定條件可展延，如未達成協議，任一方得終止本契約；但如一 方違反本契約，未違約方得終止或通知他方延展至112/6/30。 4.變動緣由及主要內容: (1)變動緣由：本公司與亞太電信合併案雖經國家通訊傳播委員會核准，但現尚在 公平交易委員會審理中。 (2)增補協議主要內容：至112/6/30如未取得國家通訊傳播委員會及公平交易委員 會的核准，符合一定條件可展延，如未達成協議，任一方得終止本契約；但如一 方違反本契約，未違約方得終止或通知他方延展至112/8/31。 5.變動後對公司財務業務之影響:無 6.其他應敘明事項:無 ,https://mops.twse.com.tw/mops/#/web/t05st01,987c8dee0ca9b44a4ac4530160d985b60045ebbd914d62a16f7b8dc0df8b4ea8,0
4904,112,05,112/05/03,17:53:13,2023-05-03 17:53:13,公告本公司112年第1季合併財務報告提報董事會,capital_change,,,,,,False,False,False,False,"1.提報董事會或經董事會決議日期:112/05/03 2.審計委員會通過日期:112/05/03 3.財務報告或年度自結財務資訊報導期間 起訖日期(XXX/XX/XX~XXX/XX/XX):112/01/01~112/03/31 4.1月1日累計至本期止營業收入(仟元):22,305,352 5.1月1日累計至本期止營業毛利(毛損) (仟元):6,959,023 6.1月1日累計至本期止營業利益(損失) (仟元):3,398,255 7.1月1日累計至本期止稅前淨利(淨損) (仟元):3,399,996 8.1月1日累計至本期止本期淨利(淨損) (仟元):2,777,797 9.1月1日累計至本期止歸屬於母公司業主淨利(損) (仟元):2,753,808 10.1月1日累計至本期止基本每股盈餘(損失) (元): 0.85 11.期末總資產(仟元):168,360,037 12.期末總負債(仟元):101,188,680 13.期末歸屬於母公司業主之權益(仟元):66,181,746 14.其他應敘明事項:無 ",https://mops.twse.com.tw/mops/#/web/t05st01,1577d6090a00e492262fbcd46b7ff444e8898e4b39d524d0446fe412d69a407c,0
4904,112,05,112/05/03,17:55:24,2023-05-03 17:55:24,"本公司代重要子公司新世紀資通股份有限公司公告
董事會決議發放股利公告",distribution,,,,,,False,True,False,False,"1.董事會決議日期:112/05/03 2.發放股利種類及金額:新世紀資通股份有限公司一一一年度盈餘分配案，業經第九屆 第十五次董事會決議擬定如下:發放股利種類為現金股利，擬定分派現金股利新台幣 $1,543,920,000元，每股新台幣0.7352元。 3.其他應敘明事項: 本次董事會授權董事長於股東常會通過後，另訂定除息基準日分配之。 ",https://mops.twse.com.tw/mops/#/web/t05st01,1bd0f66200b18f9653fa3477ab84fa08202053181549129abc9c16b3fa15f486,0
4904,112,05,112/05/31,16:50:34,2023-05-31 16:50:34,本公司一一一年度現金股利除息基準日公告,distribution,3.25,2023-07-05,2023-08-04,,,True,False,True,False,"1.董事會、股東會決議或公司決定日期:112/05/31 2.除權、息類別（請填入「除權」、「除息」或「除權息」）:除息 3.發放股利種類及金額:現金股利NT$10,590,127,633元， 擬定分派現金股利每股NT$3.25元(其中包括盈餘分配每股NT$2.379元及法定盈餘公積 每股NT$0.871元)。 4.除權（息）交易日:112/07/05 5.最後過戶日:112/07/06 6.停止過戶起始日期:112/07/07 7.停止過戶截止日期:112/07/11 8.除權（息）基準日:112/07/11 9.債券最後申請轉換日期:不適用 10.債券停止轉換起始日期:不適用 11.債券停止轉換截止日期:不適用 12.現金股利發放日期:112/08/04 13.其他應敘明事項: 凡持有本公司股票尚未辦理過戶者，務請於112年07月06日(星期四)下午5時前 (郵寄過戶者以郵戳為憑)駕臨或郵寄新北市板橋區新站路16號13樓，本公司股 務代理人亞東證券股份有限公司股務代理部，辦理股票過戶手續。 (電話︰(02)77531699代表號) ",https://mops.twse.com.tw/mops/#/web/t05st01,db35098b946750fb0e65a199768b7f1bb52359095dc8fbf74fb18fda78d2af35,0
4904,112,06,112/06/06,16:02:07,2023-06-06 16:02:07,"本公司代重要子公司新世紀資通股份有限公司公告
現金股利除息基準日",distribution,0.7352,,,,,False,True,False,False,"1.董事會、股東會決議或公司決定日期:112/06/06 2.除權、息類別（請填入「除權」、「除息」或「除權息」）:除息 3.發放股利種類及金額:現金股利新台幣$1,543,920,000元。 擬定分派現金股利每股新台幣$0.7352元。 4.除權（息）交易日:NA 5.最後過戶日:NA 6.停止過戶起始日期:112/06/09 7.停止過戶截止日期:112/06/13 8.除權（息）基準日:112/06/13 9.其他應敘明事項:現金股利發放日預定自112年6月21日起發放。 ",https://mops.twse.com.tw/mops/#/web/t05st01,c84178b4abb286248549b81be6df10d5e8a0b871d29793768eff9274cd4bf2e7,0
4904,112,06,112/06/20,17:23:10,2023-06-20 17:23:10,"本公司代重要子公司全虹企業股份有限公司公告現金股利
除息基準日",distribution,1.18,,,,,False,True,False,False,"1.董事會、股東會決議或公司決定日期:112/06/20 2.除權、息類別（請填入「除權」、「除息」或「除權息」）:除息 3.發放股利種類及金額:現金股利新台幣$158,450,400元，擬定分派現金股利每股 新台幣$1.18元。 4.除權（息）交易日:NA 5.最後過戶日:112/07/05 6.停止過戶起始日期:112/07/06 7.停止過戶截止日期:112/07/10 8.除權（息）基準日:112/07/10 9.其他應敘明事項:現金股利發放日預定自112年7月25日起發放 ",https://mops.twse.com.tw/mops/#/web/t05st01,591c7030efcee543af2ed4dfa49f2f3559bafe51015cedf190aa2d43c2c998dc,0
4904,112,06,112/06/30,14:30:09,2023-06-30 14:30:09,本公司與亞太電信股份有限公司合併案進度,capital_change,,,,,,False,False,False,False,1.事實發生日:112/06/30 2.原公告申報日期:112/05/01 3.簡述原公告申報內容:至112/6/30如未取得國家通訊傳播委員會及公平交易委員 會的核准，符合一定條件可展延，如未達成協議，任一方得終止本契約；但如一 方違反本契約，未違約方得終止或通知他方延展至112/8/31。 4.變動緣由及主要內容: (1)變動緣由：本公司與亞太電信合併案業經國家通訊傳播委員會核准，目前仍 在公平交易委員會審理中。 (2)主要內容：雙方將依約處理，並持續審慎評估本合併案相關事宜。 5.變動後對公司財務業務之影響:無 6.其他應敘明事項:無 ,https://mops.twse.com.tw/mops/#/web/t05st01,85fc79947ab20b798b19f79ec54799531f986482bbd6fac44cbf21e9821c078e,0
4904,112,07,112/07/20,19:30:11,2023-07-20 19:30:11,"公平交易委員會附負擔不禁止本公司合併亞太電信股份
有限公司",capital_change,,,,,,False,False,False,False,1.事實發生日:112/07/20 2.原公告申報日期:111/02/25 3.簡述原公告申報內容:本合併案需取得國家通訊傳播委員會及公平交易委員會等主管 機關核准始能成就。 4.變動緣由及主要內容: (1)變動緣由：公平交易委員會於今日發布新聞稿公告附負擔不禁止本公司合併亞太 電信股份有限公司。 (2)負擔主要內容：遠傳(存續公司)將： (i) 概括承受亞太電信既有用戶契約 (ii) 提供多元資費方案，保障用戶權益 (iii)提升服務及網路品質，投資軟硬體建設 (iv) 促進及維護市場公平競爭 5.變動後對公司財務業務之影響:依據公平交易委員會今日發布之新聞稿，並無重大影響 6.其他應敘明事項: (1)本合併案已於112/01/18取得國家通訊傳播委員會核准。 (2)本公司尚未收到公平交易委員會正式函文。 ,https://mops.twse.com.tw/mops/#/web/t05st01,ce8b3ff50666f765386cd52e8198e24cfabc514842dc31ee10d460d056b2edb2,0
4919,105,01,105/01/28,18:32:38,2016-01-28 18:32:38,董事會決議股利分派,capital_change,,,,,,False,False,False,False,"1. 董事會決議日期：2016/01/28 2. 股東配發內容： (1)盈餘分配之現金股利(元/股)：1.80000000 (2)法定盈餘公積、資本公積發放之現金(元/股)：0 (3)股東配發之現金(股利)總金額(元)：373,597,920 (4)盈餘轉增資配股(元/股)：0 (5)法定盈餘公積、資本公積轉增資配股(元/股)：0 (6)股東配股總股數(股)：0 3. 其他應敘明事項： 股東現金股利分派計算至元為止(元以下無條 件捨去)，配發不足1元之畸零款，列入公司 其他收入。 4. 普通股每股面額欄位：新台幣 10.0000元",https://mops.twse.com.tw/mops/#/web/t05st01,d637ce0c49c0159469d1c351f5ebea36fc7cddfdcdf7efad538893d7b3b7ba53,0
4919,109,11,109/11/12,17:33:32,2020-11-12 17:33:32,公告本公司提報董事會之109年第3季合併財務報告,capital_change,,,,,,False,False,False,False,"1.財務報告提報董事會或經董事會決議日期:109/11/12 2.審計委員會通過財務報告日期:不適用 3.財務報告年季:109年第3季 4.報導期間累計營業收入(仟元):10,798,866 5.報導期間累計營業毛利(損) (仟元):4,172,670 6.報導期間累計營業淨利(損) (仟元):284,436 7.報導期間累計稅前淨利(損) (仟元):628,520 8.報導期間歸屬於母公司累計淨利(損) (仟元):463,228 9.報導期間累計基本每股盈餘(損失) (元):1.61 10.報導期間期末總資產(仟元):30,386,642 11.報導期間期末總負債(仟元):22,727,693 12.報導期間期末歸屬於母公司業主之權益(仟元):7,658,949 13.其他應敘明事項:無 ",https://mops.twse.com.tw/mops/#/web/t05st01,d078b77646e5a3256b723838c9e62dc0f13338e2da31d23464e3bd6ca8065bc8,0
4919,110,02,110/02/18,18:20:55,2021-02-18 18:20:55,公告本公司民國109年度合併財務報告業經董事會決議通過,capital_change,,,,,,False,False,False,False,"1.財務報告提報董事會或經董事會決議日期:110/02/18 2.審計委員會通過財務報告日期:110/02/18 3.財務報告報導期間起訖日期(XXX/XX/XX~XXX/XX/XX):109/01/01~109/12/31 4.1月1日累計至本期止營業收入(仟元):20,668,056 5.1月1日累計至本期止營業毛利(毛損) (仟元):7,706,912 6.1月1日累計至本期止營業利益(損失) (仟元):322,282 7.1月1日累計至本期止稅前淨利(淨損) (仟元):743,425 8.1月1日累計至本期止本期淨利(淨損) (仟元):532,785 9.1月1日累計至本期止歸屬於母公司業主淨利(損) (仟元):532,785 10.1月1日累計至本期止基本每股盈餘(損失) (元):1.81 11.期末總資產(仟元):32,322,701 12.期末總負債(仟元):20,801,333 13.期末歸屬於母公司業主之權益(仟元):11,521,368 14.其他應敘明事項:無 ",https://mops.twse.com.tw/mops/#/web/t05st01,454d6413a02818612999d2cc4690227f85432ab3f4c4572df91bd917332fa5ac,0
4919,110,03,110/03/16,15:59:47,2021-03-16 15:59:47,董事會決議股利分派,capital_change,,,,,,False,False,False,False,"1. 董事會決議日期：110/03/16 2. 股利所屬年(季)度：109年 年度 3. 股利所屬期間：109/01/01 至 109/12/31 4. 股東配發內容： (1)盈餘分配之現金股利(元/股)：0.80000000 (2)法定盈餘公積發放之現金(元/股)：0 (3)資本公積發放之現金(元/股)：0 (4)股東配發之現金(股利)總金額(元)：311,732,638 (5)盈餘轉增資配股(元/股)：0 (6)法定盈餘公積轉增資配股(元/股)：0 (7)資本公積轉增資配股(元/股)：0 (8)股東配股總股數(股)：0 5. 其他應敘明事項： 無 6. 普通股每股面額欄位：新台幣10.0000元",https://mops.twse.com.tw/mops/#/web/t05st01,ccce9ce64b14d60b876981ac442241a9af79b566f0f9f21556772b530dffe241,0
4938,104,05,104/05/07,13:32:19,2015-05-07 13:32:19,公告本公司董事會通過民國一○四年度第一季合併財務報告,capital_change,,,,,,False,True,False,False,"1.事實發生日:104/05/07 2.公司名稱:和碩聯合科技股份有限公司 3.與公司關係(請輸入本公司或子公司):本公司 4.相互持股比例:不適用 5.傳播媒體名稱:不適用 6.報導內容:不適用 7.發生緣由: 董事會通過民國一○四年度第一季合併財務報告 8.因應措施:不適用 9.其他應敘明事項: 董事會通過民國一○四年度第一季合併財務報告。摘要如下: 民國一○四年第一季之合併營收為新台幣 2,743億元，合併稅後淨利為 新台幣 72.2億元，歸屬母公司業主之淨利為新台幣 63.3億元；每股稅 後盈餘為新台幣 2.48元。 ",https://mops.twse.com.tw/mops/#/web/t05st01,19989172e4dc06538779ae3f5b2e423b6d481ab8ab2e5c8d6c850a51bd4c1721,0
4938,104,05,104/05/07,15:17:25,2015-05-07 15:17:25,公告本公司董事會決議辦理限制員工權利新股收買註銷減資案,capital_change,,,,,,False,True,False,False,"1.董事會決議日期:104/05/07 2.減資緣由:係因原獲配限制員工權利新股之員工未達既得條件，本公司董事會決議 將所有買回之限制員工權利新股註銷減資。 3.減資金額:新台幣1,110,000元 4.消除股份:111,000股 5.減資比率:0.004% 6.減資後股本:新台幣25,153,625,530元 7.預定股東會日期:不適用 8.預計減資新股上市後之上市普通股股數及比率 （減資後上市普通股數A、A/減資後已發行普通股）:不適用 9.前項預計減資後上巿普通股股數未達6000萬股且未達25%者， 請說明股權流通性偏低之因應措施:不適用 10.其他應敘明事項:減資基準日為民國104年5月12日。 ",https://mops.twse.com.tw/mops/#/web/t05st01,8356cc0f20ec756c3792130c3355d5918d010fd8d0be81f630c2f3329c0e92a7,0
4938,104,05,104/05/07,17:41:01,2015-05-07 17:41:01,"代子公司華毓\華瑋\華旭投資(股)公司公告
董事會決議股利分派情形",distribution,,,,,,False,True,False,False,"1.董事會決議日期:104/05/07 2.發放股利種類及金額:無,無,無 3.其他應敘明事項:華毓\華瑋\華旭投資皆僅有唯一法人股東, 其股東會由董事會代行。 ",https://mops.twse.com.tw/mops/#/web/t05st01,b04e0329a7693e65535b65406500849aefd4d116922937c6a81d8e7f0a0c1c1c,0
4938,104,07,104/07/13,15:15:53,2015-07-13 15:15:53,公告本公司104年除息基準日,distribution,,2015-08-04,,,,False,False,False,False,"1.董事會、股東會決議或公司決定日期:104/07/13 2.除權、息類別（請填入「除權」、「除息」或「除權息」）:除息 3.發放股利種類及金額:普通股現金股利新台幣10,509,621,574元 4.除權（息）交易日:104/08/04 5.最後過戶日:104/08/05 6.停止過戶起始日期:104/08/06 7.停止過戶截止日期:104/08/10 8.除權（息）基準日:104/08/10 9.其他應敘明事項: 本次配息比率，如因流通在外股數發生變動，致使配息比率發生異動而需修正時， 擬授權董事長按除息基準日當時流通在外股數於上述分派金額之範圍內調整之。 ",https://mops.twse.com.tw/mops/#/web/t05st01,bbafe5e1176be78bc8be825401899de87f8615a0ccc47657f28ff3bfb463d9b2,0
4938,104,10,104/10/15,16:13:33,2015-10-15 16:13:33,"代子公司Asuspower Corporation公告董事會決議
股利分派情形",distribution,,,,,,False,True,False,False,"1.董事會決議日期:104/10/15 2.發放股利種類及金額:現金股利, USD$100,000,000 3.其他應敘明事項:Asuspower Corpration 為本公司100%間接持股之子公司。 ",https://mops.twse.com.tw/mops/#/web/t05st01,40b06f9d0f2b59b4aef4372912d1e2325c2da1d38cce6c1250e0ae624f503c65,0
4938,104,10,104/10/22,17:42:01,2015-10-22 17:42:01,"代子公司華毓投資、華瑋投資、華旭投資股份有限公司
公告除息基準日",distribution,,2015-10-23,,,,False,True,False,False,"1.董事會、股東會決議或公司決定日期:104/10/22 2.除權、息類別（請填入「除權」、「除息」或「除權息」）:除息 3.發放股利種類及金額: 華毓: 現金, NT$2,050,000,000 華瑋: 現金, NT$1,900,000,000 華旭: 現金, NT$2,200,000,000 4.除權（息）交易日:104/10/23 5.最後過戶日:104/10/23 6.停止過戶起始日期:104/10/24 7.停止過戶截止日期:104/10/28 8.除權（息）基準日:104/10/28 9.其他應敘明事項:華毓\華瑋\華旭投資皆僅有唯一法人股東, 其股東會由董事會代行。 ",https://mops.twse.com.tw/mops/#/web/t05st01,422b9eb610bf7d4a058eb8d783094eec4c1deb69728f1a655f44c60701800b63,0
4938,104,11,104/11/09,13:35:06,2015-11-09 13:35:06,公告本公司董事會通過民國一○四年度第三季合併財務報告,capital_change,,,,,,False,True,False,False,"1.事實發生日:104/11/09 2.公司名稱:和碩聯合科技股份有限公司 3.與公司關係(請輸入本公司或子公司):本公司 4.相互持股比例:不適用 5.傳播媒體名稱:不適用 6.報導內容:不適用 7.發生緣由: 董事會通過民國一○四年度第三季合併財務報告 8.因應措施:不適用 9.其他應敘明事項: 董事會通過民國一○四年度第三季合併財務報告。摘要如下: 民國一○四年第三季之合併營收為新台幣 3,095億元，合併稅後淨利為 新台幣 75.1億元，歸屬母公司業主之淨利為新台幣 60.1億元；每股稅 後盈餘為新台幣 2.31元。 民國一○四年前三季之合併營收為新台幣 8,017億元，合併稅後淨利為 新台幣 204.6億元，歸屬母公司股東之淨利為新台幣 170.0億元；每股稅 後盈餘為新台幣 6.60元。 ",https://mops.twse.com.tw/mops/#/web/t05st01,7cefa3c4d974906702eb1a0a73be4929895b980a47aa2f4b1cc08190a481191a,0
4938,104,11,104/11/09,15:17:51,2015-11-09 15:17:51,公告本公司董事會決議辦理限制員工權利新股收買註銷減資案,capital_change,,,,,,False,True,False,False,"1.董事會決議日期:104/11/09 2.減資緣由:係因原獲配限制員工權利新股之員工未達既得條件，本公司董事會決議 將所有買回之限制員工權利新股註銷減資。 3.減資金額:新台幣2,088,810元 4.消除股份:208,881股 5.減資比率:0.008% 6.減資後股本:新台幣26,030,204,540元 7.預定股東會日期:不適用 8.預計減資新股上市後之上市普通股股數及比率 （減資後上市普通股數A、A/減資後已發行普通股）:不適用 9.前項預計減資後上巿普通股股數未達6000萬股且未達25%者， 請說明股權流通性偏低之因應措施:不適用 10.其他應敘明事項:減資基準日為民國104年11月12日。 ",https://mops.twse.com.tw/mops/#/web/t05st01,e0c23d132edfa9474c7593385312d2a4889b7cdb79f1cacfa13627baf8ad28f7,0
4938,105,10,105/10/07,16:23:24,2016-10-07 16:23:24,"代子公司華毓投資、華瑋投資、華旭投資股份有限公司
公告除息基準日",distribution,,2016-10-07,,,,False,True,False,False,"1.董事會、股東會決議或公司決定日期:105/10/07 2.除權、息類別（請填入「除權」、「除息」或「除權息」）:除息 3.發放股利種類及金額: 華毓: 現金, NT$1,668,532,764 華瑋: 現金, NT$1,250,254,152 華旭: 現金, NT$1,339,098,544 4.除權（息）交易日:105/10/07 5.最後過戶日:105/10/07 6.停止過戶起始日期:105/10/10 7.停止過戶截止日期:105/10/14 8.除權（息）基準日:105/10/14 9.其他應敘明事項:華毓\華瑋\華旭投資皆僅有唯一法人股東, 其股東會由董事會代行。 ",https://mops.twse.com.tw/mops/#/web/t05st01,720d1cea929df30099637fe948ecc411a4c46ab1c4c45e71fd2073060771f99b,0
4938,105,11,105/11/10,13:56:38,2016-11-10 13:56:38,公告本公司董事會通過民國一○五年度第三季合併財務報告,capital_change,,,,,,False,True,False,False,"1.事實發生日:105/11/10 2.公司名稱:和碩聯合科技股份有限公司 3.與公司關係(請輸入本公司或子公司):本公司 4.相互持股比例:不適用 5.發生緣由:董事會通過民國一○五年度第三季合併財務報告 6.因應措施:不適用 7.其他應敘明事項: 董事會通過民國一○五年度第三季合併財務報告。摘要如下: 民國一○五年第三季之合併營收為新台幣 3,162億元，合併稅後淨利為 新台幣 60.1億元，歸屬母公司業主之淨利為新台幣 53.8億元；每股稅 後盈餘為新台幣 2.09元。 民國一○五年前三季之合併營收為新台幣 7,972億元，合併稅後淨利為 新台幣 155.0億元，歸屬母公司股東之淨利為新台幣 134.7億元；每股稅 後盈餘為新台幣 5.22元。 ",https://mops.twse.com.tw/mops/#/web/t05st01,74ea614edcf6d951f0de0c55f05d0dbc4f598d2429440fb52c08ebe4763a451e,0
4938,105,11,105/11/10,16:24:11,2016-11-10 16:24:11,公告本公司董事會決議辦理限制員工權利新股收買註銷減資案,capital_change,,,,,,False,True,False,False,"1.董事會決議日期:105/11/10 2.減資緣由:係因原獲配限制員工權利新股之員工未達既得條件，本公司董事會決議 將所有買回之限制員工權利新股註銷減資。 3.減資金額:新台幣4,580,000元 4.消除股份:458,000股 5.減資比率::0.02% 6.減資後股本:新台幣25,751,694,670元 7.預定股東會日期:不適用 8.預計減資新股上市後之上市普通股股數:不適用 9.預計減資新股上市後之上市普通股股數占已發行普通股比率 （減資後上市普通股股數/減資後已發行普通股股數）:不適用 10.前二項預計減資後上巿普通股股數未達6000萬股且未達25%者， 請說明股權流通性偏低之因應措施:不適用 11.其他應敘明事項:減資基準日為民國105年11月11日。 ",https://mops.twse.com.tw/mops/#/web/t05st01,560c99ba11820a7aefa70e92acb15a30e40661927caea83846c263d3738a68e6,0
4938,106,01,106/01/17,15:18:45,2017-01-17 15:18:45,公告本公司董事會決議辦理限制員工權利新股收買註銷減資案,capital_change,,,,,,False,True,False,False,"1.董事會決議日期:106/01/17 2.減資緣由:係因原獲配限制員工權利新股之員工未達既得條件，本公司董事會決議 將所有買回之限制員工權利新股註銷減資。 3.減資金額:新台幣2,245,960元 4.消除股份:224,596股 5.減資比率::0.01% 6.減資後股本:新台幣25,749,448,710元 7.預定股東會日期:不適用 8.預計減資新股上市後之上市普通股股數:不適用 9.預計減資新股上市後之上市普通股股數占已發行普通股比率 （減資後上市普通股股數/減資後已發行普通股股數）:不適用 10.前二項預計減資後上巿普通股股數未達6000萬股且未達25%者， 請說明股權流通性偏低之因應措施:不適用 11.其他應敘明事項:減資基準日為民國106年2月13日。 ",https://mops.twse.com.tw/mops/#/web/t05st01,f409e1c16bd3750756b905d07567b46e52fb00932ed4228c27e17cf5f97a4796,0
4938,107,03,107/03/14,17:39:25,2018-03-14 17:39:25,"代子公司華毓\華瑋\華旭投資(股)公司公告
董事會決議股利分派情形",distribution,,,,,,False,True,False,False,"1.董事會決議日期:107/03/14 2.發放股利種類及金額:無,無,無 3.其他應敘明事項:華毓\華瑋\華旭投資皆僅有唯一法人股東, 其股東會由董事會代行。 ",https://mops.twse.com.tw/mops/#/web/t05st01,0cf281b7ada46c6d83d41bf3c8be45bab7b9fe1d01d00c471af07d96d3e23a94,0
4938,107,03,107/03/15,13:33:02,2018-03-15 13:33:02,"公告本公司董事會通過民國一○六年度個體財務報告及
合併財務報告",capital_change,,,,,,False,True,False,False,"1.事實發生日:107/03/15 2.公司名稱:和碩聯合科技股份有限公司 3.與公司關係(請輸入本公司或子公司):本公司 4.相互持股比例:不適用 5.發生緣由:董事會通過民國一○六年度個體財務報告及合併財務報告 6.因應措施:不適用 7.其他應敘明事項: 董事會通過民國一○六年度個體財務報告及合併財務報告。摘要如下: 民國一○六年全年之營收為新台幣 10,806億元，稅後淨利為新台幣 146.8億元； 合併營收為新台幣 11,938億元，合併稅後淨利為新台幣 160.1億元， 歸屬母公司股東之淨利為新台幣 146.8億元；每股稅後盈餘為新台幣 5.66元。 ",https://mops.twse.com.tw/mops/#/web/t05st01,ca4d5d6c0daae3acc79179840ab8ba0309fc79bba0bb7dd0fc5e97f6c246a43f,0
4938,107,03,107/03/15,18:25:06,2018-03-15 18:25:06,本公司董事會決議股利分派,capital_change,,,,,,False,False,False,False,"1. 董事會決議日期：107/03/15 2. 股東配發內容： (1)盈餘分配之現金股利(元/股)：4.00000000 (2)法定盈餘公積、資本公積發放之現金(元/股)：0 (3)股東配發之現金(股利)總金額(元)：10,454,651,804 (4)盈餘轉增資配股(元/股)：0 (5)法定盈餘公積、資本公積轉增資配股(元/股)：0 (6)股東配股總股數(股)：0 3. 其他應敘明事項： 無。 4. 普通股每股面額欄位：新台幣 10.0000元",https://mops.twse.com.tw/mops/#/web/t05st01,89b54d29677e2dca31d1c34f4467647d574d3362f121aa5aea2997f2ccddbe99,0
4952,111,02,111/02/23,16:38:24,2022-02-23 16:38:24,公告本公司董事會通過110年度合併財務報告,capital_change,,,,,,False,False,False,False,"1.提報董事會或經董事會決議日期:111/02/23 2.審計委員會通過日期:111/02/23 3.財務報告或年度自結財務資訊報導期間 起訖日期(XXX/XX/XX~XXX/XX/XX):110/01/01~110/12/31 4.1月1日累計至本期止營業收入(仟元):3,580,908 5.1月1日累計至本期止營業毛利(毛損) (仟元):1,627,233 6.1月1日累計至本期止營業利益(損失) (仟元):790,489 7.1月1日累計至本期止稅前淨利(淨損) (仟元):801,364 8.1月1日累計至本期止本期淨利(淨損) (仟元):658,713 9.1月1日累計至本期止歸屬於母公司業主淨利(損) (仟元):658,713 10.1月1日累計至本期止基本每股盈餘(損失) (元):6.05 11.期末總資產(仟元):3,719,287 12.期末總負債(仟元):1,218,021 13.期末歸屬於母公司業主之權益(仟元):2,501,266 14.其他應敘明事項:無 ",https://mops.twse.com.tw/mops/#/web/t05st01,f6856af09426bcda28faf7854523e77a0958b15cecea361b6aa81a77cd2f4717,0
4952,111,02,111/02/23,16:40:31,2022-02-23 16:40:31,公告本公司董事會決議股利分派,capital_change,,,,,,False,False,False,False,"1. 董事會擬議日期：111/02/23 2. 股利所屬年(季)度：110年 年度 3. 股利所屬期間：110/01/01 至 110/12/31 4. 股東配發內容： (1)盈餘分配之現金股利(元/股)：5.40000000 (2)法定盈餘公積發放之現金(元/股)：0 (3)資本公積發放之現金(元/股)：0 (4)股東配發之現金(股利)總金額(元)：587,605,407 (5)盈餘轉增資配股(元/股)：0 (6)法定盈餘公積轉增資配股(元/股)：0 (7)資本公積轉增資配股(元/股)：0 (8)股東配股總股數(股)：0 5. 其他應敘明事項： 無 6. 普通股每股面額欄位：新台幣10.0000元",https://mops.twse.com.tw/mops/#/web/t05st01,7e05470786fdb463109883ca02bf3d271d698c95368020301f5535cb750482ef,0
4952,111,05,111/05/05,14:32:48,2022-05-05 14:32:48,公告本公司董事會通過111年第一季合併財務報告,capital_change,,,,,,False,False,False,False,"1.提報董事會或經董事會決議日期:111/05/05 2.審計委員會通過日期:111/05/05 3.財務報告或年度自結財務資訊報導期間 起訖日期(XXX/XX/XX~XXX/XX/XX):111/01/01~111/03/31 4.1月1日累計至本期止營業收入(仟元):971,127 5.1月1日累計至本期止營業毛利(毛損) (仟元):473,847 6.1月1日累計至本期止營業利益(損失) (仟元):239,010 7.1月1日累計至本期止稅前淨利(淨損) (仟元):256,908 8.1月1日累計至本期止本期淨利(淨損) (仟元):220,963 9.1月1日累計至本期止歸屬於母公司業主淨利(損) (仟元):220,963 10.1月1日累計至本期止基本每股盈餘(損失) (元):2.03 11.期末總資產(仟元):3,759,616 12.期末總負債(仟元):1,018,226 13.期末歸屬於母公司業主之權益(仟元):2,741,390 14.其他應敘明事項:無 ",https://mops.twse.com.tw/mops/#/web/t05st01,90693b11923c2dc7c49c611e51d4f7692ba8cc481765e320d4a78ab2f1a4323a,0
4952,111,06,111/06/06,14:40:00,2022-06-06 14:40:00,公告本公司111年除息基準日,distribution,5.4,2022-06-22,,,,False,False,False,False,"1.董事會、股東會決議或公司決定日期:111/06/06 2.除權、息類別（請填入「除權」、「除息」或「除權息」）:除息 3.發放股利種類及金額: 盈餘分配之現金股利NT$587,605,407元，每股配發NT$5.4元。 合計每股配發NT$5.4元。 4.除權（息）交易日:111/06/22 5.最後過戶日:111/06/23 6.停止過戶起始日期:111/06/24 7.停止過戶截止日期:111/06/28 8.除權（息）基準日:111/06/28 9.其他應敘明事項:現金股利發放日:111/07/19 ",https://mops.twse.com.tw/mops/#/web/t05st01,f62bcf9c4ebc7d876bab10e6b8f6e38f967bec293c1d62e537f329fe214402fd,0
4958,108,03,108/03/29,13:48:28,2019-03-29 13:48:28,本公司董事會通過2018年度合併財務報表之議案,capital_change,,,,,,False,True,False,False,"1.事實發生日:108/03/29 2.公司名稱:臻鼎科技控股股份有限公司 3.與公司關係(請輸入本公司或子公司):本公司 4.相互持股比例:不適用 5.發生緣由:本公司董事會通過2018年度合併財務報表之議案 6.因應措施:於公開資訊觀測站公告 7.其他應敘明事項:本公司2018年度合併財務報表重要訊息如下 (1)2018年度營業總收入新台幣1,179億元，較2017年1,092億元同比增長8%。 (2)2018年度本期淨利新台幣115億元，較2017年新台幣68億元同比增長70%。 (3)2018年度歸屬於母公司淨利新台幣84億元，較2017年新台幣52億元同比增長63% (4)2018年度稅後淨利每股盈餘新台幣14.34元，較2017年新台幣8.41元同比增長70%。 (5)2018年度基本每股盈餘新台幣10.50元，較2017年新台幣6.43元同比增長63% (6)本公司2018年度的合併財務報表，請以完整之財務報表為準。 ",https://mops.twse.com.tw/mops/#/web/t05st01,a65db8228c508aaa2132230cfae797c880e2f82e8c978777d48e90d8649736b8,0
4958,108,03,108/03/29,19:18:44,2019-03-29 19:18:44,公告本公司董事會通過現金股利分配之議案,capital_change,,,,,,False,False,False,False,"1. 董事會決議日期：108/03/29 2. 股東配發內容： (1)盈餘分配之現金股利(元/股)：5.00000000 (2)法定盈餘公積、資本公積發放之現金(元/股)：0 (3)股東配發之現金(股利)總金額(元)：4,023,741,795 (4)盈餘轉增資配股(元/股)：0 (5)法定盈餘公積、資本公積轉增資配股(元/股)：0 (6)股東配股總股數(股)：0 3. 其他應敘明事項： 無 4. 普通股每股面額欄位：新台幣 10.0000元",https://mops.twse.com.tw/mops/#/web/t05st01,031ca4b29e3965e37e460909f4d63c71ef627a571f5b48a803ec01cc266dbe80,0
4958,108,05,108/05/10,16:21:38,2019-05-10 16:21:38,調整本公司107年度現金股利每股分派金額,capital_change,5,,,,,False,False,False,False,"1. 董事會決議日期：108/05/10 2. 股利所屬年(季)度：107年 年度 3. 股利所屬期間：107/01/01 至 107/12/31 4. 股東配發內容： (1)盈餘分配之現金股利(元/股)：4.45977400 (2)法定盈餘公積、資本公積發放之現金(元/股)：0 (3)股東配發之現金(股利)總金額(元)：4,023,741,795 (4)盈餘轉增資配股(元/股)：0 (5)法定盈餘公積、資本公積轉增資配股(元/股)：0 (6)股東配股總股數(股)：0 5. 其他應敘明事項： 因海外第二次無擔保轉換公司債轉換為普通股之緣故，截至108年度股東常會 停止過戶日4月23日止，本公司在外流通普通股股份數增加97,481,528股，普通股 股份總數新增為902,229,887股，現金股利因此由每股新台幣5元調整為每股新台幣 4.459774元(分配至元為止，元以下捨去)。 6. 普通股每股面額欄位：新台幣 10.0000元",https://mops.twse.com.tw/mops/#/web/t05st01,d2a76b024e981d9d540952e8f5d0893c7efd4f9b11505ccb28c8792490ac8df3,0
4958,108,06,108/06/21,18:07:43,2019-06-21 18:07:43,公告本公司董事會決議除息基準日,distribution,,2019-07-08,,,,False,False,False,False,"1.董事會、股東會決議或公司決定日期:108/06/21 2.除權、息類別（請填入「除權」、「除息」或「除權息」）:除息 3.發放股利種類及金額:股東現金股利4,023,741,795元 4.除權（息）交易日:108/07/08 5.最後過戶日:108/07/09 6.停止過戶起始日期:108/07/10 7.停止過戶截止日期:108/07/14 8.除權（息）基準日:108/07/14 9.其他應敘明事項: (1)現金股利預計發放日:108年7月30日。 (2)如嗣後因本公司股本變動，以致影響流通在外股份總數，股東配息率 因此發生變動而須修正時，授權董事長全權處理。 ",https://mops.twse.com.tw/mops/#/web/t05st01,9878dc89cbf1bcae6c254fd9bdefd21fa4bb61f31df5fd846e9863352bc0882d,0
4966,112,11,112/11/01,14:16:40,2023-11-01 14:16:40,公告本公司董事會通過民國112年第三季合併財務報告,capital_change,,,,,,False,False,False,False,"1.提報董事會或經董事會決議日期:112/11/01 2.審計委員會通過日期:112/11/01 3.財務報告或年度自結財務資訊報導期間 起訖日期(XXX/XX/XX~XXX/XX/XX):112/01/01~112/09/30 4.1月1日累計至本期止營業收入(仟元):9,944,258 5.1月1日累計至本期止營業毛利(毛損) (仟元):4,366,551 6.1月1日累計至本期止營業利益(損失) (仟元):1,357,344 7.1月1日累計至本期止稅前淨利(淨損) (仟元):1,534,590 8.1月1日累計至本期止本期淨利(淨損) (仟元):1,394,488 9.1月1日累計至本期止歸屬於母公司業主淨利(損) (仟元):1,394,488 10.1月1日累計至本期止基本每股盈餘(損失) (元):17.68 11.期末總資產(仟元):23,288,857 12.期末總負債(仟元):3,038,427 13.期末歸屬於母公司業主之權益(仟元):20,250,430 14.其他應敘明事項:無 ",https://mops.twse.com.tw/mops/#/web/t05st01,f726682414d6ae75502bef3345141b34d5747103d4fe2fef40aa7452f391e827,0
4966,112,11,112/11/01,14:18:49,2023-11-01 14:18:49,公告本公司董事會決議發放民國112年上半年度股利,capital_change,,,,,,False,False,False,False,"1. 董事會決議日期：112/11/01 2. 股利所屬年(季)度：112年 上半年 3. 股利所屬期間：112/01/01 至 112/06/30 4. 股東配發內容： (1)盈餘分配之現金股利(元/股)：4.82000000 (2)法定盈餘公積發放之現金(元/股)：0 (3)資本公積發放之現金(元/股)：0 (4)股東配發之現金(股利)總金額(元)：390,871,071 (5)盈餘轉增資配股(元/股)：0 (6)法定盈餘公積轉增資配股(元/股)：0 (7)資本公積轉增資配股(元/股)：0 (8)股東配股總股數(股)：0 5. 其他應敘明事項： 無 6. 普通股每股面額欄位：新台幣10.0000元",https://mops.twse.com.tw/mops/#/web/t05st01,2d69e705bf1dd782a975bb10b2540d69aaa4f5a7fe1cebf4d3724039763a1907,0
4966,112,11,112/11/01,14:20:51,2023-11-01 14:20:51,公告本公司董事會決議民國112年上半年度股利之除息基準日,distribution,4.82,2024-03-07,2024-03-29,,,False,False,False,False,"1.董事會、股東會決議或公司決定日期:112/11/01 2.除權、息類別（請填入「除權」、「除息」或「除權息」）:除息 3.發放股利種類及金額:現金股利新台幣390,871,071元(每股配發新台幣4.82元)。按除息 基準日股東持有股份比例分配。 4.除權（息）交易日:113/03/07 5.最後過戶日:113/03/08 6.停止過戶起始日期:113/03/09 7.停止過戶截止日期:113/03/13 8.除權（息）基準日:113/03/13 9.債券最後申請轉換日期:不適用。 10.債券停止轉換起始日期:不適用。 11.債券停止轉換截止日期:不適用。 12.現金股利發放日期:113/03/29 13.其他應敘明事項:無。 ",https://mops.twse.com.tw/mops/#/web/t05st01,9ec9295f41a989c0750d13300e299b64ed63bd7f0a60e1741cf8047919d58ef9,0
4966,112,11,112/11/01,14:23:27,2023-11-01 14:23:27,"公告本公司董事會決議收回已發行之限制員工權利新股註銷
減資事宜",capital_change,,,,,,False,True,False,False,"1.董事會決議日期:112/11/01 2.減資緣由:係因原獲配限制員工權利新股之員工未達既得條件，本公司董事會決議收回 已發行之限制員工權利新股並註銷減資。 3.減資金額:5,000元。 4.消除股份:500股。 5.減資比率:0.00%。 6.減資後股本:811,636,380元。 7.預定股東會日期:NA 8.預計減資新股上櫃後之上櫃普通股股數:不適用。 9.預計減資新股上櫃後之上櫃普通股股數占已發行普通股比率 （減資後上櫃普通股股數/減資後已發行普通股):不適用。 10.前二項預計減資後上櫃普通股股數未達500萬股且未達25%者，請說明 股權流通性偏低之因應措施:不適用。 11.減資基準日:民國112年11月1日。 12.其他應敘明事項:本公司目前(截至民國112年9月30日)已發行股份之總數為 81,164,138股，扣除本次收回民國109年發行之限制員工權利新股500股，已發行股數 為81,163,638股；減資基準日為民國112年11月1日。 ",https://mops.twse.com.tw/mops/#/web/t05st01,5d3c616f8bed8a0976693b9c72273403cca7363d653b97df6435196c801c129d,0
5215,109,11,109/11/05,17:09:45,2020-11-05 17:09:45,公告本公司109年第3季合併財務報告業經提報董事會通過,capital_change,,,,,,False,False,False,False,"1.財務報告提報董事會或經董事會決議日期:109/11/05 2.審計委員會通過財務報告日期:109/11/05 3.財務報告年季:109年第3季 4.報導期間累計營業收入(仟元):2,544,116 5.報導期間累計營業毛利(損) (仟元):962,218 6.報導期間累計營業淨利(損) (仟元):722,433 7.報導期間累計稅前淨利(損) (仟元):706,891 8.報導期間歸屬於母公司累計淨利(損) (仟元):513,786 9.報導期間累計基本每股盈餘(損失) (元):9.11 10.報導期間期末總資產(仟元):3,722,488 11.報導期間期末總負債(仟元):1,180,115 12.報導期間期末歸屬於母公司業主之權益(仟元):2,502,832 13.其他應敘明事項:無 ",https://mops.twse.com.tw/mops/#/web/t05st01,5d32b134414f50524f04b3c10c28fff6f445d21ac662a2c111bd9121ffa6a1c1,0
5425,110,01,110/01/08,17:10:43,2021-01-08 17:10:43,"公告本公司十二月份合併營業額，背書保證餘額、
資金貸放餘額及衍生性商品交易金額。",capital_change,,,,,,False,True,False,False,"1.事實發生日:110/01/08 2.公司名稱:台灣半導體股份有限公司 3.與公司關係(請輸入本公司或子公司):本公司 4.相互持股比例:不適用 5.發生緣由: 一、本公司109年12月，自行結算合併營收為新台幣 1,089,743仟元， 與去年同期 874,572仟元相較增加 215,171仟元，增加比率為 24.60%。 二、本公司109年01–12月累計，自行結算合併營收為新台幣 10,359,897 仟 元，與去年同期10,506,955仟元相較減少147,058仟元，年減率為1.40%。 三、本公司截至本月份止資金貸放餘額為０千元，各子公司截至本月份止資金 貸放餘額為二０、０００千美元。 四、本公司截至本月份止背書保證餘額為０千元，各子公司截至本月份止背書 保證餘額為八、０００千美元。 五、本公司截至本月份止衍生性金融商品交易契約餘額為 六、０００千美元 和 一、四００千歐元，各子公司截至本月份止衍生性金融商品交易契約 餘額為 一四、０００千美元和 二、０００千歐元和 ０千人民幣。 註：本月份合併營業額，背書保證餘額、資金貸放餘額及衍生性商品交易詳細 資料業已輸入股市觀測站資訊系統。 網址：http：//www.twse.com.tw 6.因應措施:無。 7.其他應敘明事項:無。 ",https://mops.twse.com.tw/mops/#/web/t05st01,cdf180617a0307a817a547d9c5f54fc62dea8f48a2d8f41aead39fdf56747188,0
5425,110,02,110/02/08,19:11:19,2021-02-08 19:11:19,"公告本公司一月份合併營業額，背書保證餘額、
資金貸放餘額及衍生性商品交易金額。",capital_change,,,,,,False,True,False,False,"1.事實發生日:110/02/08 2.公司名稱:台灣半導體股份有限公司 3.與公司關係(請輸入本公司或子公司):本公司 4.相互持股比例:不適用 5.發生緣由: 一、本公司110年01月，自行結算合併營收為新台幣 980,738仟元， 與去年同期 785,128仟元相較增加 195,610仟元，增加比率為 24.91%。 二、本公司110年01–01月累計，自行結算合併營收為新台幣 980,738 仟元， 與去年同期785,128仟元相較增加 195,610仟元，年增率為24.91%。 三、本公司截至本月份止資金貸放餘額為０千元，各子公司截至本月份止資 金貸放餘額為二０、０００千美元。 四、本公司截至本月份止背書保證餘額為０千元，各子公司截至本月份止背 書保證餘額為八、０００千美元。 五、本公司截至本月份止衍生性金融商品交易契約餘額為 一一、０００千美 元和 一、０００千歐元，各子公司截至本月份止衍生性金融商品交易契 約餘額為 一四、０００千美元和 二、０００千歐元和 ０千人民幣。 註：本月份合併營業額，背書保證餘額、資金貸放餘額及衍生性商品交易詳 細資料業已輸入股市觀測站資訊系統。網址：http：//www.twse.com.tw 6.因應措施:無。 7.其他應敘明事項:無。 ",https://mops.twse.com.tw/mops/#/web/t05st01,6b2f7f150c8c348944b596edcfd593c5dd321006f227fd575aa0bb731f8a596e,0
5425,110,03,110/03/08,15:40:45,2021-03-08 15:40:45,"公告本公司二月份合併營業額，背書保證餘額、
資金貸放餘額及衍生性商品交易金額。",capital_change,,,,,,False,True,False,False,"1.事實發生日:110/03/08 2.公司名稱:台灣半導體股份有限公司 3.與公司關係(請輸入本公司或子公司):本公司 4.相互持股比例:不適用 5.發生緣由: 一、本公司110年02月，自行結算合併營收為新台幣 821,612仟元， 與去年同期 702,102仟元相較增加 119,510仟元，增加比率為 17.02%。 二、本公司110年01–02月累計，自行結算合併營收為新台幣 1,802,350 仟元， 與去年同期1,487,230仟元相較增加 315,120仟元，年增率為21.19%。 三、本公司截至本月份止資金貸放餘額為０千元，各子公司截至本月份止資金貸 放餘額為二０、０００千美元。 四、本公司截至本月份止背書保證餘額為０千元，各子公司截至本月份止背書保 證餘額為八、０００千美元。 五、本公司截至本月份止衍生性金融商品交易契約餘額為 一三、０００千美元和 一、四００千歐元，各子公司截至本月份止衍生性金融商品交易契約餘額為 一二、０００千美元和 四、０００千歐元和 ０千人民幣。 註：本月份合併營業額，背書保證餘額、資金貸放餘額及衍生性商品交易詳細資 料業已輸入股市觀測站資訊系統。 網址：http：//www.twse.com.tw 6.因應措施:無。 7.其他應敘明事項:無。 ",https://mops.twse.com.tw/mops/#/web/t05st01,29eb7a32c09dbdcee827dd78768be46dabb716cf220a4df3dbb2c0996e2c437c,0
5425,110,03,110/03/26,17:00:23,2021-03-26 17:00:23,本公司董事會決議109年度股利分派情形,capital_change,,,,,,False,False,False,False,"1. 董事會擬議日期：110/03/26 2. 股利所屬年(季)度：109年 年度 3. 股利所屬期間：109/01/01 至 109/12/31 4. 股東配發內容： (1)盈餘分配之現金股利(元/股)：1.50000000 (2)法定盈餘公積發放之現金(元/股)：0 (3)資本公積發放之現金(元/股)：0 (4)股東配發之現金(股利)總金額(元)：395,228,229 (5)盈餘轉增資配股(元/股)：0 (6)法定盈餘公積轉增資配股(元/股)：0 (7)資本公積轉增資配股(元/股)：0 (8)股東配股總股數(股)：0 5. 其他應敘明事項： 無 6. 普通股每股面額欄位：新台幣10.0000元",https://mops.twse.com.tw/mops/#/web/t05st01,619c1ce381af3b69bd7c8842cb432d1c4f032e2ec7d6e0d00fa6a220d9962d67,0
5469,115,02,115/02/24,17:02:32,2026-02-24 17:02:32,公告本公司114年度合併財務報告提報董事會通過,capital_change,,,,,,False,False,False,False,"1.提報董事會或經董事會決議日期:115/02/24 2.審計委員會通過日期:115/02/24 3.財務報告或年度自結財務資訊報導期間 起訖日期(XXX/XX/XX~XXX/XX/XX):114/01/01~114/12/31 4.1月1日累計至本期止營業收入(仟元):57,226,203 5.1月1日累計至本期止營業毛利(毛損) (仟元):11,284,350 6.1月1日累計至本期止營業利益(損失) (仟元):6,090,683 7.1月1日累計至本期止稅前淨利(淨損) (仟元):6,944,700 8.1月1日累計至本期止本期淨利(淨損) (仟元):4,725,386 9.1月1日累計至本期止歸屬於母公司業主淨利(損) (仟元):2,923,435 10.1月1日累計至本期止基本每股盈餘(損失) (元):6.05 11.期末總資產(仟元):112,239,315 12.期末總負債(仟元):58,647,525 13.期末歸屬於母公司業主之權益(仟元):36,288,375 14.其他應敘明事項:無 ",https://mops.twse.com.tw/mops/#/web/t05st01,771ba3b7a13b5bfd37243106fc7d362f45e1445659468e862e6c254e1de4080b,0
5478,105,03,105/03/23,18:23:05,2016-03-23 18:23:05,董事會決議股利分派,capital_change,,,,,,False,False,False,False,"1. 董事會決議日期：2016/03/23 2. 股東配發內容： (1)盈餘分配之現金股利(元/股)：1.50000000 (2)法定盈餘公積、資本公積發放之現金(元/股)：0 (3)股東配發之現金(股利)總金額(元)：191,211,498 (4)盈餘轉增資配股(元/股)：0 (5)法定盈餘公積、資本公積轉增資配股(元/股)：0 (6)股東配股總股數(股)：0 3. 其他應敘明事項： 無 4. 普通股每股面額欄位：新台幣 10.0000元",https://mops.twse.com.tw/mops/#/web/t05st01,982bf26bedcff0d6059e7b80684f582669a916ac38be5cbfb51e237021935d49,0
5490,104,06,104/06/11,14:31:53,2015-06-11 14:31:53,"公告本公司103年度盈餘分配現金股利之配息基準日及
法定盈餘公積配發現金基準日",distribution,1.9105,2015-06-30,,,,False,False,False,False,"1.董事會、股東會決議或公司決定日期:104/06/11 2.除權、息類別（請填入「除權」、「除息」或「除權息」）:除息。 3.發放股利種類及金額: (1)103年度盈餘分配現金股利新台幣180,347,432元，每股現金股利 新台幣1.9105元。 (2)法定盈餘公積配發現金新台幣55,644,071，每股配發0.5895元。 4.除權（息）交易日:104/06/30 5.最後過戶日:104/07/01 6.停止過戶起始日期:104/07/02 7.停止過戶截止日期:104/07/06 8.除權（息）基準日:104/07/06 9.其他應敘明事項: (1)擬配發員工紅利新台幣15,285,365元及董監酬勞新台幣6,050,499元。 (2)現金股利預計於104年7月27日以匯款方式發放。 ",https://mops.twse.com.tw/mops/#/web/t05st01,108aba222a0cccb5c1abecc86d2b99736de12639790dd4876f638b77b18287c6,0
5871,108,11,108/11/25,14:31:55,2019-11-25 14:31:55,公告本公司108年10月自結合併損益,capital_change,,,,,,False,True,False,False,"1.事實發生日:108/11/25 2.公司名稱:中租控股股份有限公司 3.與公司關係(請輸入本公司或子公司):本公司 4.相互持股比例:不適用 5.發生緣由:公告本公司108年10月自結合併損益 6.因應措施:無 7.其他應敘明事項:公告本公司108年10月自結合併損益 (單位:新台幣百萬元) ------------------------10月合併損益------------------------------- 除權前 除權後 稅前 稅後 歸屬母公司股東 EPS(元) EPS(元)(註2) 1,910.4 1,396.5 1,341.5 1.04 1.01 ---------------------累積1-10月合併損益----------------------------- 除權前 除權後 稅前 稅後 歸屬母公司股東 EPS(元) EPS(元)(註2) 17,881.8 13,289.2 12,823.8 9.94 9.66 註： 1.EPS係依1-10月加權平均流通在外股數計算 2.EPS已追溯調整108年股東常會通過無償配股之影響(股票股利每股新台幣0.3元) 3.除權交易日為108/7/31，除權基準日為108/8/6 ",https://mops.twse.com.tw/mops/#/web/t05st01,21fb82f0f310f150784cccbfd43e2faf5ce7833bdc68d58777666e56a6f0444b,0
5871,108,12,108/12/25,14:29:54,2019-12-25 14:29:54,公告本公司108年11月自結合併損益,capital_change,,,,,,False,True,False,False,"1.事實發生日:108/12/25 2.公司名稱:中租控股股份有限公司 3.與公司關係(請輸入本公司或子公司):本公司 4.相互持股比例:不適用 5.發生緣由:公告本公司108年11月自結合併損益 6.因應措施:無 7.其他應敘明事項:公告本公司108年11月自結合併損益 (單位:新台幣百萬元) ------------------------11月合併損益------------------------------- 除權前 除權後 稅前 稅後 歸屬母公司股東 EPS(元) EPS(元)(註2) 1,969.1 1,448.9 1,376.8 1.07 1.03 ---------------------累積1-11月合併損益----------------------------- 除權前 除權後 稅前 稅後 歸屬母公司股東 EPS(元) EPS(元)(註2) 19,850.9 14,738.1 14,200.6 11.01 10.69 註： 1.EPS係依1-11月加權平均流通在外股數計算 2.EPS已追溯調整108年股東常會通過無償配股之影響(股票股利每股新台幣0.3元) 3.除權交易日為108/7/31，除權基準日為108/8/6 ",https://mops.twse.com.tw/mops/#/web/t05st01,03942def1f558ff0372d07d88cf2600e16e14ec5c883a704711ab8559fa87f35,0
5871,109,01,109/01/17,14:33:31,2020-01-17 14:33:31,公告本公司108年12月自結合併損益,capital_change,,,,,,False,True,False,False,"1.事實發生日:109/01/17 2.公司名稱:中租控股股份有限公司 3.與公司關係(請輸入本公司或子公司):本公司 4.相互持股比例:不適用 5.發生緣由:公告本公司108年12月自結合併損益 6.因應措施:無 7.其他應敘明事項:公告本公司108年12月自結合併損益 (單位:新台幣百萬元) ------------------------12月合併損益------------------------------- 除權前 除權後 稅前 稅後 歸屬母公司股東 EPS(元) EPS(元)(註2) 1,909.5 1,361.3 1,268.8 0.99 0.96 ---------------------累積1-12月合併損益----------------------------- 除權前 除權後 稅前 稅後 歸屬母公司股東 EPS(元) EPS(元)(註2) 21,760.4 16,099.4 15,469.4 12.00 11.65 註： 1.EPS係依1-12月加權平均流通在外股數計算 2.EPS已追溯調整108年股東常會通過無償配股之影響(股票股利每股新台幣0.3元) 3.除權交易日為108/7/31，除權基準日為108/8/6 ",https://mops.twse.com.tw/mops/#/web/t05st01,9768c5a5591080703a47ca176c0d33aa78bb08e07af0989d7a6dd84dbe55ad0e,0
5871,109,02,109/02/25,14:46:19,2020-02-25 14:46:19,公告本公司109年1月自結合併損益,capital_change,,,,,,False,True,False,False,"1.事實發生日:109/02/25 2.公司名稱:中租控股股份有限公司 3.與公司關係(請輸入本公司或子公司):本公司 4.相互持股比例:不適用 5.發生緣由:公告本公司109年1月自結合併損益 6.因應措施:無 7.其他應敘明事項:公告本公司109年1月自結合併損益 (單位:新台幣百萬元) ---------1月合併損益---------------------------------- 稅前 稅後 歸屬母公司股東 EPS(元) 1,900.2 1,360.7 1,297.3 0.98 註：EPS係依1月加權平均流通在外股數計算 ",https://mops.twse.com.tw/mops/#/web/t05st01,3e13d31b23664b1310bc4af50eb786a4a71ba218532261876cdc509a2fc57995,0
5871,110,06,110/06/24,14:32:14,2021-06-24 14:32:14,公告本公司110年05月自結合併損益,capital_change,,,,,,False,True,False,False,"1.事實發生日:110/06/24 2.公司名稱:中租控股股份有限公司 3.與公司關係(請輸入本公司或子公司):本公司 4.相互持股比例:不適用 5.發生緣由:公告本公司110年05月自結合併損益 6.因應措施:無 7.其他應敘明事項:公告本公司110年05月自結合併損益 (單位:新台幣百萬元) ------------------------5月合併損益------------------------------- 稅前 稅後 歸屬母公司股東 EPS(元) 2,831.3 1,828.0 1,757.4 1.27 ---------------------累積1-5月合併損益----------------------------- 稅前 稅後 歸屬母公司股東 EPS(元) 13,638.1 8,903.4 8,513.3 6.16 ",https://mops.twse.com.tw/mops/#/web/t05st01,22e06df2291d5b6690158918be5334e978f29c3a77a19de28f4fd219a3442a10,0
5871,110,07,110/07/07,17:29:28,2021-07-07 17:29:28,"代重要子公司Chailease International Company（UK）
Limited公告董事會決議股利分配案",distribution,,,2021-08-18,,,False,True,False,False,"1.董事會決議日期:110/07/07 2.發放股利種類及金額:現金股利英鎊116,000仟元。 3.其他應敘明事項: 股利分派預計發放日期為110/08/18。 ",https://mops.twse.com.tw/mops/#/web/t05st01,5c1b6f06be0cd68c0132051c2857dc2a6684eb7d321c00d5f83e2355140468f7,0
5871,110,07,110/07/08,17:58:39,2021-07-08 17:58:39,"代重要子公司Chailease International Company
（Malaysia）Limited公告董事會決議股利分配案",distribution,,,2021-08-19,,,False,True,False,False,"1.董事會決議日期:110/07/08 2.發放股利種類及金額:現金股利美金162,000仟元(包括109年年度股利美金132,000仟元 及110年期中股利美金30,000仟元。) 3.其他應敘明事項: 股利分派預計發放日期為110/08/19。 ",https://mops.twse.com.tw/mops/#/web/t05st01,8031408271a25ed1e129006fd3b3e4c3eecc8d4dbdca99d4d5b3fa7a834bdf1f,0
5871,110,07,110/07/15,18:01:54,2021-07-15 18:01:54,"代重要子公司合迪股份有限公司公告民國109年度股利分派
除權息基準日及發放日期",distribution,1.16207410,,,,,False,True,False,False,"1.董事會、股東會決議或公司決定日期:110/07/15 2.除權、息類別（請填入「除權」、「除息」或「除權息」）:除權息 3.發放股利種類及金額:發放股票股利新台幣1,553,000,000元(每股配發新台幣 約1.80371661元)及現金股利新台幣1,000,545,799元(每股配發新台幣約1.16207410元) 4.除權（息）交易日:NA 5.最後過戶日:NA 6.停止過戶起始日期:NA 7.停止過戶截止日期:NA 8.除權（息）基準日:110/07/23 9.其他應敘明事項:因本公司為一人法人股東,故不適用除權息基準日之規定, 合迪(股)公司現金股利發放日為110/08/20,股票股利發放日為110/09/17。 ",https://mops.twse.com.tw/mops/#/web/t05st01,f5feddfe785f2b07a1eed70bcd285028865a4be48ff531db57866508664090c9,0
5871,110,07,110/07/20,14:44:21,2021-07-20 14:44:21,公告本公司決議普通股暨甲種特別股利除權息基準日,distribution,5.0,2021-08-05,,,,False,False,False,False,"1.董事會、股東會決議或公司決定日期:110/07/20 2.除權、息類別（請填入「除權」、「除息」或「除權息」）:除權息 3.發放股利種類及金額: (1)普通股現金股利新台幣6,906,640,155元(每股新台幣5.0元); (2)普通股股票股利新台幣690,664,010元(每股新台幣0.5元) (3)甲種特別股現金股利新台幣181,150,684元; 4.除權（息）交易日:110/08/05 5.最後過戶日:110/08/06 6.停止過戶起始日期:110/08/07 7.停止過戶截止日期:110/08/11 8.除權（息）基準日:110/08/11 9.其他應敘明事項:普通股及甲種特別股之現金股利發放日訂於110/09/03 ",https://mops.twse.com.tw/mops/#/web/t05st01,e465faf6591417d41e1b2807e45ad1226f99f23b28f11bad72577acd35ebf71a,0
5871,110,07,110/07/21,14:36:00,2021-07-21 14:36:00,公告本公司110年06月自結合併損益,capital_change,,,,,,False,True,False,False,"1.事實發生日:110/07/21 2.公司名稱:中租控股股份有限公司 3.與公司關係(請輸入本公司或子公司):本公司 4.相互持股比例:不適用 5.發生緣由:公告本公司110年06月自結合併損益 6.因應措施:無 7.其他應敘明事項:公告本公司110年06月自結合併損益 (單位:新台幣百萬元) ------------------------6月合併損益------------------------------- 未追溯調整 追溯調整後 稅前 稅後 歸屬母公司股東 EPS(元) EPS(元) 3,124.1 2,084.7 1,986.7 1.31 1.24 ---------------------累積1-6月合併損益----------------------------- 未追溯調整 追溯調整後 稅前 稅後 歸屬母公司股東 EPS(元) EPS(元) 16,762.2 10,988.1 10,500.0 7.47 7.11 註： 本期EPS計算已扣除特別股股利計新台幣181,151仟元，並已追 溯調整股票股利每股新台幣0.5元之影響。 ",https://mops.twse.com.tw/mops/#/web/t05st01,10ec042175f784d76d6bbe213a5debb25e27db9fe364bb8b98815db8748a3a99,0
5871,110,08,110/08/05,17:20:12,2021-08-05 17:20:12,"代重要子公司中租迪和股份有限公司公告民國109年度
股利分派除權息基準日及發放日期",distribution,2.55338124,,,,,False,True,False,False,"1.董事會、股東會決議或公司決定日期:110/08/05 2.除權、息類別（請填入「除權」、「除息」或「除權息」）:除權息 3.發放股利種類及金額: 發放股票股利新台幣2,427,000,000元(每股配發新台幣約1.16904699元) 及現金股利新台幣5,300,947,125元(每股配發新台幣約2.55338124元) 4.除權（息）交易日:NA 5.最後過戶日:NA 6.停止過戶起始日期:NA 7.停止過戶截止日期:NA 8.除權（息）基準日:110/08/10 9.其他應敘明事項:因中租迪和(股)公司為一人法人股東,故不適用除權息基準日之規定, 中租迪和(股)公司現金股利發放日為110/08/17,股票股利發放日為110/10/05。 ",https://mops.twse.com.tw/mops/#/web/t05st01,90d27141ac070b8ab57407a5fd24663913ee7ae1be4eea5837ef03bb141f02e2,0
5871,110,08,110/08/19,16:28:05,2021-08-19 16:28:05,"代重要子公司仲利國際租賃有限公司公告民國109年度
股利分派基準日及發放日期",distribution,,,,,,False,True,False,False,"1.董事會、股東會決議或公司決定日期: 110/08/19 2.除權、息類別（請填入「除權」、「除息」或「除權息」）:除息 3.發放股利種類及金額:現金股利人民幣922,411,813.78元 4.除權（息）交易日:NA 5.最後過戶日:NA 6.停止過戶起始日期:NA 7.停止過戶截止日期:NA 8.除權（息）基準日: 110/08/20 9.其他應敘明事項:仲利國際租賃有限公司現金股利發放日為110/08/23。 ",https://mops.twse.com.tw/mops/#/web/t05st01,b8425c2fd8b1f37b1771859a09ade0bb38f22a58423adb534d6491d3123daec4,0
5871,110,08,110/08/23,16:53:16,2021-08-23 16:53:16,"代重要子公司Chailease International Company（UK）
Limited公告董事會決議期中股利分配案",distribution,,,2021-08-23,,,False,True,False,False,"1.董事會決議日期:110/08/23 2.發放股利種類及金額:期中現金股利英鎊3,000仟元。 3.其他應敘明事項: 股利分派預計發放日期為110/08/23。 ",https://mops.twse.com.tw/mops/#/web/t05st01,c37f26665a29a0cf0568cf6e7fd2a3fffe4aa7757e5d666c2d224c6170042a10,0
5871,110,08,110/08/24,14:33:53,2021-08-24 14:33:53,公告本公司110年07月自結合併損益,capital_change,,,,,,False,True,False,False,"1.事實發生日:110/08/24 2.公司名稱:中租控股股份有限公司 3.與公司關係(請輸入本公司或子公司):本公司 4.相互持股比例:不適用 5.發生緣由:公告本公司110年07月自結合併損益 6.因應措施:無 7.其他應敘明事項:公告本公司110年07月自結合併損益 (單位:新台幣百萬元) ------------------------7月合併損益------------------------------- 未追溯調整 追溯調整後 稅前 稅後 歸屬母公司股東 EPS(元) EPS(元) 3,002.3 1,916.9 1,834.7 1.33 1.27 ---------------------累積1-7月合併損益----------------------------- 未追溯調整 追溯調整後 稅前 稅後 歸屬母公司股東 EPS(元) EPS(元) 19,764.5 12,905.1 12,334.7 8.80 8.38 註： EPS計算已扣除特別股股利計新台幣181,151仟元，並已追 溯調整股票股利每股新台幣0.5元之影響。 ",https://mops.twse.com.tw/mops/#/web/t05st01,cb84e27b61857ce74974273abd740786f5884af25a5c6440c72c85cfe1a75e0d,0
5871,110,08,110/08/24,17:25:42,2021-08-24 17:25:42,"代重要子公司Chailease International Company（Malaysia）
Limited公告董事會決議期中股利分配案",distribution,,,2021-08-24,,,False,True,False,False,"1.董事會決議日期:110/08/24 2.發放股利種類及金額:期中現金股利美金2,000仟元 3.其他應敘明事項: 股利分派預計發放日期為110/08/24。 ",https://mops.twse.com.tw/mops/#/web/t05st01,d81646e51811d574ac649658b58520a541cf659475f5d0009155e3114da0176b,0
5871,110,08,110/08/26,16:21:22,2021-08-26 16:21:22,本公司民國110年度第二季合併財務報告業經董事會決議通過,capital_change,,,,,,False,False,False,False,"1.財務報告提報董事會或經董事會決議日期:110/08/26 2.審計委員會通過財務報告日期:110/08/26 3.財務報告報導期間起訖日期(XXX/XX/XX~XXX/XX/XX):110/1/1~110/06/30 4.1月1日累計至本期止營業收入(仟元):34,458,139 5.1月1日累計至本期止營業毛利(毛損) (仟元):25,061,977 6.1月1日累計至本期止營業利益(損失) (仟元): 15,971,184 7.1月1日累計至本期止稅前淨利(淨損) (仟元): 16,762,193 8.1月1日累計至本期止本期淨利(淨損) (仟元): 10,988,135 9.1月1日累計至本期止歸屬於母公司業主淨利(損) (仟元):10,500,005 10.1月1日累計至本期止基本每股盈餘(損失) (元):7.11 11.期末總資產(仟元):645,237,100 12.期末總負債(仟元):541,677,154 13.期末歸屬於母公司業主之權益(仟元):97,896,129 14.其他應敘明事項:無 ",https://mops.twse.com.tw/mops/#/web/t05st01,84038a1546473ea85597afdd18867243c518d88931206d994c29873c920a74d7,0
5871,110,09,110/09/23,14:42:01,2021-09-23 14:42:01,公告本公司110年08月自結合併損益,capital_change,,,,,,False,True,False,False,"1.事實發生日:110/09/23 2.公司名稱:中租控股股份有限公司 3.與公司關係(請輸入本公司或子公司):本公司 4.相互持股比例:不適用 5.發生緣由:公告本公司110年08月自結合併損益 6.因應措施:無 7.其他應敘明事項:公告本公司110年08月自結合併損益 (單位:新台幣百萬元) ------------------------8月合併損益------------------------------- 除權前 除權後 稅前 稅後 歸屬母公司股東 EPS(元) EPS(元) 2,954.9 1,948.0 1,851.4 1.34 1.28 ---------------------累積1-8月合併損益----------------------------- 除權前 除權後 稅前 稅後 歸屬母公司股東 EPS(元) EPS(元) 22,719.4 14,853.1 14,186.1 10.14 9.66 註： EPS計算已扣除特別股股利計新台幣181,151仟元，並已追 溯調整股票股利每股新台幣0.5元之影響。 ",https://mops.twse.com.tw/mops/#/web/t05st01,3d74778ea35427948a805264707e129b9261d83bb66eedb253a684d4cb727224,0
5871,110,09,110/09/28,16:56:32,2021-09-28 16:56:32,"代重要子公司My Leasing(Mauritius) Corp.公告
董事會決議期中股利分配案",distribution,,,2021-09-28,,,False,True,False,False,"1.董事會決議日期:110/09/28 2.發放股利種類及金額:期中現金股利美金44,000仟元。 3.其他應敘明事項: 股利分派預計發放日期為：110/09/28。 ",https://mops.twse.com.tw/mops/#/web/t05st01,480c62c7941eb62fbe7ad3e6a5eb624208e6ca89a767354fa3aa200ea177884e,0
5871,110,09,110/09/29,16:16:44,2021-09-29 16:16:44,"代重要子公司Golden Bridge(B.V.I.) Corp.公告
董事會決議期中股利分配案",distribution,,,2021-09-29,,,False,True,False,False,"1.董事會決議日期:110/09/29 2.發放股利種類及金額:期中現金股利美金43,000仟元。 3.其他應敘明事項: 股利分派預計發放日期為：110/09/29。 ",https://mops.twse.com.tw/mops/#/web/t05st01,6b09e4970e71f3a44be860fc5e467b27c5040eb2d216b436dc4be8d3d32c9bdf,0
5871,110,09,110/09/29,17:58:38,2021-09-29 17:58:38,"代重要子公司中租迪和股份有限公司更正8月5日公告
民國109年度股票股利發放日",distribution,2.55338124,,,,,False,True,False,False,"1.董事會、股東會決議或公司決定日期:110/09/29 2.除權、息類別（請填入「除權」、「除息」或「除權息」）:除權息 3.發放股利種類及金額: 發放股票股利新台幣2,427,000,000元(每股配發新台幣約1.16904699元) 及現金股利新台幣5,300,947,125元(每股配發新台幣約2.55338124元) 4.除權（息）交易日:NA 5.最後過戶日:NA 6.停止過戶起始日期:NA 7.停止過戶截止日期:NA 8.除權（息）基準日:NA 9.其他應敘明事項:因本公司為一人法人股東,故不適用除權息基準日之規定, 原訂中租迪和(股)公司股票股利發放日為110/10/5，現更正為110/10/14。 ",https://mops.twse.com.tw/mops/#/web/t05st01,1a71d4a790707a57cad1ffcb9bf497706a2e8038a6613ae9f24dae2236cdf513,0
5871,110,10,110/10/18,15:17:01,2021-10-18 15:17:01,"中租控股代子公司合迪股份有限公司公告更正110年及109年第2季
合併財務報告附註之資金貸與他人明細表",capital_change,,,,,,False,True,False,False,1.事實發生日:110/10/18 2.更正或重編之財務報告年季:110Q2 3.請說明為更正或重編:更正 4.發生緣由:依據主管機關指示，更正本公司110年及109年第2季合併財務報告 附註之資金貸與他人明細表 5.主管機關限定更正或重編之日期:110/10/18 6.與前次公告財務報告之主要差異:更正財務報告第35~36頁資金貸與限額與總限額 7.因應措施:更正後重新上傳公開資訊觀測站 8.其他應敘明事項:無 ,https://mops.twse.com.tw/mops/#/web/t05st01,8de8d94cc0569dc736a13885c1e1481029a44482e455936fb3b14d773d0d7be8,0
5871,110,10,110/10/25,14:35:51,2021-10-25 14:35:51,公告本公司110年09月自結合併損益,capital_change,,,,,,False,True,False,False,"1.事實發生日:110/10/25 2.公司名稱:中租控股股份有限公司 3.與公司關係(請輸入本公司或子公司):本公司 4.相互持股比例:不適用 5.發生緣由:公告本公司110年09月自結合併損益 6.因應措施:無 7.其他應敘明事項:公告本公司110年09月自結合併損益 (單位:新台幣百萬元) ------------------------9月合併損益------------------------------- 除權前 除權後 稅前 稅後 歸屬母公司股東 EPS(元) EPS(元) 2,895.3 1,943.1 1,842.2 1.33 1.27 ---------------------累積1-9月合併損益----------------------------- 除權前 除權後 稅前 稅後 歸屬母公司股東 EPS(元) EPS(元) 25,614.7 16,796.1 16,028.4 11.47 10.93 註： EPS計算已扣除特別股股利計新台幣181,151仟元，並已追 溯調整股票股利每股新台幣0.5元之影響。 ",https://mops.twse.com.tw/mops/#/web/t05st01,b930ea9abd54a4fa1b3b9f564b50b9130fd40c97047d93c50bf446a8aee5e869,0
5871,110,11,110/11/12,14:37:12,2021-11-12 14:37:12,本公司民國110年度第三季合併財務報告業經董事會決議通過,capital_change,,,,,,False,False,False,False,"1.提報董事會或經董事會決議日期:110/11/12 2.審計委員會通過日期:110/11/12 3.財務報告或年度自結財務資訊報導期間 起訖日期(XXX/XX/XX~XXX/XX/XX):110/1/1~110/09/30 4.1月1日累計至本期止營業收入(仟元):52,769,003 5.1月1日累計至本期止營業毛利(毛損) (仟元):38,514,601 6.1月1日累計至本期止營業利益(損失) (仟元):24,556,223 7.1月1日累計至本期止稅前淨利(淨損) (仟元):25,614,673 8.1月1日累計至本期止本期淨利(淨損) (仟元):16,796,131 9.1月1日累計至本期止歸屬於母公司業主淨利(損) (仟元):16,028,353 10.1月1日累計至本期止基本每股盈餘(損失) (元):10.93 11.期末總資產(仟元):664,992,733 12.期末總負債(仟元):555,886,872 13.期末歸屬於母公司業主之權益(仟元):103,379,491 14.其他應敘明事項:無 ",https://mops.twse.com.tw/mops/#/web/t05st01,5f52a44a9c4750016f70215585b3a2f1012ffda72e92c8c63f3448a4ca535746,0
5871,110,11,110/11/25,14:33:10,2021-11-25 14:33:10,公告本公司110年10月自結合併損益,capital_change,,,,,,False,True,False,False,"1.事實發生日:110/11/25 2.公司名稱:中租控股股份有限公司 3.與公司關係(請輸入本公司或子公司):本公司 4.相互持股比例:不適用 5.發生緣由:公告本公司110年10月自結合併損益 6.因應措施:無 7.其他應敘明事項:公告本公司110年10月自結合併損益 (單位:新台幣百萬元) ------------------------10月合併損益------------------------------- 除權前 除權後 稅前 稅後 歸屬母公司股東 EPS(元) EPS(元) 3,185.1 2,141.7 2,038.2 1.48 1.40 ---------------------累積1-10月合併損益----------------------------- 除權前 除權後 稅前 稅後 歸屬母公司股東 EPS(元) EPS(元) 28,799.8 18,937.8 18,066.6 12.95 12.33 註： EPS計算已扣除特別股股利計新台幣181,151仟元，並已追 溯調整股票股利每股新台幣0.5元之影響。 ",https://mops.twse.com.tw/mops/#/web/t05st01,1244860b5b81428df1c41a142c71f8d060768c89c645f62c9be18506a98b22bb,0
5871,111,04,111/04/15,16:14:59,2022-04-15 16:14:59,"代重要子公司Chailease International Company（UK）
Limited公告董事會決議股利分配案",distribution,,,2022-04-15,,,False,True,False,False,"1.董事會決議日期:111/04/15 2.發放股利種類及金額:現金股利英鎊4,180仟元。 3.其他應敘明事項: 股利分派預計發放日期為111/04/15。 ",https://mops.twse.com.tw/mops/#/web/t05st01,2c2cb05d38e10f16c50ffdad65ef4a2acb95de8fa45ead5472da6de54a8ae0dc,0
5871,111,04,111/04/25,14:36:03,2022-04-25 14:36:03,公告本公司111年3月自結合併損益,capital_change,,,,,,False,True,False,False,"1.事實發生日:111/04/25 2.公司名稱:中租控股股份有限公司 3.與公司關係(請輸入本公司或子公司):本公司 4.相互持股比例:不適用 5.發生緣由:公告本公司111年3月自結合併損益 6.因應措施:無 7.其他應敘明事項:公告本公司111年3月自結合併損益 (單位:新台幣百萬元) ------------------------3月合併損益------------------------ 稅前 稅後 歸屬母公司股東 EPS(元) 4,162.1 3,054.7 2,915.1 2.01 ---------------------累積1-3月合併損益----------------------------- 稅前 稅後 歸屬母公司股東 EPS(元) 10,306.0 7,506.8 7,170.0 4.94 ",https://mops.twse.com.tw/mops/#/web/t05st01,1da8a3b63137c3fcd2a4ed3b495155605c513fdc50a6a783a64e2d078aa7f3a6,0
5871,111,05,111/05/13,15:50:13,2022-05-13 15:50:13,本公司民國111年度第一季合併財務報告業經董事會決議通過,capital_change,,,,,,False,False,False,False,"1.提報董事會或經董事會決議日期:111/05/13 2.審計委員會通過日期:111/05/13 3.財務報告或年度自結財務資訊報導期間 起訖日期(XXX/XX/XX~XXX/XX/XX):111/01/01~111/03/31 4.1月1日累計至本期止營業收入(仟元):19,926,045 5.1月1日累計至本期止營業毛利(毛損) (仟元):14,367,733 6.1月1日累計至本期止營業利益(損失) (仟元):9,354,331 7.1月1日累計至本期止稅前淨利(淨損) (仟元):10,306,010 8.1月1日累計至本期止本期淨利(淨損) (仟元):7,506,772 9.1月1日累計至本期止歸屬於母公司業主淨利(損) (仟元):7,169,996 10.1月1日累計至本期止基本每股盈餘(損失) (元):4.94 11.期末總資產(仟元):763,928,857 12.期末總負債(仟元):636,919,048 13.期末歸屬於母公司業主之權益(仟元):119,308,753 14.其他應敘明事項:無 ",https://mops.twse.com.tw/mops/#/web/t05st01,48f337fc816bc6cb4d6d9f2a10c240afc1dd628f00a4075f6eb00200bdb50756,0
5871,111,05,111/05/24,18:01:15,2022-05-24 18:01:15,公告本公司決議普通股暨甲種特別股利除權息基準日,distribution,6.0,2022-06-22,,,,True,False,False,False,"1.董事會、股東會決議或公司決定日期:111/05/24 2.除權、息類別（請填入「除權」、「除息」或「除權息」）:除權息 3.發放股利種類及金額: (1)普通股現金股利新台幣8,702,366,592元(每股新台幣6.0元); (2)普通股股票股利新台幣725,197,210元(每股新台幣0.5元) (3)甲種特別股現金股利新台幣570,000,000元; 4.除權（息）交易日:111/06/22 5.最後過戶日:111/06/23 6.停止過戶起始日期:111/06/24 7.停止過戶截止日期:111/06/28 8.除權（息）基準日:111/06/28 9.其他應敘明事項:普通股及甲種特別股之現金股利發放日訂於111/07/26 ",https://mops.twse.com.tw/mops/#/web/t05st01,2929c047a59ab9e80f9a75b0d45cbeb6227d782f021f507f57ea719de217b264,0
5871,111,05,111/05/25,14:44:44,2022-05-25 14:44:44,公告本公司111年4月自結合併損益,capital_change,,,,,,False,True,False,False,"1.事實發生日:111/05/25 2.公司名稱:中租控股股份有限公司 3.與公司關係(請輸入本公司或子公司):本公司 4.相互持股比例:不適用 5.發生緣由:公告本公司111年4月自結合併損益 6.因應措施:無 7.其他應敘明事項:公告本公司111年4月自結合併損益 (單位:新台幣百萬元) ------------------------4月合併損益------------------------ 稅前 稅後 歸屬母公司股東 EPS(元) 3,237.0 2,339.7 2,245.5 1.55 ---------------------累積1-4月合併損益----------------------------- 稅前 稅後 歸屬母公司股東 EPS(元) 13,543.0 9,846.5 9,415.5 6.49 ",https://mops.twse.com.tw/mops/#/web/t05st01,071e0901775a7249dccce30526005b3c37f921c0d233fb36d52e692b152587e4,0
5871,111,06,111/06/06,16:24:50,2022-06-06 16:24:50,"代重要子公司仲利國際租賃有限公司公告民國110年度
股利分派基準日及發放日期",distribution,,,,,,False,True,False,False,"1.董事會、股東會決議或公司決定日期:111/06/06 2.除權、息類別（請填入「除權」、「除息」或「除權息」）:除息 3.發放股利種類及金額:現金股利人民幣1,124,440,748.14元 4.除權（息）交易日:NA 5.最後過戶日:NA 6.停止過戶起始日期:NA 7.停止過戶截止日期:NA 8.除權（息）基準日:111/06/07 9.其他應敘明事項:仲利國際租賃有限公司現金股利發放日為111/06/08。 ",https://mops.twse.com.tw/mops/#/web/t05st01,b499b855d1de8fd839a615f6e97eb0d4103fe4da7e31dd72e6ae5518bbce3763,0
5871,111,06,111/06/23,14:34:22,2022-06-23 14:34:22,公告本公司111年5月自結合併損益,capital_change,,,,,,False,True,False,False,"1.事實發生日:111/06/23 2.公司名稱:中租控股股份有限公司 3.與公司關係(請輸入本公司或子公司):本公司 4.相互持股比例:不適用 5.發生緣由:公告本公司111年5月自結合併損益 6.因應措施:無 7.其他應敘明事項:公告本公司111年5月自結合併損益 (單位:新台幣百萬元) ------------------------5月合併損益--------------------------------- 未追溯調整 追溯調整後 稅前 稅後 歸屬母公司股東 EPS(元) EPS(元) 3,320.6 2,394.1 2,283.0 1.18 1.13 ---------------------累積1-5月合併損益------------------------------ 未追溯調整 追溯調整後 稅前 稅後 歸屬母公司股東 EPS(元) EPS(元) 16,863.6 12,240.6 11,698.5 7.67 7.31 註： EPS計算已扣除特別股股利計新台幣570,000仟元，並已追 溯調整股票股利每股新台幣0.5元之影響。 ",https://mops.twse.com.tw/mops/#/web/t05st01,a198cf28fe818540fc2125704f13cc8e00bccd66ddf0177b811730fbfa21a6e5,0
5871,111,06,111/06/24,15:32:59,2022-06-24 15:32:59,"代重要子公司Chailease International Company（Malaysia）
Limited公告董事會決議股利分配案",distribution,,,2022-07-04,,,False,True,False,False,"1.董事會決議日期:111/06/24 2.發放股利種類及金額:110年度現金股利美金86,000仟元。 3.其他應敘明事項: 股利分派預計發放日期為111/07/04。 ",https://mops.twse.com.tw/mops/#/web/t05st01,5c040fcdcabdaae74bfcb18694a3613bd941b9cefc9672323f00d83d4e701dd0,0
5871,111,07,111/07/12,16:26:25,2022-07-12 16:26:25,"中租控股代子公司合迪股份有限公司公告
股東會決議調整110年度盈餘分派案配股配息率",distribution,0.00034848,,,,,False,True,False,False,"1.董事會或股東會決議日期:111/07/12 2.原發放股利種類及金額:股票股利新台幣3,914,000,000元(每股配發新台幣 約3.85122503元)及現金股利新台幣354,157元(每股配發新台幣 約0.00034848元) 3.變更後發放股利種類及金額:股票股利新台幣3,914,000,000元(每股配發新台幣 約3.35591186元)及現金股利新台幣354,157元(每股配發新台幣 約0.00030366元) 4.變更原因:本公司業經111/05/17經股東會決議通過，依111/03/22董事會決議日 流通在外股數1,016,300,000股計算，發放股票股利新台幣3,914,000,000元(每股 配發新台幣約3.85122503元)及現金股利新台幣354,157元(每股配發新台幣 約0.00034848元)。茲因本公司於111/02/08經董事會決議辦理私募普通股增資 150,000,000股，並於111/03/08完成私募普通股增資收足股款，依111/03/08增資 後股數1,166,300,000股計算，股票股利配股率調整為每股配發新台幣約3.35591186元， 現金股利配息率調整為每股配發新台幣約0.00030366元。 5.其他應敘明事項:合迪(股)公司股東僅法人股東一人，其股東會職權由董事會代行。 ",https://mops.twse.com.tw/mops/#/web/t05st01,b9337e761060141ce67c68268a0fc70212061d8faba3c03b91274c4f0b70a6b2,0
5871,111,07,111/07/19,18:10:28,2022-07-19 18:10:28,"代重要子公司合迪股份有限公司公告民國110年度股利分派
除權息基準日及發放日期",distribution,0.00034848,,,,,False,True,False,False,"1.董事會、股東會決議或公司決定日期:111/07/19 2.除權、息類別（請填入「除權」、「除息」或「除權息」）:除權息 3.發放股利種類及金額:發放股票股利新台幣3,914,000,000元(每股配發新台幣 約3.85122503元)及現金股利新台幣354,157元(每股配發新台幣約0.00034848元) 4.除權（息）交易日:NA 5.最後過戶日:NA 6.停止過戶起始日期:NA 7.停止過戶截止日期:NA 8.除權（息）基準日:111/07/22 9.其他應敘明事項:因本公司為一人法人股東,故不適用除權息基準日之規定, 合迪(股)公司現金股利發放日為111/08/19,股票股利發放日為111/09/16。 ",https://mops.twse.com.tw/mops/#/web/t05st01,51ac129260bf273d120456fbf12987a6b17f396eb4fdcfbf7f4b74955c67733b,0
5871,111,07,111/07/21,15:56:04,2022-07-21 15:56:04,"中租控股代子公司中租迪和股份有限公司公告
股東會決議調整110年度盈餘分派案配股配息率",distribution,0.43452414,,,,,False,True,False,False,"1.董事會或股東會決議日期:111/07/21 2.原發放股利種類及金額:股票股利新台幣9,462,000,000元(每股配發新台幣 約3.90588235元)及現金股利新台幣1,052,634,729元(每股配發新台幣 約0.43452414元) 3.變更後發放股利種類及金額:股票股利新台幣9,462,000,000元(每股配發新台幣 約3.47548209元)及現金股利新台幣1,052,634,729元(每股配發新台幣 約0.38664269元) 4.變更原因:本公司業經111/05/17經股東會決議通過，依111/03/22董事會決議日 流通在外股數2,422,500,000股計算，發放股票股利新台幣9,462,000,000元(每股 配發新台幣約3.90588235元)及現金股利新台幣1,052,634,729元(每股配發新台幣 約0.43452414元)。茲因本公司於111/03/29經董事會決議辦理私募普通股增資 300,000,000股，並於111/06/17完成私募普通股增資收足股款，依111/06/17增資 後股數2,722,500,000股計算，股票股利配股率調整為每股配發新台幣約3.47548209元， 現金股利配息率調整為每股配發新台幣約0.38664269元。 5.其他應敘明事項: 中租迪和(股)公司股東僅法人股東一人，其股東會職權由董事會代行。 ",https://mops.twse.com.tw/mops/#/web/t05st01,d6b9e85e08e5fbf6f43d404e6eedc71684739c5a16a8961f8b3ef32bc77241ee,0
5871,111,07,111/07/22,18:42:27,2022-07-22 18:42:27,"代子公司My Leasing (Mauritius) Corp.公告董事會決議
辦理減資",capital_change,,,,2022-07-22,,False,True,False,False,"1.董事會決議日期:111/07/22 2.減資緣由:配合集團組織架構調整辦理減資 3.減資金額:US$481,721,000 4.消除股份:260,936,958股 5.減資比率:91.35% 6.減資後股本:US$24,717,889 7.預定股東會日期:111/07/22 8.預計減資新股上市後之上市普通股股數:不適用 9.預計減資新股上市後之上市普通股股數占已發行普通股比率 （減資後上市普通股股數/減資後已發行普通股股數）:不適用 10.前二項預計減資後上巿普通股股數未達6000萬股且未達25%者， 請說明股權流通性偏低之因應措施:不適用 11.減資基準日:111/07/22 12.其他應敘明事項:本次減資由該子公司應收處分大陸子公司款項及現金沖抵。 ",https://mops.twse.com.tw/mops/#/web/t05st01,6fb4733a6cfbf1f6b8c2adf98c6c1aa498ce1313b8a52663fec417adf959a8ca,0
5871,111,07,111/07/25,14:37:24,2022-07-25 14:37:24,公告本公司111年6月自結合併損益,capital_change,,,,,,False,True,False,False,"1.事實發生日:111/07/25 2.公司名稱:中租控股股份有限公司 3.與公司關係(請輸入本公司或子公司):本公司 4.相互持股比例:不適用 5.發生緣由:公告本公司111年6月自結合併損益 6.因應措施:無 7.其他應敘明事項:公告本公司111年6月自結合併損益 (單位:新台幣百萬元) ------------------------6月合併損益--------------------------------- 未追溯調整 追溯調整後 稅前 稅後 歸屬母公司股東 EPS(元) EPS(元) 3,414.1 2,493.4 2,385.4 1.65 1.56 ---------------------累積1-6月合併損益------------------------------ 未追溯調整 追溯調整後 稅前 稅後 歸屬母公司股東 EPS(元) EPS(元) 20,277.6 14,734.0 14,083.9 9.32 8.87 註： EPS計算已扣除特別股股利計新台幣570,000仟元，並已追 溯調整股票股利每股新台幣0.5元之影響。 ",https://mops.twse.com.tw/mops/#/web/t05st01,c4c4f9db882ef72707e14dac109adf08ef596846d020a96331831df2263c5a44,0
5871,111,10,111/10/25,14:38:58,2022-10-25 14:38:58,公告本公司111年9月自結合併損益,capital_change,,,,,,False,True,False,False,"1.事實發生日:111/10/25 2.公司名稱:中租控股股份有限公司 3.與公司關係(請輸入本公司或子公司):本公司 4.相互持股比例:不適用 5.發生緣由:公告本公司111年9月自結合併損益 6.因應措施:無 7.其他應敘明事項:公告本公司111年9月自結合併損益 (單位:新台幣百萬元) ------------------------9月合併損益--------------------------------- 除權前 除權後 稅前 稅後 歸屬母公司股東 EPS(元) EPS(元) 3,092.9 2,216.9 2,124.7 1.41 1.34 ---------------------累積1-9月合併損益------------------------------ 除權前 除權後 稅前 稅後 歸屬母公司股東 EPS(元) EPS(元) 30,256.7 22,026.6 21,093.5 13.97 13.31 註： 1.EPS計算已扣除特別股股利計新台幣570,000仟元，並已追 溯調整股票股利每股新台幣0.5元之影響。 2.9月EPS係依9月加權平均流通在外股數計算；1~9月EPS係 依1~9月加權平均流通在外股數計算。 3.111/7/6發行GDRs，普通股股數增加60,000,000股。 ",https://mops.twse.com.tw/mops/#/web/t05st01,bcf90ca10a35017aeda65fdafbfec074ca210fe170f0d630fc02925f8ea34447,0
5871,111,11,111/11/08,18:23:41,2022-11-08 18:23:41,"代重要子公司中租迪和股份有限公司更正9月8日公告
民國110年度股票股利發放日",distribution,0.38664269,,,,,False,True,False,False,"1.董事會、股東會決議或公司決定日期:111/11/08 2.除權、息類別（請填入「除權」、「除息」或「除權息」）:除權息 3.發放股利種類及金額: 發放股票股利新台幣9,462,000,000元(每股配發新台幣約3.47548209元) 及現金股利新台幣1,052,634,729元(每股配發新台幣約0.38664269元) 4.除權（息）交易日:NA 5.最後過戶日:NA 6.停止過戶起始日期:NA 7.停止過戶截止日期:NA 8.除權（息）基準日:NA 9.其他應敘明事項:因本公司為一人法人股東,故不適用除權息基準日之規定, 原訂中租迪和(股)公司股票股利發放日為111/11/10，現更正為111/11/30。 ",https://mops.twse.com.tw/mops/#/web/t05st01,1de83a2f628945e1c93ce3e94db52f43fd9013b77e65e79c9e2b2e1fb7dc53bb,0
5871,111,11,111/11/11,15:32:58,2022-11-11 15:32:58,本公司民國111年度第三季合併財務報告業經董事會決議通過,capital_change,,,,,,False,False,False,False,"1.提報董事會或經董事會決議日期:111/11/11 2.審計委員會通過日期:111/11/11 3.財務報告或年度自結財務資訊報導期間 起訖日期(XXX/XX/XX~XXX/XX/XX):111/01/01~111/09/30 4.1月1日累計至本期止營業收入(仟元):63,401,510 5.1月1日累計至本期止營業毛利(毛損) (仟元):45,276,005 6.1月1日累計至本期止營業利益(損失) (仟元):28,674,609 7.1月1日累計至本期止稅前淨利(淨損) (仟元):30,256,667 8.1月1日累計至本期止本期淨利(淨損) (仟元):22,026,555 9.1月1日累計至本期止歸屬於母公司業主淨利(損) (仟元):21,093,468 10.1月1日累計至本期止基本每股盈餘(損失) (元):13.31 11.期末總資產(仟元):831,545,078 12.期末總負債(仟元):686,811,141 13.期末歸屬於母公司業主之權益(仟元):136,375,104 14.其他應敘明事項:無 ",https://mops.twse.com.tw/mops/#/web/t05st01,bfedbf6615410ff8b0c6916ccf0a859196e6f8f9ae86be89a658c79adf4e655c,0
5871,111,11,111/11/24,14:36:27,2022-11-24 14:36:27,公告本公司111年10月自結合併損益,capital_change,,,,,,False,True,False,False,"1.事實發生日:111/11/24 2.公司名稱:中租控股股份有限公司 3.與公司關係(請輸入本公司或子公司):本公司 4.相互持股比例:不適用 5.發生緣由:公告本公司111年10月自結合併損益 6.因應措施:無 7.其他應敘明事項:公告本公司111年10月自結合併損益 (單位:新台幣百萬元) ------------------------10月合併損益--------------------------------- 除權前 除權後 稅前 稅後 歸屬母公司股東 EPS(元) EPS(元) 3,258.8 2,284.0 2,196.8 1.45 1.39 ---------------------累積1-10月合併損益------------------------------ 除權前 除權後 稅前 稅後 歸屬母公司股東 EPS(元) EPS(元) 33,515.5 24,310.6 23,290.3 15.42 14.69 註： 1.EPS計算已扣除特別股股利計新台幣570,000仟元，並已追 溯調整股票股利每股新台幣0.5元之影響。 2.10月EPS係依10月加權平均流通在外股數計算；1~10月EPS係 依1~10月加權平均流通在外股數計算。 3.111/7/6發行GDRs，普通股股數增加60,000,000股。 ",https://mops.twse.com.tw/mops/#/web/t05st01,a215f0d61cfcda066bdcd752f82035e3b6c213c7c0bbb50d5147a58ff1073bed,0
5871,111,12,111/12/22,14:40:11,2022-12-22 14:40:11,公告本公司111年11月自結合併損益,capital_change,,,,,,False,True,False,False,"1.事實發生日:111/12/22 2.公司名稱:中租控股股份有限公司 3.與公司關係(請輸入本公司或子公司):本公司 4.相互持股比例:不適用 5.發生緣由:公告本公司111年11月自結合併損益 6.因應措施:無 7.其他應敘明事項:公告本公司111年11月自結合併損益 (單位:新台幣百萬元) ------------------------11月合併損益--------------------------------- 除權前 除權後 稅前 稅後 歸屬母公司股東 EPS(元) EPS(元) 3,126.5 2,177.2 2,065.7 1.37 1.31 ---------------------累積1-11月合併損益------------------------------ 除權前 除權後 稅前 稅後 歸屬母公司股東 EPS(元) EPS(元) 36,641.9 26,487.8 25,356.0 16.78 16.00 註： 1.EPS計算已扣除特別股股利計新台幣570,000仟元，並已追 溯調整股票股利每股新台幣0.5元之影響。 2.11月EPS係依11月加權平均流通在外股數計算；1~11月EPS係 依1~11月加權平均流通在外股數計算。 3.111/7/6發行GDRs，普通股股數增加60,000,000股。 ",https://mops.twse.com.tw/mops/#/web/t05st01,98b939019014febb4478755c7da98720871e494bb83946852e8fb4c9194cfc60,0
5871,112,11,112/11/10,18:06:13,2023-11-10 18:06:13,本公司民國112年度第三季合併財務報告業經董事會決議通過,capital_change,,,,,,False,False,False,False,"1.提報董事會或經董事會決議日期:112/11/10 2.審計委員會通過日期:112/11/10 3.財務報告或年度自結財務資訊報導期間 起訖日期(XXX/XX/XX~XXX/XX/XX):112/01/01~112/9/30 4.1月1日累計至本期止營業收入(仟元):72,461,883 5.1月1日累計至本期止營業毛利(毛損) (仟元):48,455,732 6.1月1日累計至本期止營業利益(損失) (仟元):25,174,900 7.1月1日累計至本期止稅前淨利(淨損) (仟元):28,005,474 8.1月1日累計至本期止本期淨利(淨損) (仟元):20,156,129 9.1月1日累計至本期止歸屬於母公司業主淨利(損) (仟元):19,296,234 10.1月1日累計至本期止基本每股盈餘(損失) (元):11.60 11.期末總資產(仟元):932,011,833 12.期末總負債(仟元):772,213,581 13.期末歸屬於母公司業主之權益(仟元):150,493,511 14.其他應敘明事項:無 ",https://mops.twse.com.tw/mops/#/web/t05st01,bd3fc1c249d908b9f7f5a21540fca3ff68a28382609131043811bc5a05f2a673,0
5871,112,11,112/11/23,14:42:23,2023-11-23 14:42:23,公告本公司112年10月自結合併損益,capital_change,,,,,,False,True,False,False,"1.事實發生日:112/11/23 2.公司名稱:中租控股股份有限公司 3.與公司關係(請輸入本公司或子公司):本公司 4.相互持股比例:不適用 5.發生緣由:公告本公司112年10月自結合併損益 6.因應措施:無 7.其他應敘明事項(若事件發生或決議之主體係屬公開發行以上公司，本則重大訊息同時 符合證券交易法施行細則第7條第9款所定對股東權益或證券價格有重大影響之事項): 公告本公司112年10月自結合併損益 (單位:新台幣百萬元) ------------------------10月合併損益--------------------------------- 未追溯調整 追溯調整後 稅前 稅後 歸屬母公司股東 EPS(元) EPS(元) 2,912.8 2,046.2 1,961.6 1.24 1.21 ---------------------累積1-10月合併損益------------------------------ 未追溯調整 追溯調整後 稅前 稅後 歸屬母公司股東 EPS(元) EPS(元) 30,918.3 22,202.3 21,257.9 13.07 12.81 註： EPS計算已扣除特別股股利計新台幣570,000仟元，並已追 溯調整股票股利每股新台幣0.2元之影響。 ",https://mops.twse.com.tw/mops/#/web/t05st01,9fe794117330f41ba9848518370fb8319699ba96a5b6fca6b8b0645b98b41e30,0
5871,112,12,112/12/25,14:31:26,2023-12-25 14:31:26,公告本公司112年11月自結合併損益,capital_change,,,,,,False,True,False,False,"1.事實發生日:112/12/25 2.公司名稱:中租控股股份有限公司 3.與公司關係(請輸入本公司或子公司):本公司 4.相互持股比例:不適用 5.發生緣由:公告本公司112年11月自結合併損益 6.因應措施:無 7.其他應敘明事項(若事件發生或決議之主體係屬公開發行以上公司，本則重大訊息同時 符合證券交易法施行細則第7條第9款所定對股東權益或證券價格有重大影響之事項): 公告本公司112年11月自結合併損益 (單位:新台幣百萬元) ------------------------11月合併損益--------------------------------- 未追溯調整 追溯調整後 稅前 稅後 歸屬母公司股東 EPS(元) EPS(元) 2,778.5 2,019.4 1,946.6 1.23 1.21 ---------------------累積1-11月合併損益------------------------------ 未追溯調整 追溯調整後 稅前 稅後 歸屬母公司股東 EPS(元) EPS(元) 33,696.8 24,221.7 23,204.5 14.30 14.02 註： EPS計算已扣除特別股股利計新台幣570,000仟元，並已追 溯調整股票股利每股新台幣0.2元之影響。 ",https://mops.twse.com.tw/mops/#/web/t05st01,d577a264ee9593c494faef71bd8eecaa6ce73d9bb85ba595abee14c08b37782b,0
5871,113,01,113/01/25,15:59:10,2024-01-25 15:59:10,公告本公司112年12月自結合併損益,capital_change,,,,,,False,True,False,False,"1.事實發生日:113/01/25 2.公司名稱:中租控股股份有限公司 3.與公司關係(請輸入本公司或子公司):本公司 4.相互持股比例:不適用 5.發生緣由:公告本公司112年12月自結合併損益 6.因應措施:無 7.其他應敘明事項(若事件發生或決議之主體係屬公開發行以上公司，本則重大訊息同時 符合證券交易法施行細則第7條第9款所定對股東權益或證券價格有重大影響之事項): 公告本公司112年12月自結合併損益 (單位:新台幣百萬元) ------------------------12月合併損益--------------------------------- 未追溯調整 追溯調整後 稅前 稅後 歸屬母公司股東 EPS(元) EPS(元) 2,545.4 1,820.2 1,820.4 1.15 1.13 ---------------------累積1-12月合併損益------------------------------ 未追溯調整 追溯調整後 稅前 稅後 歸屬母公司股東 EPS(元) EPS(元) 36,242.1 26,041.9 25,024.9 15.45 15.15 註： EPS計算已扣除特別股股利計新台幣570,000仟元，並已追 溯調整股票股利每股新台幣0.2元之影響。 ",https://mops.twse.com.tw/mops/#/web/t05st01,f2b7b4dedd907654647004273d3bd8cc56159be21054a373ef021fecd79fcbd2,0
5880,107,10,107/10/05,14:24:57,2018-10-05 14:24:57,代子公司合作金庫商業銀行公告107年9月份自結合併盈餘,capital_change,,,,,,False,True,False,False,"1.事實發生日:107/10/05 2.公司名稱:合作金庫商業銀行 3.與公司關係(請輸入本公司或子公司):子公司 4.相互持股比例:本公司100%持股子公司 5.發生緣由:公告合作金庫商業銀行107年9月份自結合併盈餘。 6.因應措施:不適用 7.其他應敘明事項: 合作金庫商業銀行公告9月份合併提存前盈餘為16.55億元，於提存呆帳費用及 保證責任準備1.65億元後，9月份帳列合併稅前盈餘為14.90億元，合併稅後盈餘 為13.08億元，本年度截至9月底止累計合併稅前盈餘為134.68億元，累計合併稅後 盈餘為113.75億元；以9月底加權平均流通在外股數計算，累計每股稅前盈餘為1.49元 ，累計每股稅後盈餘為1.26元。107年9月底之淨值為2,082.09億元，按實際已發行 股數90.310億股計算，每股淨值為23.05元。 以上數字係合作金庫商業銀行自行結算金額。 ",https://mops.twse.com.tw/mops/#/web/t05st01,9840fed3af657895bc67476735430a1a396b416cb17c497a0409cc7f094029e9,0
5880,107,10,107/10/08,18:52:23,2018-10-08 18:52:23,公告本公司暨主要子公司107年9月份自結合併盈餘,capital_change,,,,,,False,True,False,False,"1.事實發生日:107/10/08 2.公司名稱:合作金庫金融控股股份有限公司 3.與公司關係(請輸入本公司或子公司):本公司 4.相互持股比例:無 5.發生緣由:同主旨 6.因應措施:不適用 7.其他應敘明事項: 當月自結 當月自結 累計稅前 累計稅後 累計每股 稅前淨利 稅後淨利 淨利 淨利 稅後淨利 (仟元) (仟元) (仟元) (仟元) (元) 合庫金控(合併) 1,591,849 1,393,054 14,862,804 12,592,618 0.97 合庫銀行(合併) 1,490,360 1,307,718 13,467,867 11,374,906 1.26 合庫資產(合併) 17,566 13,552 317,105 269,599 0.95 合庫票券(個別) 33,499 33,499 383,014 377,911 1.00 合庫證券(個別) -790 -5,463 78,110 55,168 0.12 合庫人壽(個別) 93,698 86,257 803,308 682,804 1.02 合庫投信(個別) 132 132 -2,573 -2,573 -0.08 註：上述集團獲利資料係屬自結數字，未經會計師查核或核閱；金控合併累計稅後 淨利歸屬於母公司業主為12,253,053仟元、非控制權益為339,565仟元。 ",https://mops.twse.com.tw/mops/#/web/t05st01,5909b709a2d151945792661cfbbf35b77799c6657423b6636ced9773f7695bc4,0
5880,107,11,107/11/05,18:00:49,2018-11-05 18:00:49,代子公司合作金庫商業銀行公告107年10月份自結合併盈餘,capital_change,,,,,,False,True,False,False,"1.事實發生日:107/11/05 2.公司名稱:合作金庫商業銀行 3.與公司關係(請輸入本公司或子公司):子公司 4.相互持股比例:本公司100%持股子公司 5.發生緣由:公告合作金庫商業銀行107年10月份自結合併盈餘。 6.因應措施:不適用 7.其他應敘明事項: 合作金庫商業銀行公告10月份合併提存前盈餘為18.05億元，於提存呆帳費用及 保證責任準備3.49億元後，10月份帳列合併稅前盈餘為14.56億元，合併稅後盈餘 為12.41億元，本年度截至10月底止累計合併稅前盈餘為149.24億元，累計合併稅後 盈餘為126.16億元；以10月底加權平均流通在外股數計算，累計每股稅前盈餘為1.65元 ，累計每股稅後盈餘為1.40元。107年10月底之淨值為2,083.35億元，按實際已發行 股數90.310億股計算，每股淨值為23.07元。 以上數字係合作金庫商業銀行自行結算金額。 ",https://mops.twse.com.tw/mops/#/web/t05st01,9c1405532739b16c2ba78fbc6fee57bf85592d32c33edbf783b378f35c9bfdaf,0
5880,107,11,107/11/09,14:53:22,2018-11-09 14:53:22,公告本公司暨主要子公司107年10月份自結合併盈餘,capital_change,,,,,,False,True,False,False,"1.事實發生日:107/11/09 2.公司名稱:合作金庫金融控股股份有限公司 3.與公司關係(請輸入本公司或子公司):本公司 4.相互持股比例:無 5.發生緣由:同主旨 6.因應措施:不適用 7.其他應敘明事項: 當月自結 當月自結 累計稅前 累計稅後 累計每股 稅前淨利 稅後淨利 淨利 淨利 稅後淨利 (仟元) (仟元) (仟元) (仟元) (元) 合庫金控(合併) 1,469,121 1,226,879 16,331,925 13,819,497 1.07 合庫銀行(合併) 1,455,729 1,240,797 14,923,596 12,615,704 1.40 合庫資產(合併) 32,172 24,433 349,277 294,032 1.04 合庫票券(個別) 32,575 32,575 415,588 410,486 1.07 合庫證券(個別) -57,633 -62,059 20,477 -6,891 -0.01 合庫人壽(個別) 77,860 62,732 881,168 745,536 1.11 合庫投信(個別) 2,679 2,679 106 106 0.00 註：上述集團獲利資料係屬自結數字，未經會計師查核或核閱；金控合併累計稅後 淨利歸屬於母公司業主為13,448,689仟元、非控制權益為370,808仟元。 ",https://mops.twse.com.tw/mops/#/web/t05st01,bff80c8294df39f9bb3d8a7caeb8ae8b70aab1c66d6e747af28a500f39191b6e,0
5880,107,12,107/12/05,16:36:08,2018-12-05 16:36:08,代子公司合作金庫商業銀行公告107年11月份自結合併盈餘,capital_change,,,,,,False,True,False,False,"1.事實發生日:107/12/05 2.公司名稱:合作金庫商業銀行 3.與公司關係(請輸入本公司或子公司):子公司 4.相互持股比例:本公司100%持股子公司 5.發生緣由:公告合作金庫商業銀行107年11月份自結合併盈餘。 6.因應措施:不適用 7.其他應敘明事項: 合作金庫商業銀行公告11月份合併提存前盈餘為17.71億元，於提存呆帳費用及 保證責任準備6.20億元後，11月份帳列合併稅前盈餘為11.51億元，合併稅後盈餘 為11.01億元，本年度截至11月底止累計合併稅前盈餘為160.74億元，累計合併稅後 盈餘為137.16億元；以11月底加權平均流通在外股數計算，累計每股稅前盈餘為1.78元 ，累計每股稅後盈餘為1.52元。107年11月底之淨值為2,090.20億元，按實際已發行 股數90.310億股計算，每股淨值為23.14元。 以上數字係合作金庫商業銀行自行結算金額。 ",https://mops.twse.com.tw/mops/#/web/t05st01,563c44b5202580393a5758f3ed8c46f3b63b58df7e60d71e20c6451b56333149,0
5880,107,12,107/12/10,18:05:47,2018-12-10 18:05:47,公告本公司暨主要子公司107年11月份自結合併盈餘,capital_change,,,,,,False,True,False,False,"1.事實發生日:107/12/10 2.公司名稱:合作金庫金融控股股份有限公司 3.與公司關係(請輸入本公司或子公司):本公司 4.相互持股比例:無 5.發生緣由:同主旨 6.因應措施:不適用 7.其他應敘明事項: 當月自結 當月自結 累計稅前 累計稅後 累計每股 稅前淨利 稅後淨利 淨利 淨利 稅後淨利 (仟元) (仟元) (仟元) (仟元) (元) 合庫金控(合併) 1,235,461 1,184,533 17,567,386 15,004,030 1.16 合庫銀行(合併) 1,150,762 1,100,626 16,074,358 13,716,330 1.52 合庫資產(合併) 4,850 2,904 354,127 296,936 1.05 合庫票券(個別) 24,259 25,858 439,848 436,344 1.13 合庫證券(個別) -37,754 -37,683 -17,277 -44,574 -0.09 合庫人壽(個別) 87,142 77,199 968,310 822,735 1.22 合庫投信(個別) 2,479 2,479 2,585 2,585 0.09 註：上述集團獲利資料係屬自結數字，未經會計師查核或核閱；金控合併累計稅後 淨利歸屬於母公司業主為14,594,861仟元、非控制權益為409,169仟元。 ",https://mops.twse.com.tw/mops/#/web/t05st01,69e2d5066239e826bdfbbb29f9d4e7fc123d25f3ecadd1064ada9f7e1a606c06,0
6104,109,11,109/11/05,15:39:48,2020-11-05 15:39:48,"公告本公司董事會決議通過109年
第3季合併財務報告",capital_change,,,,,,False,False,False,False,"1.財務報告提報董事會或經董事會決議日期:109/11/05 2.審計委員會通過財務報告日期:不適用 3.財務報告年季:109年第3季 4.報導期間累計營業收入(仟元):1,936,661 5.報導期間累計營業毛利(損) (仟元):900,982 6.報導期間累計營業淨利(損) (仟元):315,631 7.報導期間累計稅前淨利(損) (仟元):306,174 8.報導期間歸屬於母公司累計淨利(損) (仟元):283,650 9.報導期間累計基本每股盈餘(損失) (元):3.16 10.報導期間期末總資產(仟元):2,488,923 11.報導期間期末總負債(仟元):964,138 12.報導期間期末歸屬於母公司業主之權益(仟元):1,523,896 13.其他應敘明事項:無 ",https://mops.twse.com.tw/mops/#/web/t05st01,313816cc3953a0178624b8421001d24e3fe0c23590c3f6e20d670c4a91e11712,0
6104,109,11,109/11/05,15:41:08,2020-11-05 15:41:08,"公告本公司董事會決議註銷收回已發行之限制員工權利新股
暨訂定減資基準日",capital_change,,,,,,False,True,False,False,"1.董事會決議日期:109/11/05 2.減資緣由:因獲配限制員工權利新股之員工未達既得條件,本公司董事會決議收回 已發行之限制員工權利新股辦理註銷減資。 3.減資金額:5,040,000元 4.消除股份:504,000股 5.減資比率:0.555169% 6.減資後股本:902,791,840元 7.預定股東會日期:NA 8.預計減資新股上櫃後之上櫃普通股股數:不適用 9.預計減資新股上櫃後之上櫃普通股股數占已發行普通股比率 （減資後上櫃普通股股數/減資後已發行普通股):不適用 10.前二項預計減資後上櫃普通股股數未達500萬股且未達25%者，請說明 股權流通性偏低之因應措施:不適用 11.減資基準日:109年11月6日 12.其他應敘明事項:無 ",https://mops.twse.com.tw/mops/#/web/t05st01,345fb380c95c37d10259ff9bdb3f6d1d6820722e4c176564063d349878c4fff5,0
6104,109,12,109/12/09,16:19:16,2020-12-09 16:19:16,本公司收回已發行之限制員工權利新股註銷減資變更登記完成,capital_change,,,,,,False,True,False,False,"1.主管機關核准減資日期:109/12/07 2.辦理資本變更登記完成日期:109/12/07 3.對財務報告之影響（含實收資本額與流通在外股數之差異與對每股淨值之影響）: (1)收回已發行之限制員工權利新股註銷減資前：本公司實收資本額為新台幣 907,831,840元，股數為90,783,184股，每股淨值為新台幣16.79元。 (2)收回已發行之限制員工權利新股註銷減資後：本公司實收資本額為新台幣 902,791,840元，股數為90,279,184股，每股淨值為新台幣16.88元。 (3)以109年第三季經會計師核閱後合併報表為計算依據。 4.預計換股作業計畫:不適用 5.預計減資新股上櫃後之上櫃普通股股數:不適用 6.預計減資新股上櫃後之上櫃普通股股數占已發行普通股比率 （減資後上櫃普通股股數/減資後已發行普通股股數）:不適用 7.前二項預計減資後上櫃普通股股數未達500萬股且未達25%者， 請說明股權流通性偏低之因應措施:不適用 8.其他應敘明事項: (1)本公司已於109年12月09日取得經濟部商業司之變更登記核准函。 (2)本次變更登記事項有註銷限制員工權利新股504,000股 ",https://mops.twse.com.tw/mops/#/web/t05st01,67a40b12701668e308c09d2e10668637fbab21bb504835d3eb254f9e698a5b63,0
6116,110,05,110/05/04,15:02:15,2021-05-04 15:02:15,本公司民國110年度第一季合併財務報告業經提報董事會,capital_change,,,,,,False,False,False,False,"1.財務報告提報董事會或經董事會決議日期:110/05/04 2.審計委員會通過財務報告日期:不適用 3.財務報告報導期間起訖日期(XXX/XX/XX~XXX/XX/XX):110/01/01~110/03/31 4.1月1日累計至本期止營業收入(仟元):7,887,642 5.1月1日累計至本期止營業毛利(毛損) (仟元):3,800,411 6.1月1日累計至本期止營業利益(損失) (仟元):3,195,688 7.1月1日累計至本期止稅前淨利(淨損) (仟元):3,466,311 8.1月1日累計至本期止本期淨利(淨損) (仟元):3,036,244 9.1月1日累計至本期止歸屬於母公司業主淨利(損) (仟元):3,036,237 10.1月1日累計至本期止基本每股盈餘(損失) (元):1.00 11.期末總資產(仟元):57,099,499 12.期末總負債(仟元):9,423,276 13.期末歸屬於母公司業主之權益(仟元):47,570,608 14.其他應敘明事項:無 ",https://mops.twse.com.tw/mops/#/web/t05st01,93dabe76f64061d44df8b563997a17ce1c9f062205289639cda79f43d68660eb,0
6117,113,03,113/03/12,14:35:17,2024-03-12 14:35:17,公告本公司董事會通過112年度合併財務報告,capital_change,,,,,,False,False,False,False,"1.提報董事會或經董事會決議日期:113/03/12 2.審計委員會通過日期:113/03/12 3.財務報告或年度自結財務資訊報導期間 起訖日期(XXX/XX/XX~XXX/XX/XX):112/01/01～112/12/31 4.1月1日累計至本期止營業收入(仟元):2,368,855 5.1月1日累計至本期止營業毛利(毛損) (仟元):553,188 6.1月1日累計至本期止營業利益(損失) (仟元):115,785 7.1月1日累計至本期止稅前淨利(淨損) (仟元):93,584 8.1月1日累計至本期止本期淨利(淨損) (仟元):88,357 9.1月1日累計至本期止歸屬於母公司業主淨利(損) (仟元):90,626 10.1月1日累計至本期止基本每股盈餘(損失) (元):1.02 11.期末總資產(仟元):3,651,441 12.期末總負債(仟元):2,432,190 13.期末歸屬於母公司業主之權益(仟元):1,214,838 14.其他應敘明事項:無 ",https://mops.twse.com.tw/mops/#/web/t05st01,51dbf903536bebdaa1bd1646d36e9a520f53cf4f4830a6174f52ca7a44cc6cb0,0
6117,113,03,113/03/12,16:38:40,2024-03-12 16:38:40,董事會決議112年度不分派股利,capital_change,,,,,,False,False,False,False,1. 董事會擬議日期：113/03/12 2. 股利所屬年(季)度：112年 年度 3. 股利所屬期間：112/01/01 至 112/12/31 4. 股東配發內容： (1)盈餘分配之現金股利(元/股)：0 (2)法定盈餘公積發放之現金(元/股)：0 (3)資本公積發放之現金(元/股)：0 (4)股東配發之現金(股利)總金額(元)：0 (5)盈餘轉增資配股(元/股)：0 (6)法定盈餘公積轉增資配股(元/股)：0 (7)資本公積轉增資配股(元/股)：0 (8)股東配股總股數(股)：0 5. 其他應敘明事項： 無 6. 普通股每股面額欄位：新台幣10.0000元,https://mops.twse.com.tw/mops/#/web/t05st01,64056d8e5c6d051b0297c8927d35e4d256bccc2e6f342029b89166e9a91eb6e0,0
6117,113,05,113/05/10,14:13:19,2024-05-10 14:13:19,公告本公司董事會通過113年第ㄧ季合併財務報告,capital_change,,,,,,False,False,False,False,"1.提報董事會或經董事會決議日期:113/05/10 2.審計委員會通過日期:113/05/10 3.財務報告或年度自結財務資訊報導期間 起訖日期(XXX/XX/XX~XXX/XX/XX):113/01/01～113/03/31 4.1月1日累計至本期止營業收入(仟元):717,046 5.1月1日累計至本期止營業毛利(毛損) (仟元):203,526 6.1月1日累計至本期止營業利益(損失) (仟元):93,132 7.1月1日累計至本期止稅前淨利(淨損) (仟元):106,584 8.1月1日累計至本期止本期淨利(淨損) (仟元):102,227 9.1月1日累計至本期止歸屬於母公司業主淨利(損) (仟元):102,299 10.1月1日累計至本期止基本每股盈餘(損失) (元):1.15 11.期末總資產(仟元):3,731,093 12.期末總負債(仟元):2,396,398 13.期末歸屬於母公司業主之權益(仟元):1,330,354 14.其他應敘明事項:無 ",https://mops.twse.com.tw/mops/#/web/t05st01,8edbcd0c375add8ddbd68955cd33fdbea9e858a6113eb79ec8af0847520fb158,0
6117,113,05,113/05/15,14:03:44,2024-05-15 14:03:44,更正113年度第一季合併財報iXBRL申報資訊(更正大陸投資資訊),capital_change,,,,,,False,True,False,False,"1.事實發生日:113/05/15 2.公司名稱:迎廣科技股份有限公司 3.與公司關係(請輸入本公司或子公司):本公司 4.相互持股比例:不適用。 5.發生緣由:更正113年度第一季合併財報iXBRL大陸投資資訊。 6.更正資訊項目/報表名稱:大陸投資資訊。 7.更正前金額/內容/頁次:依經濟部投審會規定赴大陸地區投資限額$145,550千元。 8.更正後金額/內容/頁次:依經濟部投審會規定赴大陸地區投資限額$145,440千元。 9.因應措施:重新上傳至公開資訊觀測站。 10.其他應敘明事項:無。 ",https://mops.twse.com.tw/mops/#/web/t05st01,c8810618092761e39d365024dfe9877d0f53c93f0ca8c82a3954a9cdad2eab39,0
6117,113,08,113/08/08,16:32:55,2024-08-08 16:32:55,公告本公司董事會通過113年第二季合併財務報告,capital_change,,,,,,False,False,False,False,"1.提報董事會或經董事會決議日期:113/08/08 2.審計委員會通過日期:113/08/08 3.財務報告或年度自結財務資訊報導期間 起訖日期(XXX/XX/XX~XXX/XX/XX):113/01/01～113/06/30 4.1月1日累計至本期止營業收入(仟元):1,474,241 5.1月1日累計至本期止營業毛利(毛損) (仟元):427,618 6.1月1日累計至本期止營業利益(損失) (仟元):184,989 7.1月1日累計至本期止稅前淨利(淨損) (仟元):204,552 8.1月1日累計至本期止本期淨利(淨損) (仟元):193,432 9.1月1日累計至本期止歸屬於母公司業主淨利(損) (仟元):193,515 10.1月1日累計至本期止基本每股盈餘(損失) (元):2.18 11.期末總資產(仟元):3,978,501 12.期末總負債(仟元):2,458,190 13.期末歸屬於母公司業主之權益(仟元):1,515,981 14.其他應敘明事項:無 ",https://mops.twse.com.tw/mops/#/web/t05st01,a6beab2efab32a9ae1872fb0c2bfe6e83cbe108ea440a475179b11003a7b270f,0
6117,113,11,113/11/08,16:50:16,2024-11-08 16:50:16,公告本公司董事會通過113年第三季合併財務報告,capital_change,,,,,,False,False,False,False,"1.提報董事會或經董事會決議日期:113/11/08 2.審計委員會通過日期:113/11/08 3.財務報告或年度自結財務資訊報導期間 起訖日期(XXX/XX/XX~XXX/XX/XX):113/01/01～113/09/30 4.1月1日累計至本期止營業收入(仟元):2,152,821 5.1月1日累計至本期止營業毛利(毛損) (仟元):640,624 6.1月1日累計至本期止營業利益(損失) (仟元):277,115 7.1月1日累計至本期止稅前淨利(淨損) (仟元):269,636 8.1月1日累計至本期止本期淨利(淨損) (仟元):267,784 9.1月1日累計至本期止歸屬於母公司業主淨利(損) (仟元):267,882 10.1月1日累計至本期止基本每股盈餘(損失) (元):3.02 11.期末總資產(仟元):3,965,374 12.期末總負債(仟元):2,222,105 13.期末歸屬於母公司業主之權益(仟元):1,738,954 14.其他應敘明事項:無 ",https://mops.twse.com.tw/mops/#/web/t05st01,8d4cb7ba5cf9fca71b704369c2da92eb0a56bc9eeb733d63b113760ae5d6e81f,0
6117,113,11,113/11/14,17:38:46,2024-11-14 17:38:46,更正113年度第三季合併財報iXBRL申報資訊(每股淨值),capital_change,,,,,,False,True,False,False,"1.事實發生日:113/11/14 2.公司名稱:迎廣科技股份有限公司 3.與公司關係(請輸入本公司或子公司):本公司 4.相互持股比例:迎廣科技股份有限公司 5.發生緣由:不適用。 6.更正資訊項目/報表名稱:更正113年第三季合併財務報表iXRRL 預收股款之約當流通在外股數及每股淨值 7.更正前金額/內容/頁次: 預收預收股款之約當流通在外股數0股 每股淨值新台幣19.62元 8.更正後金額/內容/頁次: 預收預收股款之約當流通在外股數1,933,321股 每股淨值新台幣19.20元 9.因應措施:重新上傳至公開資訊觀測站。 10.其他應敘明事項:無 ",https://mops.twse.com.tw/mops/#/web/t05st01,e35f6789b91cb2ec3f6fb3650751a14c557fb535ed97dae3afa88877b926a725,0
6147,106,02,106/02/06,18:51:14,2017-02-06 18:51:14,代重要子公司公告董事會決議發放股利,capital_change,,,,,,False,True,False,False,1.董事會決議日期:106/02/06 2.發放股利種類及金額:重要子公司頎中科技(蘇州)有限公司 董事會決議發放現金股利美金550萬元整。 3.其他應敘明事項:無 4.普通股每股面額欄位(新台幣/元):不適用 ,https://mops.twse.com.tw/mops/#/web/t05st01,acbf411b95c76e04971856e117acc8bc795ba1ee907830784b21edc145e5a388,0
6147,106,04,106/04/27,17:10:21,2017-04-27 17:10:21,董事會決議股利分派,capital_change,,,,,,False,False,False,False,"1. 董事會決議日期：106/04/27 2. 股東配發內容： (1)盈餘分配之現金股利(元/股)：2.10000000 (2)法定盈餘公積、資本公積發放之現金(元/股)：0 (3)股東配發之現金(股利)總金額(元)：1,363,450,196 (4)盈餘轉增資配股(元/股)：0 (5)法定盈餘公積、資本公積轉增資配股(元/股)：0 (6)股東配股總股數(股)：0 3. 其他應敘明事項： 無 4. 普通股每股面額欄位：新台幣 10.0000元",https://mops.twse.com.tw/mops/#/web/t05st01,1b04b2016ccbefcf6a58bd91e0761390955c7e0ca0af459ee38964bc01a00b03,0
6148,114,03,114/03/12,17:36:38,2025-03-12 17:36:38,本公司董事會決議股利分派,capital_change,,,,,,False,False,False,False,"1. 董事會決議日期：114/03/12 2. 股利所屬年(季)度：113年 第4季 3. 股利所屬期間：113/10/01 至 113/12/31 4. 股東配發內容： (1)盈餘分配之現金股利(元/股)：1.38000000 (2)法定盈餘公積發放之現金(元/股)：0 (3)資本公積發放之現金(元/股)：0 (4)股東配發之現金(股利)總金額(元)：64,313,185 (5)盈餘轉增資配股(元/股)：0 (6)法定盈餘公積轉增資配股(元/股)：0 (7)資本公積轉增資配股(元/股)：0 (8)股東配股總股數(股)：0 5. 其他應敘明事項： 無 6. 普通股每股面額欄位：新台幣10.0000元",https://mops.twse.com.tw/mops/#/web/t05st01,0b7baea6626cbd23adf867c78e16611bb1663070e0e6ae6993b9b8431386c567,0
6148,114,03,114/03/12,17:38:16,2025-03-12 17:38:16,公告本公司董事會通過113年第四季合併財務報告,capital_change,,,,,,False,False,False,False,"1.提報董事會或經董事會決議日期:114/03/12 2.審計委員會通過日期:114/03/06 3.財務報告或年度自結財務資訊報導期間 起訖日期(XXX/XX/XX~XXX/XX/XX):113/01/01~113/12/31 4.1月1日累計至本期止營業收入(仟元):754,576 5.1月1日累計至本期止營業毛利(毛損) (仟元):175,465 6.1月1日累計至本期止營業利益(損失) (仟元):53,139 7.1月1日累計至本期止稅前淨利(淨損) (仟元):86,214 8.1月1日累計至本期止本期淨利(淨損) (仟元):71,956 9.1月1日累計至本期止歸屬於母公司業主淨利(損) (仟元):71,956 10.1月1日累計至本期止基本每股盈餘(損失) (元):1.54 11.期末總資產(仟元):1,170,491 12.期末總負債(仟元):564,135 13.期末歸屬於母公司業主之權益(仟元):606,356 14.其他應敘明事項:有關本公司113年第四季合併財務報告詳細資訊，將於主管機關規定 期限內完成上傳作業，屆時相關之訊息，請逕向公開資訊觀測站查詢。 ",https://mops.twse.com.tw/mops/#/web/t05st01,5370f325b279ae7fc67239d31b93d9aa41f5131162f7495bcf41fb3da011e040,0
6148,114,03,114/03/12,17:43:53,2025-03-12 17:43:53,董事會決議113年第四季之現金股利除息基準日,distribution,1.38,2025-04-01,2025-05-05,,,False,False,False,False,"1.董事會、股東會決議或公司決定日期:114/03/12 2.除權、息類別（請填入「除權」、「除息」或「除權息」）:除息 3.發放股利種類及金額:現金股利新台幣64,313,185元，每股配發新台幣1.38元 4.除權（息）交易日:114/04/01 5.最後過戶日:114/04/06 6.停止過戶起始日期:114/04/07 7.停止過戶截止日期:114/04/11 8.除權（息）基準日:114/04/11 9.債券最後申請轉換日期:不適用 10.債券停止轉換起始日期:不適用 11.債券停止轉換截止日期:不適用 12.現金股利發放日期:114/05/05 13.其他應敘明事項: 現金股利將於114年5月5日委由本公司股務代理機構群益金鼎證券股份 有限公司股務代理部以匯款或掛號郵寄「禁止背書轉讓」支票方式發放。 現金股利計算至元為止（元以下捨去），其畸零款合計數計入本公司之 其他收入。匯費及掛號費自股利中扣除，若股利金額不足匯款或掛號郵 寄支票者，將以平信郵寄支票方式發放 。 ",https://mops.twse.com.tw/mops/#/web/t05st01,77f09fd31e39c701373922d27ae0b50d22bbfe5779516c8f48da79987f23f21e,0
6148,114,03,114/03/12,17:44:31,2025-03-12 17:44:31,"代重要子公司驊宏國際股份有限公司公告
董事會決議113年股利發放事宜",distribution,,,,,,False,True,False,False,"1.董事會決議日期:114/03/12 2.發放股利種類及金額:現金股利 新台幣34,767,060元 3.其他應敘明事項:無 ",https://mops.twse.com.tw/mops/#/web/t05st01,c89788e9e1fa9e407390664640fdfa03dbcfbf101c93308253931a070faf530b,0
6148,114,03,114/03/12,17:45:02,2025-03-12 17:45:02,"代重要子公司駿永資訊科技股份有限公司公告
董事會決議113年股利發放事宜",distribution,,,,,,False,True,False,False,"1.董事會決議日期:114/03/12 2.發放股利種類及金額:現金股利 新台幣30,258,885元 3.其他應敘明事項:無 ",https://mops.twse.com.tw/mops/#/web/t05st01,bc1dd6d08b71670c356b8319e7f20cd89090c64490dbdf39e8d0d22093d5f25a,0
6148,114,04,114/04/28,17:15:03,2025-04-28 17:15:03,"公告本公司114年第一季合併財務報告
董事會預計召開日期為114年5月6日",capital_change,,,,,,False,False,False,False,1.董事會召集通知日:114/04/28 2.董事會預計召開日期:114/05/06 3.預計提報董事會或經董事會決議之財務報告或年度自結財務資訊年季:114年第一季 4.其他應敘明事項:無 ,https://mops.twse.com.tw/mops/#/web/t05st01,a23c82d601ca963639e2899e51a16b6c85d5add4ef0a04dc22cd987806f69c13,0
6148,114,05,114/05/06,15:19:21,2025-05-06 15:19:21,公告本公司董事會通過114年第一季合併財務報告,capital_change,,,,,,False,False,False,False,"1.提報董事會或經董事會決議日期:114/05/06 2.審計委員會通過日期:114/05/05 3.財務報告或年度自結財務資訊報導期間 起訖日期(XXX/XX/XX~XXX/XX/XX):114/01/01~114/03/31 4.1月1日累計至本期止營業收入(仟元):170,704 5.1月1日累計至本期止營業毛利(毛損) (仟元):36,728 6.1月1日累計至本期止營業利益(損失) (仟元):7,392 7.1月1日累計至本期止稅前淨利(淨損) (仟元):8,816 8.1月1日累計至本期止本期淨利(淨損) (仟元):7,984 9.1月1日累計至本期止歸屬於母公司業主淨利(損) (仟元):7,984 10.1月1日累計至本期止基本每股盈餘(損失) (元):0.17 11.期末總資產(仟元):1,152,305 12.期末總負債(仟元):602,278 13.期末歸屬於母公司業主之權益(仟元):550,027 14.其他應敘明事項:有關本公司114年第一季合併財務報告詳細資訊，將於主管機關規定 期限內完成上傳作業，屆時相關之訊息，請逕向公開資訊觀測站查詢。 ",https://mops.twse.com.tw/mops/#/web/t05st01,402df3566ebb613e21f142478cca223a89740d18a22a04c3090413830953a058,0
6148,114,05,114/05/06,15:19:41,2025-05-06 15:19:41,公告本公司董事會決議不發放114年第一季股利,capital_change,,,,,,False,False,False,False,1. 董事會決議日期：114/05/06 2. 股利所屬年(季)度：114年 第1季 3. 股利所屬期間：114/01/01 至 114/03/31 4. 股東配發內容： (1)盈餘分配之現金股利(元/股)：0 (2)法定盈餘公積發放之現金(元/股)：0 (3)資本公積發放之現金(元/股)：0 (4)股東配發之現金(股利)總金額(元)：0 (5)盈餘轉增資配股(元/股)：0 (6)法定盈餘公積轉增資配股(元/股)：0 (7)資本公積轉增資配股(元/股)：0 (8)股東配股總股數(股)：0 5. 其他應敘明事項： 無 6. 普通股每股面額欄位：新台幣10.0000元,https://mops.twse.com.tw/mops/#/web/t05st01,9f2751358179b2c9807335ed2315668ae4aded4e4f1c5c244fb106ba213b3a29,0
6148,114,05,114/05/06,15:19:54,2025-05-06 15:19:54,"代本公司之重要子公司驊宏國際股份有限公司
公告現金股利除息基準日相關事宜",distribution,,,2025-05-26,,,False,True,False,False,"1.董事會、股東會決議或公司決定日期:114/05/06 2.除權、息類別（請填入「除權」、「除息」或「除權息」）:除息 3.發放股利種類及金額:現金股利新台幣34,767,060元 4.除權（息）交易日:NA 5.最後過戶日:114/05/07 6.停止過戶起始日期:114/05/08 7.停止過戶截止日期:114/05/12 8.除權（息）基準日:114/05/12 9.債券最後申請轉換日期:不適用 10.債券停止轉換起始日期:不適用 11.債券停止轉換截止日期:不適用 12.現金股利發放日期:114/05/26 13.其他應敘明事項:無 ",https://mops.twse.com.tw/mops/#/web/t05st01,ee57a12841678d0bd3b9a6c97b5f24807a0cb27ce979c0fd912d19b3273ca463,0
6148,114,05,114/05/06,15:20:23,2025-05-06 15:20:23,"代本公司之重要子公司駿永資訊科技股份有限公司
公告現金股利除息基準日相關事宜",distribution,,,2025-05-26,,,False,True,False,False,"1.董事會、股東會決議或公司決定日期:114/05/06 2.除權、息類別（請填入「除權」、「除息」或「除權息」）:除息 3.發放股利種類及金額:現金股利新台幣30,258,885元 4.除權（息）交易日:NA 5.最後過戶日:114/05/07 6.停止過戶起始日期:114/05/08 7.停止過戶截止日期:114/05/12 8.除權（息）基準日:114/05/12 9.債券最後申請轉換日期:不適用 10.債券停止轉換起始日期:不適用 11.債券停止轉換截止日期:不適用 12.現金股利發放日期:114/05/26 13.其他應敘明事項:無 ",https://mops.twse.com.tw/mops/#/web/t05st01,71f5f3606d132ce0787988ad094c403c910784fc4cc5a3f28b84158291e33c31,0
6176,104,04,104/04/29,16:36:51,2015-04-29 16:36:51,公告本公司董事會決議股利分派,capital_change,,,,,,False,False,False,False,"1. 董事會決議日期：2015/04/29 2. 股東配發內容： (1)盈餘分配之現金股利(元/股)：5.50000000 (2)法定盈餘公積、資本公積發放之現金(元/股)：0 (3)股東配發之現金(股利)總金額(元)：2,557,649,947 (4)盈餘轉增資配股(元/股)：0 (5)法定盈餘公積、資本公積轉增資配股(元/股)：0 (6)股東配股總股數(股)：0 3. 董監酬勞(元)：67,076,710 4. 員工紅利： (1)現金紅利金額(元)：402,460,259 (2)股票紅利金額(元)：0 5. 其他應敘明事項： (1)其他綜合損益(確定福利計畫精算損失) -11,181,034元。 (2)嗣後如因買回本公司股份或海外可轉換 公司債之債權人行使轉換等因素,致影 響流通在外股份數量,股東配股(息)率因此 發生變動而需修正時,擬提請股東會授權 董事會全權處理並調整之。 6. 普通股每股面額欄位：新台幣 10.0000元",https://mops.twse.com.tw/mops/#/web/t05st01,3cf914447dd69d8f72678b8b1a7a5e023e59eefec4ab003e3395f52116ea23ed,0
6176,104,06,104/06/25,16:44:36,2015-06-25 16:44:36,公告董事會訂定除息基準日等相關事宜,distribution,5.5,2015-07-22,,,,False,False,False,False,"1.董事會、股東會決議或公司決定日期:104/06/25 2.除權、息類別（請填入「除權」、「除息」或「除權息」）:除息 3.發放股利種類及金額: 現金股利:2,557,649,947元(每股新台幣5.5元) 4.除權（息）交易日:104/07/22 5.最後過戶日:104/07/23 6.停止過戶起始日期:104/07/24 7.停止過戶截止日期:104/07/28 8.除權（息）基準日:104/07/28 9.其他應敘明事項: (1)若因國內及海外可轉換公司債轉換，致影響本公司流通在外之股份總數時， 董事會授權董事長依實際流通在外之股份數量，調整股東配股比率及配息比率。 (2)國內及海外可轉換公司債停止轉換期間為104年7月3日起至104年7月28日止。 ",https://mops.twse.com.tw/mops/#/web/t05st01,647850d100d1dfc0040a06ffd95b05b3793936167545339917927154cfd831c4,0
6176,113,11,113/11/01,16:30:48,2024-11-01 16:30:48,"代子公司瑞儀光電（香港）有限公司公告
決議股利配發基準日",distribution,,,,,,False,True,False,False,"1.董事會、股東會決議或公司決定日期:113/11/01 2.除權、息類別（請填入「除權」、「除息」或「除權息」）:除息 3.發放股利種類及金額:現金股利人民幣 243,121,810.85元 4.除權（息）交易日:NA 5.最後過戶日:NA 6.停止過戶起始日期:NA 7.停止過戶截止日期:NA 8.除權（息）基準日:113/11/01 9.其他應敘明事項:以上股利均以等值美金發放。 ",https://mops.twse.com.tw/mops/#/web/t05st01,6a1e8afc626a602779b2da45617a1b2228f6d7ae13afb4bee739465d09da7c7a,0
6176,113,11,113/11/27,16:30:27,2024-11-27 16:30:27,"代子公司瑞儀(廣州)光電子器件有限公司公告
決議股利配發基準日",distribution,,,,,,False,True,False,False,"1.董事會、股東會決議或公司決定日期:113/11/27 2.除權、息類別（請填入「除權」、「除息」或「除權息」）:除息 3.發放股利種類及金額:現金股利人民幣 49,835,827.09元 4.除權（息）交易日:NA 5.最後過戶日:NA 6.停止過戶起始日期:NA 7.停止過戶截止日期:NA 8.除權（息）基準日:113/11/27 9.其他應敘明事項:以上股利均以等值美金發放。 ",https://mops.twse.com.tw/mops/#/web/t05st01,8cec8c961e87cd2abdbe7438dff2e1ebd038a6b23ff00104db801bce5bde09c9,0
6176,113,11,113/11/27,16:30:55,2024-11-27 16:30:55,"代子公司瑞儀光電（香港）有限公司公告
決議股利配發基準日",distribution,,,,,,False,True,False,False,"1.董事會、股東會決議或公司決定日期:113/11/27 2.除權、息類別（請填入「除權」、「除息」或「除權息」）:除息 3.發放股利種類及金額:現金股利人民幣 47,316,107.09元 4.除權（息）交易日:NA 5.最後過戶日:NA 6.停止過戶起始日期:NA 7.停止過戶截止日期:NA 8.除權（息）基準日:113/11/27 9.其他應敘明事項:以上股利均以等值美金發放。 ",https://mops.twse.com.tw/mops/#/web/t05st01,53483ea9d12f01e2ddf85336762c7f5da7172e2b1331c8737e69e304e6186116,0
6176,113,12,113/12/31,16:37:14,2024-12-31 16:37:14,"代子公司Profit Shine Investment Limited公告
決議股利配發基準日",distribution,,,,,,False,True,False,False,"1.董事會、股東會決議或公司決定日期:113/12/31 2.除權、息類別（請填入「除權」、「除息」或「除權息」）:除息 3.發放股利種類及金額:現金股利人民幣 5,000,000.00元 4.除權（息）交易日:NA 5.最後過戶日:NA 6.停止過戶起始日期:NA 7.停止過戶截止日期:NA 8.除權（息）基準日:113/12/31 9.其他應敘明事項:無。 ",https://mops.twse.com.tw/mops/#/web/t05st01,a1d37176f2130570d48bbf4ec1178845e67ded707b88184b743008270a42bcee,0
6176,114,01,114/01/02,16:31:30,2025-01-02 16:31:30,"代子公司Durff Co.,Ltd.公告決議股利配發基準日",distribution,,,,,,False,True,False,False,"1.董事會、股東會決議或公司決定日期:114/01/02 2.除權、息類別（請填入「除權」、「除息」或「除權息」）:除息 3.發放股利種類及金額:現金股利人民幣 1,708,616,461.19元 4.除權（息）交易日:NA 5.最後過戶日:NA 6.停止過戶起始日期:NA 7.停止過戶截止日期:NA 8.除權（息）基準日:114/01/02 9.其他應敘明事項:無。 ",https://mops.twse.com.tw/mops/#/web/t05st01,ded3f1be7ecbe52fd5b614272b7de14a3f00e040d8aeba57e84d7e18255f3aca,0
6176,114,01,114/01/02,16:31:58,2025-01-02 16:31:58,"代子公司Profit Shine Investment Limited公告
決議股利配發基準日",distribution,,,,,,False,True,False,False,"1.董事會、股東會決議或公司決定日期:114/01/02 2.除權、息類別（請填入「除權」、「除息」或「除權息」）:除息 3.發放股利種類及金額:現金股利人民幣 1,708,616,461.19元 4.除權（息）交易日:NA 5.最後過戶日:NA 6.停止過戶起始日期:NA 7.停止過戶截止日期:NA 8.除權（息）基準日:114/01/02 9.其他應敘明事項:無。 ",https://mops.twse.com.tw/mops/#/web/t05st01,4397d31823f77856b8866d18b167732e92df2e4511724f64ce814e72ce091efd,0
6176,114,01,114/01/21,16:30:34,2025-01-21 16:30:34,"代子公司瑞儀(廣州)光電子器件有限公司公告
決議股利配發基準日",distribution,,,,,,False,True,False,False,"1.董事會、股東會決議或公司決定日期:114/01/21 2.除權、息類別（請填入「除權」、「除息」或「除權息」）:除息 3.發放股利種類及金額:現金股利人民幣 33,449,383.97元 4.除權（息）交易日:NA 5.最後過戶日:NA 6.停止過戶起始日期:NA 7.停止過戶截止日期:NA 8.除權（息）基準日:114/01/21 9.其他應敘明事項:以上股利均以等值美金發放。 ",https://mops.twse.com.tw/mops/#/web/t05st01,be42410d018a64d35e51afac50f0b697b17ae391a7a5cde26d89cf2db59d7ebd,0
6176,114,01,114/01/21,16:30:50,2025-01-21 16:30:50,"代子公司瑞儀光電（香港）有限公司公告
決議股利配發基準日",distribution,,,,,,False,True,False,False,"1.董事會、股東會決議或公司決定日期:114/01/21 2.除權、息類別（請填入「除權」、「除息」或「除權息」）:除息 3.發放股利種類及金額:現金股利人民幣 33,449,383.97元 4.除權（息）交易日:NA 5.最後過戶日:NA 6.停止過戶起始日期:NA 7.停止過戶截止日期:NA 8.除權（息）基準日:114/01/21 9.其他應敘明事項:以上股利均以等值美金發放。 ",https://mops.twse.com.tw/mops/#/web/t05st01,e7debe92480b0565b435e45b805469b0fe3710a66692550621afec75551233de,0
6176,114,02,114/02/27,16:32:21,2025-02-27 16:32:21,公告本公司113年第4季合併財務報告,capital_change,,,,,,False,False,False,False,"1.提報董事會或經董事會決議日期:114/02/27 2.審計委員會通過日期:114/02/27 3.財務報告或年度自結財務資訊報導期間 起訖日期(XXX/XX/XX~XXX/XX/XX):113/01/01~113/12/31 4.1月1日累計至本期止營業收入(仟元):51,633,070 5.1月1日累計至本期止營業毛利(毛損) (仟元):10,698,984 6.1月1日累計至本期止營業利益(損失) (仟元):6,719,354 7.1月1日累計至本期止稅前淨利(淨損) (仟元):10,208,075 8.1月1日累計至本期止本期淨利(淨損) (仟元):7,266,859 9.1月1日累計至本期止歸屬於母公司業主淨利(損) (仟元):7,266,859 10.1月1日累計至本期止基本每股盈餘(損失) (元):15.63 11.期末總資產(仟元):64,401,956 12.期末總負債(仟元):26,600,459 13.期末歸屬於母公司業主之權益(仟元):37,801,497 14.其他應敘明事項:無 ",https://mops.twse.com.tw/mops/#/web/t05st01,55cf2b985626d0f77d7011ec1370d518c812120587fa734b61f123fc1ed8715c,0
6182,110,03,110/03/03,17:26:41,2021-03-03 17:26:41,"代子公司上海合晶硅材料股份有限公司公告董事會
決議擬進行分割事宜",capital_change,,,,,,False,True,False,False,1.事實發生日:110/03/03 2.公司名稱:上海合晶硅材料股份有限公司 3.與公司關係(請輸入本公司或子公司):子公司 4.相互持股比例:48.45% 5.發生緣由:上海合晶為增強公司獨立性，減少與控股股東(合晶科技股份有限公司) 之間關聯交易，並避免同業競爭，擬將上海合晶分割為上海合晶和新設公司。上 海合晶將保留總部管理職能，從事磊晶一體化業務，新設公司則規劃負責小尺寸 拋光片及晶棒業務。分割後兩家公司股權結構和公司現有股權結構一致。 6.因應措施:公司將委請專業機構規劃可行方案，並提交董事會和股東會決議後實 施。 7.其他應敘明事項:無。 ,https://mops.twse.com.tw/mops/#/web/t05st01,be1f550c17f2f5434f9e599419f651a168c156028ddd5f932a3de4cbb4a09bc5,0
6182,110,03,110/03/25,17:14:25,2021-03-25 17:14:25,公告本公司董事會通過109年度合併財務報告,capital_change,,,,,,False,False,False,False,"1.財務報告提報董事會或經董事會決議日期:110/03/25 2.審計委員會通過財務報告日期:110/03/24 3.財務報告報導期間起訖日期(XXX/XX/XX~XXX/XX/XX):109/01/01~109/12/31 4.1月1日累計至本期止營業收入(仟元):7,421,529 5.1月1日累計至本期止營業毛利(毛損) (仟元):2,013,886 6.1月1日累計至本期止營業利益(損失) (仟元):734,327 7.1月1日累計至本期止稅前淨利(淨損) (仟元):931,551 8.1月1日累計至本期止本期淨利(淨損) (仟元):690,966 9.1月1日累計至本期止歸屬於母公司業主淨利(損) (仟元):518,718 10.1月1日累計至本期止基本每股盈餘(損失) (元):1.02 11.期末總資產(仟元):23,493,892 12.期末總負債(仟元):10,440,384 13.期末歸屬於母公司業主之權益(仟元):9,085,451 14.其他應敘明事項:無 ",https://mops.twse.com.tw/mops/#/web/t05st01,147f641226cb54a662f49a5a9def4c317c18f9b81139cccc9a7e7bd5d4b49de5,0
6182,110,03,110/03/25,17:17:27,2021-03-25 17:17:27,董事會決議股利分派,capital_change,,,,,,False,False,False,False,"1. 董事會擬議日期：110/03/25 2. 股利所屬年(季)度：109年 年度 3. 股利所屬期間：109/01/01 至 109/12/31 4. 股東配發內容： (1)盈餘分配之現金股利(元/股)：1.10000000 (2)法定盈餘公積發放之現金(元/股)：0 (3)資本公積發放之現金(元/股)：0 (4)股東配發之現金(股利)總金額(元)：561,988,280 (5)盈餘轉增資配股(元/股)：0 (6)法定盈餘公積轉增資配股(元/股)：0 (7)資本公積轉增資配股(元/股)：0 (8)股東配股總股數(股)：0 5. 其他應敘明事項： 無 6. 普通股每股面額欄位：新台幣10.0000元",https://mops.twse.com.tw/mops/#/web/t05st01,363e15aabb1f7d9f671214015cad62612b232a9b15ce1d9477f70bc821e71296,0
6182,110,05,110/05/06,17:59:04,2021-05-06 17:59:04,公告本公司董事會通過110年第1季合併財務報告,capital_change,,,,,,False,False,False,False,"1.財務報告提報董事會或經董事會決議日期:110/05/06 2.審計委員會通過財務報告日期:110/05/06 3.財務報告報導期間起訖日期(XXX/XX/XX~XXX/XX/XX):110/01/01~110/03/31 4.1月1日累計至本期止營業收入(仟元):2,295,990 5.1月1日累計至本期止營業毛利(毛損) (仟元):631,720 6.1月1日累計至本期止營業利益(損失) (仟元):312,739 7.1月1日累計至本期止稅前淨利(淨損) (仟元):277,883 8.1月1日累計至本期止本期淨利(淨損) (仟元):202,930 9.1月1日累計至本期止歸屬於母公司業主淨利(損) (仟元):150,612 10.1月1日累計至本期止基本每股盈餘(損失) (元):0.29 11.期末總資產(仟元):23,997,003 12.期末總負債(仟元):10,702,394 13.期末歸屬於母公司業主之權益(仟元):9,284,252 14.其他應敘明事項:無 ",https://mops.twse.com.tw/mops/#/web/t05st01,735f125da23e7864e728fb2cfc5bc6d1d90e26353fae58e5af8a39fd3b99a994,0
6187,105,03,105/03/21,17:09:04,2016-03-21 17:09:04,"公告本公司董事會通過一○四年度個體財務報告暨合併財務報告
稅後每股盈餘為2.76元",capital_change,,,,,,False,True,False,False,"1.事實發生日:105/03/21 2.公司名稱:萬潤科技股份有限公司 3.與公司關係[請輸入本公司或子公司]:本公司 4.相互持股比例:不適用 5.傳播媒體名稱:不適用 6.報導內容:不適用 7.發生緣由:本公司一○四年度個體財務報告暨合併財務報告，業經105年3月21日 董事會承認通過在案，民國一○四年度稅後淨利為新台幣228,506仟元 及每股盈餘為2.76元整。 8.因應措施:無 9.其他應敘明事項:無 ",https://mops.twse.com.tw/mops/#/web/t05st01,97319dec87fd3b5a55d6c35dbe993010cbdd5a0ae04f65ac539a3c2c14f9a579,0
6187,105,03,105/03/21,18:12:32,2016-03-21 18:12:32,董事會決議股利分派,capital_change,,,,,,False,False,False,False,"1. 董事會決議日期：2016/03/21 2. 股東配發內容： (1)盈餘分配之現金股利(元/股)：2.00000000 (2)法定盈餘公積、資本公積發放之現金(元/股)：0 (3)股東配發之現金(股利)總金額(元)：170,671,804 (4)盈餘轉增資配股(元/股)：0 (5)法定盈餘公積、資本公積轉增資配股(元/股)：0 (6)股東配股總股數(股)：0 3. 其他應敘明事項： 其他調整事項為104年度退休金精算損益調整數及註銷庫藏股沖轉未分配盈餘。 4. 普通股每股面額欄位：新台幣 10.0000元",https://mops.twse.com.tw/mops/#/web/t05st01,c63aa51936522651085ca2b54d29ded5f22fd70c94a48ae341652defc8727e43,0
6187,105,05,105/05/10,15:17:04,2016-05-10 15:17:04,"公告本公司董事會通過截至一○五年第一季止合併財務報告
每股盈餘為0.12元",capital_change,,,,,,False,True,False,False,"1.事實發生日:105/05/10 2.公司名稱:萬潤科技股份有限公司 3.與公司關係[請輸入本公司或子公司]:本公司 4.相互持股比例:不適用 5.傳播媒體名稱:不適用 6.報導內容:不適用 7.發生緣由:本公司截至一○五年第一季止之合併財務報告，業經105年5月10日董事會 承認通過在案，稅後淨利為新台幣9,901仟元及每股盈餘為0.12元整。 8.因應措施:無 9.其他應敘明事項:無 ",https://mops.twse.com.tw/mops/#/web/t05st01,9b89bf6e2fdf5fc289db4414505e1dd15e3761a567b1ca59deac230e9244089a,0
6187,115,05,115/05/08,16:36:05,2026-05-08 16:36:05,公告本公司董事會通過115年第一季合併財報,capital_change,,,,,,False,False,False,False,"1.提報董事會或經董事會決議日期:115/05/08 2.審計委員會通過日期:115/05/08 3.財務報告或年度自結財務資訊報導期間 起訖日期(XXX/XX/XX~XXX/XX/XX):115/01/01~115/03/31 4.1月1日累計至本期止營業收入(仟元):1,411,444 5.1月1日累計至本期止營業毛利(毛損) (仟元):730,854 6.1月1日累計至本期止營業利益(損失) (仟元):327,768 7.1月1日累計至本期止稅前淨利(淨損) (仟元):387,125 8.1月1日累計至本期止本期淨利(淨損) (仟元):319,925 9.1月1日累計至本期止歸屬於母公司業主淨利(損) (仟元):324,510 10.1月1日累計至本期止基本每股盈餘(損失) (元):3.37 11.期末總資產(仟元):10,934,018 12.期末總負債(仟元):3,924,010 13.期末歸屬於母公司業主之權益(仟元):6,825,394 14.其他應敘明事項:無 ",https://mops.twse.com.tw/mops/#/web/t05st01,9d23ec7f0ee0eed3483777ce4799e2497af177e396746479298f9f7af19e9fb0,0
6230,105,03,105/03/11,17:39:36,2016-03-11 17:39:36,董事會決議股利分派,capital_change,,,,,,False,False,False,False,"1. 董事會決議日期：2016/03/11 2. 股東配發內容： (1)盈餘分配之現金股利(元/股)：5.50000000 (2)法定盈餘公積、資本公積發放之現金(元/股)：0 (3)股東配發之現金(股利)總金額(元)：474,888,678 (4)盈餘轉增資配股(元/股)：0 (5)法定盈餘公積、資本公積轉增資配股(元/股)：0 (6)股東配股總股數(股)：0 3. 其他應敘明事項： 無 4. 普通股每股面額欄位：新台幣 10.0000元",https://mops.twse.com.tw/mops/#/web/t05st01,85acf492fe613f34b3082fa45aa554d8655c1884f4b613ff594f38a4dfd08440,0
6235,111,07,111/07/05,14:40:35,2022-07-05 14:40:35,新聞稿-華孚111年6月自結合併營收為新台幣3.49億元,capital_change,,,,,,False,True,False,False,1.事實發生日:111/07/05 2.公司名稱:華孚科技股份有限公司 3.與公司關係(請輸入本公司或子公司):本公司 4.相互持股比例:不適用 5.發生緣由: 華孚科技股份有限公司(股票代碼：6235)今日(111/7/5)公佈111年6月份自結 合併營收為新台幣3.49億元，較5月份的3.10億元增加12.75%；相較於去年同 期的2.22億元增加57.41%。累計合併營收1至6月底初估為18.50億元，較去年 同期的12.99億元增加約42.41%。 6.因應措施:無。 7.其他應敘明事項:無。 ,https://mops.twse.com.tw/mops/#/web/t05st01,468c78211b9ca674fe0d8a72e521b3ec7e0d360999c06ec04f6c79e7b09adb54,0
6235,111,08,111/08/05,14:04:33,2022-08-05 14:04:33,新聞稿-華孚111年7月自結合併營收為新台幣3.65億元,capital_change,,,,,,False,True,False,False,1.事實發生日:111/08/05 2.公司名稱:華孚科技股份有限公司 3.與公司關係(請輸入本公司或子公司):本公司 4.相互持股比例:不適用 5.發生緣由: 華孚科技股份有限公司(股票代碼：6235)今日(111/8/5)公佈111年7月份自結 合併營收為新台幣3.65億元，較6月份的3.49億元增加4.64%；相較於去年同 期的2.24億元增加62.90%。累計合併營收1至7月底初估為22.16億元，較去年 同期的15.23億元增加約45.43%。 6.因應措施:無。 7.其他應敘明事項:無。 ,https://mops.twse.com.tw/mops/#/web/t05st01,5f5622b5b7ae38b0a3922ed020ba1b15aaf59d6cc1b4498db947613228af12a0,0
6235,111,08,111/08/11,15:07:07,2022-08-11 15:07:07,公告本公司董事會決議通過111年第2季合併財務報告,capital_change,,,,,,False,False,False,False,"1.提報董事會或經董事會決議日期:111/08/11 2.審計委員會通過日期:111/08/11 3.財務報告或年度自結財務資訊報導期間 起訖日期(XXX/XX/XX~XXX/XX/XX):111/01/01~111/06/30 4.1月1日累計至本期止營業收入(仟元):1,848,009 5.1月1日累計至本期止營業毛利(毛損) (仟元):444,862 6.1月1日累計至本期止營業利益(損失) (仟元):112,629 7.1月1日累計至本期止稅前淨利(淨損) (仟元):109,458 8.1月1日累計至本期止本期淨利(淨損) (仟元):105,663 9.1月1日累計至本期止歸屬於母公司業主淨利(損) (仟元):105,663 10.1月1日累計至本期止基本每股盈餘(損失) (元):0.61 11.期末總資產(仟元):5,134,050 12.期末總負債(仟元):2,556,135 13.期末歸屬於母公司業主之權益(仟元):2,577,915 14.其他應敘明事項:無。 ",https://mops.twse.com.tw/mops/#/web/t05st01,932bb7ff616b5e92e21d858bad1d90d8de4fa6740d4745a044d243c69bd97895,0
6235,111,09,111/09/05,14:02:51,2022-09-05 14:02:51,新聞稿-華孚111年8月自結合併營收為新台幣3.56億元,capital_change,,,,,,False,True,False,False,1.事實發生日:111/09/05 2.公司名稱:華孚科技股份有限公司 3.與公司關係(請輸入本公司或子公司):本公司 4.相互持股比例:不適用 5.發生緣由: 華孚科技股份有限公司(股票代碼：6235)今日(111/9/5)公佈111年8月份自結 合併營收為新台幣3.56億元，較7月份的3.65億元減少2.66%；相較於去年同 期的2.09億元增加70.34%。累計合併營收1至8月底初估為25.71億元，較去年 同期的17.32億元增加約48.43%。 6.因應措施:無。 7.其他應敘明事項:無。 ,https://mops.twse.com.tw/mops/#/web/t05st01,cfbd10347ec4f34c72c0ff073cd1d22a932c512528aa27c7d74adfab317c9e14,0
6239,106,06,106/06/08,18:00:02,2017-06-08 18:00:02,"公告本公司董事會決議除息基準日及資本公積發放現金
基準日",distribution,3.28,2017-08-01,,,,False,False,False,False,"1.董事會、股東會決議或公司決定日期:106/06/08 2.除權、息類別（請填入「除權」、「除息」或「除權息」）:除息 3.發放股利種類及金額: 1.普通股現金股利NT$2,555,600,960元，每股配發現金股利新台幣3.28元。 2.以超過票面金額發行股票所得溢額之資本公積發放NT$560,985,576元，每股配發 現金新台幣0.72元。 4.除權（息）交易日:106/08/01 5.最後過戶日:106/08/02 6.停止過戶起始日期:106/08/03 7.停止過戶截止日期:106/08/07 8.除權（息）基準日:106/08/07 9.其他應敘明事項:現金股利預計發放日為106/09/05 ",https://mops.twse.com.tw/mops/#/web/t05st01,f3455e5b52554e7b98e466a982da54cc0f9539f3de35f78f1fb2d2cf52b2081e,0
6243,113,02,113/02/27,17:27:34,2024-02-27 17:27:34,公告本公司董事會通過112年度合併財務報告,capital_change,,,,,,False,False,False,False,"1.提報董事會或經董事會決議日期:113/02/27 2.審計委員會通過日期:113/02/27 3.財務報告或年度自結財務資訊報導期間 起訖日期(XXX/XX/XX~XXX/XX/XX):112/01/01~112/12/31 4.1月1日累計至本期止營業收入(仟元):875,342 5.1月1日累計至本期止營業毛利(毛損) (仟元):311,900 6.1月1日累計至本期止營業利益(損失) (仟元):52,509 7.1月1日累計至本期止稅前淨利(淨損) (仟元):64,886 8.1月1日累計至本期止本期淨利(淨損) (仟元):66,676 9.1月1日累計至本期止歸屬於母公司業主淨利(損) (仟元):66,676 10.1月1日累計至本期止基本每股盈餘(損失) (元):1.5 11.期末總資產(仟元):1,147,427 12.期末總負債(仟元):327,439 13.期末歸屬於母公司業主之權益(仟元):819,988 14.其他應敘明事項:無 ",https://mops.twse.com.tw/mops/#/web/t05st01,f64126695ec2f5ccf38830ccfcc0768fce1cc33be533abc7c8def30935976add,0
6243,113,02,113/02/27,17:29:16,2024-02-27 17:29:16,公告本公司董事會決議股利分派,capital_change,,,,,,False,False,False,False,"1. 董事會擬議日期：113/02/27 2. 股利所屬年(季)度：112年 年度 3. 股利所屬期間：112/01/01 至 112/12/31 4. 股東配發內容： (1)盈餘分配之現金股利(元/股)：1.00000000 (2)法定盈餘公積發放之現金(元/股)：0 (3)資本公積發放之現金(元/股)：0.20000000 (4)股東配發之現金(股利)總金額(元)：54,322,609 (5)盈餘轉增資配股(元/股)：0 (6)法定盈餘公積轉增資配股(元/股)：0 (7)資本公積轉增資配股(元/股)：0 (8)股東配股總股數(股)：0 5. 其他應敘明事項： 無 6. 普通股每股面額欄位：新台幣10.0000元",https://mops.twse.com.tw/mops/#/web/t05st01,d5478942bd6a0dea460aa6115c7fd98936ead018f3c6ad07f3fa3485f727fd4c,0
6245,112,03,112/03/21,18:51:54,2023-03-21 18:51:54,公告本公司111年度合併財務報告業經董事會決議通過,capital_change,,,,,,False,False,False,False,1.提報董事會或經董事會決議日期:112/03/21 2.審計委員會通過日期:112/03/21 3.財務報告或年度自結財務資訊報導期間 起訖日期(XXX/XX/XX~XXX/XX/XX):111/01/01~111/12/31 4.1月1日累計至本期止營業收入(仟元):9819086 5.1月1日累計至本期止營業毛利(毛損) (仟元):2995485 6.1月1日累計至本期止營業利益(損失) (仟元):1189091 7.1月1日累計至本期止稅前淨利(淨損) (仟元):1276281 8.1月1日累計至本期止本期淨利(淨損) (仟元):1003208 9.1月1日累計至本期止歸屬於母公司業主淨利(損) (仟元):1003279 10.1月1日累計至本期止基本每股盈餘(損失) (元):8.52 11.期末總資產(仟元):9055109 12.期末總負債(仟元):4772233 13.期末歸屬於母公司業主之權益(仟元):4282045 14.其他應敘明事項:無 ,https://mops.twse.com.tw/mops/#/web/t05st01,84c983c3bc763b7c7d83b71182802ea8f6fcd4845e4ba2bc0ec9bda81e192af4,0
6285,112,01,112/01/17,17:06:39,2023-01-17 17:06:39,公告本公司一一一年第四季合併自結損益,capital_change,,,,,,False,True,False,False,"1.事實發生日:112/01/17 2.公司名稱:啟碁科技股份有限公司 3.與公司關係(請輸入本公司或子公司):本公司 4.相互持股比例:不適用 5.發生緣由: 公告本公司一一一年第四季合併自結損益(尚未經會計師查核)： (單位：新台幣仟元) 111年10-12月 111年1-12月 ------------ ------------ 營業收入： 29,094,816 95,257,451 營業毛利： 3,650,190 11,594,715 營業利益： 1,176,009 3,237,633 稅前淨利： 1,224,636 3,760,124 本期淨利： 1,030,313 3,121,720 基本每股盈餘： 2.6元 7.93元 6.因應措施:無 7.其他應敘明事項(若事件發生或決議之主體係屬公開發行以上公司，本則重大訊息同時 符合證券交易法施行細則第7條第9款所定對股東權益或證券價格有重大影響之事項):無 ",https://mops.twse.com.tw/mops/#/web/t05st01,3155efb1df445adfd1c561de3b4c1cbfc7a3698f4110c5255e89e666531b052b,0
6285,112,03,112/03/10,17:12:45,2023-03-10 17:12:45,公告本公司董事會通過111年度合併財務報告,capital_change,,,,,,False,False,False,False,"1.提報董事會或經董事會決議日期:112/03/10 2.審計委員會通過日期:112/03/10 3.財務報告或年度自結財務資訊報導期間 起訖日期(XXX/XX/XX~XXX/XX/XX):111/01/01~111/12/31 4.1月1日累計至本期止營業收入(仟元):95,257,451 5.1月1日累計至本期止營業毛利(毛損) (仟元):11,594,715 6.1月1日累計至本期止營業利益(損失) (仟元):3,237,633 7.1月1日累計至本期止稅前淨利(淨損) (仟元):3,760,124 8.1月1日累計至本期止本期淨利(淨損) (仟元):3,121,720 9.1月1日累計至本期止歸屬於母公司業主淨利(損) (仟元):3,121,720 10.1月1日累計至本期止基本每股盈餘(損失) (元):7.93 11.期末總資產(仟元):65,877,947 12.期末總負債(仟元):45,521,756 13.期末歸屬於母公司業主之權益(仟元):20,356,191 14.其他應敘明事項:無 ",https://mops.twse.com.tw/mops/#/web/t05st01,30b536639b809e1045426e338928c055514d3cfd23ad795c5dab61fdfcf820de,0
6285,112,03,112/03/10,17:19:56,2023-03-10 17:19:56,本公司董事會決議收回已發行之限制員工權利新股註銷減資事宜,capital_change,,,,2023-03-15,,True,True,False,False,"1.董事會決議日期:112/03/10 2.減資緣由:因獲配限制員工權利新股之員工未達成既得條件，本公司董事會決議 收回已發行之限制員工權利新股註銷減資。 3.減資金額:1,072,500元 4.消除股份:107,250股 5.減資比率:0.03% 6.減資後股本:3,957,018,020元 7.預定股東會日期:不適用 8.預計減資新股上市後之上市普通股股數:不適用 9.預計減資新股上市後之上市普通股股數占已發行普通股比率 （減資後上市普通股股數/減資後已發行普通股股數）:不適用 10.前二項預計減資後上巿普通股股數未達6000萬股且未達25%者， 請說明股權流通性偏低之因應措施:不適用 11.減資基準日:112/03/15 12.其他應敘明事項:無 ",https://mops.twse.com.tw/mops/#/web/t05st01,625ddc81a71e47c50460b505318d18691c1578583684e6f08a11602f1d7cac2d,0
6285,112,03,112/03/10,17:25:00,2023-03-10 17:25:00,董事會決議股利分派,capital_change,,,,,,False,False,False,False,"1. 董事會擬議日期：112/03/10 2. 股利所屬年(季)度：111年 年度 3. 股利所屬期間：111/01/01 至 111/12/31 4. 股東配發內容： (1)盈餘分配之現金股利(元/股)：5.00000000 (2)法定盈餘公積發放之現金(元/股)：0 (3)資本公積發放之現金(元/股)：0 (4)股東配發之現金(股利)總金額(元)：2,024,042,065 (5)盈餘轉增資配股(元/股)：0 (6)法定盈餘公積轉增資配股(元/股)：0 (7)資本公積轉增資配股(元/股)：0 (8)股東配股總股數(股)：0 5. 其他應敘明事項： 確定福利計畫之再衡量數本期變動數 NT$34,056,800 6. 普通股每股面額欄位：新台幣10.0000元",https://mops.twse.com.tw/mops/#/web/t05st01,248775851211a6390bff6a79081343b54274c80b528d0d96ebcc4b249ef53f0d,0
6285,112,03,112/03/30,17:24:57,2023-03-30 17:24:57,本公司收回已發行之限制員工權利新股註銷減資變更登記完成,capital_change,,,,,,False,True,False,False,"1.主管機關核准減資日期:112/03/29 2.辦理資本變更登記完成日期:112/03/29 3.對財務報告之影響（含實收資本額與流通在外股數之差異與對每股淨值之影響）: (1)收回已發行之限制員工權利新股註銷減資前： 本公司登記實收資本額為新台幣3,958,090,520元，流通在外股數為395,809,052股， 每股淨值為新台幣51.43元。 (2)本次註銷減資新台幣1,072,500元(107,250股)。 (3)收回已發行之限制員工權利新股註銷減資後： 本公司登記實收資本額為新台幣3,957,018,020元，流通在外股數為395,701,802股， 每股淨值為新台幣51.44元。 4.預計換股作業計畫:不適用 5.預計減資新股上市後之上市普通股股數:不適用 6.預計減資新股上市後之上市普通股股數占已發行普通股比率 （減資後上市普通股股數/減資後已發行普通股股數）:不適用 7.前二項預計減資後上巿普通股股數未達6000萬股且未達25%者，請說明股權流通性偏低 之因應措施:不適用 8.其他應敘明事項: (1)每股淨值係依111年度會計師查核財務報告計算。 (2)本公司於112/03/30接獲主管機關變更登記核准函。 ",https://mops.twse.com.tw/mops/#/web/t05st01,1fdeb4b8461b40b6ce3f94efc2bd2a6325eacac3eab5819c3400974e73d5816a,0
6290,108,05,108/05/10,16:31:26,2019-05-10 16:31:26,董事會決議股利分派,capital_change,,,,,,False,False,False,False,"1. 董事會擬議日期：108/05/10 2. 股利所屬年(季)度：107年 年度 3. 股利所屬期間：107/01/01 至 107/12/31 4. 股東配發內容： (1)盈餘分配之現金股利(元/股)：1.50000000 (2)法定盈餘公積、資本公積發放之現金(元/股)：0 (3)股東配發之現金(股利)總金額(元)：213,338,642 (4)盈餘轉增資配股(元/股)：0 (5)法定盈餘公積、資本公積轉增資配股(元/股)：0 (6)股東配股總股數(股)：0 5. 其他應敘明事項： 嗣後如於配息基準日前因本公司可轉換公司債債權人請求轉換 等其它因素，致影響流通在外股數時，授權董事長按配息 基準日實際流通在外股數，調整股東配息率。 6. 普通股每股面額欄位：新台幣 10.0000元",https://mops.twse.com.tw/mops/#/web/t05st01,71284db24326a94e128843cb6feb16376238e62ebd6cd039d6958012416f2e19,0
6290,108,07,108/07/09,14:45:41,2019-07-09 14:45:41,公告本公司除息基準日,distribution,1.50,2019-08-05,,,,False,False,False,False,"1.董事會、股東會決議或公司決定日期:108/07/09 2.除權、息類別（請填入「除權」、「除息」或「除權息」）:除息 3.發放股利種類及金額:現金股利共計新台幣213,338,642元(每股1.50元) 4.除權（息）交易日:108/08/05 5.最後過戶日:108/08/06 6.停止過戶起始日期:108/08/07 7.停止過戶截止日期:108/08/11 8.除權（息）基準日:108/08/11 9.其他應敘明事項: 嗣後如於配息基準日前因本公司可轉換公司債債權人請求轉換及本公司買回股份等 其它因素，致影響流通在外股數時，授權董事長按配息基準日實際流通在外股數， 調整股東配息率。 ",https://mops.twse.com.tw/mops/#/web/t05st01,2ff1552b52b084e927dad763eb0944294aa8d8573f3ba0d812fb4c0d7d8d5676,0
6290,108,07,108/07/18,14:41:47,2019-07-18 14:41:47,調整107年度盈餘分配之配息率,distribution,1.50,,,,,False,False,False,False,"1.董事會或股東會決議日期:108/07/18 2.原發放股利種類及金額: 現金股利共計新台幣213,338,642元(每股1.50元) 3.變更後發放股利種類及金額: 現金股利共計新台幣213,338,642元(每股1.49161000元) 4.變更原因: 茲因本公司可轉換公司債債權人執行轉換，致影響流通在外股數。 5.其他應敘明事項: 依本公司108/6/25股東會之決議，授權董事長按配息基準日實際流通在外股數， 調整股東配息率。 ",https://mops.twse.com.tw/mops/#/web/t05st01,d9618660a9ff3e770a4f5718bb92f56d9f86520e7496a1218b2383b15f4299c6,0
6411,107,03,107/03/21,16:06:20,2018-03-21 16:06:20,"公告本公司董事會決議註銷限制員工權利新股
7,200股之減資基準日。",capital_change,,,,,,False,True,False,False,"1.董事會決議日期:107/03/21 2.減資緣由:因獲配限制員工權利新股之員工離職， 本公司董事會決議收回已發行之限制員工權利新股註銷減資。 3.減資金額:新台幣72,000元。 4.消除股份:7,200股。 5.減資比率::0.0103%。 6.減資後實收資本額:新台幣697,957,800元。 7.預定股東會日期:NA 8.預計減資新股上櫃後之上櫃普通股股數:不適用。 9.預計減資新股上櫃後之上櫃普通股股數及比率（減資後上櫃普通股數A、A/減資後已發 行普通股）:不適用。 10.前二項預計減資後上櫃普通股股數未達500萬股且未達25%者，請說明 股權流通性偏低之因應措施:不適用。 11.其他應敘明事項:減資基準日為107年03月22日。 ",https://mops.twse.com.tw/mops/#/web/t05st01,df0937b6002e18107adde5c78d5b72d76e215c08d568863b4a4f0b5d25cfd76b,0
6411,107,04,107/04/30,15:35:59,2018-04-30 15:35:59,董事會決議股利分派,capital_change,,,,,,False,False,False,False,"1. 董事會決議日期：107/04/30 2. 股東配發內容： (1)盈餘分配之現金股利(元/股)：3.20000000 (2)法定盈餘公積、資本公積發放之現金(元/股)：0 (3)股東配發之現金(股利)總金額(元)：223,346,496 (4)盈餘轉增資配股(元/股)：0.60000000 (5)法定盈餘公積、資本公積轉增資配股(元/股)：0 (6)股東配股總股數(股)：4,187,747 3. 其他應敘明事項： 股利分派如嗣後因本公司股本發生變動， 影響流通在外股份數量，致配息率因此 發生變動者，擬請股東常會授權董事長 依公司法或其相關法令規定全權處理之。 4. 普通股每股面額欄位：新台幣 10.0000元",https://mops.twse.com.tw/mops/#/web/t05st01,3262f94009d6210c629e4af8d47e7cd540872fef0d785c75bcf272e83f5ac49d,0
6411,107,07,107/07/02,15:07:47,2018-07-02 15:07:47,公告本公司董事會決議除權息基準日相關事宜,distribution,3.2,2018-07-19,,,,False,False,False,False,"1.董事會、股東會決議或公司決定日期:107/07/02 2.除權、息類別（請填入「除權」、「除息」或「除權息」）:除權息 3.發放股利種類及金額: 現金股利新台幣223,346,496元，每股配發3.2元。 股票股利新台幣41,877,470元，每股配發0.6元。 4.除權（息）交易日:107/07/19 5.最後過戶日:107/07/21 6.停止過戶起始日期:107/07/22 7.停止過戶截止日期:107/07/26 8.除權（息）基準日:107/07/26 9.其他應敘明事項: 現金股利發放日：107/08/24 本次盈餘轉增資發行新股，經金融監督管理委員會107年6月26日申報生效在案。 ",https://mops.twse.com.tw/mops/#/web/t05st01,3a66990ba7f94445f222ac0d9e2dbf4ab030d8820251590d8aa10faa887f722c,0
6411,110,07,110/07/13,16:20:59,2021-07-13 16:20:59,"公告本公司現金股利配發除息基準日
及資本公積發放現金基準日",distribution,,2021-08-02,2021-09-02,,,False,False,False,False,"1.董事會、股東會決議或公司決定日期:110/07/13 2.除權、息類別（請填入「除權」、「除息」或「除權息」）:除息 3.發放股利種類及金額: (1)股東現金股利:新台幣396,934,257元。 (2)資本公積發放現金:新台幣63,148,632元。 4.除權（息）交易日:110/08/02 5.最後過戶日:110/08/03 6.停止過戶起始日期:110/08/04 7.停止過戶截止日期:110/08/08 8.除權（息）基準日:110/08/08 9.債券最後申請轉換日期:無。 10.債券停止轉換起始日期:無。 11.債券停止轉換截止日期:無。 12.現金股利發放日期:110/09/02 13.其他應敘明事項:無。 ",https://mops.twse.com.tw/mops/#/web/t05st01,97c6dc79484b354e53dc60af5f50370b247f3e9331096daad2c295dae05a8ad6,0
6411,110,07,110/07/13,16:21:51,2021-07-13 16:21:51,公告本公司調整配息率,distribution,4.4,,,,,False,True,False,False,"1.董事會或股東會決議日期:110/07/13 2.原發放股利種類及金額: 現金股利：新台幣396,934,257元，每股配發新台幣4.4元。 資本公積發放現金:新台幣63,148,632元，每股配發新台幣0.7元。 3.變更後發放股利種類及金額: 現金股利：新台幣396,934,257元，每股配發新台幣4.33711元。 資本公積發放現金:新台幣63,148,632元，每股配發新台幣0.68999元。 4.變更原因:本公司發行限制員工權利新股及員工執行員工認股權憑證轉換 為普通股，致流通在外股數增加，影響原配息率發生變動，依董事會決 議授權董事長全權處理。 5.其他應敘明事項:無。 ",https://mops.twse.com.tw/mops/#/web/t05st01,b6f7fdfe4eff9a6f971a15f0d58c89bbfa9e1e4ccd69be47dfe852bf31874389,0
6415,107,06,107/06/08,15:17:56,2018-06-08 15:17:56,公告本公司2018年現金股利配息基準日,distribution,6,2018-07-10,,,,False,False,False,False,"1.董事會、股東會決議或公司決定日期:107/06/08 2.除權、息類別（請填入「除權」、「除息」或「除權息」）:除息 3.發放股利種類及金額: 普通股現金股利配發新台幣526,395,672元，每股配發新台幣6元。嗣後如因本公司流 通在外股數變動，授權董事長依股東常會決議之分配總額，按配息基準日本公司實際 流通在外股份之數量，調整分配比率。 4.除權（息）交易日:107/07/10 5.最後過戶日:107/07/11 6.停止過戶起始日期:107/07/12 7.停止過戶截止日期:107/07/16 8.除權（息）基準日:107/07/16 9.其他應敘明事項:無。 ",https://mops.twse.com.tw/mops/#/web/t05st01,99e908cc3a29d75b13a7d9675621674e53e4420fe99cd73cd41728b88e0c7172,0
6415,110,03,110/03/16,16:31:59,2021-03-16 16:31:59,本公司董事會決議分派現金股利,capital_change,,,,,,False,False,False,False,"1. 董事會決議日期：110/03/16 2. 股利所屬年(季)度：109年 年度 3. 股利所屬期間：109/01/01 至 109/12/31 4. 股東配發內容： (1)盈餘分配之現金股利(元/股)：10.50000000 (2)法定盈餘公積發放之現金(元/股)：0 (3)資本公積發放之現金(元/股)：0 (4)股東配發之現金(股利)總金額(元)：975,465,173 (5)盈餘轉增資配股(元/股)：0 (6)法定盈餘公積轉增資配股(元/股)：0 (7)資本公積轉增資配股(元/股)：0 (8)股東配股總股數(股)：0 5. 其他應敘明事項： 無。 6. 普通股每股面額欄位：新台幣10.0000元",https://mops.twse.com.tw/mops/#/web/t05st01,832bab3526934b53745ba7a6ca210d01cc16a62e00664ecda9ee3f682d4c9a73,0
6415,110,06,110/06/03,16:02:52,2021-06-03 16:02:52,公告本公司現金股利配息基準日,distribution,10.5,2021-07-20,,,,True,False,False,False,"1.董事會、股東會決議或公司決定日期:110/06/03 2.除權、息類別（請填入「除權」、「除息」或「除權息」）:除息 3.發放股利種類及金額: 普通股現金股利配發新台幣975,465,173元，每股配發新台幣10.5元。嗣後如因本公司流 通在外股數變動，授權董事長依決議之分配總額，按配息基準日本公司實際流通在外股 份之數量，調整分配比率。 4.除權（息）交易日:110/07/20 5.最後過戶日:110/07/21 6.停止過戶起始日期:110/07/22 7.停止過戶截止日期:110/07/26 8.除權（息）基準日:110/07/26 9.其他應敘明事項:無。 ",https://mops.twse.com.tw/mops/#/web/t05st01,10dce0106d95aa90346fb4520f5b37f1d82232c8f080d4487aa980b2f035ddd6,0
6446,113,11,113/11/06,20:16:09,2024-11-06 20:16:09,"公告本公司113年第三季合併財務報告董事會預計
召開日期為113年11月14日",capital_change,,,,,,False,False,False,False,1.董事會召集通知日:113/11/06 2.董事會預計召開日期:113/11/14 3.預計提報董事會或經董事會決議之財務報告或 年度自結財務資訊年季:113年第三季合併財務報告 4.其他應敘明事項:無。 ,https://mops.twse.com.tw/mops/#/web/t05st01,e609dc79a6880d4fa788863a2a0028341bb9012a422a606e369d69a38b4dcbd8,0
6446,113,11,113/11/14,17:03:32,2024-11-14 17:03:32,公告本公司董事會通過113年第三季合併財務報告,capital_change,,,,,,False,False,False,False,"1.提報董事會或經董事會決議日期:113/11/14 2.審計委員會通過日期:113/11/14 3.財務報告或年度自結財務資訊報導期間 起訖日期(XXX/XX/XX~XXX/XX/XX):113/01/01~113/09/30 4.1月1日累計至本期止營業收入(仟元):6,673,280 5.1月1日累計至本期止營業毛利(毛損) (仟元):5,851,774 6.1月1日累計至本期止營業利益(損失) (仟元):1,194,659 7.1月1日累計至本期止稅前淨利(淨損) (仟元):2,142,599 8.1月1日累計至本期止本期淨利(淨損) (仟元):1,729,897 9.1月1日累計至本期止歸屬於母公司業主淨利(損) (仟元):1,729,897 10.1月1日累計至本期止基本每股盈餘(損失) (元):5.23 11.期末總資產(仟元):29,144,555 12.期末總負債(仟元):3,060,315 13.期末歸屬於母公司業主之權益(仟元):26,084,240 14.其他應敘明事項:無。 ",https://mops.twse.com.tw/mops/#/web/t05st01,26761197a0e695db63ae86965895f86d1ebf1eb750e5bda9944ccc07f465beb8,0
6446,113,11,113/11/14,19:00:17,2024-11-14 19:00:17,"本公司董事會決議辦理限制員工權利新股收回
註銷暨訂定減資基準日事宜",capital_change,,,,2024-11-14,,False,True,False,False,"1.董事會決議日期:113/11/14 2.減資緣由: 因有認購之員工離職，本公司依據限制員工權利新股發行辦法 規定收回已發行之限制員工權利新股並辦理註銷減資。 3.減資金額:新台幣200,000元 4.消除股份:20,000股 5.減資比率:0.0059% 6.減資後股本:新台幣3,411,763,910元 7.預定股東會日期:NA 8.預計減資新股上市後之上市普通股股數:不適用 9.預計減資新股上市後之上市普通股股數占已發行普通股比率 （減資後上市普通股股數/減資後已發行普通股股數）:不適用 10.前二項預計減資後上巿普通股股數未達6000萬股且未達25%者， 請說明股權流通性偏低之因應措施:不適用 11.減資基準日:113/11/14 12.其他應敘明事項:無。 ",https://mops.twse.com.tw/mops/#/web/t05st01,a7558a197e006281d71789b67d622c24dc342a887c85259583edce3bee457384,0
6446,113,11,113/11/29,00:50:54,2024-11-29 00:50:54,公告本公司註銷限制員工權利新股減資變更登記完成,capital_change,,,,,,False,True,False,False,"1.主管機關核准減資日期:113/11/28 2.辦理資本變更登記完成日期:113/11/28 3.對財務報告之影響（含實收資本額與流通在外股數之差異與對每股淨值之影響）: 實收資本額(元) 流通在外股數(股) 每股淨值(元) 減資前 3,411,963,910 331,453,891 78.70 減資後 3,411,763,910 331,433,891 78.70 註：每股淨值係以113年第3季經會計師核閱之財務報表設算。 4.預計換股作業計畫:不適用。 5.預計減資新股上市後之上市普通股股數:不適用 6.預計減資新股上市後之上市普通股股數占已發行普通股比率 （減資後上市普通股股數/減資後已發行普通股股數）:不適用 7.前二項預計減資後上巿普通股股數未達6000萬股且未達25%者，請說明股權流通性偏低 之因應措施:不適用 8.其他應敘明事項:本公司本次辦理註銷之限制員工權利新股股數為20,000股。 ",https://mops.twse.com.tw/mops/#/web/t05st01,6755258534f8e3f3ebb485e6167c24fe59c7b7c7c0d79cfd6b0657b4c3611e00,0
6446,114,02,114/02/18,00:01:25,2025-02-18 00:01:25,"公告本公司113年度合併財務報告董事會預計召開
日期為114年2月25日",capital_change,,,,,,False,False,False,False,1.董事會召集通知日:114/02/17 2.董事會預計召開日期:114/02/25 3.預計提報董事會或經董事會決議之財務報告或 年度自結財務資訊年季:113年度合併財務報告 4.其他應敘明事項: 無。 ,https://mops.twse.com.tw/mops/#/web/t05st01,2cfc1a9bd34263d67af608e6eb6c53569665a07047c811df15d213c2af1e6715,0
6446,114,02,114/02/25,16:50:19,2025-02-25 16:50:19,公告本公司董事會通過113年度合併財務報告,capital_change,,,,,,False,False,False,False,"1.提報董事會或經董事會決議日期:114/02/25 2.審計委員會通過日期:114/02/25 3.財務報告或年度自結財務資訊報導期間 起訖日期(XXX/XX/XX~XXX/XX/XX):113/01/01~113/12/31 4.1月1日累計至本期止營業收入(仟元):9,734,814 5.1月1日累計至本期止營業毛利(毛損) (仟元):8,557,589 6.1月1日累計至本期止營業利益(損失) (仟元):1,736,077 7.1月1日累計至本期止稅前淨利(淨損) (仟元):2,994,652 8.1月1日累計至本期止本期淨利(淨損) (仟元):2,965,503 9.1月1日累計至本期止歸屬於母公司業主淨利(損) (仟元):2,965,503 10.1月1日累計至本期止基本每股盈餘(損失) (元):8.96 11.期末總資產(仟元):31,061,633 12.期末總負債(仟元):3,592,789 13.期末歸屬於母公司業主之權益(仟元):27,468,844 14.其他應敘明事項:無。 ",https://mops.twse.com.tw/mops/#/web/t05st01,a72ece6304d102b468facac15b98387e449ea002ad237fde3bf48272647f3ec4,0
6446,114,02,114/02/25,16:51:33,2025-02-25 16:51:33,公告本公司董事會決議113年度股利分派,capital_change,,,,,,False,False,False,False,"1. 董事會擬議日期：114/02/25 2. 股利所屬年(季)度：113年 年度 3. 股利所屬期間：113/01/01 至 113/12/31 4. 股東配發內容： (1)盈餘分配之現金股利(元/股)：1.10000000 (2)法定盈餘公積發放之現金(元/股)：0 (3)資本公積發放之現金(元/股)：0 (4)股東配發之現金(股利)總金額(元)：366,170,630 (5)盈餘轉增資配股(元/股)：1.10000000 (6)法定盈餘公積轉增資配股(元/股)：0 (7)資本公積轉增資配股(元/股)：0 (8)股東配股總股數(股)：36,617,063 5. 其他應敘明事項： 無 6. 普通股每股面額欄位：新台幣10.0000元",https://mops.twse.com.tw/mops/#/web/t05st01,fc417bf2b7702b58eaf57ff949e022a297bfda9fbda9edab253fe9cc361dca2f,0
6446,114,02,114/02/25,18:58:12,2025-02-25 18:58:12,"本公司董事會決議辦理限制員工權利新股收回註銷
暨訂定減資基準日事宜",capital_change,,,,2025-02-25,,False,True,False,False,"1.董事會決議日期:114/02/25 2.減資緣由: 因有認購之員工離職，本公司依據限制員工權利新股發行辦法規定收回已發行 之限制員工權利新股並辦理註銷減資。 3.減資金額:新台幣40,000元 4.消除股份:4,000股 5.減資比率:0.0012% 6.減資後股本:新台幣3,417,873,910元 7.預定股東會日期:NA 8.預計減資新股上市後之上市普通股股數:不適用 9.預計減資新股上市後之上市普通股股數占已發行普通股比率 （減資後上市普通股股數/減資後已發行普通股股數）:不適用 10.前二項預計減資後上巿普通股股數未達6000萬股且未達25%者， 請說明股權流通性偏低之因應措施:不適用 11.減資基準日:114/02/25 12.其他應敘明事項:無。 ",https://mops.twse.com.tw/mops/#/web/t05st01,e3d66df95ed115eaa738fc9db7736c23d81ff0a2db0a6d6879b4da72134ce3c5,0
6469,111,05,111/05/12,15:55:20,2022-05-12 15:55:20,公告本公司董事會通過111年度第一季合併財務報告,capital_change,,,,,,False,False,False,False,"1.提報董事會或經董事會決議日期:111/05/12 2.審計委員會通過日期:111/05/12 3.財務報告或年度自結財務資訊報導期間 起訖日期(XXX/XX/XX~XXX/XX/XX):111/01/01~111/03/31 4.1月1日累計至本期止營業收入(仟元):3,193,826 5.1月1日累計至本期止營業毛利(毛損) (仟元):841,288 6.1月1日累計至本期止營業利益(損失) (仟元):139,226 7.1月1日累計至本期止稅前淨利(淨損) (仟元):149,205 8.1月1日累計至本期止本期淨利(淨損) (仟元):118,055 9.1月1日累計至本期止歸屬於母公司業主淨利(損) (仟元):117,964 10.1月1日累計至本期止基本每股盈餘(損失) (元):1.67 11.期末總資產(仟元):7,602,723 12.期末總負債(仟元):5,702,357 13.期末歸屬於母公司業主之權益(仟元):1,879,649 14.其他應敘明事項:無 ",https://mops.twse.com.tw/mops/#/web/t05st01,48f926ab5bda1b461f29ea25dde53e6a5e8fa4284b6d3129b6e24a10f0c59a4a,0
6469,111,06,111/06/13,19:13:45,2022-06-13 19:13:45,公告本公司董事長訂定除息基準日及發放日,distribution,2.57,2022-06-29,2022-07-21,,,True,False,True,False,"1.董事會、股東會決議或公司決定日期:111/06/13 2.除權、息類別（請填入「除權」、「除息」或「除權息」）:除息 3.發放股利種類及金額:現金股利新台幣182,241,423元(每股配發2.57元) 4.除權（息）交易日:111/06/29 5.最後過戶日:111/06/30 6.停止過戶起始日期:111/07/01 7.停止過戶截止日期:111/07/05 8.除權（息）基準日:111/07/05 9.債券最後申請轉換日期:不適用 10.債券停止轉換起始日期:不適用 11.債券停止轉換截止日期:不適用 12.現金股利發放日期:111/07/21 13.其他應敘明事項:現金股利按分配計算至元為止，元以下捨去，不足一元之畸零款合 計數，由小數點數字自大至小及戶號由前至後順序調整，至符合現金股利分配總額。 ",https://mops.twse.com.tw/mops/#/web/t05st01,661e25260d5cacecb25dc74e5872eb45e990c9e69abc2d3839c76e331982f769,0
6469,111,06,111/06/22,19:22:44,2022-06-22 19:22:44,"公告本公司董事會授權董事長訂定除權基準日及盈餘轉增
資相關事宜",distribution,,,,,,False,True,False,False,1.事實發生日:111/06/22 2.公司名稱:大樹醫藥股份有限公司 3.與公司關係(請輸入本公司或子公司):本公司 4.相互持股比例:不適用 5.發生緣由: 本公司依法向金融監督管理委員會證券期貨局申報盈餘轉增資案生效後，本公司董事 會授權由董事長訂定除權基準日暨增資基準日及其相關事宜。 6.因應措施:不適用。 7.其他應敘明事項:無。 ,https://mops.twse.com.tw/mops/#/web/t05st01,c04b3253be400d6fe130277f45f6e3dcfa0ecaf4f5fbd5802a06a233660fc89e,0
6469,111,07,111/07/07,18:52:15,2022-07-07 18:52:15,公告本公司董事長訂定除權基準日相關事宜,capital_change,,2022-08-02,,,,False,False,False,False,"1.董事會、股東會決議或公司決定日期:111/07/07 2.除權、息類別（請填入「除權」、「除息」或「除權息」）:除權 3.發放股利種類及金額:股票股利新台幣182,241,420元(每仟股約配發257股) 4.除權（息）交易日:111/08/02 5.最後過戶日:111/08/03 6.停止過戶起始日期:111/08/04 7.停止過戶截止日期:111/08/08 8.除權（息）基準日:111/08/08 9.債券最後申請轉換日期:不適用 10.債券停止轉換起始日期:不適用 11.債券停止轉換截止日期:不適用 12.現金股利發放日期:不適用 13.其他應敘明事項: (1)本次增資發行新股，依增資配股基準日股東名簿所載之股東，依其持有股份比例， 每仟股約配發257股。配發不足一股之畸零股，依公司法第240條之規定，按面額折 發現金至元為止；股東亦可自增資配股基準日起五日內，向股務代理機構辦理拼湊 一整股，拼湊不足或未拼湊之畸零股，授權董事長洽特定人按面額承購。 (2)本次盈餘轉增資發行新股，業經金融監督管理委員會111年06月17日申報生效在案。 (3)本次除權未盡事宜，如因本公司股本變動影響流通在外股數，致股東配股率因此 發生變動而須修正時，授權董事長全權處理。 ",https://mops.twse.com.tw/mops/#/web/t05st01,2f8a6347cf0aff716299cda671557eefbba359d0ecbf1a83cca23ebacbd9478b,0
6472,111,11,111/11/10,11:59:45,2022-11-10 11:59:45,更正原111年8月12日公告之董事會決議不分配111年上半年盈餘(更正股利期間),capital_change,,,,,,False,False,False,False,1. 董事會決議日期：111/08/12 2. 股利所屬年(季)度：111年 上半年 3. 股利所屬期間：111/01/01 至 111/06/30 4. 股東配發內容： (1)盈餘分配之現金股利(元/股)：0 (2)法定盈餘公積發放之現金(元/股)：0 (3)資本公積發放之現金(元/股)：0 (4)股東配發之現金(股利)總金額(元)：0 (5)盈餘轉增資配股(元/股)：0 (6)法定盈餘公積轉增資配股(元/股)：0 (7)資本公積轉增資配股(元/股)：0 (8)股東配股總股數(股)：0 5. 其他應敘明事項： 因考量後續營運發展規劃，以及未來資金運用情形，為保留充裕之資 金以作為業務擴展所需，故本公司111年上半年度擬不分配盈餘。 另因本期不予分派未編造盈餘分派表，故分配各欄位為0。 6. 普通股每股面額欄位：新台幣10.0000元,https://mops.twse.com.tw/mops/#/web/t05st01,7e42489ec41f42460b84ff8eca91c3422cd1685fd9ac6d874cc38a538814200d,0
6472,111,11,111/11/14,18:03:58,2022-11-14 18:03:58,公告本公司董事會通過111年第三季合併財務報告,capital_change,,,,,,False,False,False,False,"1.提報董事會或經董事會決議日期:111/11/14 2.審計委員會通過日期:111/11/14 3.財務報告或年度自結財務資訊報導期間 起訖日期(XXX/XX/XX~XXX/XX/XX):111/01/01~111/09/30 4.1月1日累計至本期止營業收入(仟元):5,196,021 5.1月1日累計至本期止營業毛利(毛損) (仟元):1,819,568 6.1月1日累計至本期止營業利益(損失) (仟元):1,264,350 7.1月1日累計至本期止稅前淨利(淨損) (仟元):1,404,117 8.1月1日累計至本期止本期淨利(淨損) (仟元):993,291 9.1月1日累計至本期止歸屬於母公司業主淨利(損) (仟元):988,047 10.1月1日累計至本期止基本每股盈餘(損失) (元):13.15 11.期末總資產(仟元):23,048,049 12.期末總負債(仟元):18,353,889 13.期末歸屬於母公司業主之權益(仟元):4,088,722 14.其他應敘明事項:無 ",https://mops.twse.com.tw/mops/#/web/t05st01,da5ac471a5f09c5815b1b2c23d29955167bd27d16e8bdc250145768ea656155d,0
6472,111,11,111/11/29,18:09:41,2022-11-29 18:09:41,"公告本公司111年10月份自結合併財務報告之流動比率、
速動比率及負債比率",capital_change,,,,,,False,False,False,False,1.事實發生日:111/11/29 2.發生緣由:依櫃檯買賣中心111/11/17證櫃監字第1110203037號函規定辦理 3.財務資訊年度月份:111/10 4.自結流動比率:122.18% 5.自結速動比率:100.97% 6.自結負債比率:79.94% 7.因應措施:無 8.其他應敘明事項:無 ,https://mops.twse.com.tw/mops/#/web/t05st01,1e06b1b4ee5dba41c76c578f55c38604882896af28df902972ee59b037b30307,0
6472,111,12,111/12/27,18:04:30,2022-12-27 18:04:30,"公告本公司111年11月份自結合併財務報告之流動比率、
速動比率及負債比率",capital_change,,,,,,False,False,False,False,1.事實發生日:111/12/27 2.發生緣由:依櫃檯買賣中心111/11/17證櫃監字第1110203037號函規定辦理 3.財務資訊年度月份:111/11 4.自結流動比率:127.28% 5.自結速動比率:103.24% 6.自結負債比率:77.99% 7.因應措施:無 8.其他應敘明事項:無 ,https://mops.twse.com.tw/mops/#/web/t05st01,efeb16b99a155f8b702b37787fdc0b400a1d160aab5791039219335091220093,0
6472,114,01,114/01/09,15:03:19,2025-01-09 15:03:19,"代重要子公司保瑞生技公告與泰福生技股份有限公司
訂定合併基準日",capital_change,,,,,,False,True,False,False,1.事實發生日:114/01/09 2.公司名稱:保瑞生技股份有限公司 3.與公司關係(請輸入本公司或子公司):子公司。 4.相互持股比例:98.14%子公司。 5.發生緣由:泰福生技股份有限公司擬以普通股新股壹股換取保瑞生技股份有限公司 普通股壹股，雙方業已分別於113年10月15日召開股東臨時會通過合併案和合併契約， 並業奉臺灣證券交易所股份有限公司114年1月9日臺證上二字第1141700063號函核准 在案。 保瑞生技股份有限公司董事長與泰福生技股份有限公司董事長共同訂定合併基準日為 114年1月20日。如後續有變更合併基準日之必要時，雙方董事會業已授權由雙方董事 長或其指定之人協調變更。 6.因應措施:不適用。 7.其他應敘明事項(若事件發生或決議之主體係屬公開發行以上公司，本則重大訊息同時 符合證券交易法施行細則第7條第9款所定對股東權益或證券價格有重大影響之事項): 無。 ,https://mops.twse.com.tw/mops/#/web/t05st01,48b0e88d3f6002380f471bb6ff88b19607ef80b5d773213f82b645eb9e80581d,0
6472,114,01,114/01/21,00:01:54,2025-01-21 00:01:54,"補充113/08/27公告本公司因合併案對重要子公司喪失控制力之
相關事宜",capital_change,,,,2025-01-20,,False,True,False,False,"1.重要子公司、第七條第三項視同上市公司之子公司或擬於海外證券市場申請掛牌之子 公司名稱:保瑞生技股份有限公司(以下簡稱保瑞生技) 2.發生緣由(降低持股(或出資額)比例或喪失控制力):喪失控制力。 3.降低持股(或出資額)比例之方式(請分別列示各次發生日期、發生原因、方式、降低持 股比例、交易數量、每單位價格及交易總金額): (1)發生日期：113/8/13 發生原因：本公司參與子公司保瑞生技現金增資。 方式：依公司法第267條規定保留員工認購，放棄認購數額由本公司以特定人認購 之。 降低持股比例：1.86% 交易數量、每單位價格及交易總金額：不適用 (2)發生日期：113/8/27,114/1/20 發生原因：本公司擬與泰福生技股份有限公司(以下簡稱泰福生技，股票代碼： 6541)進行策略聯盟，加速雙方在生物製劑CDMO業務的共同目標，本公司 將透過旗下子公司保瑞生技與泰福生技進行合併，藉此快速取得美國 本土之大分子量產廠區。 方式：俟雙方股東臨時會通過及相關主管機關核准後，本公司於合併基準日114/1/20 同時取得泰福生技增資發行新股並處分持有保瑞生技98.14%之全數股權，自 合併基準日起喪失對保瑞生技控制力。 降低持股比例：98.14% 交易數量：72,707,800普通股 每單位價格及交易總金額：雙方依合併契約暫定合併換股對價為保瑞生技普通股1股 換發泰福生技增資發行普通股1股。 4.喪失控制力之方式(請列示發生日期、發生原因及方式):113/8/27,114/1/20 發生原因:本公司擬與泰福生技進行策略聯盟，加速雙方在生物製劑CDMO業務的共同目標 ，本公司將透過旗下子公司保瑞生技與泰福生技進行合併，藉此快速取得美國 本土之大分子量產廠區。 方式:俟雙方股東臨時會通過及相關主管機關核准後，本公司於合併基準日114/1/20同時 取得泰福生技增資發行新股並處分持有保瑞生技98.14%之全數股權，自合併基準日 起喪失對保瑞生技控制力。 5.股權(或出資額)受讓對象或所洽特定對象(請分別列示各次交易對象): (1)113/8/13本公司參與保瑞生技現金增資，依公司法第267條規定辦理，如放棄認購者 ，由本公司以特定人認購之。 (2)113/8/27(114/1/20)保瑞生技與泰福生技股份有限公司依企業併購法相關規定進行 合併，經雙方股東臨時會通過及主管機關核准後，自合併基準日114/1/20起生效。 6.與交易對象之關係(請分別列示各次交易對象與公司之關係): (1)113/8/13依公司法第267條規定辦理，非處分交易對象，不適用。 (2)113/8/27保瑞生技與泰福生技股份有限公司依企業併購法相關規定進行合併，泰福 生技非本公司之關係人。 7.處分利益(或損失)(請分別列示各次處分損益)(若無處分損益請填寫不適用): (1)113/8/1",https://mops.twse.com.tw/mops/#/web/t05st01,a18daff99854676ff2eb1939d7d103f95978717b8cc3f88e6351f420dcf8f1be,0
6472,114,02,114/02/07,17:57:58,2025-02-07 17:57:58,"代重要子公司保盛藥業股份有限公司公告
完成減資變更登記",capital_change,,,,,,False,True,False,False,"1.主管機關核准減資日期:114/02/05 2.辦理資本變更登記完成日期:114/02/05 3.對財務報告之影響（含實收資本額與流通在外股數之差異與對每股淨值之影響）: (1)實收資本額：減資前：新台幣600,000,000元；減資後：新台幣564,000,000元。 (2)流通在外股數：減資前：60,000,000股；減資後：56,400,000股。 (3)對每股淨值之影響：無重大影響。 4.預計換股作業計畫:不適用 5.預計減資新股上市後之上市普通股股數:不適用 6.預計減資新股上市後之上市普通股股數占已發行普通股比率 （減資後上市普通股股數/減資後已發行普通股股數）:不適用 7.前二項預計減資後上巿普通股股數未達6000萬股且未達25%者，請說明股權流通性偏低 之因應措施:不適用 8.其他應敘明事項:本公司於114年02月07日接獲經濟部之變更登記核准函。 ",https://mops.twse.com.tw/mops/#/web/t05st01,cfae7dca773a73c042269877bf9f82199a04f617cc278015c469c8f109207ffb,0
6472,114,02,114/02/25,14:31:50,2025-02-25 14:31:50,"公告本公司113年第四季合併財務報告董事會預計召開日期為114年
03月05日",capital_change,,,,,,False,False,False,False,1.董事會召集通知日:114/02/25 2.董事會預計召開日期:114/03/05 3.預計提報董事會或經董事會決議之財務報告或 年度自結財務資訊年季:113年第四季合併財務報告 4.其他應敘明事項:無 ,https://mops.twse.com.tw/mops/#/web/t05st01,6a1daa3e8d9c49f05e27b51c0af028b8cac3febc1de9d0e5553178b85611b72b,0
6472,114,02,114/02/26,17:44:34,2025-02-26 17:44:34,"代重要子公司保盛藥業股份有限公司公告
現金股利配息基準日",distribution,,,,,,False,True,False,False,"1.董事會、股東會決議或公司決定日期:114/02/26 2.除權、息類別（請填入「除權」、「除息」或「除權息」）:除息 3.發放股利種類及金額:現金股利，新台幣900,000,000元。 4.除權（息）交易日:NA 5.最後過戶日:114/03/08 6.停止過戶起始日期:114/03/09 7.停止過戶截止日期:114/03/13 8.除權（息）基準日:114/03/13 9.其他應敘明事項:無。 ",https://mops.twse.com.tw/mops/#/web/t05st01,65b400b6de6a39fc8684556b9a0601c2cb14873e505d4ba4d8e58e4ed23313ba,0
6472,114,03,114/03/05,16:00:15,2025-03-05 16:00:15,公告本公司董事會通過113年度合併財務報告,capital_change,,,,,,False,False,False,False,"1.提報董事會或經董事會決議日期:114/03/05 2.審計委員會通過日期:114/03/05 3.財務報告或年度自結財務資訊報導期間 起訖日期(XXX/XX/XX~XXX/XX/XX):113/01/01~113/12/31 4.1月1日累計至本期止營業收入(仟元):19,245,907 5.1月1日累計至本期止營業毛利(毛損) (仟元):7,710,275 6.1月1日累計至本期止營業利益(損失) (仟元):3,382,621 7.1月1日累計至本期止稅前淨利(淨損) (仟元):4,954,981 8.1月1日累計至本期止本期淨利(淨損) (仟元):4,040,403 9.1月1日累計至本期止歸屬於母公司業主淨利(損) (仟元):3,939,009 10.1月1日累計至本期止基本每股盈餘(損失) (元):$38.69 11.期末總資產(仟元):45,598,934 12.期末總負債(仟元):30,587,369 13.期末歸屬於母公司業主之權益(仟元):12,867,402 14.其他應敘明事項:無 ",https://mops.twse.com.tw/mops/#/web/t05st01,0e4aad4f526b8f04ffff72244cb30fc6bd5dfcfcbe2a704f78616ffffb1eac3d,0
6472,114,03,114/03/05,16:04:10,2025-03-05 16:04:10,公告董事會決議113年下半年股利分派,capital_change,,,,,,False,False,False,False,"1. 現金股利經董事會決議、增資配股經董事會擬議日期：114/03/05 2. 股利所屬年(季)度：113年 下半年 3. 股利所屬期間：113/07/01 至 113/12/31 4. 股東配發內容： (1)盈餘分配之現金股利(元/股)：14.00000000 (2)法定盈餘公積發放之現金(元/股)：0 (3)資本公積發放之現金(元/股)：0 (4)股東配發之現金(股利)總金額(元)：1,447,795,230 (5)盈餘轉增資配股(元/股)：2.00000000 (6)法定盈餘公積轉增資配股(元/股)：0 (7)資本公積轉增資配股(元/股)：0 (8)股東配股總股數(股)：20,682,789 5. 其他應敘明事項： 本公司國內第三次無擔保轉換公司債及海外 第一次無擔保轉換公司債停止轉換期間為114/03/25~114/05/23，債券持有人如 申請轉換，最遲應於114/03/23向往來證券商 辦理轉換手續。 6. 普通股每股面額欄位：新台幣10.0000元",https://mops.twse.com.tw/mops/#/web/t05st01,a3d6bc2316b365370697bdb11b0868389a9a5b36ac896276e5ab72551b525b4c,0
6488,110,11,110/11/02,15:00:35,2021-11-02 15:00:35,公告本公司董事會通過110年第三季合併財務報告,capital_change,,,,,,False,False,False,False,"1.財務報告提報董事會或經董事會決議日期:110/11/02 2.審計委員會通過財務報告日期:110/11/02 3.財務報告報導期間起訖日期(XXX/XX/XX~XXX/XX/XX):110/01/01~110/09/30 4.1月1日累計至本期止營業收入(仟元):45,378,147 5.1月1日累計至本期止營業毛利(毛損) (仟元):16,787,788 6.1月1日累計至本期止營業利益(損失) (仟元):12,874,453 7.1月1日累計至本期止稅前淨利(淨損) (仟元):12,818,768 8.1月1日累計至本期止本期淨利(淨損) (仟元):9,749,679 9.1月1日累計至本期止歸屬於母公司業主淨利(損) (仟元):9,749,679 10.1月1日累計至本期止基本每股盈餘(損失) (元):22.40 11.期末總資產(仟元):139,747,460 12.期末總負債(仟元):92,336,112 13.期末歸屬於母公司業主之權益(仟元):47,411,348 14.其他應敘明事項:無 ",https://mops.twse.com.tw/mops/#/web/t05st01,6aad84aa2f3ef49b169dc8e07ff5785af68686562b51c36806f99ccaa203e284,0
6488,110,11,110/11/25,16:00:23,2021-11-25 16:00:23,"公告本公司110年10月自結合併財務報表之負債比率、
流動比率及速動比率",capital_change,,,,,,False,False,False,False,1.事實發生日:110/11/25 2.發生緣由:依據證券櫃檯買賣中心110年8月19日證櫃監字第1100201493號函辦理公告 3.財務資訊年度月份:110年10月 4.自結流動比率:329.17% 5.自結速動比率:292.03% 6.自結負債比率:65.66% 7.因應措施:無 8.其他應敘明事項:無 ,https://mops.twse.com.tw/mops/#/web/t05st01,83710479a6931b83a158abf26712585b05ae0a89abeb32d6e0619444affd8c5c,0
6488,110,12,110/12/07,15:10:31,2021-12-07 15:10:31,公告本公司董事會決議股利分派,capital_change,,,,,,False,False,False,False,"1. 董事會決議日期：110/12/07 2. 股利所屬年(季)度：110年 上半年 3. 股利所屬期間：110/01/01 至 110/06/30 4. 股東配發內容： (1)盈餘分配之現金股利(元/股)：8.00000000 (2)法定盈餘公積發放之現金(元/股)：0 (3)資本公積發放之現金(元/股)：0 (4)股東配發之現金(股利)總金額(元)：3,481,896,000 (5)盈餘轉增資配股(元/股)：0 (6)法定盈餘公積轉增資配股(元/股)：0 (7)資本公積轉增資配股(元/股)：0 (8)股東配股總股數(股)：0 5. 其他應敘明事項： 無 6. 普通股每股面額欄位：新台幣10.0000元",https://mops.twse.com.tw/mops/#/web/t05st01,9664b0813b942250730031e0bf36722988685b38cc1962a84cbdc2c660d48dfb,0
6488,110,12,110/12/07,15:10:52,2021-12-07 15:10:52,公告本公司董事會通過決議除息基準日,distribution,8,2022-01-06,2022-02-11,,,False,False,False,False,"1.董事會、股東會決議或公司決定日期:110/12/07 2.除權、息類別（請填入「除權」、「除息」或「除權息」）:除息 3.發放股利種類及金額: 盈餘分配現金股利每股新台幣8元，總金額新台幣3,481,896,000元。 4.除權（息）交易日:111/01/06 5.最後過戶日:111/01/07 6.停止過戶起始日期:111/01/08 7.停止過戶截止日期:111/01/12 8.除權（息）基準日:111/01/12 9.債券最後申請轉換日期:110/12/15 10.債券停止轉換起始日期:110/12/17 11.債券停止轉換截止日期:111/01/12 12.現金股利發放日期:111/02/11 13.其他應敘明事項: (1)現金股利發放至元為止(元以下捨去)，匯費及支票處理費由股東自行負擔。 (2)嗣後若因本公司流通在外股份數量發生變動，每股配發現金比率因此發生變動時， 董事會授權董事長全權處理相關事宜。 (3)本公司海外第一次無擔保轉換公司債停止轉換期間:110/12/17~111/01/12 ",https://mops.twse.com.tw/mops/#/web/t05st01,6525559c527ec91bfc95dd422e196587e256a0de4044ef0fb5eabf8b63476421,0
6488,110,12,110/12/29,16:58:17,2021-12-29 16:58:17,"公告本公司110年11月自結合併財務報表之負債比率、
流動比率及速動比率",capital_change,,,,,,False,False,False,False,1.事實發生日:110/12/29 2.發生緣由:依據證券櫃檯買賣中心110年8月19日證櫃監字第1100201493號函辦理公告 3.財務資訊年度月份:110年11月 4.自結流動比率:326.77% 5.自結速動比率:289.80% 6.自結負債比率:65.59% 7.因應措施:無 8.其他應敘明事項:無 ,https://mops.twse.com.tw/mops/#/web/t05st01,8746cd7a4b1e4d9d767625310831f55deb86e8f4ebb71bc41bf5ccf61df8ecdb,0
6488,111,01,111/01/26,16:35:00,2022-01-26 16:35:00,"公告本公司110年12月自結合併財務報表之負債比率、
流動比率及速動比率",capital_change,,,,,,False,False,False,False,1.事實發生日:111/01/26 2.發生緣由:依據證券櫃檯買賣中心110年8月19日證櫃監字第1100201493號函辦理公告 3.財務資訊年度月份:110年12月 4.自結流動比率:302.05% 5.自結速動比率:270.07% 6.自結負債比率:68.68% 7.因應措施:無 8.其他應敘明事項:無 ,https://mops.twse.com.tw/mops/#/web/t05st01,b3e357cad8200bc3dc31f921b7a989fcb2c9182223c8b57bf6ddf9d850bac649,0
6488,111,02,111/02/25,16:35:32,2022-02-25 16:35:32,"公告本公司111年01月自結合併財務報表之負債比率、
流動比率及速動比率",capital_change,,,,,,False,False,False,False,1.事實發生日:111/02/25 2.發生緣由:依據證券櫃檯買賣中心110年8月19日證櫃監字第1100201493號函辦理公告 3.財務資訊年度月份:111年01月 4.自結流動比率:324.81% 5.自結速動比率:290.54% 6.自結負債比率:69.65% 7.因應措施:無 8.其他應敘明事項:無 ,https://mops.twse.com.tw/mops/#/web/t05st01,8dd3d5a989d69f72bb12b268dc3176ec051c0943419e53ce80087b7deac9afd4,0
6504,104,05,104/05/12,16:31:41,2015-05-12 16:31:41,公告本公司董事會通過民國104年第1季合併財務報告,capital_change,,,,,,False,True,False,False,"1.事實發生日:104/05/12 2.公司名稱:南六企業股份有限公司 3.與公司關係(請輸入本公司或子公司):本公司 4.相互持股比例:不適用 5.傳播媒體名稱:不適用 6.報導內容:不適用 7.發生緣由:公告本公司董事會通過民國104年第1季合併財務報告 營業收入： 1,489,941仟元 營業毛利： 283,457仟元 營業利益： 164,913仟元 稅前淨利： 193,472仟元 本期淨利： 150,792仟元 本期綜合損益總額： 126,363仟元 基本每股盈餘： 2.08元 8.因應措施:無。 9.其他應敘明事項:有關104年第1季合併財務報告詳細資料將於主管機關規定期限內 完成上傳作業，屆時相關之訊息請逕向公開資訊觀測站查詢。 ",https://mops.twse.com.tw/mops/#/web/t05st01,3607f43ddfe6c310e180d152806bade0de1bd5a197420bc95ed5826b37dcd69e,0
6504,104,06,104/06/02,16:29:40,2015-06-02 16:29:40,本公司股東會決議配息基準日,distribution,,2015-06-18,,,,False,False,False,False,"1.董事會、股東會決議或公司決定日期:104/06/02 2.除權、息類別（請填入「除權」、「除息」或「除權息」）:除息 3.發放股利種類及金額:現金股利金額203,280,000元 4.除權（息）交易日:104/06/18 5.最後過戶日:104/06/22 6.停止過戶起始日期:104/06/23 7.停止過戶截止日期:104/06/27 8.除權（息）基準日:104/06/27 9.其他應敘明事項:依公司法第165條規定，自104年06月23日起至104年06月27日止 停止股票過戶，凡持有本公司股票尚未過戶之股東，務請於104年06月22日(星期一) 下午四時三十分前親臨或掛號郵寄本公司股務代理機構:元大寶來證券股份有限公司 股務代理部(地址:台北市大同區承德路三段210號B1，電話：(02)2586-5859)辦理 過戶手續。(郵寄過戶者，以至104年06月22日郵戳日期為憑) ",https://mops.twse.com.tw/mops/#/web/t05st01,ced4fa0cad07518261e3b14dfdfbfae2f2341e9dfc8024b718948c0b6c2636d5,0
6505,104,04,104/04/10,13:31:27,2015-04-10 13:31:27,公告本公司104年3月合併營業額,capital_change,,,,,,False,True,False,False,"1.事實發生日:104/04/10 2.公司名稱:台塑石化股份有限公司 3.與公司關係(請輸入本公司或子公司):本公司 4.相互持股比例:不適用 5.傳播媒體名稱:不適用 6.報導內容:不適用 7.發生緣由:公告本公司104年3月合併營業額 8.因應措施:無 9.其他應敘明事項: 一、104年3月合併營業額與104年2月比較： 104年3月合併營業額544億6,869萬元，比104年2月510億622萬元，增加34億6,247萬 元，成長6.8%。 其中：銷售量差減少2.7億元，銷售價差增加37.3億元。 (一)煉油事業營業額比104年2月減少2.6%。 售量方面： 104年3月原油平均煉製量為402仟桶/日，比2月平均496仟桶/日，減煉94仟桶/日， 主要係3月份因常壓蒸餾單元第三套(CDU#3)以及重油加氫脫硫單元第二套(RDS#2)實 施定檢所致，受煉製量降低的影響，致煉油產品總銷售量比2月亦同步減售2,068仟桶。 售價方面： 3月國際原油價格雖較2月呈現小幅下滑(3月杜拜原油均價54.7美元/桶較2月下跌0.7 美元/桶)，但受惠汽油、柴油、輕油等產品因市場需求增溫致價差走強的帶動下， 油品售價反呈現上漲，致3月的油品平均售價比2月增加4.1美元/桶。 (二)烯烴事業營業額比104年2月增加23.0%。 售量方面： 104年3月三座烯烴廠均全量運轉，平均產能利用率為102%(乙烯月產量27.7萬噸，31 天)，較2月的產能利用率100%(乙烯月產量24.7萬噸，28天)提高，加上工作天數增 加3天，使3月烯烴產品的總銷售量達70.4萬噸，比2月增加8.0萬噸。 售價方面： 受輕油價格走揚及市場對石化原料需求暢旺的帶動下，104年3月烯烴產品平均售價 較2月高83美元/噸(其中：乙烯+94美元/噸、丙烯+106美元/噸、丁二烯+127美元/噸 )。 二、104年3月合併營業額與103年3月比較： 104年3月合併營業額544億6,869萬元，比103年3月873億4,270萬元，減少328億 7,401萬元，減幅37.6%。 其中：銷售量差減少34.2億元，銷售價差減少294.5億元。 (一)煉油事業營業額比103年3月減少45.0%。 售量方面： 104年3月煉油產品的總銷售量為14,108仟桶，比103年3月減少2,969仟桶。主要係 104年3月的原油煉製量402仟桶/日，比去年同期509仟桶/日，減煉107仟桶/日所致。 售價方面： 104年3月油品平均售價比103年3月低45.8美元/桶，主要係受國際原油價格較去年同 期重挫的影響，致油品售價同步走跌(杜拜原油均價：104年3月為54.7美元/桶，較103 年3月104.3美元/桶，低49.6美元/桶，減幅達48%)。 (二)烯烴事業營業額比103年3月減少30.5%。 售量方面： 104",https://mops.twse.com.tw/mops/#/web/t05st01,4f198b5038f578de6ba56f8e16b729b40da67eecd7d5d003fd69e295af3934c4,0
6505,104,04,104/04/10,13:31:46,2015-04-10 13:31:46,公告本公司104年第1季自結合併損益,capital_change,,,,,,False,True,False,False,"1.事實發生日:104/04/10 2.公司名稱:台塑石化股份有限公司 3.與公司關係(請輸入本公司或子公司):本公司 4.相互持股比例:不適用 5.傳播媒體名稱:不適用 6.報導內容:不適用 7.發生緣由:公告本公司104年第1季自結合併損益 8.因應措施:無 9.其他應敘明事項: 一、104年第1季自結合併損益與103年第4季比較： (一)104年第1季自結合併營業額1,550億3,456萬元，比103年第4季1,940億2,845萬 元，減少389億9,389萬元，減少20.1%。其中：銷售量差增加107.4億元，銷售價差 減少497.3億元。 1.煉油產品營業額較103年第4季減少24.0%。 量：煉油廠104年第1季油品銷售量為46,015仟桶，較103年第4季46,733仟桶減售 718仟桶。 價：受國際原油價格大跌的影響，104年第1季油品平均售價比103第4季減少24.6美 元/桶。 2.烯烴產品營業額較103年第4季減少14.3%。 量：104年第1季烯烴廠平均產能利用率98%與103年第4季相當，但受惠下游開工率 提高以及市場對石化原料的需求增溫，帶動烯烴產品銷售量比103年第4季增售13.5 萬噸。 價：104年第1季烯烴產品售價則受到原料輕油價格下跌影響而連帶走跌，比103年 第4季減少215美元/噸。 3.公用事業營業額較103年第4季減少5.4%。 主要係大型發電機組UPA(期間：103.11.15~104.2.27)及UPB(期間：104.3.14~ 104.5.27)實施定檢，致104年第1季整體發電量較103年第4季降低190百萬度所致。 (二)104年第1季自結合併稅前利益13億339萬元，比103年第4季合併稅前虧損149億 123萬元，稅前利益增加162億462萬元。 104年第1季自結合併稅後利益11億2,498萬元，比103年第4季合併稅後虧損130億50 萬元，稅後利益增加141億2,548萬元。 其中歸屬母公司的稅後利益11億2,400萬元，每股稅後盈餘0.12元。 說明如下： 1.合併營業利益增加198.9億元。 煉油事業104年第1季整體開動率較103年第4季為高，致產品單位加工成本降低，另 國際油價經重挫後已逐漸回穩，因此在收料與庫存上的損失金額亦減少，加上低油 價帶動需求增溫使產品價差走揚，故營利較103年第4季大幅改善；烯烴事業104年 第1季受惠下游開工率提高以及市場對石化原料的需求增加，帶動烯烴產品銷售量 增售13.5萬噸，以及輕油價格回穩使收料與庫存損失金額降低，致營利較103年第4 季轉佳；公用事業104年第1季則因燃煤成本下降，故營利亦較103年第4季增加；另 配合會計公報規定，本季提列存貨跌價損失回轉利益39.9億元；綜上述，全公司整 體營利因此較103年第4季大幅增加。 2.營業外淨收益",https://mops.twse.com.tw/mops/#/web/t05st01,fdf2ad23ab8fa458692d1e2ded09bf51f1861129b54d9ae9f63d449de1f367ab,0
6505,104,05,104/05/06,13:31:12,2015-05-06 13:31:12,公告本公司104年4月合併營業額,capital_change,,,,,,False,True,False,False,"1.事實發生日:104/05/06 2.公司名稱:台塑石化股份有限公司 3.與公司關係(請輸入本公司或子公司):本公司 4.相互持股比例:不適用 5.傳播媒體名稱:不適用 6.報導內容:不適用 7.發生緣由:公告本公司104年4月合併營業額 8.因應措施:無 9.其他應敘明事項: 一、104年4月合併營業額與104年3月比較： 104年4月合併營業額549億5,393萬元，比104年3月544億6,869萬元，增加4億8,524 萬元，成長0.9%。 其中：銷售量差減少11.8億元，銷售價差增加16.6億元。 (一)煉油事業營業額比104年3月減少0.8%。 售量方面： 4月原油平均煉製量為423仟桶/日，比3月平均402仟桶/日，增煉21仟桶/日，但因工 作天數較3月減少1天，使得4月煉油產品總銷售量13,959仟桶比3月減售149仟桶。 售價方面： 4月國際原油價格較3月上漲(4月杜拜原油均價58.6美元/桶，比3月增加3.9美元/桶) ，帶動4月的油品平均售價比3月增加0.4美元/桶。 (二)烯烴事業營業額比104年3月增加6.3%。 售量方面： 4月三座烯烴廠維持全量運轉，平均產能利用率達到102%(乙烯月產量26.9萬噸，30 天)，與3月的產能利用率102%相當(乙烯月產量27.7萬噸，31天)，但受工作天數減 少1天影響，4月烯烴產品的總銷售量69.2萬噸，則比3月減少1.2萬噸。 售價方面： 受惠輕油價格走揚以及市場對石化原料需求持續暢旺的帶動下，4月烯烴產品平均售 價較3月高68美元/噸(其中：乙烯+143美元/噸、丙烯+32美元/噸、丁二烯+93美元/ 噸)。 二、104年4月合併營業額與103年4月比較： 104年4月合併營業額549億5,393萬元，比103年4月734億3,184萬元，減少184億 7,791萬元，減幅25.2%。 其中：銷售量差增加86.5億元，銷售價差減少271.3億元。 (一)煉油事業營業額比103年4月減少27.9%。 售量方面： 104年4月煉油產品的總銷售量為13,959仟桶，比103年4月增加970仟桶。主要係104 年4月的原油煉製量423仟桶/日，比去年同期360仟桶/日，增煉63仟桶/日所致。 售價方面： 104年4月油品平均售價比103年4月低45.7美元/桶，主要係受國際原油價格較去年同 期重挫的影響，致油品售價同步走跌(杜拜原油均價：104年4月為58.6美元/桶，較 103年4月104.7美元/桶，低46.1美元/桶，減幅達44%)。 (二)烯烴事業營業額比103年4月減少22.5%。 售量方面： 104年4月烯烴廠產能利用率102%，比103年4月的101%略高，烯烴產品總銷售量則增 加3.1萬噸。 售價方面： 104年4月烯烴產品平均售價較103年4月低337美元/噸(其中乙烯-272",https://mops.twse.com.tw/mops/#/web/t05st01,8ca67a02d56456da41851dfe1ef8c3f71bbdebc66a8ec135722efc55b7fa6f0c,0
6505,104,06,104/06/08,13:31:06,2015-06-08 13:31:06,公告本公司104年5月合併營業額,capital_change,,,,,,False,True,False,False,"1.事實發生日:104/06/08 2.公司名稱:台塑石化股份有限公司 3.與公司關係(請輸入本公司或子公司):本公司 4.相互持股比例:不適用 5.傳播媒體名稱:不適用 6.報導內容:不適用 7.發生緣由:公告本公司104年5月合併營業額 8.因應措施:無 9.其他應敘明事項: 一、104年5月合併營業額與104年4月比較： 104年5月合併營業額660億1,791萬元，比104年4月549億5,393萬元，增加110億 6,398萬元，成長20.1%。 其中：銷售量差增加68.5億元，銷售價差增加42.1億元。 (一)煉油事業營業額比104年4月增加29.9%。 售量方面： 5月三套常壓蒸餾單元均全量運轉，原油平均煉製量為542仟桶/日，比4月平均 423仟桶/日，增煉119仟桶/日，加上工作天數較4月增加1天，使得5月煉油產品 總銷售量達18,612仟桶，比4月增售4,653仟桶。 售價方面： 5月國際原油價格較4月上漲(5月杜拜原油均價63.6美元/桶，比4月增加5.0美元 /桶)，加上5月外銷汽油、柴油、航空燃油的價差較4月走揚，帶動5月的油品平 均售價比4月增加5.7美元/桶。 (二)烯烴事業營業額比104年4月增加8.7%。 售量方面： 5月三座烯烴廠維持全量運轉，平均產能利用率為101%(乙烯月產量27.6萬噸， 31天)，與4月的產能利用率102%相當(乙烯月產量26.9萬噸，30天)，合計5月烯 烴產品的總銷售量為71.9萬噸，比4月增加2.7萬噸。 售價方面： 受惠輕油價格走揚以及市場對石化原料需求仍暢旺的帶動下，5月烯烴產品平均 售價較4月高44美元/噸(其中：乙烯+55美元/噸、丙烯+9美元/噸、丁二烯+135 美元/噸)。 二、104年5月合併營業額與103年5月比較： 104年5月合併營業額660億1,791萬元，比103年5月711億1,311萬元，減少50億 9,520萬元，減幅7.2%。 其中：銷售量差增加255.0億元，銷售價差減少306.0億元。 (一)煉油事業營業額比103年5月減少3.0%。 售量方面： 104年5月煉油產品的總銷售量為18,612仟桶，比103年5月增加6,454仟桶。主要 係104年5月的原油煉製量542仟桶/日，比去年同期376仟桶/日(常壓蒸餾單元第 二套實施定檢)，增煉166仟桶/日所致。 售價方面： 104年5月油品平均售價比103年5月低41.7美元/桶，主要係受國際原油價格較去 年同期重挫的影響，致油品售價同步走跌(杜拜原油均價：104年5月為63.6美元 /桶，較103年5月105.7美元/桶，低42.1美元/桶，減幅達40%)。 (二)烯烴事業營業額比103年5月減少18.7%。 售量方面： 104年5月烯烴廠產能利用率101%，與103年5月的相當，烯烴產品總銷售量則較 去年同",https://mops.twse.com.tw/mops/#/web/t05st01,457576f7fa0e0d0178cc05a2f2b197d0dc2f2adc87f15812e020efca2557e6de,0
6505,104,06,104/06/15,17:32:10,2015-06-15 17:32:10,董事會決議股利配發基準日,distribution,0.85,2015-07-02,,,,True,False,False,False,1.董事會、股東會決議或公司決定日期:104/06/15 2.除權、息類別（請填入「除權」、「除息」或「除權息」）:除息 3.發放股利種類及金額: 現金股利：每股分派新台幣0.85元。 4.除權（息）交易日:104/07/02 5.最後過戶日:104/07/04 6.停止過戶起始日期:104/07/05 7.停止過戶截止日期:104/07/09 8.除權（息）基準日:104/07/09 9.其他應敘明事項:現金股利發放日104/07/24 ,https://mops.twse.com.tw/mops/#/web/t05st01,a147731a325c53a5fe0cf85c13d9f43281b809968c48bc9adfce0c9e2c4c3847,0
6505,104,07,104/07/10,12:02:05,2015-07-10 12:02:05,公告本公司104年6月合併營業額,capital_change,,,,,,False,True,False,False,"1.事實發生日:104/07/10 2.公司名稱:台塑石化股份有限公司 3.與公司關係(請輸入本公司或子公司):本公司 4.相互持股比例:不適用 5.傳播媒體名稱:不適用 6.報導內容:不適用 7.發生緣由:公告本公司104年6月合併營業額 8.因應措施:無 9.其他應敘明事項: 一、104年6月合併營業額與104年5月比較： 104年6月合併營業額630億381萬元，比104年5月660億1,791萬元，減少30億1,410萬 元，減少4.6%。 其中：銷售量差減少24.2億元，銷售價差減少5.9億元。 (一)煉油事業營業額比104年5月增加1.8%。 售量方面： 6月三套常壓蒸餾單元均維持全量運轉，原油平均煉製量為544仟桶/日，比5月平均 542仟桶/日，增煉2仟桶/日，帶動6月煉油產品銷售量達609仟桶/日，比5月600仟桶 /日，增售9仟桶/日。 售價方面： 6月國際原油價格較5月下跌(6月杜拜原油均價61.8美元/桶，比5月減少1.8美元/桶) ，加上6月外銷柴油與航空燃油的價差較5月縮小，影響6月的油品平均售價比5月減少 1.4美元/桶。 (二)烯烴事業營業額比104年5月減少23.5%。 售量方面： 烯烴一廠於6/9起停車定檢，烯烴二、三廠則維持全量運轉，6月平均產能利用率為 83%(乙烯月產量22.0萬噸，30天)，比5月的產能利用率101%有所下降(乙烯月產量 27.6萬噸，31天)，合計6月烯烴產品的總銷售量為54.1萬噸，比5月減少17.8萬噸。 售價方面： 雖然6月輕油價格較5月下跌13美元/噸，但由於市場對於石化原料需求仍暢旺，因此 6月烯烴產品平均售價仍與5月維持相當(其中：乙烯+8美元/噸、丙烯-30美元/噸、丁 二烯+142美元/噸)。 二、104年6月合併營業額與103年6月比較： 104年6月合併營業額630億381萬元，比103年6月750億1,877萬元，減少120億1,496萬 元，減幅16.0%。 其中：銷售量差增加171.1億元，銷售價差減少291.2億元。 (一)煉油事業營業額比103年6月減少5.9%。 售量方面： 104年6月煉油產品的總銷售量為18,274仟桶，比103年6月增加5,705仟桶。主要係104 年6月的原油煉製量544仟桶/日，比去年同期368仟桶/日(CDU#1停車檢修及RDS#1、 RCC#1實施定檢所致)，增煉176仟桶/日所致。 售價方面： 104年6月油品平均售價比103年6月低41.4美元/桶，主要係受國際原油價格較去年同 期重挫，影響油品售價同步走跌(杜拜原油均價：104年6月為61.8美元/桶，較103年 6月108.0美元/桶，低46.2美元/桶，減幅達43%)。 (二)烯烴事業營業額比103年6月減少38.2%。 售量方面： 104年6月烯烴廠產能利用率83%(烯烴一廠",https://mops.twse.com.tw/mops/#/web/t05st01,701c2d789db22d598321b6112a9e6d7365d7a84ac92d2c18d99d4cd88b49ca4b,0
6505,104,07,104/07/10,12:02:23,2015-07-10 12:02:23,公告本公司104年第2季自結合併損益,capital_change,,,,,,False,True,False,False,"1.事實發生日:104/07/10 2.公司名稱:台塑石化股份有限公司 3.與公司關係(請輸入本公司或子公司):本公司 4.相互持股比例:不適用 5.傳播媒體名稱:不適用 6.報導內容:不適用 7.發生緣由:公告本公司104年第2季自結合併損益 8.因應措施:無 9.其他應敘明事項: 一、104年第2季自結合併損益與104年第1季比較： (一)104年第2季自結合併營業額1,839億7,564萬元，比104年第1季1,550億3,456萬元 ，增加289億4,108萬元，成長18.7%。其中：銷售量差增加230.5億元，銷售價差增加 58.9億元。 1.煉油產品營業額較104年第1季增加21.1%。 量：煉油廠104年第2季平均原油煉製量504仟桶/日比第1季增煉45仟桶/日，同步帶動 油品銷售量達50,844仟桶，比第1季增售4,831仟桶。 價：受國際原油價格上漲的牽動(杜拜原油：第2季61.3美元/桶、第1季51.9美元/桶) ，104年第2季油品平均售價比第1季增加8.5美元/桶。 2.烯烴產品營業額較104年第1季增加15.4%。 量：104年第2季烯烴廠平均產能利用率95%比第1季98%稍低，主要係烯烴一廠於6/9開 始實施定檢所致，影響烯烴產品銷售量比第1季減售5.9萬噸。 價：受到原料輕油價格上漲，以及市場對石化原料需求暢旺的帶動，104年第2季烯烴 產品平均售價895美元/噸，比第1季增加159美元/噸。 3.公用事業營業額較104年第1季增加3.6%。 主要係104年第2季整體發電量為3,861百萬度，比第1季增加236百萬度，加上6月份開 始進入夏季電價計費期間，使平均售電價格亦較第1季提高所致。 (二)104年第2季自結合併稅前利益290億1,480萬元，創單季稅前利益新高(前高為97 年第2季262億元)，比104年第1季合併稅前利益13億133萬元，稅前利益增加277億 1,347萬元。 104年第2季自結合併稅後利益246億9,250萬元，亦為單季稅後利益新高(前高為96年 第3季228.5億元)，比104年第1季合併稅後利益11億2,293萬元，稅後利益增加235億 6,957萬元。 其中歸屬母公司的稅後利益246億9,126萬元，每股稅後盈餘2.59元。 說明如下： 1.合併營業利益增加270.1億元。 煉油事業104年第2季整體開動率較104年第1季提升，使產品單位加工成本降低，加上 第2季國際原油價格緩步上揚，因而產生因原料上漲所致的購料與存貨利益，另現階 段較低的油價活絡了終端需求，使煉油產品第2季的價差維持穩健，營利較第1季大幅 提升； 烯烴事業則受惠下游開工率提高以及市場對石化原料的需求強勁，帶動烯烴產品第2 季利差比第1季擴大，並來到歷史高位，使營利比第1季大幅成長； 公用事業104年第2季則因燃煤成本下降，加上",https://mops.twse.com.tw/mops/#/web/t05st01,de738f28a7a6f47b111308d42bc78fdb778828f3763ab418406a8ebb3644745d,0
6505,104,08,104/08/06,13:32:10,2015-08-06 13:32:10,公告本公司104年7月合併營業額,capital_change,,,,,,False,True,False,False,"1.事實發生日:104/08/06 2.公司名稱:台塑石化股份有限公司 3.與公司關係(請輸入本公司或子公司):本公司 4.相互持股比例:不適用 5.傳播媒體名稱:不適用 6.報導內容:不適用 7.發生緣由:公告本公司104年7月合併營業額 8.因應措施:無 9.其他應敘明事項: 一、104年7月合併營業額與104年6月比較： 104年7月合併營業額477億8,132萬元，比104年6月630億381萬元，減少152億2,249 萬元，減少24.2%。 其中：銷售量差減少114.4億元，銷售價差減少37.8億元。 (一)煉油事業營業額比104年6月減少34.9%。 售量方面： 7月原油平均煉製量為364仟桶/日，比6月平均544仟桶/日，減煉180仟桶/日，主要 係7月份重油加氫脫硫第一套單元(RDS#1)實施定檢及重油媒裂第一套單元(RCC#1) 停車檢修所致，受煉製量降低的影響，致7月煉油產品銷售量12,584仟桶，比6月 18,274仟桶，減售5,690仟桶。 售價方面： 受7月國際原油價格較6月下跌影響(7月杜拜原油均價56.2美元/桶，比6月減少5.6 美元/桶)，加上7月外銷油品的價差較6月縮小，致7月的油品平均售價比6月減少 6.9美元/桶。 (二)烯烴事業營業額比104年6月減少0.1%。 售量方面： 烯烴一廠已於7/21完成定檢並重新開車(期間6/9~7/21)，烯烴廠7月平均產能利用 率為88%(乙烯月產量23.9萬噸，31天)，比6月的產能利用率83%提高(乙烯月產量 22.0萬噸，30天)，合計7月烯烴產品的總銷售量為58.9萬噸，比6月增加4.8萬噸。 售價方面： 受輕油價格下跌的影響，使烯烴產品售價連帶走跌，7月的平均售價847美元/桶比 6月減少64美元/桶(其中：乙烯-102美元/噸、丙烯-57美元/噸、丁二烯-12美元/噸 )。 二、104年7月合併營業額與103年7月比較： 104年7月合併營業額477億8,132萬元，比103年7月891億5,522萬元，減少413億 7,390萬元，減幅46.4%。 其中：銷售量差減少145.7億元，銷售價差減少268.0億元。 (一)煉油事業營業額比103年7月減少52.9%。 售量方面： 104年7月煉油產品的總銷售量為12,584仟桶，比103年7月減少4,150仟桶。主要係 104年7月的原油煉製量364仟桶/日(RDS#1實施定檢、RCC#1停車檢修)，比去年同期 469仟桶/日，減煉105仟桶/日所致。 售價方面： 104年7月油品平均售價比103年7月低48.4美元/桶，主要係受國際原油價格較去年 同期重挫，影響油品售價同步走跌(杜拜原油均價：104年7月為56.2美元/桶，較 103年7月106.2美元/桶，低50.0美元/桶，減幅達47%)。 (二)烯烴事業營業額比1",https://mops.twse.com.tw/mops/#/web/t05st01,d363db7b3a63e26fa91700356f502b63d64d9e4a419f56b44612c0782764612b,0
6505,104,09,104/09/07,13:33:02,2015-09-07 13:33:02,公告本公司104年8月合併營業額,capital_change,,,,,,False,True,False,False,"1.事實發生日:104/09/07 2.公司名稱:台塑石化股份有限公司 3.與公司關係(請輸入本公司或子公司):本公司 4.相互持股比例:不適用 5.傳播媒體名稱:不適用 6.報導內容:不適用 7.發生緣由:公告本公司104年8月合併營業額 8.因應措施:無 9.其他應敘明事項: 一、104年8月合併營業額與104年7月比較： 104年8月合併營業額463億1,499萬元，比104年7月477億8,132萬元，減少14億6,633 萬元，減少3.1%。 其中：銷售量差增加35.3億元，銷售價差減少50.0億元。 (一)煉油事業營業額比104年7月增加3.1%。 售量方面： 8月原油平均煉製量為425仟桶/日，比7月平均364仟桶/日，增煉61仟桶/日，帶動8月 煉油產品銷售量15,348仟桶，比7月增售2,764仟桶。 售價方面： 受8月國際原油價格重挫影響(8月杜拜原油均價47.7美元/桶，比7月56.2美元/桶，減 少8.5美元/桶)，影響8月的油品平均售價比7月減少8.6美元/桶。 (二)烯烴事業營業額比104年7月減少15.7%。 售量方面： 8月烯烴廠平均產能利用率為92%(乙烯月產量25.2萬噸，31天)，比7月的產能利用率 88%提高(乙烯月產量23.9萬噸，31天)，但受輕油與石化產品價格下跌，下游需求疲 弱且供給過剩，致市場觀望意味濃厚，加上大陸天津港因爆炸封港，使乙烯等石化產 品無法進港卸貨等影響，8月烯烴產品的總銷售量57.3萬噸，反比7月58.9萬噸，減少 1.6萬噸。 售價方面： 受輕油價格下跌的影響，使烯烴產品售價連帶走跌，8月的平均售價723美元/桶比7月 減少124美元/桶(其中：乙烯-179美元/噸、丙烯-80美元/噸、丁二烯-257美元/噸)。 二、104年8月合併營業額與103年8月比較： 104年8月合併營業額463億1,499萬元，比103年8月778億884萬元，減少314億9,385萬 元，減幅40.5%。 其中：銷售量差減少12.5億元，銷售價差減少302.4億元。 (一)煉油事業營業額比103年8月減少46.0%。 售量方面： 104年8月煉油產品的總銷售量為15,348仟桶，比103年8月減少826仟桶。主要係104年 8月原油煉製量425仟桶/日，比去年同期526仟桶/日為低所致。 售價方面： 104年8月油品平均售價比103年8月低53.0美元/桶，最主要係受到國際原油價格較去 年同期重挫，影響油品售價同步走跌所致(杜拜原油均價：104年8月為47.7美元/桶， 較103年8月101.7美元/桶，低54.0美元/桶，減幅達53.1%)。 (二)烯烴事業營業額比103年8月減少35.2%。 售量方面： 104年8月烯烴廠產能利用率92%，比103年8月的77%(烯烴三廠實施定檢)高，烯烴產品 總銷售量則比",https://mops.twse.com.tw/mops/#/web/t05st01,fe6092f58b7b2848a4aaf76304b100fba6e0a4acf649454d22c0b7e0d395314d,0
6505,104,10,104/10/12,13:34:56,2015-10-12 13:34:56,公告本公司104年9月合併營業額,capital_change,,,,,,False,True,False,False,"1.事實發生日:104/10/12 2.公司名稱:台塑石化股份有限公司 3.與公司關係(請輸入本公司或子公司):本公司 4.相互持股比例:不適用 5.傳播媒體名稱:不適用 6.報導內容:不適用 7.發生緣由:公告本公司104年9月合併營業額 8.因應措施:無 9.其他應敘明事項: 一、104年9月合併營業額與104年8月比較： 104年9月合併營業額461億1,105萬元，比104年8月463億1,499萬元，減少2億394萬 元，減少0.4%。 其中：銷售量差增加14.5億元，銷售價差減少16.5億元。 (一)煉油事業營業額比104年8月增加1.3%。 售量方面： 9月原油平均煉製量為520仟桶/日，比8月平均425仟桶/日，增煉95仟桶/日，帶動9月 煉油產品銷售量504仟桶/日，比8月增售9仟桶/日。 售價方面： 受9月國際原油價格下跌影響(9月杜拜原油均價45.4美元/桶，比8月47.7美元/桶， 減少2.3美元/桶)，影響9月的油品平均售價比8月減少1.4美元/桶。 (二)烯烴事業營業額比104年8月減少2.7%。 售量方面： 9月烯烴廠平均產能利用率為91%(乙烯月產量24.0萬噸，30天)，與8月的產能利用率 92%相當(乙烯月產量25.2萬噸，31天)，9月烯烴產品的總銷售量59.9萬噸，則比8月 57.3萬噸，增加2.6萬噸。 售價方面： 受輕油價格下跌的影響，使烯烴產品售價連帶走跌，9月的平均售價644美元/噸比8 月減少79美元/噸(其中：乙烯-97美元/噸、丙烯-109美元/噸、丁二烯-26美元/噸)。 二、104年9月合併營業額與103年9月比較： 104年9月合併營業額461億1,105萬元，比103年9月691億6,592萬元，減少230億5,487 萬元，減幅33.3%。 其中：銷售量差增加73.5億元，銷售價差減少304.0億元。 (一)煉油事業營業額比103年9月減少41.1%。 售量方面： 104年9月煉油產品的總銷售量為15,114仟桶，比103年9月減少717仟桶。主要係104年 9月原油煉製量520仟桶/日，比去年同期529仟桶/日為低所致。 售價方面： 104年9月油品平均售價比103年9月低50.8美元/桶，最主要係受到國際原油價格較去 年同期重挫，影響油品售價同步走跌所致(杜拜原油均價：104年9月為45.4美元/桶， 較103年9月96.5美元/桶，低51.1美元/桶，減幅達53.0%)。 (二)烯烴事業營業額比103年9月減少14.4%。 售量方面： 104年9月烯烴廠產能利用率91%，比103年9月的54%(烯烴三廠實施定檢)高，烯烴產品 總銷售量則比去年同期增加19.6萬噸。 售價方面： 104年9月烯烴產品平均售價較103年9月低571美元/噸(其中乙烯-618美元/噸、丙烯 -624美元/噸、丁二",https://mops.twse.com.tw/mops/#/web/t05st01,93bb0d9ffbeddab5a33c04f2272158409e94bf5fdb0efc9a079c6adb507ab5c5,0
6505,104,10,104/10/12,13:35:15,2015-10-12 13:35:15,公告本公司104年第3季自結合併損益,capital_change,,,,,,False,True,False,False,"1.事實發生日:104/10/12 2.公司名稱:台塑石化股份有限公司 3.與公司關係(請輸入本公司或子公司):本公司 4.相互持股比例:不適用 5.傳播媒體名稱:不適用 6.報導內容:不適用 7.發生緣由:公告本公司104年第3季自結合併損益 8.因應措施:無 9.其他應敘明事項: 一、104年第3季自結合併損益與104年第2季比較： (一)104年第3季自結合併營業額1,402億737萬元，比104年第2季1,839億7,564萬元， 減少437億6,827萬元，減少23.8%。其中：銷售量差減少179.1億元，銷售價差減少 258.6億元。 1.煉油產品營業額較104年第2季減少26.9%。 量：煉油廠104年第3季平均原油煉製量436仟桶/日比第2季減煉68仟桶/日，影響油品 銷售量43,046仟桶，比第2季減售7,798仟桶。 價：受國際原油價格下跌的牽動(杜拜原油：第3季49.7美元/桶、第2季61.3美元/桶) ，104年第3季油品平均售價比第2季減少12.8美元/桶。 2.烯烴產品營業額較104年第2季減少24.2%。 量：104年第3季烯烴廠平均產能利用率90%比第2季95%低，影響烯烴產品銷售量比第2 季減售19.2萬噸。 價：受到原料輕油價格下跌，以及市場對石化原料需求降溫的影響，104年第3季烯烴 產品平均售價738美元/噸，比第2季減少158美元/噸。 3.公用事業營業額較104年第2季增加11.8%。 主要係第3季因進入夏季電價的計價期(每年的6~9月)，使售電價格較第2季為高；加 上第3季整體發電量亦較第2季提高260百萬度所致。 (二)104年第3季自結合併稅前利益103億5,143萬元，比104年第2季合併稅前利益290 億1,415萬元，稅前利益減少186億6,272萬元。 104年第3季自結合併稅後利益89億6,673萬元，比104年第2季合併稅後利益246億 9,185萬元，稅後利益減少157億2,512萬元。 其中歸屬母公司的稅後利益89億6,521萬元，每股稅後盈餘0.94元。 說明如下： 1.合併營業利益減少233.8億元。 煉油事業104年第3季整體開動率較第2季降低，使產品單位工繳成本增加，另第3季國 際原油價格逐月走跌(從6月61.8美元/桶→9月45.4美元/桶)，致期間產生因原料下跌 造成的購料與庫存損失，加上煉油產品的價差亦較第2季走弱，因而使營利較第2季減 少； 烯烴事業則因第3季產能利用率降低，加上市場對石化原料的需求減緩，烯烴產品第3 季利差比第2季縮小，使營利比第2季下降； 公用事業第3季則因進入夏季電價的計價期，加上發(售)電量均較第2季成長，致營利 亦較第2季增加； 另第3季因受到國際原油價格下跌的影響，配合會計公報規定針對第3季當季季底的各 項存貨提列18.5億元存貨跌價損失； 綜上述，",https://mops.twse.com.tw/mops/#/web/t05st01,ab09814c8d4f348a94a4bc2ab09dcd5865151b328233e9cdbfe35dfe8f1fb63d,0
6505,105,08,105/08/09,13:32:02,2016-08-09 13:32:02,公告本公司105年7月合併營業額,capital_change,,,,,,False,True,False,False,"1.事實發生日:105/08/09 2.公司名稱:台塑石化股份有限公司 3.與公司關係(請輸入本公司或子公司):本公司 4.相互持股比例:不適用 5.發生緣由:公告本公司105年7月合併營業額 6.因應措施:無 7.其他應敘明事項: 一、105年7月合併營業額與105年6月比較： 105年7月合併營業額458億8,271萬元，比6月488億1,465萬元，減少29億3,194萬元 ，減少6.0%。 其中：銷售量差減少14.5億元，銷售價差減少14.8億元。 (一)煉油事業營業額比6月減少13.8%。 售量方面： 105年7月原油平均煉製量為496仟桶/日，比6月526仟桶/日，減少30仟桶/日，主要 係基礎油廠各單元實施定檢所致，受煉製量減少連帶影響7月煉油產品銷售量 15,886仟桶，比6月減售1,447仟桶。 售價方面： 105年7月國際原油價格較6月低3.8美元/桶(7月杜拜原油均價42.5美元/桶，6月 46.3美元/桶)，影響7月的油品平均售價較6月減少2.7美元/桶。 (二)烯烴事業營業額比6月增加3.4%。 售量方面： 105年7月烯烴廠產能利用率100%(乙烯月產量27.4萬噸，31天)，與6月產能利用率 100%相當(乙烯月產量26.3萬噸，30天)，但由於7月份營業天數比6月多1天，帶動 7月烯烴產品的總銷售量64.1萬噸，比6月61.1萬噸，增加3.0萬噸。 售價方面： 雖然原料輕油價格較6月下跌23美元/噸，但7月烯烴產品均價仍較6月上漲10美元/噸 ，其中：乙、丙烯因預期8月起亞洲輕裂廠將陸續實施定檢，加上下游需求仍強勁 故有支撐；丁二烯則受中國國內價格上漲及東南亞市場暫無現貨可標售等因素帶動 而走揚。(乙烯+6美元/噸、丙烯+1美元/噸、丁二烯+90美元/噸) 二、105年7月合併營業額與104年7月比較： 105年7月合併營業額458億8,271萬元，比104年7月477億8,132萬元，減少18億 9,861萬元，減幅4.0%。 其中：銷售量差增加71.6億元，銷售價差減少90.6億元。 (一)煉油事業營業額比104年7月減少3.0%。 售量方面： 105年7月煉油產品的總銷售量為15,886仟桶，比104年7月增加3,302仟桶。主要係 105年7月原油煉製量496仟桶/日，比104年7月煉製量364仟桶/日(重油加氫脫硫第 一套單元(RDS#1)實施定檢及重油媒裂第一套單元(RCC#1)停車檢修)為高所致。 售價方面： 105年7月油品平均售價比104年7月低14.7美元/桶，最主要係受到國際原油價格較 去年同期為低，影響油品售價同步走跌所致(杜拜原油均價：105年7月為42.5美元/桶 ，較104年7月56.2美元/桶，低13.7美元/桶)。 (二)烯烴事業營業額比104年7月減少5.1%。 售量方面： 105年7月烯烴",https://mops.twse.com.tw/mops/#/web/t05st01,950f19024ea5d122f556c5d396c62872c7b7cbdda73aa04a0bea62f343d6968b,0
6505,105,09,105/09/06,13:31:35,2016-09-06 13:31:35,公告本公司105年8月合併營業額,capital_change,,,,,,False,True,False,False,"1.事實發生日:105/09/06 2.公司名稱:台塑石化股份有限公司 3.與公司關係(請輸入本公司或子公司):本公司 4.相互持股比例:不適用 5.發生緣由:公告本公司105年8月合併營業額 6.因應措施:無 7.其他應敘明事項: 一、105年8月合併營業額與105年7月比較： 105年8月合併營業額416億9,697萬元，比7月458億8,271萬元，減少41億8,574萬元 ，減少9.1%。 其中：銷售量差減少23.5億元，銷售價差減少18.3億元。 (一)煉油事業營業額比7月減少1.7%。 售量方面： 105年8月原油平均煉製量為497仟桶/日，比7月496仟桶/日，略增1仟桶/日；8月煉 油產品銷售量15,945仟桶，與7月維持相當(+59仟桶)。 售價方面： 受外銷油品價差與輕油價差較7月份走弱影響，致8月的油品平均售價比7月減少1.2 美元/桶。 (二)烯烴事業營業額比7月減少21.1%。 售量方面： 烯烴二廠於8/1起停車定檢，烯烴一、三廠則維持全量運轉，8月平均產能利用率為 66%(乙烯月產量17.9萬噸，31天)，比7月的產能利用率100%有所下降(乙烯月產量 27.4萬噸，31天)，合計8月烯烴產品的總銷售量為51.7萬噸，比7月64.1萬噸，減少 12.4萬噸。 售價方面： 受原料輕油價格走跌影響，致烯烴產品售價連帶下挫，其中乙烯下跌27美元/噸、丁 二烯下跌37美元/噸；丙烯則受中油RFCC單元停車，致國內供應短缺等因素牽動而小 漲。合計烯烴產品均價比7月低31美元/噸。 二、105年8月合併營業額與104年8月比較： 105年8月合併營業額416億9,697萬元，比104年8月463億1,499萬元，減少46億1,802 萬元，減幅10.0%。 其中：銷售量差增加8.9億元，銷售價差減少55.0億元。 (一)煉油事業營業額比104年8月減少7.4%。 售量方面： 105年8月煉油產品的總銷售量為15,945仟桶，比104年8月增加597仟桶。主要係105 年8月原油煉製量497仟桶/日，比104年8月煉製量425仟桶/日為高所致。 售價方面： 105年8月油品平均售價比104年8月低7.3美元/桶，最主要係受到國際原油價格較去 年同期為低，影響油品售價同步走跌所致(杜拜原油均價：105年8月為43.7美元/桶 ，較104年8月47.7美元/桶，低4.0美元/桶)。 (二)烯烴事業營業額比104年8月減少11.2%。 售量方面： 105年8月烯烴廠產能利用率66%(烯烴二廠實施定檢)，比104年8月92%為低，烯烴產 品總銷售量則比104年8月減少5.6萬噸。 售價方面： 105年8月烯烴產品平均售價較104年8月低43美元/噸(其中：乙烯-10美元/噸、丙烯 -89美元/噸、丁二烯+54美元/噸)。 ",https://mops.twse.com.tw/mops/#/web/t05st01,a4d336cbc39bbacd4e4f723fcdf05ea5eb31133b5887da4526ec285efbbea302,0
6505,105,10,105/10/11,13:31:32,2016-10-11 13:31:32,公告本公司105年9月合併營業額,capital_change,,,,,,False,True,False,False,"1.事實發生日:105/10/11 2.公司名稱:台塑石化股份有限公司 3.與公司關係(請輸入本公司或子公司):本公司 4.相互持股比例:不適用 5.發生緣由:公告本公司105年9月合併營業額 6.因應措施:無 7.其他應敘明事項: 一、105年9月合併營業額與105年8月比較： 105年9月合併營業額408億7,154萬元，比8月416億9,697萬元，減少8億2,543萬元， 減少2.0%。 其中：銷售量差減少25.2億元，銷售價差增加17.0億元。 (一)煉油事業營業額比8月減少1.1%。 售量方面： 105年9月原油平均煉製量為470仟桶/日，比8月497仟桶/日，減煉27仟桶/日，主要係 重油加氫脫硫第一套(RDS#1)單元於9/19起實施定檢所致，受煉製量減少連帶影響9月 煉油產品銷售量15,132仟桶，比8月減售813仟桶。 售價方面： 105年9月國際原油價格較8月下跌0.4美元/桶(9月杜拜原油均價43.3美元/桶，8月 43.7美元/桶)，但因外銷油品價差與輕油價差均較8月走強，故9月的油品平均售價比 8月增加1.6美元/桶。 (二)烯烴事業營業額比8月減少8.1%。 售量方面： 烯烴二廠已於9/23完成定檢並重新開車(期間8/1~9/23)，9月平均產能利用率71%(乙烯 月產量18.8萬噸，30天)，比8月產能利用率66%(乙烯月產量17.9萬噸，31天)提高，但 因9月營業天數比8月少1天，加上下游客戶提前於8月備料，致9月提貨量較少，影響9 月烯烴產品的總銷售量為44.7萬噸，比8月51.7萬噸，減少7.0萬噸。 售價方面： 受輕油價格走揚及市場對石化原料需求暢旺的帶動下，9月烯烴產品平均售價較8月高 74美元/噸(其中：乙烯+49美元/噸、丙烯+61美元/噸、丁二烯+124美元/噸)。 二、105年9月合併營業額與104年9月比較： 105年9月合併營業額408億7,154萬元，比104年9月461億1,105萬元，減少52億3,951萬 元，減幅11.4%。 其中：銷售量差減少30.9億元，銷售價差減少21.5億元。 (一)煉油事業營業額比104年9月減少9.7%。 售量方面： 105年9月煉油產品的總銷售量為15,132仟桶，比104年9月略增18仟桶。 售價方面： 105年9月油品平均售價比104年9月低4.2美元/桶，主要係受到國際原油價格較去年同 期低2.1美元/桶，加上外銷油品價差與輕油價差較去年同期縮小影響，致油品售價走 跌。 (二)烯烴事業營業額比104年9月減少16.2%。 售量方面： 105年9月烯烴廠產能利用率71%(烯烴二廠實施定檢)，比104年9月91%為低，烯烴產品 總銷售量則比104年9月減少15.2萬噸。 售價方面： 105年9月烯烴產品平均售價較104年9月高110美元/噸(其中：乙烯+136美",https://mops.twse.com.tw/mops/#/web/t05st01,41af7320fead15d3cd36b8d89f5be5db9a6fab87465eb9ea33d7edbe76b426f0,0
6505,105,10,105/10/11,13:32:46,2016-10-11 13:32:46,公告本公司105年第3季自結合併損益,capital_change,,,,,,False,True,False,False,"1.事實發生日:105/10/11 2.公司名稱:台塑石化股份有限公司 3.與公司關係(請輸入本公司或子公司):本公司 4.相互持股比例:不適用 5.發生緣由:公告本公司105年第3季自結合併損益 6.因應措施:無 7.其他應敘明事項: 一、105年第3季自結合併損益與105年第2季比較： (一)105年第3季自結合併營業額1,284億5,123萬元，比105年第2季1,409億5,199萬元 ，減少125億76萬元，減少8.9%。其中：銷售量差減少136.6億元，銷售價差增加11.6 億元。 1.煉油事業營業額較第2季減少8.3%。 量：煉油廠第3季平均原油煉製量488仟桶/日比第2季減煉17仟桶/日，影響第3季油品 銷售量46,963仟桶，比第2季減售4,059仟桶。 價：第3季杜拜原油均價43.2美元/桶，與第2季相當；第3季油品平均售價比第2季略 增0.2美元/桶。 2.烯烴事業營業額較第2季減少17.6%。 量：烯烴廠第3季平均產能利用率79%比第2季99%下降，主要係烯烴二廠於8/1~9/23實 施定檢所致，影響第3季烯烴產品總銷售量160.4萬噸比第2季減售31.4萬噸。 價：受到市場對石化原料需求暢旺的帶動，第3季烯烴產品平均售價713美元/噸，比第 2季增加10美元/噸。 3.公用事業營業額較第2季增加12.9%。 主要係第3季因進入夏季電價的計價期(每年的6~9月)，使售電價格較第2季為高；加上 第3季整體發電量亦較第2季提高676百萬度所致。 (二)105年第3季自結合併稅前利益194億7,979萬元，比105年第2季合併稅前利益313億 7,548萬元，稅前利益減少118億9,569萬元。 105年第3季自結合併稅後利益166億8,648萬元，比105年第2季合併稅後利益258億 3,399萬元，稅後利益減少91億4,751萬元。 其中歸屬母公司的稅後利益166億8,509萬元，每股稅後盈餘為1.75元。 說明如下： 1.合併營業利益減少133.5億元。 煉油事業105年第3季整體開動率90%，比第2季93%為低，影響產品銷售量減少及單位工 繳成本較高，加上第2季因國際油價走升，致產生收料時間差與庫存差的利益，第3季 則無，故營利較第2季減少； 烯烴事業105年第3季產品利差維持穩健，但由於第3季因烯烴二廠定檢因素，使產能利 用率79%較第2季99%下降，影響烯烴產品銷售量比第2季減少，故營利較第2季減少； 公用事業第3季則因進入夏季電價的計價期，加上發(售)電量均較第2季成長，致營利 較第2季增加； 綜上述，全公司整體營利較第2季減少133.5億元。 2.營業外淨收益增加14.6億元。 其中主要係現金股利收入增加22.9億元、外幣兌換利益減少8.5億元所致。 二、105年前3季自結合併損益與104年前3季比較： (一)105年前3季",https://mops.twse.com.tw/mops/#/web/t05st01,391871cabe93dac0c0406984fe7268022b7b9997c9abe5bab7751367cddafaae,0
6505,105,11,105/11/07,13:33:24,2016-11-07 13:33:24,公告本公司105年10月合併營業額,capital_change,,,,,,False,True,False,False,"1.事實發生日:105/11/07 2.公司名稱:台塑石化股份有限公司 3.與公司關係(請輸入本公司或子公司):本公司 4.相互持股比例:不適用 5.發生緣由:公告本公司105年10月合併營業額 6.因應措施:無 7.其他應敘明事項: 一、105年10月合併營業額與105年9月比較： 105年10月合併營業額481億1,490萬元，比9月408億7,154萬元，增加72億4,336萬元， 增加17.7%。 其中：銷售量差增加50.0億元，銷售價差增加22.4億元。 (一)煉油事業營業額比9月增加11.2%。 售量方面： 105年10月原油平均煉製量為385仟桶/日，比9月470仟桶/日，減煉85仟桶/日，主要 係重油加氫脫硫第一套(RDS#1)單元於9/19~10/27實施定檢所致，但9月因受颱風影響 ，致部份外銷產品遞延至10月出貨，使10月煉油產品銷售量15,752仟桶，反比9月增售 620仟桶。 售價方面： 105年10月國際原油價格較9月上漲5.7美元/桶(10月杜拜原油均價49.0美元/桶，9月 43.3美元/桶)，帶動10月的油品平均售價比9月增加4.6美元/桶。 (二)烯烴事業營業額比9月增加44.7%。 售量方面： 105年10月烯烴廠產能利用率101%(乙烯月產量27.6萬噸，31天)，比9月平均產能利用 率71%(乙烯月產量18.8萬噸，30天)提高，帶動10月烯烴產品的總銷售量為60.9萬噸， 比9月44.7萬噸，增加16.2萬噸。 售價方面： 受輕油價格上漲及產品丁二烯因市場供給吃緊致價格走揚的帶動下，10月烯烴產品平 均售價較9月高2美元/噸(其中：乙烯-17美元/噸、丙烯+14美元/噸、丁二烯+356美元 /噸)。 二、105年10月合併營業額與104年10月比較： 105年10月合併營業額481億1,490萬元，比104年10月535億6,877萬元，減少54億5,387 萬元，減幅10.2%。 其中：銷售量差減少71.6億元，銷售價差增加17.1億元。 (一)煉油事業營業額比104年10月減少16.0%。 售量方面： 105年10月煉油產品的總銷售量為15,752仟桶，比104年10月減少3,396仟桶。主要係 105年10月原油煉製量385仟桶/日，比104年10月528仟桶/日為低所致。 售價方面： 105年10月油品平均售價比104年10月高0.7美元/桶，(杜拜原油均價：105年10月為 49.0美元/桶，較104年10月45.8美元/桶，高3.2美元/桶)。 (二)烯烴事業營業額比104年10月增加7.6%。 售量方面： 105年10月烯烴廠產能利用率101%，比104年10月93%為高，銷量方面則因適逢定檢結束 ，重新建立庫位回補庫存的因素，影響烯烴產品總銷售量反比104年10月減少4.9萬噸。 售價方面： 105",https://mops.twse.com.tw/mops/#/web/t05st01,7f01f5b87cf4b53ef2df3fe08ecbf1f0f693af7ac9fa0017e2d36f8f78f87f91,0
6505,114,01,114/01/10,13:30:24,2025-01-10 13:30:24,公告本公司2024年12月合併營業額,capital_change,,,,,,False,True,False,False,"1.事實發生日:114/01/10 2.公司名稱:台塑石化股份有限公司 3.與公司關係(請輸入本公司或子公司):本公司 4.相互持股比例:不適用 5.發生緣由:公告本公司2024年12月合併營業額 6.因應措施:無 7.其他應敘明事項(若事件發生或決議之主體係屬公開發行以上公司，本則重大訊息同時 符合證券交易法施行細則第7條第9款所定對股東權益或證券價格有重大影響之事項): 一、2024年12月合併營業額與2024年11月比較： 2024年12月合併營業額521億2,469萬元，比2024年11月512億4,395萬元，增加8億8,074 萬元，增幅1.7%。 其中：銷售量差增加6.2億元，銷售價差增加2.6億元。 (一)煉油事業營業額比2024年11月減少3.1%。 售量方面： 2024年12月原油煉製量13,515千桶(436千桶/日，31天)，比11月原油煉製量12,760千桶 (425千桶/日，30天)增加755千桶，但受外銷船期安排影響，12月產品總銷售量13,369千 桶，比11月14,031千桶減少662千桶。 售價方面： 2024年12月杜拜原油73.2美元/桶比11月上漲0.6美元/桶，但受輕油與外銷船用燃油對原 油價差減少影響，12月全產品平均售價比11月減少0.5美元/桶。 (二)烯烴事業營業額比2024年11月增加5.3%。 售量方面： 2024年12月乙烯產量14.4萬噸(產能利用率53%，31天)，比11月產量13.2萬噸(產能利用 率50%，30天)增加1.2萬噸，主要係配合下游需求增加，但受產銷調度影響，12月產品總 銷售量33.2萬噸，比11月33.4萬噸略減0.2萬噸。 售價方面： 2024年12月全產品平均售價比11月增加2美元/噸，其中乙烯受供給吃緊影響，平均售價 比11月增加4美元/噸；丙烯與丁二烯則分別受輕油價格下跌與供需寬鬆所影響，平均售 價分別比11月減少19美元/噸與116美元/噸；另裂解汽油平均售價與11月相當。 二、2024年12月合併營業額與2023年12月比較： 2024年12月合併營業額521億2,469萬元，比2023年12月553億2,902萬元，減少32億433萬 元，減幅5.8%。 其中：銷售量差減少10.4億元，銷售價差減少21.6億元。 (一)煉油事業營業額比2023年12月減少9.5%。 售量方面： 2024年12月原油煉製量13,515千桶(436千桶/日)，比去年同期11,635千桶(375千桶/日) 增加1,880千桶，主要係去年12月第二套常壓蒸餾單元(CDU#2)配合延遲結焦單元(DCU)定 檢而降量；2024年12月產品總銷售量13,369千桶，比去年同期增加165千桶。 售價方面： 2024年12月杜拜原油均價比去年同期下跌4.1美元/桶，且外銷產品價差也比去年同期減 少",https://mops.twse.com.tw/mops/#/web/t05st01,6ed7d0404e1d105c826e2fd92f661f070eb76b9a3dac869b8dcba1645339f972,0
6505,114,01,114/01/10,13:30:38,2025-01-10 13:30:38,公告本公司2024年度自結合併損益,capital_change,,,,,,False,True,False,False,"1.事實發生日:114/01/10 2.公司名稱:台塑石化股份有限公司 3.與公司關係(請輸入本公司或子公司):本公司 4.相互持股比例:不適用 5.發生緣由:公告本公司2024年度自結合併損益 6.因應措施:無 7.其他應敘明事項(若事件發生或決議之主體係屬公開發行以上公司，本則重大訊息同時 符合證券交易法施行細則第7條第9款所定對股東權益或證券價格有重大影響之事項): 一、2024年第4季自結合併損益與2024年第3季比較： (一)2024年第4季自結合併營業額1,488億1,975萬元，比2024年第3季1,731億8,970萬元 ，減少243億6,995萬元，減幅14.1%。其中： 銷售量差減少172.4億元，銷售價差減少71.3億元。 1.煉油事業營業額比上季減少18.2%。 量：煉油廠2024年第4季原油煉製量35,318千桶(383.9千桶/日)，比上季減少2,740千 桶，主要係第一套常壓蒸餾單元(CDU#1：9/18~11/2)及第一套重油加氫脫硫單元 (RDS#1：9/18~11/1)於第4季執行定檢天數比上季增加，以及12月延遲結焦單元 (DCU：12/2~12/23)安排加熱爐爐管除焦所致，加上受外銷船期安排影響，產品銷 售量38,552千桶，比上季減少5,724千桶。 價：2024年第4季杜拜原油均價73.6美元/桶比上季下跌4.7美元/桶，產品平均售價 82.7美元/桶比上季減少4.6美元/桶。 2.烯烴事業營業額比上季增加2.8%。 量：烯烴廠2024年第4季平均產能利用率53.2%，比上季增加6.5%，產品銷售量102.9萬 噸，比上季增加4.9萬噸。 價：2024年第4季MOPJ輕油均價652美元/噸比第3季下跌24美元/噸，產品平均售價838 美元/噸比上季減少38美元/噸(乙烯-18美元/噸、丙烯-39美元/噸、丁二烯-216美 元/噸、裂解汽油-46美元/噸)。 3.公用事業營業額比上季減少7.2%。 主要係公用廠大型發電機組UPA、UPB及UPC於11、12月執行定(工)檢，致第4季運轉天 數比上季減少，使售電量減少8.4%。 (二)2024年第4季自結合併稅前利益13億2,956萬元，比2024年第3季稅前虧損41億5,526 萬元增加54億8,482萬元。 2024年第4季自結合併稅後利益13億1,229萬元，比2024年第3季稅後虧損32億7,498萬元 增加45億8,727萬元。 其中歸屬母公司的稅後利益12億6,811萬元，每股稅後盈餘0.13元。 合併稅前利益分就「營業利益」與「營業外利益」說明如下： 1.營業利益：虧損減少45.1億元，其中： 煉油事業：虧損比上季減少，主要係第4季外銷油品對原油價差比上季增加，以及內銷 汽、柴油配合國內物價平穩機制之吸收金額比上季減少所致； 烯烴事業：虧損比上季增加，主",https://mops.twse.com.tw/mops/#/web/t05st01,fbdb94fcc7eeb784f6a0e43fee36d6c2ce0c24bcd3219ac0ddeafd624fbb18f7,0
6505,114,02,114/02/07,13:39:07,2025-02-07 13:39:07,公告本公司2025年1月合併營業額,capital_change,,,,,,False,True,False,False,"1.事實發生日:114/02/07 2.公司名稱:台塑石化股份有限公司 3.與公司關係(請輸入本公司或子公司):本公司 4.相互持股比例:不適用 5.發生緣由:公告本公司2025年1月合併營業額 6.因應措施:無 7.其他應敘明事項(若事件發生或決議之主體係屬公開發行以上公司，本則重大訊息同時 符合證券交易法施行細則第7條第9款所定對股東權益或證券價格有重大影響之事項): 一、2025年1月合併營業額與2024年12月比較： 2025年1月合併營業額595億4,055萬元，比2024年12月521億2,469萬元，增加74億1,586 萬元，增幅14.2%。 其中：銷售量差增加54.1億元，銷售價差增加20.1億元。 (一)煉油事業營業額比上月增加22.4%。 售量方面： 2025年1月原油煉製量15,253千桶(492千桶/日)，比上月原油煉製量13,515千桶(436千 桶/日)增加1,738千桶；1月全產品銷售量16,033千桶，比上月13,369千桶增加2,664千桶 ，主要係延遲結焦單元(DCU)除焦作業已於上月完成(12/2~12/23)， 2025年1月全廠產銷 量提高所致。 售價方面： 2025年1月杜拜原油80.4美元/桶比上月上漲7.2美元/桶，但全產品平均售價僅比上月增 加4.3美元/桶，主要係內銷汽、柴油配合物價平穩機制之吸收金額增加所致。 (二)烯烴事業營業額比上月增加16.0%。 售量方面： 2025年1月乙烯產量15.8萬噸(產能利用率58%)，比上月產量14.4萬噸(產能利用率53%)增 加1.4萬噸，主要係下游提貨需求增加所致；1月全產品總銷售量35.9萬噸，比上月33.2 萬噸增加2.7萬噸。 售價方面： 2025年1月全產品平均售價比上月增加19美元/噸，其中乙烯價格持穩，丙烯與丁二烯受 輕油價格上漲與供應吃緊影響，平均售價分別比上月增加38美元/噸與164美元/噸；另裂 解汽油平均售價比上月增加25美元/噸。 (三)公用事業營業額比上月減少4.0%，主要係廠區電力單價調降與銷售量減少所致。 二、2025年1月合併營業額與2024年1月比較： 2025年1月合併營業額595億4,055萬元，比2024年1月564億5,142萬元，增加30億8,913萬 元，增幅5.5%。 其中：銷售量差增加26.6億元，銷售價差增加4.3億元。 (一)煉油事業營業額比去年同期增加7.1%。 售量方面： 2025年1月原油煉製量15,253千桶(492千桶/日)，比去年同期12,757千桶(412千桶/日)增 加2,496千桶，主要係去年1月第二套常壓蒸餾單元(CDU#2)配合延遲結焦單元(DCU)檢修 而降量；2025年1月產品總銷售量16,033千桶，比去年同期增加1,785千桶。 售價方面： 2025年1月杜拜原油均價比去年同期上漲",https://mops.twse.com.tw/mops/#/web/t05st01,70243b5fabdd0a6c366e523c907b87709963d85a98bb988200edbde4c51154b9,0
6505,114,02,114/02/27,16:49:13,2025-02-27 16:49:13,公告本公司113年度合併財務報告業經董事會決議通過,capital_change,,,,,,False,False,False,False,"1.提報董事會或經董事會決議日期:114/02/27 2.審計委員會通過日期:114/02/27 3.財務報告或年度自結財務資訊報導期間 起訖日期(XXX/XX/XX~XXX/XX/XX):113/01/01~113/12/31 4.1月1日累計至本期止營業收入(仟元):663,823,047 5.1月1日累計至本期止營業毛利(毛損) (仟元):10,313,785 6.1月1日累計至本期止營業利益(損失) (仟元):(651,435) 7.1月1日累計至本期止稅前淨利(淨損) (仟元):6,567,110 8.1月1日累計至本期止本期淨利(淨損) (仟元):5,810,885 9.1月1日累計至本期止歸屬於母公司業主淨利(損) (仟元):5,970,918 10.1月1日累計至本期止基本每股盈餘(損失) (元):0.63 11.期末總資產(仟元):371,199,649 12.期末總負債(仟元):68,953,004 13.期末歸屬於母公司業主之權益(仟元):296,960,564 14.其他應敘明事項:無 ",https://mops.twse.com.tw/mops/#/web/t05st01,66c8386fcb3af75152c93459d01e36918c634cc8276e3bb6d5ec658608cc77b2,0
6505,114,02,114/02/27,16:49:34,2025-02-27 16:49:34,公告本公司董事會決議股利分派,capital_change,,,,,,False,False,False,False,"1. 董事會決議日期：114/02/27 2. 股利所屬年(季)度：113年 年度 3. 股利所屬期間：113/01/01 至 113/12/31 4. 股東配發內容： (1)盈餘分配之現金股利(元/股)：0.80000000 (2)法定盈餘公積發放之現金(元/股)：0 (3)資本公積發放之現金(元/股)：0 (4)股東配發之現金(股利)總金額(元)：7,620,767,722 (5)盈餘轉增資配股(元/股)：0 (6)法定盈餘公積轉增資配股(元/股)：0 (7)資本公積轉增資配股(元/股)：0 (8)股東配股總股數(股)：0 5. 其他應敘明事項： 無 6. 普通股每股面額欄位：新台幣10.0000元",https://mops.twse.com.tw/mops/#/web/t05st01,08b22b80249376a91347952b43cfc10ef9eec394622d2c8e37bc99a34970f555,0
6505,114,03,114/03/07,13:30:48,2025-03-07 13:30:48,公告本公司2025年2月合併營業額,capital_change,,,,,,False,True,False,False,"1.事實發生日:114/03/07 2.公司名稱:台塑石化股份有限公司 3.與公司關係(請輸入本公司或子公司):本公司 4.相互持股比例:不適用 5.發生緣由:公告本公司2025年2月合併營業額 6.因應措施:無 7.其他應敘明事項(若事件發生或決議之主體係屬公開發行以上公司，本則重大訊息同時 符合證券交易法施行細則第7條第9款所定對股東權益或證券價格有重大影響之事項): 一、2025年2月合併營業額與2025年1月比較： 2025年2月合併營業額549億8,567萬元，比2025年1月595億4,055萬元，減少45億5,488萬 元，減幅7.7%。 其中：銷售量差減少45.0億元，銷售價差減少0.5億元。 (一)煉油事業營業額比上月減少9.6%。 售量方面： 2025年2月原油煉製量13,777千桶(492千桶/日)，比上月原油煉製量15,253千桶(492千 桶/日)減少1,476千桶，主要係2月營業天數比1月減少3天所致；2月全產品銷售量13,962 千桶，比上月16,033千桶減少2,071千桶。 售價方面： 2025年2月杜拜原油77.9美元/桶比上月下跌2.5美元/桶，但受內銷汽、柴油配合物價平 穩機制之吸收金額減少，以及化學品對杜拜原油價差比1月增加影響，全產品平均售價僅 比上月下跌0.5美元/桶。 (二)烯烴事業營業額比上月減少3.2%。 售量方面： 2025年2月乙烯產量14.3萬噸(產能利用率58%)，比上月產量15.8萬噸(產能利用率58%)減 少1.5萬噸，主要係2月營業天數比1月減少3天所致；但受庫存調度影響，2月全產品總銷 售量36.7萬噸，比上月35.9萬噸增加0.8萬噸。 售價方面： 2025年2月全產品平均售價比上月減少5美元/噸，其中乙烯價格持穩，丙烯因下游需求疲 弱，平均售價比上月減少13美元/噸，丁二烯則受市場輕裂廠供給吃緊影響，平均售價比 上月增加129美元/噸；另裂解汽油平均售價比上月增加6美元/噸。 (三)公用事業營業額比上月減少12.1%，主要係銷售電力及蒸汽量皆比上月減少所致。 二、2025年2月合併營業額與2024年2月比較： 2025年2月合併營業額549億8,567萬元，比2024年2月571億1,022萬元，減少21億2,455萬 元，減幅3.7%。 其中：銷售量差減少7.3億元，銷售價差減少13.9億元。 (一)煉油事業營業額比去年同期減少8.2%。 售量方面： 2025年2月原油煉製量13,777千桶(492千桶/日)，比去年同期14,011千桶(483千桶/日)減 少234千桶，主要係營業天數比去年同期減少1天所致；2025年2月產品總銷售量13,962千 桶，比去年同期減少939千桶。 售價方面： 2025年2月杜拜原油均價比去年同期下跌3.0美元/桶，加上外銷油品及化學品對原油價差 比去年",https://mops.twse.com.tw/mops/#/web/t05st01,d42fdbfe96b1821dc3be135b80cfba8b79f5660dfaa13dee7959e3ed5ef19df9,0
6515,113,11,113/11/04,17:09:59,2024-11-04 17:09:59,公告本公司113年第3季合併財務報告董事會召開日期,capital_change,,,,,,False,False,False,False,1.董事會召集通知日:113/11/04 2.董事會預計召開日期:113/11/12 3.預計提報董事會或經董事會決議之財務報告或 年度自結財務資訊年季:113年第3季合併財務報告 4.其他應敘明事項:無 ,https://mops.twse.com.tw/mops/#/web/t05st01,02760e529be49d8fbe3cf6007852e18b8038cf816b1153123c8e6d2cb00c8555,0
6515,113,11,113/11/12,17:25:39,2024-11-12 17:25:39,公告本公司董事會通過113年第三季合併財務報告,capital_change,,,,,,False,False,False,False,"1.提報董事會或經董事會決議日期:113/11/12 2.審計委員會通過日期:113/11/12 3.財務報告或年度自結財務資訊報導期間 起訖日期(XXX/XX/XX~XXX/XX/XX):113/01/01~113/09/30 4.1月1日累計至本期止營業收入(仟元):4,259,059 5.1月1日累計至本期止營業毛利(毛損) (仟元):1,798,582 6.1月1日累計至本期止營業利益(損失) (仟元):972,125 7.1月1日累計至本期止稅前淨利(淨損) (仟元):1,011,593 8.1月1日累計至本期止本期淨利(淨損) (仟元):828,019 9.1月1日累計至本期止歸屬於母公司業主淨利(損) (仟元):828,019 10.1月1日累計至本期止基本每股盈餘(損失) (元):24.08 11.期末總資產(仟元):7,093,665 12.期末總負債(仟元):2,606,103 13.期末歸屬於母公司業主之權益(仟元):4,487,562 14.其他應敘明事項:無 ",https://mops.twse.com.tw/mops/#/web/t05st01,47b09acdeaa4d13a85bdd5db033dc843cf7a7213677ad27760b98d22f7ad08d1,0
6515,113,11,113/11/12,18:19:39,2024-11-12 18:19:39,公告本公司董事會決議辦理限制員工權利新股收回註銷減資事宜,capital_change,,,,2024-11-13,,False,True,False,False,"1.董事會決議日期:113/11/12 2.減資緣由:因原獲配限制員工權利新股之員工未達既得條件，將收回限制 員工權利新股辦理註銷減資。 3.減資金額:新臺幣414,360元 4.消除股份:41,436股 5.減資比率:0.1182% 6.減資後股本:新臺幣350,153,320元 (經113/11/12董事會決議辦理國內第一次無擔保轉換公司債發行新股暨減資後) 7.預定股東會日期:不適用 8.預計減資新股上市後之上市普通股股數:35,015,332股 (經113/11/12董事會決議辦理國內第一次無擔保轉換公司債發行新股暨減資後) 9.預計減資新股上市後之上市普通股股數占已發行普通股比率 （減資後上市普通股股數/減資後已發行普通股股數）:不適用 10.前二項預計減資後上巿普通股股數未達6000萬股且未達25%者， 請說明股權流通性偏低之因應措施:不適用 11.減資基準日:113/11/13 12.其他應敘明事項:無 ",https://mops.twse.com.tw/mops/#/web/t05st01,b88c3198b84d3d31a68d61a9ac49056aa45695520f67c3f10874088fa3a35649,0
6552,108,08,108/08/07,17:28:05,2019-08-07 17:28:05,公告本公司董事會決議通過訂定除息基準日,distribution,2,2019-08-23,,,,False,False,False,False,"1.董事會、股東會決議或公司決定日期:108/08/07 2.除權、息類別（請填入「除權」、「除息」或「除權息」）:除息 3.發放股利種類及金額:普通股現金股利新台幣200,000,000元，每股配發新台幣2元 4.除權（息）交易日:108/08/23 5.最後過戶日:108/08/26 6.停止過戶起始日期:108/08/27 7.停止過戶截止日期:108/08/31 8.除權（息）基準日:108/08/31 9.其他應敘明事項:現金股利訂於108/09/25發放 ",https://mops.twse.com.tw/mops/#/web/t05st01,99d54ad9d8214fbc6dd03637cd3d3a20cb68e256c821cb97fdaa65bc317ed7b5,0
6643,113,02,113/02/27,16:31:52,2024-02-27 16:31:52,本公司董事會通過112年度合併財務報告,capital_change,,,,,,False,False,False,False,"1.提報董事會或經董事會決議日期:113/02/27 2.審計委員會通過日期:113/02/27 3.財務報告或年度自結財務資訊報導期間 起訖日期(XXX/XX/XX~XXX/XX/XX):112/1/1~112/12/31 4.1月1日累計至本期止營業收入(仟元):1,612,337 5.1月1日累計至本期止營業毛利(毛損) (仟元):1,612,337 6.1月1日累計至本期止營業利益(損失) (仟元):446,496 7.1月1日累計至本期止稅前淨利(淨損) (仟元):513,316 8.1月1日累計至本期止本期淨利(淨損) (仟元):435,170 9.1月1日累計至本期止歸屬於母公司業主淨利(損) (仟元):435,170 10.1月1日累計至本期止基本每股盈餘(損失) (元):12.60 11.期末總資產(仟元):2,396,789 12.期末總負債(仟元):333,770 13.期末歸屬於母公司業主之權益(仟元):2,063,019 14.其他應敘明事項:無 ",https://mops.twse.com.tw/mops/#/web/t05st01,659ed276d04625322543dc5283c0f6f1d36f9c4754127a058e52bdb42d2e81b7,0
6643,113,02,113/02/27,16:32:16,2024-02-27 16:32:16,本公司董事會決議辦理限制員工權利新股收回註銷減資事宜,capital_change,,,,2024-03-05,,False,True,False,False,"1.董事會決議日期:113/02/27 2.減資緣由:因原獲配限制員工權利新股之員工未達既得條件，將收回之限制員工權利 新股辦理註銷減資。 3.減資金額:新台幣180,000元 4.消除股份:18,000股 5.減資比率:0.05% 6.減資後股本:新台幣348,478,000元 7.預定股東會日期:NA 8.預計減資新股上櫃後之上櫃普通股股數:34,847,800股 9.預計減資新股上櫃後之上櫃普通股股數占已發行普通股比率 （減資後上櫃普通股股數/減資後已發行普通股):100% 10.前二項預計減資後上櫃普通股股數未達500萬股且未達25%者，請說明 股權流通性偏低之因應措施:不適用 11.減資基準日:113/03/05 12.其他應敘明事項:無 ",https://mops.twse.com.tw/mops/#/web/t05st01,555a809417b2bac75ec6afb8150d2f1318f2119ca26832a3664de6af1b3e6653,0
6643,113,03,113/03/06,17:39:41,2024-03-06 17:39:41,本公司董事會決議股利分派,capital_change,,,,,,False,False,False,False,"1. 現金股利經董事會決議、增資配股經董事會擬議日期：113/03/06 2. 股利所屬年(季)度：112年 年度 3. 股利所屬期間：112/01/01 至 112/12/31 4. 股東配發內容： (1)盈餘分配之現金股利(元/股)：8.00000000 (2)法定盈餘公積發放之現金(元/股)：0 (3)資本公積發放之現金(元/股)：0 (4)股東配發之現金(股利)總金額(元)：278,734,400 (5)盈餘轉增資配股(元/股)：2.00000000 (6)法定盈餘公積轉增資配股(元/股)：0 (7)資本公積轉增資配股(元/股)：0 (8)股東配股總股數(股)：6,968,360 5. 其他應敘明事項： 無。 6. 普通股每股面額欄位：新台幣10.0000元",https://mops.twse.com.tw/mops/#/web/t05st01,47b46ef70ff00a6106ec56ec466ba1fc54cc795952a9f8c53910cc446ef185b1,0
6643,113,03,113/03/19,15:29:37,2024-03-19 15:29:37,公告本公司註銷限制員工權利新股減資變更登記完成,capital_change,,,,,,False,True,False,False,"1.主管機關核准減資日期:113/03/15 2.辦理資本變更登記完成日期:113/03/15 3.對財務報告之影響（含實收資本額與流通在外股數之差異與對每股淨值之影響）: (1)本公司減資前實收資本額為新台幣348,658,000元，流通在外股數為34,865,800股， 每股淨值為新台幣59.17元。 (2)本公司減資後實收資本額為新台幣348,478,000元，流通在外股數為34,847,800股， 每股淨值為新台幣59.20元。 4.預計換股作業計畫:不適用 5.預計減資新股上櫃後之上櫃普通股股數:不適用 6.預計減資新股上櫃後之上櫃普通股股數占已發行普通股比率 （減資後上櫃普通股股數/減資後已發行普通股股數）:不適用 7.前二項預計減資後上櫃普通股股數未達500萬股且未達25%者， 請說明股權流通性偏低之因應措施:不適用 8.其他應敘明事項: (1)本公司於113/03/19收到經濟部變更登記核准函。 (2)本公司本次辦理註銷之限制員工權利新股股數為18,000股。 (3)每股淨值係依最近一期(112年第4季)會計師查核財務報告計算。 (4)本公司流通在外股數為34,847,800股，包含113年第1季收回待註銷限制員工權利 新股6,000股。 ",https://mops.twse.com.tw/mops/#/web/t05st01,2af060d975126d000414278b09d0f72a18f3716d463fb14196cd55df952a264c,0
6643,113,04,113/04/29,14:34:56,2024-04-29 14:34:56,本公司113年第一季合併財務報告董事會召開日期,capital_change,,,,,,False,False,False,False,1.董事會召集通知日:113/04/29 2.董事會預計召開日期:113/05/07 3.預計提報董事會或經董事會決議之財務報告或年度自結財務資訊年季:113年第一季 4.其他應敘明事項:無 ,https://mops.twse.com.tw/mops/#/web/t05st01,f235a40ab9354e95c58c6fdaf28199e35a10126e51ebe2dd883902b41b7844cc,0
6669,112,08,112/08/07,17:10:17,2023-08-07 17:10:17,本公司董事會通過民國一一二年第二季合併財務報告,capital_change,,,,,,False,False,False,False,"1.提報董事會或經董事會決議日期:112/08/07 2.審計委員會通過日期:112/08/07 3.財務報告或年度自結財務資訊報導期間 起訖日期(XXX/XX/XX~XXX/XX/XX):112/01/01~112/06/30 4.1月1日累計至本期止營業收入(仟元):130,534,034 5.1月1日累計至本期止營業毛利(毛損) (仟元):11,142,745 6.1月1日累計至本期止營業利益(損失) (仟元):7,972,980 7.1月1日累計至本期止稅前淨利(淨損) (仟元):7,722,219 8.1月1日累計至本期止本期淨利(淨損) (仟元):5,913,831 9.1月1日累計至本期止歸屬於母公司業主淨利(損) (仟元):5,913,831 10.1月1日累計至本期止基本每股盈餘(損失) (元):33.82 11.期末總資產(仟元):93,888,071 12.期末總負債(仟元):57,368,302 13.期末歸屬於母公司業主之權益(仟元):36,519,769 14.其他應敘明事項:無 ",https://mops.twse.com.tw/mops/#/web/t05st01,7092b2568d218598574238668a825f53afa84559be6dcf50106e05da889fed5f,0
6669,112,11,112/11/06,17:57:29,2023-11-06 17:57:29,本公司董事會通過民國一一二年第三季合併財務報告,capital_change,,,,,,False,False,False,False,"1.提報董事會或經董事會決議日期:112/11/06 2.審計委員會通過日期:112/11/06 3.財務報告或年度自結財務資訊報導期間 起訖日期(XXX/XX/XX~XXX/XX/XX):112/01/01~112/09/30 4.1月1日累計至本期止營業收入(仟元):183,351,284 5.1月1日累計至本期止營業毛利(毛損) (仟元):16,197,067 6.1月1日累計至本期止營業利益(損失) (仟元):11,224,753 7.1月1日累計至本期止稅前淨利(淨損) (仟元):10,986,165 8.1月1日累計至本期止本期淨利(淨損) (仟元):8,528,887 9.1月1日累計至本期止歸屬於母公司業主淨利(損) (仟元):8,528,887 10.1月1日累計至本期止基本每股盈餘(損失) (元):48.78 11.期末總資產(仟元):85,230,219 12.期末總負債(仟元):44,849,819 13.期末歸屬於母公司業主之權益(仟元):40,380,400 14.其他應敘明事項:無 ",https://mops.twse.com.tw/mops/#/web/t05st01,68bc92b92233ec4d44da030b50e0139330e1a5cb2f58738300ee31dbb4840875,0
6669,113,01,113/01/18,17:11:54,2024-01-18 17:11:54,公告本公司一一二年第四季合併自結損益,capital_change,,,,,,False,True,False,False,"1.事實發生日:113/01/18 2.公司名稱:緯穎科技服務股份有限公司 3.與公司關係(請輸入本公司或子公司):本公司 4.相互持股比例:不適用 5.發生緣由: 公告本公司一一二年第四季合併自結損益(尚未經會計師查核) (單位:新台幣仟元) 112年10-12月 112年1-12月 -------------- --------------- 營業收入: 58,549,705 241,900,989 營業毛利: 6,460,210 22,657,277 營業淨利: 4,645,793 15,870,546 稅前淨利: 4,457,514 15,443,679 本期淨利: 3,514,768 12,043,655 基本每股盈餘: 20.10元 68.88元 6.因應措施:無。 7.其他應敘明事項(若事件發生或決議之主體係屬公開發行以上公司，本則重大訊息同時 符合證券交易法施行細則第7條第9款所定對股東權益或證券價格有重大影響之事項): 無。 ",https://mops.twse.com.tw/mops/#/web/t05st01,6d54ab83e5d7a8f90a17e9c624ed21fe795aec6e323dfad3dd2c0a06ed027df5,0
6669,113,02,113/02/26,17:44:31,2024-02-26 17:44:31,本公司董事會通過民國一一二年第四季合併財務報告,capital_change,,,,,,False,False,False,False,"1.提報董事會或經董事會決議日期:113/02/26 2.審計委員會通過日期:113/02/26 3.財務報告或年度自結財務資訊報導期間 起訖日期(XXX/XX/XX~XXX/XX/XX):112/01/01~112/12/31 4.1月1日累計至本期止營業收入(仟元):241,900,989 5.1月1日累計至本期止營業毛利(毛損) (仟元):22,657,277 6.1月1日累計至本期止營業利益(損失) (仟元):15,870,546 7.1月1日累計至本期止稅前淨利(淨損) (仟元):15,443,679 8.1月1日累計至本期止本期淨利(淨損) (仟元):12,043,655 9.1月1日累計至本期止歸屬於母公司業主淨利(損) (仟元):12,043,655 10.1月1日累計至本期止基本每股盈餘(損失) (元):68.88 11.期末總資產(仟元):88,845,397 12.期末總負債(仟元):46,611,345 13.期末歸屬於母公司業主之權益(仟元):42,234,052 14.其他應敘明事項:無 ",https://mops.twse.com.tw/mops/#/web/t05st01,65ede2fb100017a61ffb37e4ab5b7f144ae3b3b137d89973d19a4e50c4b2498a,0
6669,113,02,113/02/26,17:50:21,2024-02-26 17:50:21,董事會決議股利分派,capital_change,,,,,,False,False,False,False,"1. 董事會擬議日期：113/02/26 2. 股利所屬年(季)度：112年 年度 3. 股利所屬期間：112/01/01 至 112/12/31 4. 股東配發內容： (1)盈餘分配之現金股利(元/股)：42.00000000 (2)法定盈餘公積發放之現金(元/股)：0 (3)資本公積發放之現金(元/股)：0 (4)股東配發之現金(股利)總金額(元)：7,343,313,222 (5)盈餘轉增資配股(元/股)：0 (6)法定盈餘公積轉增資配股(元/股)：0 (7)資本公積轉增資配股(元/股)：0 (8)股東配股總股數(股)：0 5. 其他應敘明事項： 無 6. 普通股每股面額欄位：新台幣10.0000元",https://mops.twse.com.tw/mops/#/web/t05st01,c10a30be767f02542deba2537506a727e2f437e74a8a044033723097ceb2864d,0
6669,113,02,113/02/26,17:51:42,2024-02-26 17:51:42,"代重要子公司Wiwynn International Corporation公告
董事會決議不分配112年度股利",distribution,,,,,,False,True,False,False,1.董事會決議日期:113/02/26 2.發放股利種類及金額:董事會決議不分配112年度股利。 3.其他應敘明事項:無。 ,https://mops.twse.com.tw/mops/#/web/t05st01,deda1f7cfc956b0ac763c91053be74175177c82434aa8934ce0d1f3b140a3049,0
6669,114,02,114/02/19,16:02:05,2025-02-19 16:02:05,"公告本公司113年度個體暨合併財務報告董事會預計召開
日期為114年2月27日",capital_change,,,,,,False,False,False,False,1.董事會召集通知日:114/02/19 2.董事會預計召開日期:114/02/27 3.預計提報董事會或經董事會決議之財務報告或 年度自結財務資訊年季:113年度個體暨合併財務報告 4.其他應敘明事項:無 ,https://mops.twse.com.tw/mops/#/web/t05st01,e0b83d87d16063f1a3b997ada5b6214394820b2347e4de9dbca36d532cc608a9,0
6669,114,02,114/02/27,16:58:59,2025-02-27 16:58:59,本公司董事會通過民國一一三年第四季合併財務報告,capital_change,,,,,,False,False,False,False,"1.提報董事會或經董事會決議日期:114/02/27 2.審計委員會通過日期:114/02/27 3.財務報告或年度自結財務資訊報導期間 起訖日期(XXX/XX/XX~XXX/XX/XX):113/01/01-113/12/31 4.1月1日累計至本期止營業收入(仟元):360,541,104 5.1月1日累計至本期止營業毛利(毛損) (仟元):37,400,407 6.1月1日累計至本期止營業利益(損失) (仟元):28,098,916 7.1月1日累計至本期止稅前淨利(淨損) (仟元):28,830,366 8.1月1日累計至本期止本期淨利(淨損) (仟元):22,776,168 9.1月1日累計至本期止歸屬於母公司業主淨利(損) (仟元):22,776,168 10.1月1日累計至本期止基本每股盈餘(損失) (元):126.57 11.期末總資產(仟元):190,678,828 12.期末總負債(仟元):102,475,994 13.期末歸屬於母公司業主之權益(仟元):88,202,834 14.其他應敘明事項:無 ",https://mops.twse.com.tw/mops/#/web/t05st01,994166856019032335ad8df3781a5b475db26b5a0c5d4bd571cfd5a008325532,0
6669,114,02,114/02/27,17:07:48,2025-02-27 17:07:48,"代重要子公司Wiwynn Technology Service Malaysia
SDN. BHD.公告董事會決議不分配113年度股利",distribution,,,,,,False,True,False,False,1.董事會決議日期:114/02/27 2.發放股利種類及金額:董事會決議不分配113年度股利。 3.其他應敘明事項:無。 ,https://mops.twse.com.tw/mops/#/web/t05st01,38661657291eb5e3ec7b0f98b32401890e2b56f9f479603e4c383c37a36a0766,0
6669,114,02,114/02/27,17:09:02,2025-02-27 17:09:02,"代重要子公司Wiwynn International Corporation公告
董事會決議不分配113年度股利",distribution,,,,,,False,True,False,False,1.董事會決議日期:114/02/27 2.發放股利種類及金額:董事會決議不分配113年度股利。 3.其他應敘明事項:無。 ,https://mops.twse.com.tw/mops/#/web/t05st01,dda2b105f74958109bf2152455f73447e0be7e4ea0b236b56e2cadc738bbe4bc,0
6669,114,02,114/02/27,17:10:00,2025-02-27 17:10:00,"代重要子公司Wiwynn Mexico, S.A. de C.V.公告
董事會決議不分配113年度股利",distribution,,,,,,False,True,False,False,1.董事會決議日期:114/02/27 2.發放股利種類及金額:董事會決議不分配113年度股利。 3.其他應敘明事項:無。 ,https://mops.twse.com.tw/mops/#/web/t05st01,1b33019e136d2901c7c9b15cc5cd1603b9f0c424ce3392c27a894bc7f6a136e8,0
6669,114,02,114/02/27,17:15:24,2025-02-27 17:15:24,董事會決議股利分派,capital_change,,,,,,False,False,False,False,"1. 董事會擬議日期：114/02/27 2. 股利所屬年(季)度：113年 年度 3. 股利所屬期間：113/01/01 至 113/12/31 4. 股東配發內容： (1)盈餘分配之現金股利(元/股)：74.00000000 (2)法定盈餘公積發放之現金(元/股)：0 (3)資本公積發放之現金(元/股)：0 (4)股東配發之現金(股利)總金額(元)：13,752,218,534 (5)盈餘轉增資配股(元/股)：0 (6)法定盈餘公積轉增資配股(元/股)：0 (7)資本公積轉增資配股(元/股)：0 (8)股東配股總股數(股)：0 5. 其他應敘明事項： 無 6. 普通股每股面額欄位：新台幣10.0000元",https://mops.twse.com.tw/mops/#/web/t05st01,def58711f0182e35fbee2da2428156b438cd772b4068bc95b874be8a6659deaf,0
6669,114,03,114/03/28,15:04:53,2025-03-28 15:04:53,"(補充民國113年11月14日之公告)代子公司緯穎智造(股)公司
公告受讓緯穎科技服務(股)公司分割之台南分公司",capital_change,,,,,,False,True,False,False,"1.併購種類(如合併、分割、收購或股份受讓): 分割 2.事實發生日:114/3/28 3.參與併購公司名稱(如合併另一方公司、分割新設公司、收購或受讓股份標的公司之 名稱: (1)被分割公司：緯穎科技服務股份有限公司(以下稱「緯穎科技」)。 (2)受讓之既存公司：緯穎智造股份有限公司(以下稱「緯穎智造」)。 4.交易相對人(如合併另一方公司、分割讓與他公司、收購或受讓股份之交易對象): 緯穎科技 5.交易相對人為關係人:是 6.交易相對人與公司之關係(本公司轉投資持股達XX%之被投資公司)，並說明選定 收購、受讓他公司股份之對象為關係企業或關係人之原因及是否不影響股東權益: (1)相對人為百分之百持有緯穎智造之母公司。 (2)本次業務分割係屬組織重組，因分割而持有緯穎智造之股權價值與 緯穎科技分割之營業價值相等，對緯穎科技股東權益並無影響。 7.併購目的及條件，包括併購理由、對價條件及支付時點: 落實專業分工、提高公司整體營運績效及市場競爭力。 8.併購後預計產生之效益: 期望透過本次組織重組，落實專業分工，簡化管理流程， 使子公司發展上更有彈性及效率，以突顯核心競爭力及提升營運績效。 9.併購對每股淨值及每股盈餘之影響: 分割讓與給緯穎科技100%持有之緯穎智造，故對緯穎科技合併財務報表 之每股淨值及每股盈餘並無影響。 10.併購之對價種類及資金來源: 併購之對價種類：緯穎智造普通股。 併購之資金來源：不適用。 11.換股比例及其計算依據: (1)換股比例：緯穎科技分割讓與之營業價值預計為新臺幣10,000,000仟元， 以每股新臺幣200元換取緯穎智造新發行之普通股1股之比例， 換取緯穎智造普通股50,000,000股。 (2)計算依據：換股比率係依組織重組相關準則訂定，並有獨立專家出具 合理意見書支持。 12.本次交易會計師、律師或證券承銷商出具非合理性意見:否 13.會計師或律師事務所名稱或證券承銷商公司名稱: 奕隆聯合會計師事務所 14.會計師或律師姓名: 呂淨君 15.會計師或律師開業證書字號: 金管會證字第5626號 16.獨立專家就本次併購換股比例、配發股東之現金或其他財產之合理性意見書內容 (一、包含公開收購價格訂定所採用之方法、原則或計算方式及與國際慣用之市價法 、成本法及現金流量折現法之比較。二、被收購公司與已上市櫃同業之財務狀況 、獲利情形及本益比之比較情形。三、公開收購價格若參考鑑價機構之鑑價報告者 ，應說明該鑑價報告內容及結論。四、收購人融資償還計畫若係以被收購公司或合 併後存續公司之資產或股份為擔保者，應說明對被收購公司或合併後存續公司財務 業務健全性之影響評估): 本會計師依據緯穎科技服務股份有限公司所提供台南分公司於評價基準日113年09月30日 之營業價值為新台幣10,000,000仟元，作為讓與營業價值交易價金計算基礎",https://mops.twse.com.tw/mops/#/web/t05st01,ff8492e7a3be89bef08ff22131b95de6dac98ba0db281c6b0af02469349f13f8,0
6669,114,04,114/04/30,14:10:05,2025-04-30 14:10:05,"公告本公司114年第一季合併財務報告董事會預計召開日期
為114年5月8日",capital_change,,,,,,False,False,False,False,1.董事會召集通知日:114/04/30 2.董事會預計召開日期:114/05/08 3.預計提報董事會或經董事會決議之財務報告或 年度自結財務資訊年季:114年第一季合併財務報告 4.其他應敘明事項:無 ,https://mops.twse.com.tw/mops/#/web/t05st01,43c79faf1c9eeb8e4986c844b82f865ffa3cd9d22a76c0d1f7d4b2537486d3d3,0
6669,114,05,114/05/01,14:01:34,2025-05-01 14:01:34,"(補充公告)配合本公司分割台南分公司予緯穎智造(股)公司，
變更113/11/6及114/3/3公告之工程合約簽約主體",capital_change,,,,,,False,False,False,False,"1. 原公告日期： 114/02/27 2. 簡述原公告申報內容： (1)113/11/6公告：由非關係人利晉工程股份有限公司得標本公司廠辦大樓之 土建工程且簽訂土建工程合約，契約簽訂總金額為新台幣4,700,600仟元。 (2)114/3/3公告：由非關係人帆宣系統科技股份有限公司得標本公司機電工程 一案，得標總金額為新台幣3,168,900仟元。 3. 變動緣由及主要內容： 緯穎智造(股)公司因受讓本公司分割之台南分公司，特此說明土建工程合約 及機電工程合約之簽約主體自本公司變更為緯穎智造(股)公司。 4. 變動後對公司財務業務之影響： 無。 5. 其他應敘明事項： 前次公告內容請詳： 1.113/11/6(主旨：(補充公告)本公司董事會決議於台南科學園區興建廠辦大樓 -簽訂土建工程合約) 2.114/3/3(主旨： (補充公告)本公司董事會決議於台南科學園區興建廠辦大樓 -機電工程得標)",https://mops.twse.com.tw/mops/#/web/t05st01,3f7d3d45d69346f2f3ef517f4794df7111d8086f7a8e2a1a3d28606681f1a227,0
6669,114,05,114/05/08,17:01:14,2025-05-08 17:01:14,本公司董事會通過民國一一四年第一季合併財務報告,capital_change,,,,,,False,False,False,False,"1.提報董事會或經董事會決議日期:114/05/08 2.審計委員會通過日期:114/05/08 3.財務報告或年度自結財務資訊報導期間 起訖日期(XXX/XX/XX~XXX/XX/XX):114/01/01-114/03/31 4.1月1日累計至本期止營業收入(仟元):170,655,284 5.1月1日累計至本期止營業毛利(毛損) (仟元):14,849,475 6.1月1日累計至本期止營業利益(損失) (仟元):11,980,679 7.1月1日累計至本期止稅前淨利(淨損) (仟元):12,523,396 8.1月1日累計至本期止本期淨利(淨損) (仟元):9,793,370 9.1月1日累計至本期止歸屬於母公司業主淨利(損) (仟元):9,793,370 10.1月1日累計至本期止基本每股盈餘(損失) (元):52.70 11.期末總資產(仟元):265,757,914 12.期末總負債(仟元):166,866,223 13.期末歸屬於母公司業主之權益(仟元):98,891,691 14.其他應敘明事項:無 ",https://mops.twse.com.tw/mops/#/web/t05st01,b0058159fc6960cb6fdb96b9615254eae708239b13c4d0a1fb479309e3c7a5b4,0
6669,114,05,114/05/29,16:33:31,2025-05-29 16:33:31,公告本公司114年除息基準日,distribution,74,2025-06-24,2025-07-17,,,False,False,False,False,"1.董事會、股東會決議或公司決定日期:114/05/29 2.除權、息類別（請填入「除權」、「除息」或「除權息」）:除息 3.普通股發放股利種類及金額:現金股利13,752,218,534元，每股配發74元 4.除權（息）交易日:114/06/24 5.最後過戶日:114/06/25 6.停止過戶起始日期:114/06/26 7.停止過戶截止日期:114/06/30 8.除權（息）基準日:114/06/30 9.債券最後申請轉換日期:114/06/04 10.債券停止轉換起始日期:114/06/05 11.債券停止轉換截止日期:114/06/30 12.普通股現金股利發放日期:114/07/17 13.其他應敘明事項:無 ",https://mops.twse.com.tw/mops/#/web/t05st01,9466a47145fe2d0c86b8e1296bd5a6d288af19fa22fc322039623e2d2f23d102,0
6669,114,07,114/07/31,14:06:56,2025-07-31 14:06:56,"公告本公司114年第二季合併財務報告董事會預計召開日期
為114年8月8日",capital_change,,,,,,False,False,False,False,1.董事會召集通知日:114/07/31 2.董事會預計召開日期:114/08/08 3.預計提報董事會或經董事會決議之財務報告或 年度自結財務資訊年季:114年第二季合併財務報告 4.其他應敘明事項:無 ,https://mops.twse.com.tw/mops/#/web/t05st01,afa86d63ef8abbffa9cba99a8705f90f1f9c94c83aa89b4b4f78821b5dcde7cd,0
6669,114,08,114/08/08,17:01:24,2025-08-08 17:01:24,本公司董事會通過民國一一四年第二季合併財務報告,capital_change,,,,,,False,False,False,False,"1.提報董事會或經董事會決議日期:114/08/08 2.審計委員會通過日期:114/08/08 3.財務報告或年度自結財務資訊報導期間 起訖日期(XXX/XX/XX~XXX/XX/XX):114/01/01-114/06/30 4.1月1日累計至本期止營業收入(仟元):391,398,784 5.1月1日累計至本期止營業毛利(毛損) (仟元):33,792,916 6.1月1日累計至本期止營業利益(損失) (仟元):27,879,923 7.1月1日累計至本期止稅前淨利(淨損) (仟元):28,243,716 8.1月1日累計至本期止本期淨利(淨損) (仟元):21,915,744 9.1月1日累計至本期止歸屬於母公司業主淨利(損) (仟元):21,915,744 10.1月1日累計至本期止基本每股盈餘(損失) (元):117.93 11.期末總資產(仟元):288,389,472 12.期末總負債(仟元):197,447,662 13.期末歸屬於母公司業主之權益(仟元):90,941,810 14.其他應敘明事項:無 ",https://mops.twse.com.tw/mops/#/web/t05st01,e85c48babde1d5c7cbe7aadc80563a2674d9544fdc93fd58f49e956df2a3440b,0
6669,114,10,114/10/30,16:37:18,2025-10-30 16:37:18,"公告本公司114年第三季合併財務報告董事會預計召開日期
為114年11月7日",capital_change,,,,,,False,False,False,False,1.董事會召集通知日:114/10/30 2.董事會預計召開日期:114/11/07 3.預計提報董事會或經董事會決議之財務報告或 年度自結財務資訊年季:114年第三季合併財務報告 4.其他應敘明事項:無 ,https://mops.twse.com.tw/mops/#/web/t05st01,bbec321e0a498e5cd95bf47450f92d9df47997991e7cd11b4ee0eb5b1c860d45,0
6669,114,11,114/11/07,17:40:42,2025-11-07 17:40:42,本公司董事會通過民國一一四年第三季合併財務報告,capital_change,,,,,,False,False,False,False,"1.提報董事會或經董事會決議日期:114/11/07 2.審計委員會通過日期:114/11/07 3.財務報告或年度自結財務資訊報導期間 起訖日期(XXX/XX/XX~XXX/XX/XX):114/01/01-114/09/30 4.1月1日累計至本期止營業收入(仟元):658,222,829 5.1月1日累計至本期止營業毛利(毛損) (仟元):57,324,557 6.1月1日累計至本期止營業利益(損失) (仟元):47,451,645 7.1月1日累計至本期止稅前淨利(淨損) (仟元):48,594,721 8.1月1日累計至本期止本期淨利(淨損) (仟元):37,326,652 9.1月1日累計至本期止歸屬於母公司業主淨利(損) (仟元):37,326,652 10.1月1日累計至本期止基本每股盈餘(損失) (元):200.85 11.期末總資產(仟元):311,596,475 12.期末總負債(仟元):203,575,517 13.期末歸屬於母公司業主之權益(仟元):108,020,958 14.其他應敘明事項:無 ",https://mops.twse.com.tw/mops/#/web/t05st01,308cb37271856f63115947293f42990da5e7ef8796a7fad4219d568d59c8314c,0
6706,110,08,110/08/06,17:49:23,2021-08-06 17:49:23,公告本公司110年第2季合併財務報告提報董事會通過,capital_change,,,,,,False,False,False,False,"1.財務報告提報董事會或經董事會決議日期:110/08/06 2.審計委員會通過財務報告日期:110/08/06 3.財務報告報導期間起訖日期(XXX/XX/XX~XXX/XX/XX):110/01/01~110/06/30 4.1月1日累計至本期止營業收入(仟元):2,564,776 5.1月1日累計至本期止營業毛利(毛損) (仟元):970,627 6.1月1日累計至本期止營業利益(損失) (仟元):462,770 7.1月1日累計至本期止稅前淨利(淨損) (仟元):419,801 8.1月1日累計至本期止本期淨利(淨損) (仟元):356,790 9.1月1日累計至本期止歸屬於母公司業主淨利(損) (仟元):356,790 10.1月1日累計至本期止基本每股盈餘(損失) (元):5.06 11.期末總資產(仟元):6,649,363 12.期末總負債(仟元):3,134,591 13.期末歸屬於母公司業主之權益(仟元):3,514,772 14.其他應敘明事項:無 ",https://mops.twse.com.tw/mops/#/web/t05st01,41f41ce18bce3cfa1aa929c69b145e49bce866804eecbf5edb55addb5632fca4,0
6706,110,08,110/08/27,18:16:20,2021-08-27 18:16:20,"公告本公司董事長訂定配息基準日及資本公積發放現金基準日暨
國內可轉換公司債停止轉換期間",distribution,,2021-09-29,,,,False,False,False,False,"1.董事會、股東會決議或公司決定日期:110/08/27 2.除權、息類別（請填入「除權」、「除息」或「除權息」）:除息 3.發放股利種類及金額: (1)普通股現金股利新台幣72,177,935元 (2)資本公積發放現金新台幣216,533,805元 4.除權（息）交易日:110/09/29 5.最後過戶日:110/09/30 6.停止過戶起始日期:110/10/01 7.停止過戶截止日期:110/10/05 8.除權（息）基準日:110/10/05 9.其他應敘明事項: (1)本公司所發行之國內第一次無擔保轉換公司債自民國110年9月8日起至110年10月5日 止暫停受理轉換。如因本公司轉換公司債執行轉換等因素，影響流通在外股份數量， 致使股東配股配息比率發生變動而需修正時， 擬請本公司董事會授權董事長依法令規範調整。 (2)現金股利及資本公積發放現金發放日為110年10月13日。 ",https://mops.twse.com.tw/mops/#/web/t05st01,939b40ddfc34064e0a5faee448d72b5b7a108e0020047884416ded5c28dbbb43,0
6706,110,11,110/11/05,17:33:28,2021-11-05 17:33:28,公告本公司110年第3季合併財務報告提報董事會通過,capital_change,,,,,,False,False,False,False,"1.提報董事會或經董事會決議日期:110/11/05 2.審計委員會通過日期:110/11/05 3.財務報告或年度自結財務資訊報導期間 起訖日期(XXX/XX/XX~XXX/XX/XX):110/01/01~110/09/30 4.1月1日累計至本期止營業收入(仟元):4,077,213 5.1月1日累計至本期止營業毛利(毛損) (仟元):1,593,578 6.1月1日累計至本期止營業利益(損失) (仟元):850,259 7.1月1日累計至本期止稅前淨利(淨損) (仟元):816,677 8.1月1日累計至本期止本期淨利(淨損) (仟元):678,704 9.1月1日累計至本期止歸屬於母公司業主淨利(損) (仟元):678,704 10.1月1日累計至本期止基本每股盈餘(損失) (元):9.55 11.期末總資產(仟元):7,885,665 12.期末總負債(仟元):4,339,623 13.期末歸屬於母公司業主之權益(仟元):3,546,042 14.其他應敘明事項:無 ",https://mops.twse.com.tw/mops/#/web/t05st01,138d28934855513ed596a11cb7b628487aee8c9d7e16e7655fd3efa4380f0f8b,0
6781,114,06,114/06/25,17:58:49,2025-06-25 17:58:49,公告本公司除息基準日,distribution,12.5,2025-07-10,2025-08-07,,,False,False,False,False,"1.董事會、股東會決議或公司決定日期:114/06/25 2.除權、息類別（請填入「除權」、「除息」或「除權息」）:除息 3.普通股發放股利種類及金額: 股東現金股利新台幣1,067,734,750元，每股分派新台幣12.5元。 4.除權（息）交易日:114/07/10 5.最後過戶日:114/07/12 6.停止過戶起始日期:114/07/13 7.停止過戶截止日期:114/07/17 8.除權（息）基準日:114/07/17 9.債券最後申請轉換日期:不適用 10.債券停止轉換起始日期:不適用 11.債券停止轉換截止日期:不適用 12.普通股現金股利發放日期:114/08/07 13.其他應敘明事項: (1)因最後過戶日(7/12)為假日，務請股東提前於營業日辦理股票過戶手續。 (2)郵資及匯費由股東自行負擔。 ",https://mops.twse.com.tw/mops/#/web/t05st01,b7c834f8e5fbed6fbc09eb8cf9d37c0dcaf7674621dcce7567dccf7e07ec5946,0
6781,114,07,114/07/23,18:15:41,2025-07-23 18:15:41,公告本公司114年第二季合併財務報告董事會召開日期,capital_change,,,,,,False,False,False,False,1.董事會召集通知日:114/07/23 2.董事會預計召開日期:114/07/31 3.預計提報董事會或經董事會決議之財務報告或 年度自結財務資訊年季:114年第二季合併財務報告 4.其他應敘明事項:無 ,https://mops.twse.com.tw/mops/#/web/t05st01,e84f100d0bde6e1afebf748bc663dad311e35a0c1c6c937cabe0ce234a50258c,0
6781,114,08,114/08/01,15:45:37,2025-08-01 15:45:37,"代重要子公司TREND POWER TECHNOLOGY PRIVATE LIMITED
公告董事會決議發放現金股利",distribution,,,,,,False,True,False,False,"1.董事會決議日期:114/08/01 2.發放股利種類及金額:現金股利美金23,700,000元 3.其他應敘明事項:無 ",https://mops.twse.com.tw/mops/#/web/t05st01,3b01ec34ab6c32d8865a5e31f4198d1f27d12b66effda4cd4fdae9ea2eae5eb2,0
6781,114,08,114/08/01,15:50:07,2025-08-01 15:50:07,"代重要子公司Trend Power Technology (Samoa) Co.,Ltd.
公告董事會決議發放現金股利",distribution,,,,,,False,True,False,False,"1.董事會決議日期:114/08/01 2.發放股利種類及金額:現金股利美金23,700,000元 3.其他應敘明事項:無 ",https://mops.twse.com.tw/mops/#/web/t05st01,1d6de0b8bb2740d76039e3e4c9f0425d41c2cb4db14d6fad1d7cdea516fea987,0
6919,114,09,114/09/01,07:00:03,2025-09-01 07:00:03,"公告本公司股票面額由「新台幣5元」變更為「新台幣0.5元」，
公告期間：114年6月26日至114年9月25日。",capital_change,,,,,,False,True,False,False,1.事實發生日：民國114年06月09日 2.公司名稱：康霈生技股份有限公司 3.與公司關係(請輸入本公司或子公司)：本公司 4.相互持股比例：不適用 5.發生緣由： (1)公司面額變更核准日期/事實發生日：民國114年06月09日 (2)公司面額變更核准文號：經授商字第11430068770號函 (3)董事會決議通過換股計畫書日期：民國114年06月26日 (4)變更前面額：新台幣5.00 (5)變更後面額：新台幣0.50 (6)新股票上市買賣日及舊股票終止上市買賣日：民國114年07月21日 (7)換發股票時程重大訊息公告日期：民國114年06月26日重大訊息公告 6.因應措施：無。 7.其他應敘明事項：一、本公司係辦理變更股票面額，每股面額由新台幣5元變更為新台幣0.5元，業經臺灣 證券交易所函核准在案。 二、配合面額變更，新股票上市買賣日(114年7月21日)之參考價按比例調整為舊股票 最後交易日(114年7月11日)收盤價之10分之1，請投資人注意。 三、股票面額變更後，每股盈餘、每股淨值及每股股價等將有所變動，參閱資訊時須留 意。,https://mops.twse.com.tw/mops/#/web/t05st01,e7b62c3ee1d5a51e8d1a71574e0416043000eb78c3d9b800adc397df3a389dff,0
6919,114,09,114/09/24,19:58:42,2025-09-24 19:58:42,"公告本公司註銷收回限制員工權利新股辦理變更登記
完成(更新主管機關核准減資及資本變更登記完成日期)",capital_change,,,,,,False,True,False,False,"1.主管機關核准減資日期:114/09/22 2.辦理資本變更登記完成日期:114/09/22 3.對財務報告之影響（含實收資本額與流通在外股數之差異與對每股淨值之影響）: (1)收回已發行之限制員工權利新股註銷減資前:本公司實收資本額為新台幣 775,508,930元，在外流通股數為1,551,017,860股，每股淨值新臺幣6.06元。 (2)收回已發行之限制員工權利新股註銷減資後:本公司實收資本額為新台幣 773,508,930元，在外流通股數為1,547,017,860股，每股淨值新臺幣6.07元。 (3)每股淨值係依最近一期(114年第二季)會計師核閱合併財務報表計算。 4.預計換股作業計畫:不適用。 5.預計減資新股上市後之上市普通股股數:不適用。 6.預計減資新股上市後之上市普通股股數占已發行普通股比率 （減資後上市普通股股數/減資後已發行普通股股數）:不適用。 7.前二項預計減資後上巿普通股股數未達6000萬股且未達25%者，請說明股權流通性偏低 之因應措施:不適用。 8.其他應敘明事項:無。 ",https://mops.twse.com.tw/mops/#/web/t05st01,e70aaba881a2fb15816c274c7c7085dea1487812cb35eee800aaa567f13af0d7,0
6919,114,10,114/10/29,14:25:51,2025-10-29 14:25:51,"公告本公司114年第三季合併財務報告
董事會預計召開日期為114年11月7日",capital_change,,,,,,False,False,False,False,1.董事會召集通知日:114/10/29 2.董事會預計召開日期:114/11/07 3.預計提報董事會或經董事會決議之財務報告或 年度自結財務資訊年季:114年第三季。 4.其他應敘明事項:無。 ,https://mops.twse.com.tw/mops/#/web/t05st01,4f313b7f0fccf2f02305ab9b1c52c5800820bfeaeab6e7c7e086c543f99a2fb1,0
6919,114,11,114/11/07,15:23:37,2025-11-07 15:23:37,公告本公司董事會通過114年第三季合併財務報告,capital_change,,,,,,False,False,False,False,"1.提報董事會或經董事會決議日期:114/11/07 2.審計委員會通過日期:114/11/07 3.財務報告或年度自結財務資訊報導期間 起訖日期(XXX/XX/XX~XXX/XX/XX):114/01/01~114/09/30 4.1月1日累計至本期止營業收入(仟元):25,627 5.1月1日累計至本期止營業毛利(毛損) (仟元):17,513 6.1月1日累計至本期止營業利益(損失) (仟元):-586,542 7.1月1日累計至本期止稅前淨利(淨損) (仟元):-432,108 8.1月1日累計至本期止本期淨利(淨損) (仟元):-432,108 9.1月1日累計至本期止歸屬於母公司業主淨利(損) (仟元):-432,108 10.1月1日累計至本期止基本每股盈餘(損失) (元):-0.28 11.期末總資產(仟元):9,455,395 12.期末總負債(仟元):78,316 13.期末歸屬於母公司業主之權益(仟元):9,377,079 14.其他應敘明事項:無。 ",https://mops.twse.com.tw/mops/#/web/t05st01,92da30bca00ac4aab2cf4d0d3668dfe6d85bd4dad68fe0deb26a5f9fdc00d128,0
6919,114,11,114/11/07,15:42:29,2025-11-07 15:42:29,公告本公司董事會決議114年第3季虧損撥補暨114年第3季不發放股利,capital_change,,,,,,False,False,False,False,1. 董事會決議日期：114/11/07 2. 股利所屬年(季)度：114年 第3季 3. 股利所屬期間：114/07/01 至 114/09/30 4. 股東配發內容： (1)盈餘分配之現金股利(元/股)：0 (2)法定盈餘公積發放之現金(元/股)：0 (3)資本公積發放之現金(元/股)：0 (4)股東配發之現金(股利)總金額(元)：0 (5)盈餘轉增資配股(元/股)：0 (6)法定盈餘公積轉增資配股(元/股)：0 (7)資本公積轉增資配股(元/股)：0 (8)股東配股總股數(股)：0 5. 其他應敘明事項： 無。 6. 普通股每股面額欄位：新台幣0.5000元,https://mops.twse.com.tw/mops/#/web/t05st01,80339f6045fd6bd4da7aad13a0f1840e40e8b5afbb31765de01d82d8fafabb3e,0
6919,114,12,114/12/24,17:13:03,2025-12-24 17:13:03,"本公司新藥CBL-514注射劑合併tirzepatide (Eli Lilly)
用於體重管理之二期臨床試驗(CBL-0201WR)申請，今日已完成
美國FDA IND送件",capital_change,,,,,,False,False,False,False,1.事實發生日:114/12/24 2.研發新藥名稱或代號:CBL-514 3.用途: A.減少皮下脂肪(非手術減脂) B.改善中/重度橘皮組織 C.治療罕見疾病竇根氏症 D.體重管理 4.預計進行之所有研發階段: A.第一期臨床試驗 (Phase 1)：已完成。 B.第二期臨床試驗 (Phase 2)：提出申請。 C.第三期臨床試驗 (Phase 3)：尚未進行。 D.新藥查驗登記審核 (NDA)：尚未進行。 5.目前進行中之研發階段(請說明目前之研發階段係屬提出申請/通過核准/ 不通過核准，若未通過者，請說明公司所面臨之風險及因應措施； 另請說明未來經營方向及已投入累積研發費用): (1)提出申請/通過核准/不通過核准/各期人體試驗(含期中分析)結果/發生其他影響 新藥研發之重大事件： 本公司新藥CBL-514注射劑合併tirzepatide (dual GLP-1/GIP receptor agonist; Eli Lilly) 用於體重管理之多中心二期臨床試驗CBL-0201WR，今日已完成美國 FDA IND送件。本試驗使用MRI量測腹部皮下脂肪體積變化及體重變化作為療效指 標，預計將於美國納入120位受試者，已於2025/12/24完成美國FDA臨床試驗申請 （IND申請）。 A.臨床試驗設計介紹(包含試驗計畫名稱、試驗目的、試驗階段分級、藥品名稱、 宣稱適應症、評估指標、試驗計畫受試者收納人數等資料)。 a.試驗計畫名稱： 一項隨機分派、安慰劑組控制的二期臨床試驗以評估CBL-514注射劑合併 tirzepatide使用於肥胖或過重受試者的體重管理療效、安全性與耐受度。 b.試驗目的：評估CBL-514注射劑合併tirzepatide用於體重管理的療效、安全性與 耐受度。 c.試驗階段分級：二期臨床試驗 d.藥品名稱：CBL-514 e.宣稱適應症：體重管理 f.評估指標：療效指標為使用MRI量測腹部皮下脂肪體積變化與體重變化 g.試驗計畫受試者收納人數：120人 B.主要及次要評估指標之統計結果(包含但不限於P值)及統計上之意義(包含但不限 於是否達成統計上顯著意義)，倘囿於其他重要原因導致公司無法揭示統計資料， 則應敘明理由說明之：不適用 C.若為知悉新藥第三期人體臨床試驗(含期中分析)之統計資料時，並請說明未來新藥 打入市場之計畫(惟所述內容應注意避免涉及本公司「對上市公司應公開完整式財 務預測之認定標準」而須編製財務預測之情事)：不適用。 D.單一臨床試驗結果(包含主、次要評估指標之統計學 P 值及統計學上是否達顯著 意義)，並不足以充分反映未來新藥開發上市之成敗，投資人應審慎判斷謹慎投資。 (2)未通過目的事業主管機關許可、各期人體臨床試驗(含期中分析)結果未達統計上 顯著意義或發生其他影響新藥研發之重大事件者，公司所面臨之風險及因應,https://mops.twse.com.tw/mops/#/web/t05st01,a542a6f80964fa0c8122712e6489ac1fe5c8f66edb5b69a2176eacf1c99a4173,0
8028,111,05,111/05/05,17:26:45,2022-05-05 17:26:45,公告本公司111年第1季合併財務報告業經提報董事會決議,capital_change,,,,,,False,False,False,False,"1.提報董事會或經董事會決議日期:111/05/05 2.審計委員會通過日期:111/05/05 3.財務報告或年度自結財務資訊報導期間 起訖日期(XXX/XX/XX~XXX/XX/XX):111/01/01~111/03/31 4.1月1日累計至本期止營業收入(仟元):727,061 5.1月1日累計至本期止營業毛利(毛損) (仟元):196,636 6.1月1日累計至本期止營業利益(損失) (仟元):76,580 7.1月1日累計至本期止稅前淨利(淨損) (仟元):76,805 8.1月1日累計至本期止本期淨利(淨損) (仟元):67,361 9.1月1日累計至本期止歸屬於母公司業主淨利(損) (仟元):67,361 10.1月1日累計至本期止基本每股盈餘(損失) (元):0.48 11.期末總資產(仟元):6,394,180 12.期末總負債(仟元):3,809,763 13.期末歸屬於母公司業主之權益(仟元):2,584,417 14.其他應敘明事項:無 ",https://mops.twse.com.tw/mops/#/web/t05st01,acd21bb3e7a24abb801d3847c160a0423ad4a09b85db36257bfa29567b5945f4,0
8028,111,06,111/06/24,16:13:51,2022-06-24 16:13:51,公告本公司除權息基準日,distribution,0.8,2022-07-21,,,,True,False,False,False,"1.董事會、股東會決議或公司決定日期:111/06/24 2.除權、息類別（請填入「除權」、「除息」或「除權息」）:除權息 3.發放股利種類及金額: 現金股利新台幣112,281,984元，每股配發新台幣0.8元。 資本公積股票股利新台幣84,211,490元，每股配發約新台幣0.6元。 4.除權（息）交易日:111/07/21 5.最後過戶日:111/07/24 6.停止過戶起始日期:111/07/25 7.停止過戶截止日期:111/07/29 8.除權（息）基準日:111/07/29 9.其他應敘明事項:無 ",https://mops.twse.com.tw/mops/#/web/t05st01,6458c786178773a484f6f3307a1fdaa32d12fb6133273f67e36d79ea39c84b83,0
8028,111,08,111/08/05,15:57:21,2022-08-05 15:57:21,公告本公司111年第2季合併財務報告業經提報董事會決議,capital_change,,,,,,False,False,False,False,"1.提報董事會或經董事會決議日期:111/08/05 2.審計委員會通過日期:111/08/05 3.財務報告或年度自結財務資訊報導期間 起訖日期(XXX/XX/XX~XXX/XX/XX):111/01/01~111/06/30 4.1月1日累計至本期止營業收入(仟元):1,457,104 5.1月1日累計至本期止營業毛利(毛損) (仟元):394,183 6.1月1日累計至本期止營業利益(損失) (仟元):136,526 7.1月1日累計至本期止稅前淨利(淨損) (仟元):180,189 8.1月1日累計至本期止本期淨利(淨損) (仟元):160,065 9.1月1日累計至本期止歸屬於母公司業主淨利(損) (仟元):160,065 10.1月1日累計至本期止基本每股盈餘(損失) (元):1.08 11.期末總資產(仟元):7,399,052 12.期末總負債(仟元):4,834,213 13.期末歸屬於母公司業主之權益(仟元):2,564,839 14.其他應敘明事項:無 ",https://mops.twse.com.tw/mops/#/web/t05st01,aee01ed3cc7afbfed11bb294e925fedd3b8f14c423d1fbbd8ea74697cda983a4,0
8043,107,08,107/08/03,14:59:55,2018-08-03 14:59:55,公告本公司董事會決議配息基準日及股票停止過戶日,distribution,0.8,2018-08-23,,,,False,False,False,False,"1.董事會、股東會決議或公司決定日期:107/08/03 2.除權、息類別（請填入「除權」、「除息」或「除權息」）:除息 3.發放股利種類及金額:現金股利新台幣63,925,736元 (每股配發現金0.8 元)。 4.除權（息）交易日:107/08/23 5.最後過戶日:107/08/24 6.停止過戶起始日期:107/08/27 7.停止過戶截止日期:107/08/31 8.除權（息）基準日:107/08/31 9.其他應敘明事項:無 現金股利發放日：107/09/14 ",https://mops.twse.com.tw/mops/#/web/t05st01,37696ff3c7d1bc943575ca1380bc0f891380ae0c7173998107590616e2bfb691,0
8111,114,05,114/05/13,15:23:14,2025-05-13 15:23:14,公告本公司董事會通過114年第1季合併財務報告,capital_change,,,,,,False,False,False,False,"1.提報董事會或經董事會決議日期:114/05/13 2.審計委員會通過日期:114/05/13 3.財務報告或年度自結財務資訊報導期間 起訖日期(XXX/XX/XX~XXX/XX/XX):114/01/01~114/03/31 4.1月1日累計至本期止營業收入(仟元):198,706 5.1月1日累計至本期止營業毛利(毛損) (仟元):65,839 6.1月1日累計至本期止營業利益(損失) (仟元):11,465 7.1月1日累計至本期止稅前淨利(淨損) (仟元):27,963 8.1月1日累計至本期止本期淨利(淨損) (仟元):22,370 9.1月1日累計至本期止歸屬於母公司業主淨利(損) (仟元):22,393 10.1月1日累計至本期止基本每股盈餘(損失) (元):0.21 11.期末總資產(仟元):2,198,167 12.期末總負債(仟元):866,868 13.期末歸屬於母公司業主之權益(仟元):1,328,483 14.其他應敘明事項:無 ",https://mops.twse.com.tw/mops/#/web/t05st01,03b51d15a1c84b8355f5872281481fa237bc065dae99590601a2368259ba784b,0
8111,114,06,114/06/05,15:12:33,2025-06-05 15:12:33,公告本公司董事長決定除息基準日等相關事宜,distribution,0.9,2025-06-20,2025-07-15,,,True,False,True,False,"1.董事會、股東會決議或公司決定日期:114/06/05 2.除權、息類別（請填入「除權」、「除息」或「除權息」）:除息 3.發放股利種類及金額:現金股利總金額新台幣98,192,000元，每股配發0.9元。 4.除權（息）交易日:114/06/20 5.最後過戶日:114/06/23 6.停止過戶起始日期:114/06/24 7.停止過戶截止日期:114/06/28 8.除權（息）基準日:114/06/28 9.債券最後申請轉換日期:不適用 10.債券停止轉換起始日期:不適用 11.債券停止轉換截止日期:不適用 12.現金股利發放日期:114/07/15 13.其他應敘明事項:無 ",https://mops.twse.com.tw/mops/#/web/t05st01,2ac258d41d901ba75fbc13f0a3ab0bd88faef569d8b4ff1aa43246646e481b70,0
8227,112,03,112/03/17,18:42:25,2023-03-17 18:42:25,公告本公司董事會決議分派股利事宜,capital_change,,,,,,False,False,False,False,"1. 董事會擬議日期：112/03/17 2. 股利所屬年(季)度：111年 年度 3. 股利所屬期間：111/01/01 至 111/12/31 4. 股東配發內容： (1)盈餘分配之現金股利(元/股)：1.50000000 (2)法定盈餘公積發放之現金(元/股)：0 (3)資本公積發放之現金(元/股)：0 (4)股東配發之現金(股利)總金額(元)：56,014,500 (5)盈餘轉增資配股(元/股)：0 (6)法定盈餘公積轉增資配股(元/股)：0 (7)資本公積轉增資配股(元/股)：0 (8)股東配股總股數(股)：0 5. 其他應敘明事項： 無 6. 普通股每股面額欄位：新台幣10.0000元",https://mops.twse.com.tw/mops/#/web/t05st01,8e30001c50417d637c91692cf0f4a3283f732151b37234d657476d4ad0cd3210,0
8261,111,05,111/05/03,16:33:01,2022-05-03 16:33:01,公告本公司董事會通過111年第一季合併財務報告,capital_change,,,,,,False,False,False,False,"1.提報董事會或經董事會決議日期:111/05/03 2.審計委員會通過日期:111/05/03 3.財務報告或年度自結財務資訊報導期間 起訖日期(XXX/XX/XX~XXX/XX/XX):111/01/01~111/03/31 4.1月1日累計至本期止營業收入(仟元):1,131,708 5.1月1日累計至本期止營業毛利(毛損) (仟元):432,205 6.1月1日累計至本期止營業利益(損失) (仟元):304,902 7.1月1日累計至本期止稅前淨利(淨損) (仟元):359,466 8.1月1日累計至本期止本期淨利(淨損) (仟元):286,235 9.1月1日累計至本期止歸屬於母公司業主淨利(損) (仟元):287,039 10.1月1日累計至本期止基本每股盈餘(損失) (元):3.53 11.期末總資產(仟元):3,874,571 12.期末總負債(仟元):1,391,795 13.期末歸屬於母公司業主之權益(仟元):2,481,897 14.其他應敘明事項:無。 ",https://mops.twse.com.tw/mops/#/web/t05st01,b4d1a32bd88b26b6629f6b6b18fd2a41d851c9c5231f5ef64be4b583b9e3a482,0
8261,111,05,111/05/03,16:33:29,2022-05-03 16:33:29,公告本公司董事會決議除息基準日,distribution,6,2022-05-26,,,,False,False,False,False,"1.董事會、股東會決議或公司決定日期:111/05/03 2.除權、息類別（請填入「除權」、「除息」或「除權息」）:除息 3.發放股利種類及金額:現金股利新台幣488,042,958元(每股股利新台幣6元) 4.除權（息）交易日:111/05/26 5.最後過戶日:111/05/27 6.停止過戶起始日期:111/05/28 7.停止過戶截止日期:111/06/01 8.除權（息）基準日:111/06/01 9.其他應敘明事項:現金股利發放日訂於111/06/20。 ",https://mops.twse.com.tw/mops/#/web/t05st01,eee570406120264ae557b09dbf977a3e1cef75351a929e8d724b78c23b911d44,0
8374,113,11,113/11/01,17:09:36,2024-11-01 17:09:36,公告本公司董事會通過113年第三季合併財務報告,capital_change,,,,,,False,False,False,False,"1.提報董事會或經董事會決議日期:113/11/01 2.審計委員會通過日期:113/11/01 3.財務報告或年度自結財務資訊報導期間 起訖日期(XXX/XX/XX~XXX/XX/XX):113/01/01~113/09/30 4.1月1日累計至本期止營業收入(仟元):2,464,770 5.1月1日累計至本期止營業毛利(毛損) (仟元):572,269 6.1月1日累計至本期止營業利益(損失) (仟元):61,134 7.1月1日累計至本期止稅前淨利(淨損) (仟元):62,502 8.1月1日累計至本期止本期淨利(淨損) (仟元):42,504 9.1月1日累計至本期止歸屬於母公司業主淨利(損) (仟元):21,916 10.1月1日累計至本期止基本每股盈餘(損失) (元):0.2 11.期末總資產(仟元):5,192,377 12.期末總負債(仟元):2,467,449 13.期末歸屬於母公司業主之權益(仟元):1,984,834 14.其他應敘明事項:無 ",https://mops.twse.com.tw/mops/#/web/t05st01,04ff7faffdae4607b8b14fb83b9caef71298ffadbbf1bd3429910bc3d313c1d3,0
8942,104,03,104/03/20,15:47:17,2015-03-20 15:47:17,公告本公司董事會決議通過之103年度合併財務報表,capital_change,,,,,,False,True,False,False,"1.事實發生日:104/03/20 2.公司名稱:森鉅科技材料股份有限公司 3.與公司關係[請輸入本公司或子公司]:本公司 4.相互持股比例:NA 5.傳播媒體名稱:NA 6.報導內容:NA 7.發生緣由:本公司董事會決議通過之103年度合併財務報表 8.因應措施:無。 9.其他應敘明事項: (一)本公司103年度合併財務報表重要財務數字如下﹕ 102年度 103年度 ----------- ------------- (單位:新台幣仟元) (1)營業收入: 3,305,113 3,673,931 (2)營業毛利: 1,096,031 1,179,827 (3)毛利率(%): 33 32 (4)營業利益: 698,894 752,512 (5)稅前淨利: 798,604 910,122 (6)本期淨利﹕ 622,722 707,017 (7)基本每股盈餘(元): 4.36 4.52 (二)屬母公司業主說明如下﹕ 102年度 103年度 ----------- ------------- (單位:新台幣仟元) (1)本期稅前淨利屬母公司業主 835,530 942,090 (2)本期淨利屬母公司業主 662,777 747,210 (3)基本每股盈餘(元): 4.36 4.52 (三)有關本公司民國103年度合併財務報表詳細資訊,將於主管機關 規定期限內完成上傳作業,屆時相關之訊息,請逕向台灣證券交易所 股市觀測站查詢(網址:http://www.tse.com.tw)。 ",https://mops.twse.com.tw/mops/#/web/t05st01,011e7e5ad2da44e52d5cad88bb0a44e3cc1bcb2aaf6b4deaa21125432796b5e6,0
8942,104,03,104/03/20,15:47:39,2015-03-20 15:47:39,董事會決議股利分派,capital_change,,,,,,False,False,False,False,"1. 董事會決議日期：2015/03/20 2. 股東配發內容： (1)盈餘分配之現金股利(元/股)：4.00000000 (2)法定盈餘公積、資本公積發放之現金(元/股)：0 (3)股東配發之現金(股利)總金額(元)：620,476,264 (4)盈餘轉增資配股(元/股)：0 (5)法定盈餘公積、資本公積轉增資配股(元/股)：0 (6)股東配股總股數(股)：0 3. 董監酬勞(元)：26,125,316 4. 員工紅利： (1)現金紅利金額(元)：6,531,329 (2)股票紅利金額(元)：0 5. 其他應敘明事項： 無。 6. 普通股每股面額欄位：新台幣 10.0000元",https://mops.twse.com.tw/mops/#/web/t05st01,4d9aa4ecc96bb6eb0375973b66648040733e2c8a83c9ab1fe7e178b3b55fbc5b,0
8942,104,03,104/03/24,16:15:33,2015-03-24 16:15:33,"代重要子公司安森科技材料股份有限公司
公告董事會決議不分派股利",distribution,,,,,,False,True,False,False,1.董事會決議日期:104/03/24 2.發放股利種類及金額:不分派股利 3.其他應敘明事項:無。 ,https://mops.twse.com.tw/mops/#/web/t05st01,c57a9f60b85f5b52406cd3a48591fe52b4053f0ed79656e8cd2c34e216b95806,0
8942,104,04,104/04/29,16:00:45,2015-04-29 16:00:45,公告本公司董事會決議通過之104年第1季合併財務報告,capital_change,,,,,,False,True,False,False,"1.事實發生日:104/04/29 2.公司名稱:森鉅科技材料股份有限公司 3.與公司關係[請輸入本公司或子公司]:本公司 4.相互持股比例:不適用 5.傳播媒體名稱:不適用 6.報導內容:不適用 7.發生緣由:本公司董事會決議通過之104年第1季合併財務報告 8.因應措施:無。 9.其他應敘明事項: (一)本公司104年第1季合併財務報告重要財務數字如下﹕ 103年度第1季 104年度第1季 ----------- ------------- (單位:新台幣仟元) (1)營業收入: 929,555 1,322,622 (2)營業毛利: 333,531 548,415 (3)毛利率(%): 36 41 (4)營業費用﹕ 113,084 165,020 (5)營業淨利: 220,447 383,395 (6)營業外收入及(支出)﹕ 65,110 (38,593) (7)稅前淨利: 285,557 344,802 (8)所得稅 52,049 62,095 (9)本期淨利﹕ 233,508 282,707 (10)基本每股盈餘(元): 1.43 1.88 (11)加權流通在外股數﹕ 166,543仟股 155,137仟股 (12)104年第1季合併損益與103年同期比較說明﹕104年第1季因營收成長， 稼架率增加及原料成本下跌，故毛利率從36%成長至41%;104年第1季營業外 支出主要為兌換損失(36,665)仟元，103年第1季營業外收入主要為兌換利益 61,232仟元。 (二)屬母公司業主說明如下﹕ 103年度第1季 104年度第1季 ------------- ------------- (單位:新台幣仟元) (1)本期稅前淨利屬母公司業主 288,059 351,615 (2)本期淨利屬母公司業主 238,048 291,473 (3)稅前每股盈餘(元)﹕ 1.73 2.27 (4)基本每股盈餘(元): 1.43 1.88 (三)有關本公司民國104年度第1季合併財務報表詳細資訊,將於主管機關 規定期限內完成上傳作業,屆時相關之訊息,請逕向台灣證券交易所 股市觀測站查詢(網址:http://www.tse.com.tw)。 ",https://mops.twse.com.tw/mops/#/web/t05st01,76a5291f5a0b64451a67fdc78db6729e0c4d676eac9c862f9d657c1d9eaf1c72,0
8942,104,05,104/05/20,16:12:27,2015-05-20 16:12:27,本公司董事會決議通過除息基準日,distribution,4.0,2015-06-17,,,,False,False,False,False,1.董事會、股東會決議或公司決定日期:104/05/20 2.除權、息類別（請填入「除權」、「除息」或「除權息」）:除息 3.發放股利種類及金額:現金股利，每股分配新台幣4.0元。 4.除權（息）交易日:104/06/17 5.最後過戶日:104/06/18 6.停止過戶起始日期:104/06/22 7.停止過戶截止日期:104/06/26 8.除權（息）基準日:104/06/26 9.其他應敘明事項:現金股利發放日-104/08/20。 ,https://mops.twse.com.tw/mops/#/web/t05st01,e96cb65457f282048603a2d9841923bd1217702482e2bd558a2967fd19de7fbb,0
8996,112,03,112/03/22,18:35:37,2023-03-22 18:35:37,公告本公司董事會通過111年第四季合併財務報告,capital_change,,,,,,False,False,False,False,"1.提報董事會或經董事會決議日期:112/03/22 2.審計委員會通過日期:112/03/22 3.財務報告或年度自結財務資訊報導期間 起訖日期(XXX/XX/XX~XXX/XX/XX):111/01/01~111/12/31 4.1月1日累計至本期止營業收入(仟元):2,843,540 5.1月1日累計至本期止營業毛利(毛損) (仟元):785,630 6.1月1日累計至本期止營業利益(損失) (仟元):346,136 7.1月1日累計至本期止稅前淨利(淨損) (仟元):389,853 8.1月1日累計至本期止本期淨利(淨損) (仟元):301,020 9.1月1日累計至本期止歸屬於母公司業主淨利(損) (仟元):301,020 10.1月1日累計至本期止基本每股盈餘(損失) (元):3.37 11.期末總資產(仟元):4,156,065 12.期末總負債(仟元):2,097,068 13.期末歸屬於母公司業主之權益(仟元):2,058,997 14.其他應敘明事項:有關本公司111年第四季合併財務報告詳細資訊，將於主管機關 規定期限內完成上傳作業，屆時相關之訊息，請逕向公開資訊觀測站查詢 ",https://mops.twse.com.tw/mops/#/web/t05st01,f80f91ef21aa19f01e0c45cf9a1eb422e237f8ce06f8bb9b704eb3d2e4e74099,0
8996,112,03,112/03/22,18:53:06,2023-03-22 18:53:06,公告本公司董事會通過決議111年度股利分派情形,capital_change,,,,,,False,False,False,False,"1. 董事會決議日期：112/03/22 2. 股利所屬年(季)度：111年 年度 3. 股利所屬期間：111/01/01 至 111/12/31 4. 股東配發內容： (1)盈餘分配之現金股利(元/股)：1.50000000 (2)法定盈餘公積發放之現金(元/股)：0 (3)資本公積發放之現金(元/股)：0 (4)股東配發之現金(股利)總金額(元)：134,076,120 (5)盈餘轉增資配股(元/股)：0 (6)法定盈餘公積轉增資配股(元/股)：0 (7)資本公積轉增資配股(元/股)：0 (8)股東配股總股數(股)：0 5. 其他應敘明事項： 無 6. 普通股每股面額欄位：新台幣10.0000元",https://mops.twse.com.tw/mops/#/web/t05st01,e7fc9406d0ab8252ba13aa3b76c532f552b295fb8a5aba86e2c34739159fdc74,0
8996,112,03,112/03/22,18:58:14,2023-03-22 18:58:14,公告本公司一一一年度除息基準日,distribution,1.5,2023-04-13,2023-05-08,,,False,False,False,False,"1.董事會、股東會決議或公司決定日期:112/03/22 2.除權、息類別（請填入「除權」、「除息」或「除權息」）:除息 3.發放股利種類及金額:現金股利總金額為新台幣134,076,120元，每股配發1.5元 4.除權（息）交易日:112/04/13 5.最後過戶日:112/04/14 6.停止過戶起始日期:112/04/15 7.停止過戶截止日期:112/04/19 8.除權（息）基準日:112/04/19 9.債券最後申請轉換日期:不適用 10.債券停止轉換起始日期:不適用 11.債券停止轉換截止日期:不適用 12.現金股利發放日期:預計於112/05/08發放 13.其他應敘明事項:無 ",https://mops.twse.com.tw/mops/#/web/t05st01,6b249f013bf2c2682252e2913ff932a2c69d214b47092b914c5fcd8fa0c07253,0
8996,112,05,112/05/05,18:24:41,2023-05-05 18:24:41,公告本公司董事會通過112年第一季合併財務報告,capital_change,,,,,,False,False,False,False,"1.提報董事會或經董事會決議日期:112/05/05 2.審計委員會通過日期:112/05/05 3.財務報告或年度自結財務資訊報導期間 起訖日期(XXX/XX/XX~XXX/XX/XX):112/01/01~112/03/31 4.1月1日累計至本期止營業收入(仟元):970,511 5.1月1日累計至本期止營業毛利(毛損) (仟元):277,211 6.1月1日累計至本期止營業利益(損失) (仟元):164,618 7.1月1日累計至本期止稅前淨利(淨損) (仟元):158,622 8.1月1日累計至本期止本期淨利(淨損) (仟元):126,662 9.1月1日累計至本期止歸屬於母公司業主淨利(損) (仟元):126,662 10.1月1日累計至本期止基本每股盈餘(損失) (元):1.42 11.期末總資產(仟元):4,417,725 12.期末總負債(仟元):2,362,733 13.期末歸屬於母公司業主之權益(仟元):2,054,992 14.其他應敘明事項:無 ",https://mops.twse.com.tw/mops/#/web/t05st01,12544dadc46a6a2159b57bd481eacb6a91a05037fd1c3e91f8757d2bb170aeac,0
8996,115,03,115/03/11,19:03:58,2026-03-11 19:03:58,修正公告本公司董事會通過決議114年度股利分派情形,capital_change,,,,,,False,False,False,False,"1. 董事會決議日期：115/03/11 2. 股利所屬年(季)度：114年 年度 3. 股利所屬期間：114/01/01 至 114/12/31 4. 股東配發內容： (1)盈餘分配之現金股利(元/股)：4.60000000 (2)法定盈餘公積發放之現金(元/股)：0 (3)資本公積發放之現金(元/股)：0 (4)股東配發之現金(股利)總金額(元)：423,121,543 (5)盈餘轉增資配股(元/股)：0 (6)法定盈餘公積轉增資配股(元/股)：0 (7)資本公積轉增資配股(元/股)：0 (8)股東配股總股數(股)：0 5. 其他應敘明事項： 無。 6. 普通股每股面額欄位：新台幣10.0000元",https://mops.twse.com.tw/mops/#/web/t05st01,1a106b01ce1c0daf2ba139c78bc703bcd93e876d8c5947abf77b9270ec68621d,0
8996,115,03,115/03/11,19:11:58,2026-03-11 19:11:58,修正公告本公司一一四年度除息基準日之發放股利金額,distribution,4.60,2026-03-27,2026-04-22,,,False,False,False,False,"1.董事會、股東會決議或公司決定日期:115/03/11 2.除權、息類別（請填入「除權」、「除息」或「除權息」）:除息 3.普通股發放股利種類及金額:現金股利總金額為新台幣423,121,543元，每股配發4.60元 4.除權（息）交易日:115/03/27 5.最後過戶日:115/03/30 6.停止過戶起始日期:115/03/31 7.停止過戶截止日期:115/04/04 8.除權（息）基準日:115/04/04 9.債券最後申請轉換日期:115/03/06 10.債券停止轉換起始日期:115/03/10 11.債券停止轉換截止日期:115/04/04 12.普通股現金股利發放日期:預計於115/04/22發放 13.其他應敘明事項: 嗣後若因本公司流通在外股數發生變動而須調整股東配息率，授權董事長調整 並全權處理相關事宜。 ",https://mops.twse.com.tw/mops/#/web/t05st01,9b3fb19970da26e180d5596f34169606eeb98f486b7b98245951240fa6498a8a,0
8996,115,03,115/03/12,16:05:21,2026-03-12 16:05:21,本公司114年度現金股利配息率調整公告,distribution,4.60000000,,,,,False,False,False,False,"1.董事會或股東會決議日期:NA 2.原發放股利種類及金額: 現金股利新台幣423,121,543元，每股配發新台幣4.60000000元。 3.變更後發放股利種類及金額: 現金股利新台幣423,121,543元，每股配發新台幣4.55520782元。 4.變更原因:因本公司可轉換公司債轉換，致影響本公司流通在外股數 ，實際配息率應依本公司實際流通在外股份總數92,887,429股計算調整之。 5.其他應敘明事項:依本公司115/03/11董事會決議通過，授權董事長調整配息率。 ",https://mops.twse.com.tw/mops/#/web/t05st01,e08722c15b5225d6bdc673b971ddc04de3bf8f3a45c25e1ae661b9b01b0adeef,0
8996,115,05,115/05/08,15:58:10,2026-05-08 15:58:10,公告本公司董事會通過115年第一季合併財務報告,capital_change,,,,,,False,False,False,False,"1.提報董事會或經董事會決議日期:115/05/08 2.審計委員會通過日期:115/05/08 3.財務報告或年度自結財務資訊報導期間 起訖日期(XXX/XX/XX~XXX/XX/XX):115/01/01~115/03/31 4.1月1日累計至本期止營業收入(仟元):3,422,971 5.1月1日累計至本期止營業毛利(毛損) (仟元):993,397 6.1月1日累計至本期止營業利益(損失) (仟元):708,890 7.1月1日累計至本期止稅前淨利(淨損) (仟元):760,217 8.1月1日累計至本期止本期淨利(淨損) (仟元):605,668 9.1月1日累計至本期止歸屬於母公司業主淨利(損) (仟元):605,668 10.1月1日累計至本期止基本每股盈餘(損失) (元):6.54 11.期末總資產(仟元):8,901,358 12.期末總負債(仟元):4,255,580 13.期末歸屬於母公司業主之權益(仟元):4,638,570 14.其他應敘明事項:無 ",https://mops.twse.com.tw/mops/#/web/t05st01,723dfaf60bccf3e1104e8ec25b8119a547b14729d7a31c308cfc2793781d0ad2,0
9904,105,07,105/07/18,18:16:11,2016-07-18 18:16:11,"代重要子公司寶興投資股份有限公司(WEALTHPLUS HOLDINGS LTD.)
公告董事會決議分派股利事宜",distribution,,,,,,False,True,False,False,"1.董事會決議日期:105/07/18 2.發放股利種類及金額:現金股利美金115,000,000元。 3.其他應敘明事項:無。 ",https://mops.twse.com.tw/mops/#/web/t05st01,2eae310d495591d29a8e5751ebe6e45b2d1f9a45e1277dd6c9c8601f329a49be,0
9904,105,08,105/08/12,22:19:33,2016-08-12 22:19:33,代子公司裕元工業(集團)有限公司公告董事會決議分配股利,distribution,,,,,,False,True,False,False,"1.董事會決議日期:105/08/12 2.發放股利種類及金額: 現金股利，中期股息每股配發0.40港元。 3.其他應敘明事項: (1)裕元工業105年上半年度(截至105年6月30日止六個月)營業收入 為4,280.79百萬美元，稅後淨利(歸屬於本公司擁有人)248.71百萬 美元，基本每股稅後盈餘(EPS)15.11美分(cents)。 (2)中期股利擬於105年10月6日派付。 (3)裕元工業詳細公告之內容，請參閱其網站：www.yueyuen.com (投資者關係/公司聲明)；或香港聯交所網站：www.hkex.com.hk。 ",https://mops.twse.com.tw/mops/#/web/t05st01,11a916fcbeecf0d5a821d07c561bd885260cef062d0b1a4c4578f98fa06ea825,0
9904,105,10,105/10/27,19:14:23,2016-10-27 19:14:23,"代子公司｢裕盛(太倉)鞋業有限公司｣與
｢太倉寶智商貿有限公司｣公告董事會通過合併案。",capital_change,,,,,,False,True,False,False,1.併購種類(如合併、分割、收購或股份受讓): 合併 2.事實發生日:105/10/27 3.參與併購公司名稱(如合併另一方公司、分割新設公司、收購或受讓股份標的公司之 名稱: 合併存續公司：裕盛(太倉)鞋業有限公司 合併消滅公司：太倉寶智商貿有限公司 4.交易相對人(如合併另一方公司、分割讓與他公司、收購或受讓股份之交易對象): 合併存續公司：裕盛(太倉)鞋業有限公司 合併消滅公司：太倉寶智商貿有限公司 5.交易相對人為關係人:是 6.交易相對人與公司之關係(本公司轉投資持股達XX%之被投資公司)，並說明選定 收購、受讓他公司股份之對象為關係企業或關係人之原因及是否不影響股東權益: ｢裕盛(太倉)鞋業有限公司｣與｢太倉寶智商貿有限公司｣， 均為本公司轉投資綜合持股49.98%之子公司｢裕元工業(集團)有限公司｣ 轉投資持股61.76%之子公司｢寶勝國際(控股)有限公司｣所轉投資 持股100%之子公司，係屬同一集團之組織重整，不影響股東權益。 7.併購目的: 整合資源及提高營運效率。 8.併購後預計產生之效益: 降低管理成本，提升營運績效。 9.併購對每股淨值及每股盈餘之影響: 合併後有助於提高營運效率、降低營運成本，故對每股淨值及每股盈餘應有正面助益。 10.換股比例及其計算依據: 不適用。 11.預定完成日程: 106年3月31日前。 12.既存或新設公司承受消滅(或分割)公司權利義務相關事項(註一): ｢太倉寶智商貿有限公司｣之資產負債及一切權利義務， 概由｢裕盛(太倉)鞋業有限公司｣依法承受。 13.參與合併公司之基本資料(註二): 裕盛(太倉)鞋業有限公司：營業項目為生產、加工鞋製品、半成品、 模具及相關體育用品。 太倉寶智商貿有限公司：營業項目為設計及製造非金屬製品模具、 運動用品及器材批發。 14.分割之相關事項(含預定讓與既存公司或新設公司之營業、資產之評價價值；被 分割公司或其股東所取得股份之總數、種類及數量；被分割公司資本減少時，其資 本減少有關事項)(註：若非分割公告時，則不適用): 不適用。 15.併購股份未來移轉之條件及限制: 無。 16.其他重要約定事: 無。 17.本次交易，董事有無異議:否 18.其他敘明事項: 無。 註一、既存或新設公司承受消滅公司權利義務相關事項，包括庫藏股及已發行具有股權性質有 價證券之處理原則。 註二：參與合併公司之基本資料包括公司名稱及所營業務 之主要內容。,https://mops.twse.com.tw/mops/#/web/t05st01,2fbcabe51b8051244f8278eff3f36aff38e61579ca800e93e7f825dbbf5c1bbb,0
9919,109,07,109/07/01,17:09:50,2020-07-01 17:09:50,公告本公司訂定資本公積發放現金股利之基準日及發放日,distribution,,2020-07-20,,,,False,False,False,False,"1.董事會、股東會決議或公司決定日期:109/07/01 2.除權、息類別（請填入「除權」、「除息」或「除權息」）:除息 3.發放股利種類及金額:資本公積發放現金新台幣39,072,550元(每股新台幣0.2元) 4.除權（息）交易日:109/07/20 5.最後過戶日:109/07/21 6.停止過戶起始日期:109/07/22 7.停止過戶截止日期:109/07/26 8.除權（息）基準日:109/07/26 9.其他應敘明事項:現金發放日為109/08/12 ",https://mops.twse.com.tw/mops/#/web/t05st01,b11a88e01e66f193f820774d1be6ffe1ce600016e5820b7c9e2b729693999245,0
9938,106,08,106/08/07,14:08:25,2017-08-07 14:08:25,公告本公司106年7月份自結合併營收概算,capital_change,,,,,,False,True,False,False,"1.事實發生日:106/08/07 2.公司名稱:台灣百和工業股份有限公司 3.與公司關係(請輸入本公司或子公司):本公司 4.相互持股比例:不適用 5.發生緣由:公告本公司106年7月份自結合併營收概算 當月數 當月數 項目 106年7月 105年7月 差異比率 ------------------ ------------- ------------- -------- 合併營業收入淨額 $ 899,928 $ 753,161 19.5% (新台幣仟元) 累計數 累計數 項目 106年1-7月 105年1-7月 差異比率 ------------------ ------------- ------------- -------- 合併營業收入淨額 $ 6,562,435 $ 5,936,125 10.6% (新台幣仟元) 註：前述各項數字係本公司自結數，尚未經會計師查核(核閱)。 6.因應措施:無 7.其他應敘明事項:無 ",https://mops.twse.com.tw/mops/#/web/t05st01,8b4318806e25c9a67a45261e9a072f651f16918c3d6fefe5810dc0975120c895,0
9938,106,08,106/08/09,17:08:16,2017-08-09 17:08:16,公告本公司106年第2季合併財務報告已提報董事會,capital_change,,,,,,False,True,False,False,"1.事實發生日:106/08/09 2.公司名稱:台灣百和工業股份有限公司 3.與公司關係(請輸入本公司或子公司):本公司 4.相互持股比例:不適用 5.發生緣由:公告本公司106年第2季合併財務報告已提報董事會， 合併綜合損益表相關項目如下：(單位：新台幣仟元) 會計項目 106年1月1日至6月30日 105年1月1日至6月30日 差異比率 --------------- -------------------- -------------------- -------- 合併營業收入 $5,662,183 5,182,964 9.2% 合併營業毛利 2,306,975 2,072,711 11.3% 合併營業淨利 1,335,956 1,177,611 13.4% 合併稅前淨利 1,295,480 1,202,369 7.7% 合併本期淨利 900,949 877,873 2.6% 歸屬於台灣百和淨利 795,732 753,806 5.6% 基本每股盈餘(單位：新台幣元) 2.67 2.53 5.6% 6.因應措施:無 7.其他應敘明事項: 有關106年第2季合併財務報告詳細資訊，將於主管機關規定期限內完成上傳作業， 屆時相關之訊息請逕向台灣證券交易所公開資訊觀測站查詢。 ",https://mops.twse.com.tw/mops/#/web/t05st01,a1bd8252ec4c6e3899a5706ff32be4cf8f7ddaffe9a073ab2aa6b6a7fdaa1da2,0
9938,106,08,106/08/14,14:10:24,2017-08-14 14:10:24,公告本公司106年7月份自結合併損益相關資訊,capital_change,,,,,,False,True,False,False,"1.事實發生日:106/08/14 2.公司名稱:台灣百和工業股份有限公司 3.與公司關係(請輸入本公司或子公司):本公司 4.相互持股比例:不適用。 5.發生緣由:公告本公司106年7月份自結合併損益相關資訊。 6.因應措施:發佈重大訊息說明。 7.其他應敘明事項: 當月數 累計數 累計數 累計數 項目 106年7月 106年1-7月 105年1-7月 差異比率 ------------------ ------------ ------------- ------------- --------- 合併營業收入淨額 $ 899,928 $6,562,111 $5,936,125 10.5% (新台幣仟元) 合併營業淨利 $ 201,303 $1,537,259 $1,302,324 18.0% (新台幣仟元) 合併稅前淨利 $ 196,383 $1,491,863 $1,323,936 12.7% (新台幣仟元) 合併稅後淨利 $ 141,826 $1,042,775 $ 966,152 7.9% (新台幣仟元) 歸屬於台灣百和淨利 $ 130,463 $ 926,195 $ 831,721 11.4% (新台幣仟元) 基本每股盈餘 $ 0.44 $ 3.11 $ 2.79 11.4% (新台幣元) 註1：前述106年7月份財務資料係本公司自結數，尚未經會計師查核(核閱)，惟106 年上半年度財務資料係依106年8月9日經會計師核閱數計算，致累計數106年 1-7月合併營收淨額與106年8月7日公告之自結累計數合併營收淨額不一致。 ",https://mops.twse.com.tw/mops/#/web/t05st01,cc2d071f66e099de203b45e551834c12ec1f8be9540649644ffddc03693a02e1,0
9938,106,08,106/08/25,14:04:58,2017-08-25 14:04:58,"代子公司百和國際有限公司公告董事會決議發放股利
事宜",distribution,,,,,,False,True,False,False,"1.董事會決議日期:106/08/25 2.發放股利種類及金額:配發現金股利美金837,776元 3.其他應敘明事項:本公司持股100%之重要子公司百和國際有限公司經董事會決議 分配現金股利美金837,776元予本公司 ",https://mops.twse.com.tw/mops/#/web/t05st01,0d0ef44df51e29dbce3d731f9db57b3288b4af807e428dbfca494c17d1586f90,0
9938,106,09,106/09/07,14:09:37,2017-09-07 14:09:37,公告本公司106年8月份自結合併營收概算,capital_change,,,,,,False,True,False,False,"1.事實發生日:106/09/07 2.公司名稱:台灣百和工業股份有限公司 3.與公司關係(請輸入本公司或子公司):本公司 4.相互持股比例:不適用 5.發生緣由:公告本公司106年8月份自結合併營收概算 當月數 當月數 項目 106年8月 105年8月 差異比率 ------------------ ------------- ------------- -------- 合併營業收入淨額 $ 1,035,603 $ 948,421 9.2% (新台幣仟元) 累計數 累計數 項目 106年1-8月 105年1-8月 差異比率 ------------------ ------------- ------------- -------- 合併營業收入淨額 $ 7,597,714 $ 6,884,546 10.4% (新台幣仟元) 註：前述各項數字係本公司自結數，尚未經會計師查核(核閱)。 6.因應措施:無 7.其他應敘明事項:無 ",https://mops.twse.com.tw/mops/#/web/t05st01,8e16d1b5a826352a3b9b23356f72928d30aa0dfeb39e5bfb01d3d992f3bed79f,0
9938,106,09,106/09/08,14:08:52,2017-09-08 14:08:52,"代子公司越南百和有限公司公告董事會決議發放股利
事宜",distribution,,,,,,False,True,False,False,"1.董事會決議日期:106/09/08 2.發放股利種類及金額:配發現金股利美金6,000,000元 3.其他應敘明事項:本公司持股100%之重要子公司越南百和有限公司經董事會決議 分配現金股利美金6,000,000元 ",https://mops.twse.com.tw/mops/#/web/t05st01,5238cf62ffe2b3f822eea8cdee7bdc34ef7969ad14fecdc305895c13fa20a8e5,0
9938,106,09,106/09/13,14:11:01,2017-09-13 14:11:01,公告本公司106年8月份自結合併損益相關資訊,capital_change,,,,,,False,True,False,False,"1.事實發生日:106/09/13 2.公司名稱:台灣百和工業股份有限公司 3.與公司關係(請輸入本公司或子公司):本公司 4.相互持股比例:不適用 5.發生緣由:公告本公司106年8月份自結合併損益相關資訊 6.因應措施:發佈重大訊息說明 7.其他應敘明事項: 當月數 累計數 累計數 累計數 項目 106年8月 106年1-8月 105年1-8月 差異比率 ------------------ ------------ ------------- ------------- -------- 合併營業收入淨額 $1,035,603 $7,597,714 $6,884,546 10.4% (新台幣仟元) 合併營業淨利 $ 239,581 $1,776,840 $1,490,728 19.2% (新台幣仟元) 合併稅前淨利 $ 234,990 $1,726,853 $1,505,145 14.7% (新台幣仟元) 合併稅後淨利 $ 168,357 $1,211,132 $1,097,142 10.4% (新台幣仟元) 歸屬於台灣百和淨利 $ 149,496 $1,075,691 $ 949,583 13.3% (新台幣仟元) 基本每股盈餘 $ 0.50 $ 3.61 $ 3.19 13.3% (新台幣元) 註：前述財務資料係本公司自結數，尚未經會計師查核(核閱) ",https://mops.twse.com.tw/mops/#/web/t05st01,54c4feee21fdcf15cd8cf2fee4712cb59efea97ff468063916ef43e686f2c0e3,0
9938,106,09,106/09/14,14:05:35,2017-09-14 14:05:35,"代子公司百和國際有限公司公告董事會決議發放股利
事宜",distribution,,,,,,False,True,False,False,"1.董事會決議日期:106/09/14 2.發放股利種類及金額:配發現金股利美金4,021,800元 3.其他應敘明事項:本公司持股100%之重要子公司百和國際有限公司經董事會決議 分配現金股利美金4,021,800元予本公司 ",https://mops.twse.com.tw/mops/#/web/t05st01,94f7a6f55480895c64286cdbd85b97491b7242c9b179395d9be83ed7ef9df1b9,0
9938,106,10,106/10/06,14:09:59,2017-10-06 14:09:59,公告本公司106年9月份自結合併營收概算,capital_change,,,,,,False,True,False,False,"1.事實發生日:106/10/06 2.公司名稱:台灣百和工業股份有限公司 3.與公司關係(請輸入本公司或子公司):本公司 4.相互持股比例:不適用 5.發生緣由:公告本公司106年9月份自結合併營收概算 當月數 當月數 項目 106年9月 105年9月 差異比率 ------------------ ------------- ------------- -------- 合併營業收入淨額 $ 1,197,852 $ 1,016,457 17.8% (新台幣仟元) 累計數 累計數 項目 106年1-9月 105年1-9月 差異比率 ------------------ ------------- ------------- -------- 合併營業收入淨額 $ 8,795,566 $ 7,901,003 11.3% (新台幣仟元) 註：前述106年各項數字係本公司自結數，尚未經會計師查核(核閱) 6.因應措施:無 7.其他應敘明事項:無 ",https://mops.twse.com.tw/mops/#/web/t05st01,60b13023c93a1cb90afc753c921f649bc10240a0cca1d730b4c86042c0eff017,0
9938,106,10,106/10/12,14:12:40,2017-10-12 14:12:40,公告本公司106年9月份自結合併損益相關資訊,capital_change,,,,,,False,True,False,False,"1.事實發生日:106/10/12 2.公司名稱:台灣百和工業股份有限公司 3.與公司關係(請輸入本公司或子公司):本公司 4.相互持股比例:不適用 5.發生緣由:公告本公司106年9月份自結合併損益相關資訊 6.因應措施:發佈重大訊息說明 7.其他應敘明事項: 當月數 累計數 累計數 累計數 項目 106年9月 106年1-9月 105年1-9月 差異比率 ------------------ ------------ ------------- ------------- -------- 合併營業收入淨額 $1,197,852 $8,795,566 $7,901,003 11.3% (新台幣仟元) 合併營業淨利 $ 301,582 $2,078,422 $1,735,299 19.8% (新台幣仟元) 合併稅前淨利 $ 298,560 $2,025,413 $1,736,658 16.6% (新台幣仟元) 合併稅後淨利 $ 212,075 $1,423,207 $1,271,017 12.0% (新台幣仟元) 歸屬於台灣百和淨利 $ 182,832 $1,258,523 $1,101,887 14.2% (新台幣仟元) 基本每股盈餘 $ 0.61 $ 4.22 $ 3.70 14.2% (新台幣元) 註：前述106年財務資料係本公司自結數，尚未經會計師查核(核閱) ",https://mops.twse.com.tw/mops/#/web/t05st01,fdbc60daa7108310062340cf1e818f52e1a55867e1d2e962159c81cb0d73385b,0
9938,106,11,106/11/07,18:39:44,2017-11-07 18:39:44,公告本公司106年第3季合併財務報告已提報董事會,capital_change,,,,,,False,True,False,False,"1.事實發生日:106/11/07 2.公司名稱:台灣百和工業股份有限公司 3.與公司關係(請輸入本公司或子公司):本公司 4.相互持股比例:不適用 5.發生緣由:公告本公司106年第3季合併財務報告已提報董事會， 合併綜合損益表相關項目如下：(單位：新台幣仟元) 會計項目 106年1月1日至9月30日 105年1月1日至9月30日 差異比率 --------------- -------------------- -------------------- -------- 合併營業收入 $8,816,522 7,901,003 11.6% 合併營業毛利 3,573,456 3,114,233 14.7% 合併營業淨利 2,069,534 1,735,299 19.3% 合併稅前淨利 2,019,484 1,736,658 16.3% 合併本期淨利 1,420,331 1,271,017 11.7% 歸屬於台灣百和淨利 1,257,993 1,101,887 14.2% 基本每股盈餘(單位：新台幣元) 4.22 3.70 14.2% 6.因應措施:無 7.其他應敘明事項: 有關106年第3季合併財務報告詳細資訊，將於主管機關規定期限內完成上傳作業， 屆時相關之訊息請逕向台灣證券交易所公開資訊觀測站查詢。 ",https://mops.twse.com.tw/mops/#/web/t05st01,2c19def13d7763137b60c4a5b7bba13e4936e95ed2b19e8d88643081326d3f45,0
9938,106,11,106/11/07,18:40:59,2017-11-07 18:40:59,公告本公司106年10月份自結合併營收概算,capital_change,,,,,,False,True,False,False,"1.事實發生日:106/11/07 2.公司名稱:台灣百和工業股份有限公司 3.與公司關係(請輸入本公司或子公司):本公司 4.相互持股比例:不適用 5.發生緣由:公告本公司106年10月份自結合併營收概算 當月數 當月數 項目 106年10月 105年10月 差異比率 ------------------ ------------- ------------- -------- 合併營業收入淨額 $ 980,386 $ 932,586 5.1% (新台幣仟元) 累計數 累計數 項目 106年1-10月 105年1-10月 差異比率 ------------------ ------------- ------------- -------- 合併營業收入淨額 $ 9,796,908 $ 8,833,589 10.9% (新台幣仟元) 註：前述各項數字係本公司自結數，尚未經會計師查核(核閱) 6.因應措施:無 7.其他應敘明事項:無 ",https://mops.twse.com.tw/mops/#/web/t05st01,fe204b90b31762d298d960ba69f1cdc98421bd794464509874b51d74dc822eda,0
9938,106,11,106/11/10,14:04:58,2017-11-10 14:04:58,"代子公司越南百和有限公司公告董事會決議發放股利
事宜",distribution,,,,,,False,True,False,False,"1.董事會決議日期:106/11/10 2.發放股利種類及金額:配發現金股利美金4,000,000元 3.其他應敘明事項:本公司持股100%之重要子公司越南百和有限公司經董事會決議 分配現金股利美金4,000,000元 ",https://mops.twse.com.tw/mops/#/web/t05st01,6636db3483be4874c9a1134d47808e4619f0520fbeee62e059beec08d4dd2437,0
9938,106,11,106/11/14,14:04:55,2017-11-14 14:04:55,公告本公司106年10月份自結合併損益相關資訊,capital_change,,,,,,False,True,False,False,"1.事實發生日:106/11/14 2.公司名稱:台灣百和工業股份有限公司 3.與公司關係(請輸入本公司或子公司):本公司 4.相互持股比例:不適用 5.發生緣由:公告本公司106年10月份自結合併損益相關資訊 6.因應措施:發佈重大訊息說明 7.其他應敘明事項: 當月數 累計數 累計數 累計數 項目 106年10月 106年1-10月 105年1-10月 差異比率 ------------------ ------------ ------------- ------------- -------- 合併營業收入淨額 $ 980,386 $9,796,908 $8,833,589 10.9% (新台幣仟元) 合併營業淨利 $ 216,711 $2,286,245 $1,937,189 18.0% (新台幣仟元) 合併稅前淨利 $ 209,137 $2,228,621 $1,945,064 14.6% (新台幣仟元) 合併稅後淨利 $ 146,845 $1,567,176 $1,421,783 10.2% (新台幣仟元) 歸屬於台灣百和淨利 $ 127,385 $1,385,378 $1,231,917 12.5% (新台幣仟元) 基本每股盈餘 $ 0.43 $ 4.65 $ 4.13 12.5% (新台幣元) 註：前述財務資料係本公司自結數，尚未經會計師查核(核閱) ",https://mops.twse.com.tw/mops/#/web/t05st01,16aa9f2435842d76dabd78f5f5a4eddd4a35b9647c85b4633881d06e7fb7b394,0
9938,106,11,106/11/22,14:05:34,2017-11-22 14:05:34,"代子公司百和國際有限公司公告董事會決議發放股利
事宜",distribution,,,,,,False,True,False,False,"1.董事會決議日期:106/11/22 2.發放股利種類及金額:配發現金股利美金2,681,200元 3.其他應敘明事項:本公司持股100%之重要子公司百和國際有限公司經董事會決議 分配現金股利美金2,681,200元予本公司 ",https://mops.twse.com.tw/mops/#/web/t05st01,9ef4b3ccaaba7ac87e876100b0b393d17dc6a16f6b5f6b0001f6438ea2af5054,0
