strategy,ticker,holding_start,holding_end,trading_day_marks,source_ledger,authority_status
00631l_buyhold,00631L,2015-05-18,2026-07-22,,strategy_definition_fixed_buyhold,fixed_strategy_definition
old_ai7_median_rs60_two_sleeve,00631L,2015-06-15 00:00:00,2015-06-29 00:00:00,30,C:\Users\zergv\Documents\Codex\2026-05-30\ep05-chat-ai-stock-backtest-lab\outputs\vnext_p1_p2_old_ai7_vs_00631l_weekly_median_rs60_two_sleeve_contract_20260719\corrected_NAV_daily_wealth_ledger.csv.gz,actual_daily_holding_ledger
old_ai7_median_rs60_two_sleeve,00631L,2015-07-17 00:00:00,2015-07-29 00:00:00,27,C:\Users\zergv\Documents\Codex\2026-05-30\ep05-chat-ai-stock-backtest-lab\outputs\vnext_p1_p2_old_ai7_vs_00631l_weekly_median_rs60_two_sleeve_contract_20260719\corrected_NAV_daily_wealth_ledger.csv.gz,actual_daily_holding_ledger
old_ai7_median_rs60_two_sleeve,00631L,2015-08-31 00:00:00,2015-09-29 00:00:00,63,C:\Users\zergv\Documents\Codex\2026-05-30\ep05-chat-ai-stock-backtest-lab\outputs\vnext_p1_p2_old_ai7_vs_00631l_weekly_median_rs60_two_sleeve_contract_20260719\corrected_NAV_daily_wealth_ledger.csv.gz,actual_daily_holding_ledger
old_ai7_median_rs60_two_sleeve,00631L,2015-10-14 00:00:00,2015-11-10 00:00:00,60,C:\Users\zergv\Documents\Codex\2026-05-30\ep05-chat-ai-stock-backtest-lab\outputs\vnext_p1_p2_old_ai7_vs_00631l_weekly_median_rs60_two_sleeve_contract_20260719\corrected_NAV_daily_wealth_ledger.csv.gz,actual_daily_holding_ledger
old_ai7_median_rs60_two_sleeve,00631L,2015-11-24 00:00:00,2015-12-04 00:00:00,27,C:\Users\zergv\Documents\Codex\2026-05-30\ep05-chat-ai-stock-backtest-lab\outputs\vnext_p1_p2_old_ai7_vs_00631l_weekly_median_rs60_two_sleeve_contract_20260719\corrected_NAV_daily_wealth_ledger.csv.gz,actual_daily_holding_ledger
old_ai7_median_rs60_two_sleeve,00631L,2015-12-18 00:00:00,2015-12-30 00:00:00,27,C:\Users\zergv\Documents\Codex\2026-05-30\ep05-chat-ai-stock-backtest-lab\outputs\vnext_p1_p2_old_ai7_vs_00631l_weekly_median_rs60_two_sleeve_contract_20260719\corrected_NAV_daily_wealth_ledger.csv.gz,actual_daily_holding_ledger
old_ai7_median_rs60_two_sleeve,00631L,2016-01-20 00:00:00,2016-04-06 00:00:00,138,C:\Users\zergv\Documents\Codex\2026-05-30\ep05-chat-ai-stock-backtest-lab\outputs\vnext_p1_p2_old_ai7_vs_00631l_weekly_median_rs60_two_sleeve_contract_20260719\corrected_NAV_daily_wealth_ledger.csv.gz,actual_daily_holding_ledger
old_ai7_median_rs60_two_sleeve,00631L,2016-05-18 00:00:00,2016-09-01 00:00:00,222,C:\Users\zergv\Documents\Codex\2026-05-30\ep05-chat-ai-stock-backtest-lab\outputs\vnext_p1_p2_old_ai7_vs_00631l_weekly_median_rs60_two_sleeve_contract_20260719\corrected_NAV_daily_wealth_ledger.csv.gz,actual_daily_holding_ledger
old_ai7_median_rs60_two_sleeve,00631L,2016-09-22 00:00:00,2016-11-03 00:00:00,90,C:\Users\zergv\Documents\Codex\2026-05-30\ep05-chat-ai-stock-backtest-lab\outputs\vnext_p1_p2_old_ai7_vs_00631l_weekly_median_rs60_two_sleeve_contract_20260719\corrected_NAV_daily_wealth_ledger.csv.gz,actual_daily_holding_ledger
old_ai7_median_rs60_two_sleeve,00631L,2016-11-18 00:00:00,2016-12-02 00:00:00,33,C:\Users\zergv\Documents\Codex\2026-05-30\ep05-chat-ai-stock-backtest-lab\outputs\vnext_p1_p2_old_ai7_vs_00631l_weekly_median_rs60_two_sleeve_contract_20260719\corrected_NAV_daily_wealth_ledger.csv.gz,actual_daily_holding_ledger
old_ai7_median_rs60_two_sleeve,00631L,2016-12-16 00:00:00,2017-04-14 00:00:00,225,C:\Users\zergv\Documents\Codex\2026-05-30\ep05-chat-ai-stock-backtest-lab\outputs\vnext_p1_p2_old_ai7_vs_00631l_weekly_median_rs60_two_sleeve_contract_20260719\corrected_NAV_daily_wealth_ledger.csv.gz,actual_daily_holding_ledger
old_ai7_median_rs60_two_sleeve,00631L,2017-04-28 00:00:00,2017-08-11 00:00:00,219,C:\Users\zergv\Documents\Codex\2026-05-30\ep05-chat-ai-stock-backtest-lab\outputs\vnext_p1_p2_old_ai7_vs_00631l_weekly_median_rs60_two_sleeve_contract_20260719\corrected_NAV_daily_wealth_ledger.csv.gz,actual_daily_holding_ledger
old_ai7_median_rs60_two_sleeve,00631L,2017-08-25 00:00:00,2017-09-20 00:00:00,57,C:\Users\zergv\Documents\Codex\2026-05-30\ep05-chat-ai-stock-backtest-lab\outputs\vnext_p1_p2_old_ai7_vs_00631l_weekly_median_rs60_two_sleeve_contract_20260719\corrected_NAV_daily_wealth_ledger.csv.gz,actual_daily_holding_ledger
old_ai7_median_rs60_two_sleeve,00631L,2017-10-05 00:00:00,2017-11-14 00:00:00,81,C:\Users\zergv\Documents\Codex\2026-05-30\ep05-chat-ai-stock-backtest-lab\outputs\vnext_p1_p2_old_ai7_vs_00631l_weekly_median_rs60_two_sleeve_contract_20260719\corrected_NAV_daily_wealth_ledger.csv.gz,actual_daily_holding_ledger
old_ai7_median_rs60_two_sleeve,00631L,2017-12-15 00:00:00,2017-12-27 00:00:00,27,C:\Users\zergv\Documents\Codex\2026-05-30\ep05-chat-ai-stock-backtest-lab\outputs\vnext_p1_p2_old_ai7_vs_00631l_weekly_median_rs60_two_sleeve_contract_20260719\corrected_NAV_daily_wealth_ledger.csv.gz,actual_daily_holding_ledger
old_ai7_median_rs60_two_sleeve,00631L,2018-01-15 00:00:00,2018-02-06 00:00:00,51,C:\Users\zergv\Documents\Codex\2026-05-30\ep05-chat-ai-stock-backtest-lab\outputs\vnext_p1_p2_old_ai7_vs_00631l_weekly_median_rs60_two_sleeve_contract_20260719\corrected_NAV_daily_wealth_ledger.csv.gz,actual_daily_holding_ledger
old_ai7_median_rs60_two_sleeve,00631L,2018-03-01 00:00:00,2018-03-26 00:00:00,54,C:\Users\zergv\Documents\Codex\2026-05-30\ep05-chat-ai-stock-backtest-lab\outputs\vnext_p1_p2_old_ai7_vs_00631l_weekly_median_rs60_two_sleeve_contract_20260719\corrected_NAV_daily_wealth_ledger.csv.gz,actual_daily_holding_ledger
old_ai7_median_rs60_two_sleeve,00631L,2018-04-12 00:00:00,2018-04-24 00:00:00,27,C:\Users\zergv\Documents\Codex\2026-05-30\ep05-chat-ai-stock-backtest-lab\outputs\vnext_p1_p2_old_ai7_vs_00631l_weekly_median_rs60_two_sleeve_contract_20260719\corrected_NAV_daily_wealth_ledger.csv.gz,actual_daily_holding_ledger
old_ai7_median_rs60_two_sleeve,00631L,2018-05-09 00:00:00,2018-06-15 00:00:00,84,C:\Users\zergv\Documents\Codex\2026-05-30\ep05-chat-ai-stock-backtest-lab\outputs\vnext_p1_p2_old_ai7_vs_00631l_weekly_median_rs60_two_sleeve_contract_20260719\corrected_NAV_daily_wealth_ledger.csv.gz,actual_daily_holding_ledger
old_ai7_median_rs60_two_sleeve,00631L,2018-07-02 00:00:00,2018-08-16 00:00:00,102,C:\Users\zergv\Documents\Codex\2026-05-30\ep05-chat-ai-stock-backtest-lab\outputs\vnext_p1_p2_old_ai7_vs_00631l_weekly_median_rs60_two_sleeve_contract_20260719\corrected_NAV_daily_wealth_ledger.csv.gz,actual_daily_holding_ledger
old_ai7_median_rs60_two_sleeve,00631L,2018-08-30 00:00:00,2018-10-02 00:00:00,69,C:\Users\zergv\Documents\Codex\2026-05-30\ep05-chat-ai-stock-backtest-lab\outputs\vnext_p1_p2_old_ai7_vs_00631l_weekly_median_rs60_two_sleeve_contract_20260719\corrected_NAV_daily_wealth_ledger.csv.gz,actual_daily_holding_ledger
old_ai7_median_rs60_two_sleeve,00631L,2018-10-22 00:00:00,2018-11-02 00:00:00,30,C:\Users\zergv\Documents\Codex\2026-05-30\ep05-chat-ai-stock-backtest-lab\outputs\vnext_p1_p2_old_ai7_vs_00631l_weekly_median_rs60_two_sleeve_contract_20260719\corrected_NAV_daily_wealth_ledger.csv.gz,actual_daily_holding_ledger
old_ai7_median_rs60_two_sleeve,00631L,2019-04-02 00:00:00,2019-05-13 00:00:00,81,C:\Users\zergv\Documents\Codex\2026-05-30\ep05-chat-ai-stock-backtest-lab\outputs\vnext_p1_p2_old_ai7_vs_00631l_weekly_median_rs60_two_sleeve_contract_20260719\corrected_NAV_daily_wealth_ledger.csv.gz,actual_daily_holding_ledger
old_ai7_median_rs60_two_sleeve,00631L,2019-06-03 00:00:00,2019-06-21 00:00:00,42,C:\Users\zergv\Documents\Codex\2026-05-30\ep05-chat-ai-stock-backtest-lab\outputs\vnext_p1_p2_old_ai7_vs_00631l_weekly_median_rs60_two_sleeve_contract_20260719\corrected_NAV_daily_wealth_ledger.csv.gz,actual_daily_holding_ledger
old_ai7_median_rs60_two_sleeve,00631L,2019-07-12 00:00:00,2019-08-02 00:00:00,48,C:\Users\zergv\Documents\Codex\2026-05-30\ep05-chat-ai-stock-backtest-lab\outputs\vnext_p1_p2_old_ai7_vs_00631l_weekly_median_rs60_two_sleeve_contract_20260719\corrected_NAV_daily_wealth_ledger.csv.gz,actual_daily_holding_ledger
old_ai7_median_rs60_two_sleeve,00631L,2019-09-10 00:00:00,2019-09-27 00:00:00,39,C:\Users\zergv\Documents\Codex\2026-05-30\ep05-chat-ai-stock-backtest-lab\outputs\vnext_p1_p2_old_ai7_vs_00631l_weekly_median_rs60_two_sleeve_contract_20260719\corrected_NAV_daily_wealth_ledger.csv.gz,actual_daily_holding_ledger
old_ai7_median_rs60_two_sleeve,00631L,2019-10-23 00:00:00,2019-11-01 00:00:00,24,C:\Users\zergv\Documents\Codex\2026-05-30\ep05-chat-ai-stock-backtest-lab\outputs\vnext_p1_p2_old_ai7_vs_00631l_weekly_median_rs60_two_sleeve_contract_20260719\corrected_NAV_daily_wealth_ledger.csv.gz,actual_daily_holding_ledger
old_ai7_median_rs60_two_sleeve,00631L,2019-11-19 00:00:00,2019-11-29 00:00:00,27,C:\Users\zergv\Documents\Codex\2026-05-30\ep05-chat-ai-stock-backtest-lab\outputs\vnext_p1_p2_old_ai7_vs_00631l_weekly_median_rs60_two_sleeve_contract_20260719\corrected_NAV_daily_wealth_ledger.csv.gz,actual_daily_holding_ledger
old_ai7_median_rs60_two_sleeve,00631L,2019-12-13 00:00:00,2020-01-30 00:00:00,81,C:\Users\zergv\Documents\Codex\2026-05-30\ep05-chat-ai-stock-backtest-lab\outputs\vnext_p1_p2_old_ai7_vs_00631l_weekly_median_rs60_two_sleeve_contract_20260719\corrected_NAV_daily_wealth_ledger.csv.gz,actual_daily_holding_ledger
old_ai7_median_rs60_two_sleeve,00631L,2020-02-17 00:00:00,2020-02-27 00:00:00,27,C:\Users\zergv\Documents\Codex\2026-05-30\ep05-chat-ai-stock-backtest-lab\outputs\vnext_p1_p2_old_ai7_vs_00631l_weekly_median_rs60_two_sleeve_contract_20260719\corrected_NAV_daily_wealth_ledger.csv.gz,actual_daily_holding_ledger
old_ai7_median_rs60_two_sleeve,00631L,2020-06-23 00:00:00,2020-08-21 00:00:00,126,C:\Users\zergv\Documents\Codex\2026-05-30\ep05-chat-ai-stock-backtest-lab\outputs\vnext_p1_p2_old_ai7_vs_00631l_weekly_median_rs60_two_sleeve_contract_20260719\corrected_NAV_daily_wealth_ledger.csv.gz,actual_daily_holding_ledger
old_ai7_median_rs60_two_sleeve,00631L,2020-09-09 00:00:00,2020-09-22 00:00:00,30,C:\Users\zergv\Documents\Codex\2026-05-30\ep05-chat-ai-stock-backtest-lab\outputs\vnext_p1_p2_old_ai7_vs_00631l_weekly_median_rs60_two_sleeve_contract_20260719\corrected_NAV_daily_wealth_ledger.csv.gz,actual_daily_holding_ledger
old_ai7_median_rs60_two_sleeve,00631L,2020-10-08 00:00:00,2021-02-26 00:00:00,279,C:\Users\zergv\Documents\Codex\2026-05-30\ep05-chat-ai-stock-backtest-lab\outputs\vnext_p1_p2_old_ai7_vs_00631l_weekly_median_rs60_two_sleeve_contract_20260719\corrected_NAV_daily_wealth_ledger.csv.gz,actual_daily_holding_ledger
old_ai7_median_rs60_two_sleeve,00631L,2021-03-15 00:00:00,2021-03-25 00:00:00,27,C:\Users\zergv\Documents\Codex\2026-05-30\ep05-chat-ai-stock-backtest-lab\outputs\vnext_p1_p2_old_ai7_vs_00631l_weekly_median_rs60_two_sleeve_contract_20260719\corrected_NAV_daily_wealth_ledger.csv.gz,actual_daily_holding_ledger
old_ai7_median_rs60_two_sleeve,00631L,2021-04-15 00:00:00,2021-05-05 00:00:00,42,C:\Users\zergv\Documents\Codex\2026-05-30\ep05-chat-ai-stock-backtest-lab\outputs\vnext_p1_p2_old_ai7_vs_00631l_weekly_median_rs60_two_sleeve_contract_20260719\corrected_NAV_daily_wealth_ledger.csv.gz,actual_daily_holding_ledger
old_ai7_median_rs60_two_sleeve,00631L,2021-05-21 00:00:00,2021-07-09 00:00:00,105,C:\Users\zergv\Documents\Codex\2026-05-30\ep05-chat-ai-stock-backtest-lab\outputs\vnext_p1_p2_old_ai7_vs_00631l_weekly_median_rs60_two_sleeve_contract_20260719\corrected_NAV_daily_wealth_ledger.csv.gz,actual_daily_holding_ledger
old_ai7_median_rs60_two_sleeve,00631L,2021-08-03 00:00:00,2021-08-13 00:00:00,27,C:\Users\zergv\Documents\Codex\2026-05-30\ep05-chat-ai-stock-backtest-lab\outputs\vnext_p1_p2_old_ai7_vs_00631l_weekly_median_rs60_two_sleeve_contract_20260719\corrected_NAV_daily_wealth_ledger.csv.gz,actual_daily_holding_ledger
old_ai7_median_rs60_two_sleeve,00631L,2021-08-27 00:00:00,2021-09-28 00:00:00,63,C:\Users\zergv\Documents\Codex\2026-05-30\ep05-chat-ai-stock-backtest-lab\outputs\vnext_p1_p2_old_ai7_vs_00631l_weekly_median_rs60_two_sleeve_contract_20260719\corrected_NAV_daily_wealth_ledger.csv.gz,actual_daily_holding_ledger
old_ai7_median_rs60_two_sleeve,00631L,2021-10-18 00:00:00,2021-11-05 00:00:00,45,C:\Users\zergv\Documents\Codex\2026-05-30\ep05-chat-ai-stock-backtest-lab\outputs\vnext_p1_p2_old_ai7_vs_00631l_weekly_median_rs60_two_sleeve_contract_20260719\corrected_NAV_daily_wealth_ledger.csv.gz,actual_daily_holding_ledger
old_ai7_median_rs60_two_sleeve,00631L,2021-11-19 00:00:00,2021-12-03 00:00:00,33,C:\Users\zergv\Documents\Codex\2026-05-30\ep05-chat-ai-stock-backtest-lab\outputs\vnext_p1_p2_old_ai7_vs_00631l_weekly_median_rs60_two_sleeve_contract_20260719\corrected_NAV_daily_wealth_ledger.csv.gz,actual_daily_holding_ledger
old_ai7_median_rs60_two_sleeve,00631L,2021-12-22 00:00:00,2022-01-25 00:00:00,72,C:\Users\zergv\Documents\Codex\2026-05-30\ep05-chat-ai-stock-backtest-lab\outputs\vnext_p1_p2_old_ai7_vs_00631l_weekly_median_rs60_two_sleeve_contract_20260719\corrected_NAV_daily_wealth_ledger.csv.gz,actual_daily_holding_ledger
old_ai7_median_rs60_two_sleeve,00631L,2022-02-17 00:00:00,2022-03-02 00:00:00,27,C:\Users\zergv\Documents\Codex\2026-05-30\ep05-chat-ai-stock-backtest-lab\outputs\vnext_p1_p2_old_ai7_vs_00631l_weekly_median_rs60_two_sleeve_contract_20260719\corrected_NAV_daily_wealth_ledger.csv.gz,actual_daily_holding_ledger
old_ai7_median_rs60_two_sleeve,00631L,2022-03-18 00:00:00,2022-03-18 00:00:00,3,C:\Users\zergv\Documents\Codex\2026-05-30\ep05-chat-ai-stock-backtest-lab\outputs\vnext_p1_p2_old_ai7_vs_00631l_weekly_median_rs60_two_sleeve_contract_20260719\corrected_NAV_daily_wealth_ledger.csv.gz,actual_daily_holding_ledger
old_ai7_median_rs60_two_sleeve,00631L,2022-12-05 00:00:00,2022-12-16 00:00:00,30,C:\Users\zergv\Documents\Codex\2026-05-30\ep05-chat-ai-stock-backtest-lab\outputs\vnext_p1_p2_old_ai7_vs_00631l_weekly_median_rs60_two_sleeve_contract_20260719\corrected_NAV_daily_wealth_ledger.csv.gz,actual_daily_holding_ledger
old_ai7_median_rs60_two_sleeve,00631L,2023-01-10 00:00:00,2023-02-24 00:00:00,78,C:\Users\zergv\Documents\Codex\2026-05-30\ep05-chat-ai-stock-backtest-lab\outputs\vnext_p1_p2_old_ai7_vs_00631l_weekly_median_rs60_two_sleeve_contract_20260719\corrected_NAV_daily_wealth_ledger.csv.gz,actual_daily_holding_ledger
old_ai7_median_rs60_two_sleeve,00631L,2023-03-23 00:00:00,2023-04-21 00:00:00,57,C:\Users\zergv\Documents\Codex\2026-05-30\ep05-chat-ai-stock-backtest-lab\outputs\vnext_p1_p2_old_ai7_vs_00631l_weekly_median_rs60_two_sleeve_contract_20260719\corrected_NAV_daily_wealth_ledger.csv.gz,actual_daily_holding_ledger
old_ai7_median_rs60_two_sleeve,00631L,2023-05-08 00:00:00,2023-05-12 00:00:00,15,C:\Users\zergv\Documents\Codex\2026-05-30\ep05-chat-ai-stock-backtest-lab\outputs\vnext_p1_p2_old_ai7_vs_00631l_weekly_median_rs60_two_sleeve_contract_20260719\corrected_NAV_daily_wealth_ledger.csv.gz,actual_daily_holding_ledger
old_ai7_median_rs60_two_sleeve,00631L,2023-05-26 00:00:00,2023-07-06 00:00:00,84,C:\Users\zergv\Documents\Codex\2026-05-30\ep05-chat-ai-stock-backtest-lab\outputs\vnext_p1_p2_old_ai7_vs_00631l_weekly_median_rs60_two_sleeve_contract_20260719\corrected_NAV_daily_wealth_ledger.csv.gz,actual_daily_holding_ledger
old_ai7_median_rs60_two_sleeve,00631L,2023-07-28 00:00:00,2023-08-10 00:00:00,27,C:\Users\zergv\Documents\Codex\2026-05-30\ep05-chat-ai-stock-backtest-lab\outputs\vnext_p1_p2_old_ai7_vs_00631l_weekly_median_rs60_two_sleeve_contract_20260719\corrected_NAV_daily_wealth_ledger.csv.gz,actual_daily_holding_ledger
old_ai7_median_rs60_two_sleeve,00631L,2023-10-16 00:00:00,2023-10-26 00:00:00,27,C:\Users\zergv\Documents\Codex\2026-05-30\ep05-chat-ai-stock-backtest-lab\outputs\vnext_p1_p2_old_ai7_vs_00631l_weekly_median_rs60_two_sleeve_contract_20260719\corrected_NAV_daily_wealth_ledger.csv.gz,actual_daily_holding_ledger
old_ai7_median_rs60_two_sleeve,00631L,2023-11-09 00:00:00,2024-01-11 00:00:00,135,C:\Users\zergv\Documents\Codex\2026-05-30\ep05-chat-ai-stock-backtest-lab\outputs\vnext_p1_p2_old_ai7_vs_00631l_weekly_median_rs60_two_sleeve_contract_20260719\corrected_NAV_daily_wealth_ledger.csv.gz,actual_daily_holding_ledger
old_ai7_median_rs60_two_sleeve,00631L,2024-01-25 00:00:00,2024-04-19 00:00:00,156,C:\Users\zergv\Documents\Codex\2026-05-30\ep05-chat-ai-stock-backtest-lab\outputs\vnext_p1_p2_old_ai7_vs_00631l_weekly_median_rs60_two_sleeve_contract_20260719\corrected_NAV_daily_wealth_ledger.csv.gz,actual_daily_holding_ledger
old_ai7_median_rs60_two_sleeve,00631L,2024-05-07 00:00:00,2024-07-22 00:00:00,162,C:\Users\zergv\Documents\Codex\2026-05-30\ep05-chat-ai-stock-backtest-lab\outputs\vnext_p1_p2_old_ai7_vs_00631l_weekly_median_rs60_two_sleeve_contract_20260719\corrected_NAV_daily_wealth_ledger.csv.gz,actual_daily_holding_ledger
old_ai7_median_rs60_two_sleeve,00631L,2024-08-13 00:00:00,2024-08-27 00:00:00,33,C:\Users\zergv\Documents\Codex\2026-05-30\ep05-chat-ai-stock-backtest-lab\outputs\vnext_p1_p2_old_ai7_vs_00631l_weekly_median_rs60_two_sleeve_contract_20260719\corrected_NAV_daily_wealth_ledger.csv.gz,actual_daily_holding_ledger
old_ai7_median_rs60_two_sleeve,00631L,2024-09-13 00:00:00,2024-09-13 00:00:00,3,C:\Users\zergv\Documents\Codex\2026-05-30\ep05-chat-ai-stock-backtest-lab\outputs\vnext_p1_p2_old_ai7_vs_00631l_weekly_median_rs60_two_sleeve_contract_20260719\corrected_NAV_daily_wealth_ledger.csv.gz,actual_daily_holding_ledger
old_ai7_median_rs60_two_sleeve,00631L,2024-09-30 00:00:00,2024-10-11 00:00:00,21,C:\Users\zergv\Documents\Codex\2026-05-30\ep05-chat-ai-stock-backtest-lab\outputs\vnext_p1_p2_old_ai7_vs_00631l_weekly_median_rs60_two_sleeve_contract_20260719\corrected_NAV_daily_wealth_ledger.csv.gz,actual_daily_holding_ledger
old_ai7_median_rs60_two_sleeve,00631L,2024-11-11 00:00:00,2024-11-21 00:00:00,27,C:\Users\zergv\Documents\Codex\2026-05-30\ep05-chat-ai-stock-backtest-lab\outputs\vnext_p1_p2_old_ai7_vs_00631l_weekly_median_rs60_two_sleeve_contract_20260719\corrected_NAV_daily_wealth_ledger.csv.gz,actual_daily_holding_ledger
old_ai7_median_rs60_two_sleeve,00631L,2024-12-09 00:00:00,2024-12-20 00:00:00,30,C:\Users\zergv\Documents\Codex\2026-05-30\ep05-chat-ai-stock-backtest-lab\outputs\vnext_p1_p2_old_ai7_vs_00631l_weekly_median_rs60_two_sleeve_contract_20260719\corrected_NAV_daily_wealth_ledger.csv.gz,actual_daily_holding_ledger
old_ai7_median_rs60_two_sleeve,00631L,2025-02-19 00:00:00,2025-03-04 00:00:00,27,C:\Users\zergv\Documents\Codex\2026-05-30\ep05-chat-ai-stock-backtest-lab\outputs\vnext_p1_p2_old_ai7_vs_00631l_weekly_median_rs60_two_sleeve_contract_20260719\corrected_NAV_daily_wealth_ledger.csv.gz,actual_daily_holding_ledger
old_ai7_median_rs60_two_sleeve,00631L,2025-07-10 00:00:00,2025-09-03 00:00:00,120,C:\Users\zergv\Documents\Codex\2026-05-30\ep05-chat-ai-stock-backtest-lab\outputs\vnext_p1_p2_old_ai7_vs_00631l_weekly_median_rs60_two_sleeve_contract_20260719\corrected_NAV_daily_wealth_ledger.csv.gz,actual_daily_holding_ledger
old_ai7_median_rs60_two_sleeve,00631L,2025-09-17 00:00:00,2025-11-13 00:00:00,114,C:\Users\zergv\Documents\Codex\2026-05-30\ep05-chat-ai-stock-backtest-lab\outputs\vnext_p1_p2_old_ai7_vs_00631l_weekly_median_rs60_two_sleeve_contract_20260719\corrected_NAV_daily_wealth_ledger.csv.gz,actual_daily_holding_ledger
old_ai7_median_rs60_two_sleeve,00631L,2025-11-27 00:00:00,2026-03-09 00:00:00,189,C:\Users\zergv\Documents\Codex\2026-05-30\ep05-chat-ai-stock-backtest-lab\outputs\vnext_p1_p2_old_ai7_vs_00631l_weekly_median_rs60_two_sleeve_contract_20260719\corrected_NAV_daily_wealth_ledger.csv.gz,actual_daily_holding_ledger
old_ai7_median_rs60_two_sleeve,00631L,2026-04-02 00:00:00,2026-06-26 00:00:00,174,C:\Users\zergv\Documents\Codex\2026-05-30\ep05-chat-ai-stock-backtest-lab\outputs\vnext_p1_p2_old_ai7_vs_00631l_weekly_median_rs60_two_sleeve_contract_20260719\corrected_NAV_daily_wealth_ledger.csv.gz,actual_daily_holding_ledger
old_ai7_median_rs60_two_sleeve,2308,2018-11-05 00:00:00,2018-11-22 00:00:00,42,C:\Users\zergv\Documents\Codex\2026-05-30\ep05-chat-ai-stock-backtest-lab\outputs\vnext_p1_p2_old_ai7_vs_00631l_weekly_median_rs60_two_sleeve_contract_20260719\corrected_NAV_daily_wealth_ledger.csv.gz,actual_daily_holding_ledger
old_ai7_median_rs60_two_sleeve,2308,2019-06-24 00:00:00,2019-06-28 00:00:00,15,C:\Users\zergv\Documents\Codex\2026-05-30\ep05-chat-ai-stock-backtest-lab\outputs\vnext_p1_p2_old_ai7_vs_00631l_weekly_median_rs60_two_sleeve_contract_20260719\corrected_NAV_daily_wealth_ledger.csv.gz,actual_daily_holding_ledger
old_ai7_median_rs60_two_sleeve,2308,2022-07-11 00:00:00,2022-09-01 00:00:00,117,C:\Users\zergv\Documents\Codex\2026-05-30\ep05-chat-ai-stock-backtest-lab\outputs\vnext_p1_p2_old_ai7_vs_00631l_weekly_median_rs60_two_sleeve_contract_20260719\corrected_NAV_daily_wealth_ledger.csv.gz,actual_daily_holding_ledger
old_ai7_median_rs60_two_sleeve,2308,2025-03-19 00:00:00,2025-04-07 00:00:00,36,C:\Users\zergv\Documents\Codex\2026-05-30\ep05-chat-ai-stock-backtest-lab\outputs\vnext_p1_p2_old_ai7_vs_00631l_weekly_median_rs60_two_sleeve_contract_20260719\corrected_NAV_daily_wealth_ledger.csv.gz,actual_daily_holding_ledger
old_ai7_median_rs60_two_sleeve,2308,2025-07-03 00:00:00,2025-07-04 00:00:00,6,C:\Users\zergv\Documents\Codex\2026-05-30\ep05-chat-ai-stock-backtest-lab\outputs\vnext_p1_p2_old_ai7_vs_00631l_weekly_median_rs60_two_sleeve_contract_20260719\corrected_NAV_daily_wealth_ledger.csv.gz,actual_daily_holding_ledger
old_ai7_median_rs60_two_sleeve,2317,2022-03-21 00:00:00,2022-04-11 00:00:00,42,C:\Users\zergv\Documents\Codex\2026-05-30\ep05-chat-ai-stock-backtest-lab\outputs\vnext_p1_p2_old_ai7_vs_00631l_weekly_median_rs60_two_sleeve_contract_20260719\corrected_NAV_daily_wealth_ledger.csv.gz,actual_daily_holding_ledger
old_ai7_median_rs60_two_sleeve,2317,2024-10-14 00:00:00,2024-11-08 00:00:00,57,C:\Users\zergv\Documents\Codex\2026-05-30\ep05-chat-ai-stock-backtest-lab\outputs\vnext_p1_p2_old_ai7_vs_00631l_weekly_median_rs60_two_sleeve_contract_20260719\corrected_NAV_daily_wealth_ledger.csv.gz,actual_daily_holding_ledger
old_ai7_median_rs60_two_sleeve,2330,2019-10-01 00:00:00,2019-10-18 00:00:00,36,C:\Users\zergv\Documents\Codex\2026-05-30\ep05-chat-ai-stock-backtest-lab\outputs\vnext_p1_p2_old_ai7_vs_00631l_weekly_median_rs60_two_sleeve_contract_20260719\corrected_NAV_daily_wealth_ledger.csv.gz,actual_daily_holding_ledger
old_ai7_median_rs60_two_sleeve,2382,2020-02-12 00:00:00,2020-02-14 00:00:00,9,C:\Users\zergv\Documents\Codex\2026-05-30\ep05-chat-ai-stock-backtest-lab\outputs\vnext_p1_p2_old_ai7_vs_00631l_weekly_median_rs60_two_sleeve_contract_20260719\corrected_NAV_daily_wealth_ledger.csv.gz,actual_daily_holding_ledger
old_ai7_median_rs60_two_sleeve,2382,2021-10-08 00:00:00,2021-10-15 00:00:00,15,C:\Users\zergv\Documents\Codex\2026-05-30\ep05-chat-ai-stock-backtest-lab\outputs\vnext_p1_p2_old_ai7_vs_00631l_weekly_median_rs60_two_sleeve_contract_20260719\corrected_NAV_daily_wealth_ledger.csv.gz,actual_daily_holding_ledger
old_ai7_median_rs60_two_sleeve,2382,2022-06-22 00:00:00,2022-07-07 00:00:00,36,C:\Users\zergv\Documents\Codex\2026-05-30\ep05-chat-ai-stock-backtest-lab\outputs\vnext_p1_p2_old_ai7_vs_00631l_weekly_median_rs60_two_sleeve_contract_20260719\corrected_NAV_daily_wealth_ledger.csv.gz,actual_daily_holding_ledger
old_ai7_median_rs60_two_sleeve,2382,2023-05-15 00:00:00,2023-05-19 00:00:00,15,C:\Users\zergv\Documents\Codex\2026-05-30\ep05-chat-ai-stock-backtest-lab\outputs\vnext_p1_p2_old_ai7_vs_00631l_weekly_median_rs60_two_sleeve_contract_20260719\corrected_NAV_daily_wealth_ledger.csv.gz,actual_daily_holding_ledger
old_ai7_median_rs60_two_sleeve,2382,2023-08-15 00:00:00,2023-09-01 00:00:00,42,C:\Users\zergv\Documents\Codex\2026-05-30\ep05-chat-ai-stock-backtest-lab\outputs\vnext_p1_p2_old_ai7_vs_00631l_weekly_median_rs60_two_sleeve_contract_20260719\corrected_NAV_daily_wealth_ledger.csv.gz,actual_daily_holding_ledger
old_ai7_median_rs60_two_sleeve,2454,2021-12-06 00:00:00,2021-12-17 00:00:00,30,C:\Users\zergv\Documents\Codex\2026-05-30\ep05-chat-ai-stock-backtest-lab\outputs\vnext_p1_p2_old_ai7_vs_00631l_weekly_median_rs60_two_sleeve_contract_20260719\corrected_NAV_daily_wealth_ledger.csv.gz,actual_daily_holding_ledger
old_ai7_median_rs60_two_sleeve,2454,2022-05-16 00:00:00,2022-06-17 00:00:00,72,C:\Users\zergv\Documents\Codex\2026-05-30\ep05-chat-ai-stock-backtest-lab\outputs\vnext_p1_p2_old_ai7_vs_00631l_weekly_median_rs60_two_sleeve_contract_20260719\corrected_NAV_daily_wealth_ledger.csv.gz,actual_daily_holding_ledger
old_ai7_median_rs60_two_sleeve,2454,2022-10-25 00:00:00,2022-12-02 00:00:00,87,C:\Users\zergv\Documents\Codex\2026-05-30\ep05-chat-ai-stock-backtest-lab\outputs\vnext_p1_p2_old_ai7_vs_00631l_weekly_median_rs60_two_sleeve_contract_20260719\corrected_NAV_daily_wealth_ledger.csv.gz,actual_daily_holding_ledger
old_ai7_median_rs60_two_sleeve,2454,2023-09-05 00:00:00,2023-10-13 00:00:00,78,C:\Users\zergv\Documents\Codex\2026-05-30\ep05-chat-ai-stock-backtest-lab\outputs\vnext_p1_p2_old_ai7_vs_00631l_weekly_median_rs60_two_sleeve_contract_20260719\corrected_NAV_daily_wealth_ledger.csv.gz,actual_daily_holding_ledger
old_ai7_median_rs60_two_sleeve,2454,2024-12-23 00:00:00,2025-02-14 00:00:00,96,C:\Users\zergv\Documents\Codex\2026-05-30\ep05-chat-ai-stock-backtest-lab\outputs\vnext_p1_p2_old_ai7_vs_00631l_weekly_median_rs60_two_sleeve_contract_20260719\corrected_NAV_daily_wealth_ledger.csv.gz,actual_daily_holding_ledger
old_ai7_median_rs60_two_sleeve,3231,2020-04-27 00:00:00,2020-06-12 00:00:00,102,C:\Users\zergv\Documents\Codex\2026-05-30\ep05-chat-ai-stock-backtest-lab\outputs\vnext_p1_p2_old_ai7_vs_00631l_weekly_median_rs60_two_sleeve_contract_20260719\corrected_NAV_daily_wealth_ledger.csv.gz,actual_daily_holding_ledger
old_ai7_median_rs60_two_sleeve,3231,2022-10-05 00:00:00,2022-10-21 00:00:00,36,C:\Users\zergv\Documents\Codex\2026-05-30\ep05-chat-ai-stock-backtest-lab\outputs\vnext_p1_p2_old_ai7_vs_00631l_weekly_median_rs60_two_sleeve_contract_20260719\corrected_NAV_daily_wealth_ledger.csv.gz,actual_daily_holding_ledger
old_ai7_median_rs60_two_sleeve,3231,2022-12-19 00:00:00,2022-12-23 00:00:00,15,C:\Users\zergv\Documents\Codex\2026-05-30\ep05-chat-ai-stock-backtest-lab\outputs\vnext_p1_p2_old_ai7_vs_00631l_weekly_median_rs60_two_sleeve_contract_20260719\corrected_NAV_daily_wealth_ledger.csv.gz,actual_daily_holding_ledger
old_ai7_median_rs60_two_sleeve,3231,2023-07-10 00:00:00,2023-07-21 00:00:00,30,C:\Users\zergv\Documents\Codex\2026-05-30\ep05-chat-ai-stock-backtest-lab\outputs\vnext_p1_p2_old_ai7_vs_00631l_weekly_median_rs60_two_sleeve_contract_20260719\corrected_NAV_daily_wealth_ledger.csv.gz,actual_daily_holding_ledger
old_ai7_median_rs60_two_sleeve,3231,2024-09-16 00:00:00,2024-09-20 00:00:00,12,C:\Users\zergv\Documents\Codex\2026-05-30\ep05-chat-ai-stock-backtest-lab\outputs\vnext_p1_p2_old_ai7_vs_00631l_weekly_median_rs60_two_sleeve_contract_20260719\corrected_NAV_daily_wealth_ledger.csv.gz,actual_daily_holding_ledger
old_ai7_median_rs60_two_sleeve,6669,2019-03-27 00:00:00,2019-03-27 00:00:00,3,C:\Users\zergv\Documents\Codex\2026-05-30\ep05-chat-ai-stock-backtest-lab\outputs\vnext_p1_p2_old_ai7_vs_00631l_weekly_median_rs60_two_sleeve_contract_20260719\corrected_NAV_daily_wealth_ledger.csv.gz,actual_daily_holding_ledger
old_ai7_median_rs60_two_sleeve,6669,2019-08-05 00:00:00,2019-09-06 00:00:00,72,C:\Users\zergv\Documents\Codex\2026-05-30\ep05-chat-ai-stock-backtest-lab\outputs\vnext_p1_p2_old_ai7_vs_00631l_weekly_median_rs60_two_sleeve_contract_20260719\corrected_NAV_daily_wealth_ledger.csv.gz,actual_daily_holding_ledger
old_ai7_median_rs60_two_sleeve,6669,2019-11-04 00:00:00,2019-11-08 00:00:00,15,C:\Users\zergv\Documents\Codex\2026-05-30\ep05-chat-ai-stock-backtest-lab\outputs\vnext_p1_p2_old_ai7_vs_00631l_weekly_median_rs60_two_sleeve_contract_20260719\corrected_NAV_daily_wealth_ledger.csv.gz,actual_daily_holding_ledger
old_ai7_median_rs60_two_sleeve,6669,2020-04-08 00:00:00,2020-04-23 00:00:00,36,C:\Users\zergv\Documents\Codex\2026-05-30\ep05-chat-ai-stock-backtest-lab\outputs\vnext_p1_p2_old_ai7_vs_00631l_weekly_median_rs60_two_sleeve_contract_20260719\corrected_NAV_daily_wealth_ledger.csv.gz,actual_daily_holding_ledger
old_ai7_median_rs60_two_sleeve,6669,2021-11-08 00:00:00,2021-11-12 00:00:00,15,C:\Users\zergv\Documents\Codex\2026-05-30\ep05-chat-ai-stock-backtest-lab\outputs\vnext_p1_p2_old_ai7_vs_00631l_weekly_median_rs60_two_sleeve_contract_20260719\corrected_NAV_daily_wealth_ledger.csv.gz,actual_daily_holding_ledger
old_ai7_median_rs60_two_sleeve,6669,2022-04-14 00:00:00,2022-05-10 00:00:00,54,C:\Users\zergv\Documents\Codex\2026-05-30\ep05-chat-ai-stock-backtest-lab\outputs\vnext_p1_p2_old_ai7_vs_00631l_weekly_median_rs60_two_sleeve_contract_20260719\corrected_NAV_daily_wealth_ledger.csv.gz,actual_daily_holding_ledger
old_ai7_median_rs60_two_sleeve,6669,2022-09-12 00:00:00,2022-09-28 00:00:00,39,C:\Users\zergv\Documents\Codex\2026-05-30\ep05-chat-ai-stock-backtest-lab\outputs\vnext_p1_p2_old_ai7_vs_00631l_weekly_median_rs60_two_sleeve_contract_20260719\corrected_NAV_daily_wealth_ledger.csv.gz,actual_daily_holding_ledger
old_ai7_median_rs60_two_sleeve,6669,2024-11-25 00:00:00,2024-12-06 00:00:00,30,C:\Users\zergv\Documents\Codex\2026-05-30\ep05-chat-ai-stock-backtest-lab\outputs\vnext_p1_p2_old_ai7_vs_00631l_weekly_median_rs60_two_sleeve_contract_20260719\corrected_NAV_daily_wealth_ledger.csv.gz,actual_daily_holding_ledger
old_ai7_median_rs60_two_sleeve,6669,2025-04-28 00:00:00,2025-07-01 00:00:00,135,C:\Users\zergv\Documents\Codex\2026-05-30\ep05-chat-ai-stock-backtest-lab\outputs\vnext_p1_p2_old_ai7_vs_00631l_weekly_median_rs60_two_sleeve_contract_20260719\corrected_NAV_daily_wealth_ledger.csv.gz,actual_daily_holding_ledger
old_ai7_priority_backup_00631l,00631L,2015-08-31 00:00:00,2015-08-31 00:00:00,3,C:\Users\zergv\Documents\Codex\2026-05-30\ep05-chat-ai-stock-backtest-lab\outputs\vnext_p1_p2_old_ai7_priority_00631l_backup_cd_override_contract_20260720\corrected_NAV_daily_wealth_ledger.csv.gz,actual_daily_holding_ledger
old_ai7_priority_backup_00631l,00631L,2015-11-20 00:00:00,2015-11-23 00:00:00,6,C:\Users\zergv\Documents\Codex\2026-05-30\ep05-chat-ai-stock-backtest-lab\outputs\vnext_p1_p2_old_ai7_priority_00631l_backup_cd_override_contract_20260720\corrected_NAV_daily_wealth_ledger.csv.gz,actual_daily_holding_ledger
old_ai7_priority_backup_00631l,00631L,2016-01-20 00:00:00,2016-01-29 00:00:00,24,C:\Users\zergv\Documents\Codex\2026-05-30\ep05-chat-ai-stock-backtest-lab\outputs\vnext_p1_p2_old_ai7_priority_00631l_backup_cd_override_contract_20260720\corrected_NAV_daily_wealth_ledger.csv.gz,actual_daily_holding_ledger
old_ai7_priority_backup_00631l,00631L,2016-05-18 00:00:00,2016-05-18 00:00:00,3,C:\Users\zergv\Documents\Codex\2026-05-30\ep05-chat-ai-stock-backtest-lab\outputs\vnext_p1_p2_old_ai7_priority_00631l_backup_cd_override_contract_20260720\corrected_NAV_daily_wealth_ledger.csv.gz,actual_daily_holding_ledger
old_ai7_priority_backup_00631l,00631L,2016-11-29 00:00:00,2016-11-30 00:00:00,6,C:\Users\zergv\Documents\Codex\2026-05-30\ep05-chat-ai-stock-backtest-lab\outputs\vnext_p1_p2_old_ai7_priority_00631l_backup_cd_override_contract_20260720\corrected_NAV_daily_wealth_ledger.csv.gz,actual_daily_holding_ledger
old_ai7_priority_backup_00631l,00631L,2017-08-23 00:00:00,2017-08-25 00:00:00,9,C:\Users\zergv\Documents\Codex\2026-05-30\ep05-chat-ai-stock-backtest-lab\outputs\vnext_p1_p2_old_ai7_priority_00631l_backup_cd_override_contract_20260720\corrected_NAV_daily_wealth_ledger.csv.gz,actual_daily_holding_ledger
old_ai7_priority_backup_00631l,00631L,2020-03-26 00:00:00,2020-04-06 00:00:00,18,C:\Users\zergv\Documents\Codex\2026-05-30\ep05-chat-ai-stock-backtest-lab\outputs\vnext_p1_p2_old_ai7_priority_00631l_backup_cd_override_contract_20260720\corrected_NAV_daily_wealth_ledger.csv.gz,actual_daily_holding_ledger
old_ai7_priority_backup_00631l,00631L,2020-09-09 00:00:00,2020-09-15 00:00:00,15,C:\Users\zergv\Documents\Codex\2026-05-30\ep05-chat-ai-stock-backtest-lab\outputs\vnext_p1_p2_old_ai7_priority_00631l_backup_cd_override_contract_20260720\corrected_NAV_daily_wealth_ledger.csv.gz,actual_daily_holding_ledger
old_ai7_priority_backup_00631l,00631L,2021-05-21 00:00:00,2021-05-25 00:00:00,9,C:\Users\zergv\Documents\Codex\2026-05-30\ep05-chat-ai-stock-backtest-lab\outputs\vnext_p1_p2_old_ai7_priority_00631l_backup_cd_override_contract_20260720\corrected_NAV_daily_wealth_ledger.csv.gz,actual_daily_holding_ledger
old_ai7_priority_backup_00631l,00631L,2022-03-18 00:00:00,2022-03-18 00:00:00,3,C:\Users\zergv\Documents\Codex\2026-05-30\ep05-chat-ai-stock-backtest-lab\outputs\vnext_p1_p2_old_ai7_priority_00631l_backup_cd_override_contract_20260720\corrected_NAV_daily_wealth_ledger.csv.gz,actual_daily_holding_ledger
old_ai7_priority_backup_00631l,00631L,2024-08-13 00:00:00,2024-08-19 00:00:00,15,C:\Users\zergv\Documents\Codex\2026-05-30\ep05-chat-ai-stock-backtest-lab\outputs\vnext_p1_p2_old_ai7_priority_00631l_backup_cd_override_contract_20260720\corrected_NAV_daily_wealth_ledger.csv.gz,actual_daily_holding_ledger
old_ai7_priority_backup_00631l,00631L,2024-09-13 00:00:00,2024-09-13 00:00:00,3,C:\Users\zergv\Documents\Codex\2026-05-30\ep05-chat-ai-stock-backtest-lab\outputs\vnext_p1_p2_old_ai7_priority_00631l_backup_cd_override_contract_20260720\corrected_NAV_daily_wealth_ledger.csv.gz,actual_daily_holding_ledger
old_ai7_priority_backup_00631l,00631L,2025-03-24 00:00:00,2025-04-07 00:00:00,27,C:\Users\zergv\Documents\Codex\2026-05-30\ep05-chat-ai-stock-backtest-lab\outputs\vnext_p1_p2_old_ai7_priority_00631l_backup_cd_override_contract_20260720\corrected_NAV_daily_wealth_ledger.csv.gz,actual_daily_holding_ledger
old_ai7_priority_backup_00631l,2308,2015-09-01 00:00:00,2015-09-29 00:00:00,60,C:\Users\zergv\Documents\Codex\2026-05-30\ep05-chat-ai-stock-backtest-lab\outputs\vnext_p1_p2_old_ai7_priority_00631l_backup_cd_override_contract_20260720\corrected_NAV_daily_wealth_ledger.csv.gz,actual_daily_holding_ledger
old_ai7_priority_backup_00631l,2308,2016-04-19 00:00:00,2016-05-12 00:00:00,51,C:\Users\zergv\Documents\Codex\2026-05-30\ep05-chat-ai-stock-backtest-lab\outputs\vnext_p1_p2_old_ai7_priority_00631l_backup_cd_override_contract_20260720\corrected_NAV_daily_wealth_ledger.csv.gz,actual_daily_holding_ledger
old_ai7_priority_backup_00631l,2308,2017-08-28 00:00:00,2017-09-13 00:00:00,39,C:\Users\zergv\Documents\Codex\2026-05-30\ep05-chat-ai-stock-backtest-lab\outputs\vnext_p1_p2_old_ai7_priority_00631l_backup_cd_override_contract_20260720\corrected_NAV_daily_wealth_ledger.csv.gz,actual_daily_holding_ledger
old_ai7_priority_backup_00631l,2308,2017-12-06 00:00:00,2017-12-21 00:00:00,36,C:\Users\zergv\Documents\Codex\2026-05-30\ep05-chat-ai-stock-backtest-lab\outputs\vnext_p1_p2_old_ai7_priority_00631l_backup_cd_override_contract_20260720\corrected_NAV_daily_wealth_ledger.csv.gz,actual_daily_holding_ledger
old_ai7_priority_backup_00631l,2308,2021-07-22 00:00:00,2021-08-06 00:00:00,36,C:\Users\zergv\Documents\Codex\2026-05-30\ep05-chat-ai-stock-backtest-lab\outputs\vnext_p1_p2_old_ai7_priority_00631l_backup_cd_override_contract_20260720\corrected_NAV_daily_wealth_ledger.csv.gz,actual_daily_holding_ledger
old_ai7_priority_backup_00631l,2308,2022-01-07 00:00:00,2022-01-24 00:00:00,36,C:\Users\zergv\Documents\Codex\2026-05-30\ep05-chat-ai-stock-backtest-lab\outputs\vnext_p1_p2_old_ai7_priority_00631l_backup_cd_override_contract_20260720\corrected_NAV_daily_wealth_ledger.csv.gz,actual_daily_holding_ledger
old_ai7_priority_backup_00631l,2308,2022-07-11 00:00:00,2022-09-01 00:00:00,117,C:\Users\zergv\Documents\Codex\2026-05-30\ep05-chat-ai-stock-backtest-lab\outputs\vnext_p1_p2_old_ai7_priority_00631l_backup_cd_override_contract_20260720\corrected_NAV_daily_wealth_ledger.csv.gz,actual_daily_holding_ledger
old_ai7_priority_backup_00631l,2308,2024-07-18 00:00:00,2024-08-06 00:00:00,36,C:\Users\zergv\Documents\Codex\2026-05-30\ep05-chat-ai-stock-backtest-lab\outputs\vnext_p1_p2_old_ai7_priority_00631l_backup_cd_override_contract_20260720\corrected_NAV_daily_wealth_ledger.csv.gz,actual_daily_holding_ledger
old_ai7_priority_backup_00631l,2308,2025-07-02 00:00:00,2025-11-05 00:00:00,261,C:\Users\zergv\Documents\Codex\2026-05-30\ep05-chat-ai-stock-backtest-lab\outputs\vnext_p1_p2_old_ai7_priority_00631l_backup_cd_override_contract_20260720\corrected_NAV_daily_wealth_ledger.csv.gz,actual_daily_holding_ledger
old_ai7_priority_backup_00631l,2308,2026-03-20 00:00:00,2026-05-19 00:00:00,120,C:\Users\zergv\Documents\Codex\2026-05-30\ep05-chat-ai-stock-backtest-lab\outputs\vnext_p1_p2_old_ai7_priority_00631l_backup_cd_override_contract_20260720\corrected_NAV_daily_wealth_ledger.csv.gz,actual_daily_holding_ledger
old_ai7_priority_backup_00631l,2317,2015-07-14 00:00:00,2015-07-29 00:00:00,36,C:\Users\zergv\Documents\Codex\2026-05-30\ep05-chat-ai-stock-backtest-lab\outputs\vnext_p1_p2_old_ai7_priority_00631l_backup_cd_override_contract_20260720\corrected_NAV_daily_wealth_ledger.csv.gz,actual_daily_holding_ledger
old_ai7_priority_backup_00631l,2317,2016-03-29 00:00:00,2016-04-18 00:00:00,39,C:\Users\zergv\Documents\Codex\2026-05-30\ep05-chat-ai-stock-backtest-lab\outputs\vnext_p1_p2_old_ai7_priority_00631l_backup_cd_override_contract_20260720\corrected_NAV_daily_wealth_ledger.csv.gz,actual_daily_holding_ledger
old_ai7_priority_backup_00631l,2317,2016-08-08 00:00:00,2016-08-23 00:00:00,36,C:\Users\zergv\Documents\Codex\2026-05-30\ep05-chat-ai-stock-backtest-lab\outputs\vnext_p1_p2_old_ai7_priority_00631l_backup_cd_override_contract_20260720\corrected_NAV_daily_wealth_ledger.csv.gz,actual_daily_holding_ledger
old_ai7_priority_backup_00631l,2317,2016-09-20 00:00:00,2016-11-09 00:00:00,108,C:\Users\zergv\Documents\Codex\2026-05-30\ep05-chat-ai-stock-backtest-lab\outputs\vnext_p1_p2_old_ai7_priority_00631l_backup_cd_override_contract_20260720\corrected_NAV_daily_wealth_ledger.csv.gz,actual_daily_holding_ledger
old_ai7_priority_backup_00631l,2317,2016-12-01 00:00:00,2017-06-12 00:00:00,372,C:\Users\zergv\Documents\Codex\2026-05-30\ep05-chat-ai-stock-backtest-lab\outputs\vnext_p1_p2_old_ai7_priority_00631l_backup_cd_override_contract_20260720\corrected_NAV_daily_wealth_ledger.csv.gz,actual_daily_holding_ledger
old_ai7_priority_backup_00631l,2317,2019-04-16 00:00:00,2019-05-10 00:00:00,54,C:\Users\zergv\Documents\Codex\2026-05-30\ep05-chat-ai-stock-backtest-lab\outputs\vnext_p1_p2_old_ai7_priority_00631l_backup_cd_override_contract_20260720\corrected_NAV_daily_wealth_ledger.csv.gz,actual_daily_holding_ledger
old_ai7_priority_backup_00631l,2317,2020-11-12 00:00:00,2021-02-19 00:00:00,192,C:\Users\zergv\Documents\Codex\2026-05-30\ep05-chat-ai-stock-backtest-lab\outputs\vnext_p1_p2_old_ai7_priority_00631l_backup_cd_override_contract_20260720\corrected_NAV_daily_wealth_ledger.csv.gz,actual_daily_holding_ledger
old_ai7_priority_backup_00631l,2317,2021-08-09 00:00:00,2021-08-24 00:00:00,36,C:\Users\zergv\Documents\Codex\2026-05-30\ep05-chat-ai-stock-backtest-lab\outputs\vnext_p1_p2_old_ai7_priority_00631l_backup_cd_override_contract_20260720\corrected_NAV_daily_wealth_ledger.csv.gz,actual_daily_holding_ledger
old_ai7_priority_backup_00631l,2317,2022-03-21 00:00:00,2022-04-11 00:00:00,42,C:\Users\zergv\Documents\Codex\2026-05-30\ep05-chat-ai-stock-backtest-lab\outputs\vnext_p1_p2_old_ai7_priority_00631l_backup_cd_override_contract_20260720\corrected_NAV_daily_wealth_ledger.csv.gz,actual_daily_holding_ledger
old_ai7_priority_backup_00631l,2317,2023-08-10 00:00:00,2023-08-25 00:00:00,36,C:\Users\zergv\Documents\Codex\2026-05-30\ep05-chat-ai-stock-backtest-lab\outputs\vnext_p1_p2_old_ai7_priority_00631l_backup_cd_override_contract_20260720\corrected_NAV_daily_wealth_ledger.csv.gz,actual_daily_holding_ledger
old_ai7_priority_backup_00631l,2317,2024-04-25 00:00:00,2024-07-17 00:00:00,174,C:\Users\zergv\Documents\Codex\2026-05-30\ep05-chat-ai-stock-backtest-lab\outputs\vnext_p1_p2_old_ai7_priority_00631l_backup_cd_override_contract_20260720\corrected_NAV_daily_wealth_ledger.csv.gz,actual_daily_holding_ledger
old_ai7_priority_backup_00631l,2330,2015-10-01 00:00:00,2015-11-11 00:00:00,87,C:\Users\zergv\Documents\Codex\2026-05-30\ep05-chat-ai-stock-backtest-lab\outputs\vnext_p1_p2_old_ai7_priority_00631l_backup_cd_override_contract_20260720\corrected_NAV_daily_wealth_ledger.csv.gz,actual_daily_holding_ledger
old_ai7_priority_backup_00631l,2330,2016-08-26 00:00:00,2016-09-13 00:00:00,39,C:\Users\zergv\Documents\Codex\2026-05-30\ep05-chat-ai-stock-backtest-lab\outputs\vnext_p1_p2_old_ai7_priority_00631l_backup_cd_override_contract_20260720\corrected_NAV_daily_wealth_ledger.csv.gz,actual_daily_holding_ledger
old_ai7_priority_backup_00631l,2330,2017-07-19 00:00:00,2017-08-11 00:00:00,54,C:\Users\zergv\Documents\Codex\2026-05-30\ep05-chat-ai-stock-backtest-lab\outputs\vnext_p1_p2_old_ai7_priority_00631l_backup_cd_override_contract_20260720\corrected_NAV_daily_wealth_ledger.csv.gz,actual_daily_holding_ledger
old_ai7_priority_backup_00631l,2330,2019-07-19 00:00:00,2019-08-07 00:00:00,42,C:\Users\zergv\Documents\Codex\2026-05-30\ep05-chat-ai-stock-backtest-lab\outputs\vnext_p1_p2_old_ai7_priority_00631l_backup_cd_override_contract_20260720\corrected_NAV_daily_wealth_ledger.csv.gz,actual_daily_holding_ledger
old_ai7_priority_backup_00631l,2330,2020-07-28 00:00:00,2020-09-04 00:00:00,87,C:\Users\zergv\Documents\Codex\2026-05-30\ep05-chat-ai-stock-backtest-lab\outputs\vnext_p1_p2_old_ai7_priority_00631l_backup_cd_override_contract_20260720\corrected_NAV_daily_wealth_ledger.csv.gz,actual_daily_holding_ledger
old_ai7_priority_backup_00631l,2330,2021-02-22 00:00:00,2021-03-10 00:00:00,36,C:\Users\zergv\Documents\Codex\2026-05-30\ep05-chat-ai-stock-backtest-lab\outputs\vnext_p1_p2_old_ai7_priority_00631l_backup_cd_override_contract_20260720\corrected_NAV_daily_wealth_ledger.csv.gz,actual_daily_holding_ledger
old_ai7_priority_backup_00631l,2330,2024-02-29 00:00:00,2024-04-19 00:00:00,105,C:\Users\zergv\Documents\Codex\2026-05-30\ep05-chat-ai-stock-backtest-lab\outputs\vnext_p1_p2_old_ai7_priority_00631l_backup_cd_override_contract_20260720\corrected_NAV_daily_wealth_ledger.csv.gz,actual_daily_holding_ledger
old_ai7_priority_backup_00631l,2330,2024-08-20 00:00:00,2024-09-04 00:00:00,36,C:\Users\zergv\Documents\Codex\2026-05-30\ep05-chat-ai-stock-backtest-lab\outputs\vnext_p1_p2_old_ai7_priority_00631l_backup_cd_override_contract_20260720\corrected_NAV_daily_wealth_ledger.csv.gz,actual_daily_holding_ledger
old_ai7_priority_backup_00631l,2330,2026-01-20 00:00:00,2026-03-19 00:00:00,105,C:\Users\zergv\Documents\Codex\2026-05-30\ep05-chat-ai-stock-backtest-lab\outputs\vnext_p1_p2_old_ai7_priority_00631l_backup_cd_override_contract_20260720\corrected_NAV_daily_wealth_ledger.csv.gz,actual_daily_holding_ledger
old_ai7_priority_backup_00631l,2330,2026-06-25 00:00:00,2026-06-29 00:00:00,9,C:\Users\zergv\Documents\Codex\2026-05-30\ep05-chat-ai-stock-backtest-lab\outputs\vnext_p1_p2_old_ai7_priority_00631l_backup_cd_override_contract_20260720\corrected_NAV_daily_wealth_ledger.csv.gz,actual_daily_holding_ledger
old_ai7_priority_backup_00631l,2382,2015-08-05 00:00:00,2015-08-20 00:00:00,36,C:\Users\zergv\Documents\Codex\2026-05-30\ep05-chat-ai-stock-backtest-lab\outputs\vnext_p1_p2_old_ai7_priority_00631l_backup_cd_override_contract_20260720\corrected_NAV_daily_wealth_ledger.csv.gz,actual_daily_holding_ledger
old_ai7_priority_backup_00631l,2382,2016-02-01 00:00:00,2016-03-28 00:00:00,99,C:\Users\zergv\Documents\Codex\2026-05-30\ep05-chat-ai-stock-backtest-lab\outputs\vnext_p1_p2_old_ai7_priority_00631l_backup_cd_override_contract_20260720\corrected_NAV_daily_wealth_ledger.csv.gz,actual_daily_holding_ledger
old_ai7_priority_backup_00631l,2382,2016-05-19 00:00:00,2016-08-05 00:00:00,162,C:\Users\zergv\Documents\Codex\2026-05-30\ep05-chat-ai-stock-backtest-lab\outputs\vnext_p1_p2_old_ai7_priority_00631l_backup_cd_override_contract_20260720\corrected_NAV_daily_wealth_ledger.csv.gz,actual_daily_holding_ledger
old_ai7_priority_backup_00631l,2382,2020-04-07 00:00:00,2020-06-15 00:00:00,147,C:\Users\zergv\Documents\Codex\2026-05-30\ep05-chat-ai-stock-backtest-lab\outputs\vnext_p1_p2_old_ai7_priority_00631l_backup_cd_override_contract_20260720\corrected_NAV_daily_wealth_ledger.csv.gz,actual_daily_holding_ledger
old_ai7_priority_backup_00631l,2382,2021-03-11 00:00:00,2021-04-28 00:00:00,96,C:\Users\zergv\Documents\Codex\2026-05-30\ep05-chat-ai-stock-backtest-lab\outputs\vnext_p1_p2_old_ai7_priority_00631l_backup_cd_override_contract_20260720\corrected_NAV_daily_wealth_ledger.csv.gz,actual_daily_holding_ledger
old_ai7_priority_backup_00631l,2382,2022-03-02 00:00:00,2022-03-17 00:00:00,36,C:\Users\zergv\Documents\Codex\2026-05-30\ep05-chat-ai-stock-backtest-lab\outputs\vnext_p1_p2_old_ai7_priority_00631l_backup_cd_override_contract_20260720\corrected_NAV_daily_wealth_ledger.csv.gz,actual_daily_holding_ledger
old_ai7_priority_backup_00631l,2382,2022-06-20 00:00:00,2022-07-05 00:00:00,36,C:\Users\zergv\Documents\Codex\2026-05-30\ep05-chat-ai-stock-backtest-lab\outputs\vnext_p1_p2_old_ai7_priority_00631l_backup_cd_override_contract_20260720\corrected_NAV_daily_wealth_ledger.csv.gz,actual_daily_holding_ledger
old_ai7_priority_backup_00631l,2382,2024-01-11 00:00:00,2024-02-27 00:00:00,81,C:\Users\zergv\Documents\Codex\2026-05-30\ep05-chat-ai-stock-backtest-lab\outputs\vnext_p1_p2_old_ai7_priority_00631l_backup_cd_override_contract_20260720\corrected_NAV_daily_wealth_ledger.csv.gz,actual_daily_holding_ledger
old_ai7_priority_backup_00631l,2382,2025-03-06 00:00:00,2025-03-21 00:00:00,36,C:\Users\zergv\Documents\Codex\2026-05-30\ep05-chat-ai-stock-backtest-lab\outputs\vnext_p1_p2_old_ai7_priority_00631l_backup_cd_override_contract_20260720\corrected_NAV_daily_wealth_ledger.csv.gz,actual_daily_holding_ledger
old_ai7_priority_backup_00631l,2454,2015-06-15 00:00:00,2015-07-08 00:00:00,51,C:\Users\zergv\Documents\Codex\2026-05-30\ep05-chat-ai-stock-backtest-lab\outputs\vnext_p1_p2_old_ai7_priority_00631l_backup_cd_override_contract_20260720\corrected_NAV_daily_wealth_ledger.csv.gz,actual_daily_holding_ledger
old_ai7_priority_backup_00631l,2454,2015-11-24 00:00:00,2015-12-09 00:00:00,36,C:\Users\zergv\Documents\Codex\2026-05-30\ep05-chat-ai-stock-backtest-lab\outputs\vnext_p1_p2_old_ai7_priority_00631l_backup_cd_override_contract_20260720\corrected_NAV_daily_wealth_ledger.csv.gz,actual_daily_holding_ledger
old_ai7_priority_backup_00631l,2454,2017-06-13 00:00:00,2017-07-18 00:00:00,78,C:\Users\zergv\Documents\Codex\2026-05-30\ep05-chat-ai-stock-backtest-lab\outputs\vnext_p1_p2_old_ai7_priority_00631l_backup_cd_override_contract_20260720\corrected_NAV_daily_wealth_ledger.csv.gz,actual_daily_holding_ledger
old_ai7_priority_backup_00631l,2454,2017-09-14 00:00:00,2017-11-13 00:00:00,120,C:\Users\zergv\Documents\Codex\2026-05-30\ep05-chat-ai-stock-backtest-lab\outputs\vnext_p1_p2_old_ai7_priority_00631l_backup_cd_override_contract_20260720\corrected_NAV_daily_wealth_ledger.csv.gz,actual_daily_holding_ledger
old_ai7_priority_backup_00631l,2454,2019-06-10 00:00:00,2019-07-18 00:00:00,87,C:\Users\zergv\Documents\Codex\2026-05-30\ep05-chat-ai-stock-backtest-lab\outputs\vnext_p1_p2_old_ai7_priority_00631l_backup_cd_override_contract_20260720\corrected_NAV_daily_wealth_ledger.csv.gz,actual_daily_holding_ledger
old_ai7_priority_backup_00631l,2454,2020-03-06 00:00:00,2020-03-23 00:00:00,36,C:\Users\zergv\Documents\Codex\2026-05-30\ep05-chat-ai-stock-backtest-lab\outputs\vnext_p1_p2_old_ai7_priority_00631l_backup_cd_override_contract_20260720\corrected_NAV_daily_wealth_ledger.csv.gz,actual_daily_holding_ledger
old_ai7_priority_backup_00631l,2454,2020-09-16 00:00:00,2020-11-11 00:00:00,114,C:\Users\zergv\Documents\Codex\2026-05-30\ep05-chat-ai-stock-backtest-lab\outputs\vnext_p1_p2_old_ai7_priority_00631l_backup_cd_override_contract_20260720\corrected_NAV_daily_wealth_ledger.csv.gz,actual_daily_holding_ledger
old_ai7_priority_backup_00631l,2454,2021-04-29 00:00:00,2021-05-17 00:00:00,36,C:\Users\zergv\Documents\Codex\2026-05-30\ep05-chat-ai-stock-backtest-lab\outputs\vnext_p1_p2_old_ai7_priority_00631l_backup_cd_override_contract_20260720\corrected_NAV_daily_wealth_ledger.csv.gz,actual_daily_holding_ledger
old_ai7_priority_backup_00631l,2454,2021-09-17 00:00:00,2021-10-06 00:00:00,36,C:\Users\zergv\Documents\Codex\2026-05-30\ep05-chat-ai-stock-backtest-lab\outputs\vnext_p1_p2_old_ai7_priority_00631l_backup_cd_override_contract_20260720\corrected_NAV_daily_wealth_ledger.csv.gz,actual_daily_holding_ledger
old_ai7_priority_backup_00631l,2454,2022-05-16 00:00:00,2022-06-17 00:00:00,72,C:\Users\zergv\Documents\Codex\2026-05-30\ep05-chat-ai-stock-backtest-lab\outputs\vnext_p1_p2_old_ai7_priority_00631l_backup_cd_override_contract_20260720\corrected_NAV_daily_wealth_ledger.csv.gz,actual_daily_holding_ledger
old_ai7_priority_backup_00631l,2454,2022-10-25 00:00:00,2022-12-12 00:00:00,105,C:\Users\zergv\Documents\Codex\2026-05-30\ep05-chat-ai-stock-backtest-lab\outputs\vnext_p1_p2_old_ai7_priority_00631l_backup_cd_override_contract_20260720\corrected_NAV_daily_wealth_ledger.csv.gz,actual_daily_holding_ledger
old_ai7_priority_backup_00631l,2454,2023-08-28 00:00:00,2024-01-10 00:00:00,282,C:\Users\zergv\Documents\Codex\2026-05-30\ep05-chat-ai-stock-backtest-lab\outputs\vnext_p1_p2_old_ai7_priority_00631l_backup_cd_override_contract_20260720\corrected_NAV_daily_wealth_ledger.csv.gz,actual_daily_holding_ledger
old_ai7_priority_backup_00631l,2454,2024-12-03 00:00:00,2025-03-03 00:00:00,168,C:\Users\zergv\Documents\Codex\2026-05-30\ep05-chat-ai-stock-backtest-lab\outputs\vnext_p1_p2_old_ai7_priority_00631l_backup_cd_override_contract_20260720\corrected_NAV_daily_wealth_ledger.csv.gz,actual_daily_holding_ledger
old_ai7_priority_backup_00631l,2454,2025-11-06 00:00:00,2025-11-21 00:00:00,36,C:\Users\zergv\Documents\Codex\2026-05-30\ep05-chat-ai-stock-backtest-lab\outputs\vnext_p1_p2_old_ai7_priority_00631l_backup_cd_override_contract_20260720\corrected_NAV_daily_wealth_ledger.csv.gz,actual_daily_holding_ledger
old_ai7_priority_backup_00631l,2454,2026-05-22 00:00:00,2026-06-24 00:00:00,69,C:\Users\zergv\Documents\Codex\2026-05-30\ep05-chat-ai-stock-backtest-lab\outputs\vnext_p1_p2_old_ai7_priority_00631l_backup_cd_override_contract_20260720\corrected_NAV_daily_wealth_ledger.csv.gz,actual_daily_holding_ledger
old_ai7_priority_backup_00631l,3231,2015-12-10 00:00:00,2016-01-05 00:00:00,54,C:\Users\zergv\Documents\Codex\2026-05-30\ep05-chat-ai-stock-backtest-lab\outputs\vnext_p1_p2_old_ai7_priority_00631l_backup_cd_override_contract_20260720\corrected_NAV_daily_wealth_ledger.csv.gz,actual_daily_holding_ledger
old_ai7_priority_backup_00631l,3231,2016-11-11 00:00:00,2016-11-28 00:00:00,36,C:\Users\zergv\Documents\Codex\2026-05-30\ep05-chat-ai-stock-backtest-lab\outputs\vnext_p1_p2_old_ai7_priority_00631l_backup_cd_override_contract_20260720\corrected_NAV_daily_wealth_ledger.csv.gz,actual_daily_holding_ledger
old_ai7_priority_backup_00631l,3231,2017-11-14 00:00:00,2017-11-29 00:00:00,36,C:\Users\zergv\Documents\Codex\2026-05-30\ep05-chat-ai-stock-backtest-lab\outputs\vnext_p1_p2_old_ai7_priority_00631l_backup_cd_override_contract_20260720\corrected_NAV_daily_wealth_ledger.csv.gz,actual_daily_holding_ledger
old_ai7_priority_backup_00631l,3231,2017-12-26 00:00:00,2019-03-26 00:00:00,900,C:\Users\zergv\Documents\Codex\2026-05-30\ep05-chat-ai-stock-backtest-lab\outputs\vnext_p1_p2_old_ai7_priority_00631l_backup_cd_override_contract_20260720\corrected_NAV_daily_wealth_ledger.csv.gz,actual_daily_holding_ledger
old_ai7_priority_backup_00631l,3231,2020-06-16 00:00:00,2020-07-27 00:00:00,84,C:\Users\zergv\Documents\Codex\2026-05-30\ep05-chat-ai-stock-backtest-lab\outputs\vnext_p1_p2_old_ai7_priority_00631l_backup_cd_override_contract_20260720\corrected_NAV_daily_wealth_ledger.csv.gz,actual_daily_holding_ledger
old_ai7_priority_backup_00631l,3231,2021-10-07 00:00:00,2021-11-08 00:00:00,66,C:\Users\zergv\Documents\Codex\2026-05-30\ep05-chat-ai-stock-backtest-lab\outputs\vnext_p1_p2_old_ai7_priority_00631l_backup_cd_override_contract_20260720\corrected_NAV_daily_wealth_ledger.csv.gz,actual_daily_holding_ledger
old_ai7_priority_backup_00631l,3231,2022-01-25 00:00:00,2022-02-24 00:00:00,48,C:\Users\zergv\Documents\Codex\2026-05-30\ep05-chat-ai-stock-backtest-lab\outputs\vnext_p1_p2_old_ai7_priority_00631l_backup_cd_override_contract_20260720\corrected_NAV_daily_wealth_ledger.csv.gz,actual_daily_holding_ledger
old_ai7_priority_backup_00631l,3231,2022-10-05 00:00:00,2022-10-21 00:00:00,36,C:\Users\zergv\Documents\Codex\2026-05-30\ep05-chat-ai-stock-backtest-lab\outputs\vnext_p1_p2_old_ai7_priority_00631l_backup_cd_override_contract_20260720\corrected_NAV_daily_wealth_ledger.csv.gz,actual_daily_holding_ledger
old_ai7_priority_backup_00631l,3231,2023-01-10 00:00:00,2023-08-09 00:00:00,405,C:\Users\zergv\Documents\Codex\2026-05-30\ep05-chat-ai-stock-backtest-lab\outputs\vnext_p1_p2_old_ai7_priority_00631l_backup_cd_override_contract_20260720\corrected_NAV_daily_wealth_ledger.csv.gz,actual_daily_holding_ledger
old_ai7_priority_backup_00631l,3231,2024-09-16 00:00:00,2024-11-28 00:00:00,147,C:\Users\zergv\Documents\Codex\2026-05-30\ep05-chat-ai-stock-backtest-lab\outputs\vnext_p1_p2_old_ai7_priority_00631l_backup_cd_override_contract_20260720\corrected_NAV_daily_wealth_ledger.csv.gz,actual_daily_holding_ledger
old_ai7_priority_backup_00631l,3231,2025-12-22 00:00:00,2026-01-19 00:00:00,57,C:\Users\zergv\Documents\Codex\2026-05-30\ep05-chat-ai-stock-backtest-lab\outputs\vnext_p1_p2_old_ai7_priority_00631l_backup_cd_override_contract_20260720\corrected_NAV_daily_wealth_ledger.csv.gz,actual_daily_holding_ledger
old_ai7_priority_backup_00631l,6669,2019-03-27 00:00:00,2019-04-15 00:00:00,36,C:\Users\zergv\Documents\Codex\2026-05-30\ep05-chat-ai-stock-backtest-lab\outputs\vnext_p1_p2_old_ai7_priority_00631l_backup_cd_override_contract_20260720\corrected_NAV_daily_wealth_ledger.csv.gz,actual_daily_holding_ledger
old_ai7_priority_backup_00631l,6669,2019-05-22 00:00:00,2019-06-06 00:00:00,36,C:\Users\zergv\Documents\Codex\2026-05-30\ep05-chat-ai-stock-backtest-lab\outputs\vnext_p1_p2_old_ai7_priority_00631l_backup_cd_override_contract_20260720\corrected_NAV_daily_wealth_ledger.csv.gz,actual_daily_holding_ledger
old_ai7_priority_backup_00631l,6669,2019-08-12 00:00:00,2020-03-03 00:00:00,399,C:\Users\zergv\Documents\Codex\2026-05-30\ep05-chat-ai-stock-backtest-lab\outputs\vnext_p1_p2_old_ai7_priority_00631l_backup_cd_override_contract_20260720\corrected_NAV_daily_wealth_ledger.csv.gz,actual_daily_holding_ledger
old_ai7_priority_backup_00631l,6669,2021-05-26 00:00:00,2021-07-21 00:00:00,120,C:\Users\zergv\Documents\Codex\2026-05-30\ep05-chat-ai-stock-backtest-lab\outputs\vnext_p1_p2_old_ai7_priority_00631l_backup_cd_override_contract_20260720\corrected_NAV_daily_wealth_ledger.csv.gz,actual_daily_holding_ledger
old_ai7_priority_backup_00631l,6669,2021-08-25 00:00:00,2021-09-16 00:00:00,51,C:\Users\zergv\Documents\Codex\2026-05-30\ep05-chat-ai-stock-backtest-lab\outputs\vnext_p1_p2_old_ai7_priority_00631l_backup_cd_override_contract_20260720\corrected_NAV_daily_wealth_ledger.csv.gz,actual_daily_holding_ledger
old_ai7_priority_backup_00631l,6669,2021-11-09 00:00:00,2022-01-06 00:00:00,126,C:\Users\zergv\Documents\Codex\2026-05-30\ep05-chat-ai-stock-backtest-lab\outputs\vnext_p1_p2_old_ai7_priority_00631l_backup_cd_override_contract_20260720\corrected_NAV_daily_wealth_ledger.csv.gz,actual_daily_holding_ledger
old_ai7_priority_backup_00631l,6669,2022-04-14 00:00:00,2022-05-10 00:00:00,54,C:\Users\zergv\Documents\Codex\2026-05-30\ep05-chat-ai-stock-backtest-lab\outputs\vnext_p1_p2_old_ai7_priority_00631l_backup_cd_override_contract_20260720\corrected_NAV_daily_wealth_ledger.csv.gz,actual_daily_holding_ledger
old_ai7_priority_backup_00631l,6669,2022-09-12 00:00:00,2022-09-28 00:00:00,39,C:\Users\zergv\Documents\Codex\2026-05-30\ep05-chat-ai-stock-backtest-lab\outputs\vnext_p1_p2_old_ai7_priority_00631l_backup_cd_override_contract_20260720\corrected_NAV_daily_wealth_ledger.csv.gz,actual_daily_holding_ledger
old_ai7_priority_backup_00631l,6669,2022-12-13 00:00:00,2022-12-28 00:00:00,36,C:\Users\zergv\Documents\Codex\2026-05-30\ep05-chat-ai-stock-backtest-lab\outputs\vnext_p1_p2_old_ai7_priority_00631l_backup_cd_override_contract_20260720\corrected_NAV_daily_wealth_ledger.csv.gz,actual_daily_holding_ledger
old_ai7_priority_backup_00631l,6669,2025-04-28 00:00:00,2025-07-01 00:00:00,135,C:\Users\zergv\Documents\Codex\2026-05-30\ep05-chat-ai-stock-backtest-lab\outputs\vnext_p1_p2_old_ai7_priority_00631l_backup_cd_override_contract_20260720\corrected_NAV_daily_wealth_ledger.csv.gz,actual_daily_holding_ledger
old_ai7_priority_backup_00631l,6669,2025-11-27 00:00:00,2025-12-17 00:00:00,45,C:\Users\zergv\Documents\Codex\2026-05-30\ep05-chat-ai-stock-backtest-lab\outputs\vnext_p1_p2_old_ai7_priority_00631l_backup_cd_override_contract_20260720\corrected_NAV_daily_wealth_ledger.csv.gz,actual_daily_holding_ledger
old_ai7_relative_00631l_timing,00631L,2015-06-15 00:00:00,2015-06-17 00:00:00,9,C:\Users\zergv\Documents\Codex\2026-05-30\ep05-chat-ai-stock-backtest-lab\outputs\vnext_p1_p2_00631l_old_ai7_relative_ma_slope_switch_contract_20260719\corrected_NAV_daily_wealth_ledger.csv.gz,actual_daily_holding_ledger
old_ai7_relative_00631l_timing,00631L,2015-08-31 00:00:00,2015-09-04 00:00:00,15,C:\Users\zergv\Documents\Codex\2026-05-30\ep05-chat-ai-stock-backtest-lab\outputs\vnext_p1_p2_00631l_old_ai7_relative_ma_slope_switch_contract_20260719\corrected_NAV_daily_wealth_ledger.csv.gz,actual_daily_holding_ledger
old_ai7_relative_00631l_timing,00631L,2015-08-31 00:00:00,2015-09-01 00:00:00,6,C:\Users\zergv\Documents\Codex\2026-05-30\ep05-chat-ai-stock-backtest-lab\outputs\vnext_p1_p2_00631l_old_ai7_relative_ma_slope_switch_contract_20260719\corrected_NAV_daily_wealth_ledger.csv.gz,actual_daily_holding_ledger
old_ai7_relative_00631l_timing,00631L,2015-11-20 00:00:00,2015-11-26 00:00:00,15,C:\Users\zergv\Documents\Codex\2026-05-30\ep05-chat-ai-stock-backtest-lab\outputs\vnext_p1_p2_00631l_old_ai7_relative_ma_slope_switch_contract_20260719\corrected_NAV_daily_wealth_ledger.csv.gz,actual_daily_holding_ledger
old_ai7_relative_00631l_timing,00631L,2015-11-20 00:00:00,2015-11-24 00:00:00,9,C:\Users\zergv\Documents\Codex\2026-05-30\ep05-chat-ai-stock-backtest-lab\outputs\vnext_p1_p2_00631l_old_ai7_relative_ma_slope_switch_contract_20260719\corrected_NAV_daily_wealth_ledger.csv.gz,actual_daily_holding_ledger
old_ai7_relative_00631l_timing,00631L,2016-01-20 00:00:00,2016-02-15 00:00:00,36,C:\Users\zergv\Documents\Codex\2026-05-30\ep05-chat-ai-stock-backtest-lab\outputs\vnext_p1_p2_00631l_old_ai7_relative_ma_slope_switch_contract_20260719\corrected_NAV_daily_wealth_ledger.csv.gz,actual_daily_holding_ledger
old_ai7_relative_00631l_timing,00631L,2016-01-20 00:00:00,2016-01-29 00:00:00,24,C:\Users\zergv\Documents\Codex\2026-05-30\ep05-chat-ai-stock-backtest-lab\outputs\vnext_p1_p2_00631l_old_ai7_relative_ma_slope_switch_contract_20260719\corrected_NAV_daily_wealth_ledger.csv.gz,actual_daily_holding_ledger
old_ai7_relative_00631l_timing,00631L,2016-05-18 00:00:00,2016-05-18 00:00:00,3,C:\Users\zergv\Documents\Codex\2026-05-30\ep05-chat-ai-stock-backtest-lab\outputs\vnext_p1_p2_00631l_old_ai7_relative_ma_slope_switch_contract_20260719\corrected_NAV_daily_wealth_ledger.csv.gz,actual_daily_holding_ledger
old_ai7_relative_00631l_timing,00631L,2016-08-08 00:00:00,2016-08-08 00:00:00,3,C:\Users\zergv\Documents\Codex\2026-05-30\ep05-chat-ai-stock-backtest-lab\outputs\vnext_p1_p2_00631l_old_ai7_relative_ma_slope_switch_contract_20260719\corrected_NAV_daily_wealth_ledger.csv.gz,actual_daily_holding_ledger
old_ai7_relative_00631l_timing,00631L,2016-08-08 00:00:00,2016-08-12 00:00:00,15,C:\Users\zergv\Documents\Codex\2026-05-30\ep05-chat-ai-stock-backtest-lab\outputs\vnext_p1_p2_00631l_old_ai7_relative_ma_slope_switch_contract_20260719\corrected_NAV_daily_wealth_ledger.csv.gz,actual_daily_holding_ledger
old_ai7_relative_00631l_timing,00631L,2016-08-29 00:00:00,2016-08-29 00:00:00,3,C:\Users\zergv\Documents\Codex\2026-05-30\ep05-chat-ai-stock-backtest-lab\outputs\vnext_p1_p2_00631l_old_ai7_relative_ma_slope_switch_contract_20260719\corrected_NAV_daily_wealth_ledger.csv.gz,actual_daily_holding_ledger
old_ai7_relative_00631l_timing,00631L,2016-10-24 00:00:00,2016-10-26 00:00:00,9,C:\Users\zergv\Documents\Codex\2026-05-30\ep05-chat-ai-stock-backtest-lab\outputs\vnext_p1_p2_00631l_old_ai7_relative_ma_slope_switch_contract_20260719\corrected_NAV_daily_wealth_ledger.csv.gz,actual_daily_holding_ledger
old_ai7_relative_00631l_timing,00631L,2016-11-11 00:00:00,2016-12-02 00:00:00,48,C:\Users\zergv\Documents\Codex\2026-05-30\ep05-chat-ai-stock-backtest-lab\outputs\vnext_p1_p2_00631l_old_ai7_relative_ma_slope_switch_contract_20260719\corrected_NAV_daily_wealth_ledger.csv.gz,actual_daily_holding_ledger
old_ai7_relative_00631l_timing,00631L,2016-11-18 00:00:00,2016-12-02 00:00:00,33,C:\Users\zergv\Documents\Codex\2026-05-30\ep05-chat-ai-stock-backtest-lab\outputs\vnext_p1_p2_00631l_old_ai7_relative_ma_slope_switch_contract_20260719\corrected_NAV_daily_wealth_ledger.csv.gz,actual_daily_holding_ledger
old_ai7_relative_00631l_timing,00631L,2016-11-29 00:00:00,2016-12-06 00:00:00,18,C:\Users\zergv\Documents\Codex\2026-05-30\ep05-chat-ai-stock-backtest-lab\outputs\vnext_p1_p2_00631l_old_ai7_relative_ma_slope_switch_contract_20260719\corrected_NAV_daily_wealth_ledger.csv.gz,actual_daily_holding_ledger
old_ai7_relative_00631l_timing,00631L,2017-07-14 00:00:00,2017-07-21 00:00:00,18,C:\Users\zergv\Documents\Codex\2026-05-30\ep05-chat-ai-stock-backtest-lab\outputs\vnext_p1_p2_00631l_old_ai7_relative_ma_slope_switch_contract_20260719\corrected_NAV_daily_wealth_ledger.csv.gz,actual_daily_holding_ledger
old_ai7_relative_00631l_timing,00631L,2017-07-14 00:00:00,2017-07-14 00:00:00,3,C:\Users\zergv\Documents\Codex\2026-05-30\ep05-chat-ai-stock-backtest-lab\outputs\vnext_p1_p2_00631l_old_ai7_relative_ma_slope_switch_contract_20260719\corrected_NAV_daily_wealth_ledger.csv.gz,actual_daily_holding_ledger
old_ai7_relative_00631l_timing,00631L,2017-08-23 00:00:00,2017-09-06 00:00:00,33,C:\Users\zergv\Documents\Codex\2026-05-30\ep05-chat-ai-stock-backtest-lab\outputs\vnext_p1_p2_00631l_old_ai7_relative_ma_slope_switch_contract_20260719\corrected_NAV_daily_wealth_ledger.csv.gz,actual_daily_holding_ledger
old_ai7_relative_00631l_timing,00631L,2017-08-23 00:00:00,2017-08-31 00:00:00,21,C:\Users\zergv\Documents\Codex\2026-05-30\ep05-chat-ai-stock-backtest-lab\outputs\vnext_p1_p2_00631l_old_ai7_relative_ma_slope_switch_contract_20260719\corrected_NAV_daily_wealth_ledger.csv.gz,actual_daily_holding_ledger
old_ai7_relative_00631l_timing,00631L,2020-03-26 00:00:00,2020-04-06 00:00:00,18,C:\Users\zergv\Documents\Codex\2026-05-30\ep05-chat-ai-stock-backtest-lab\outputs\vnext_p1_p2_00631l_old_ai7_relative_ma_slope_switch_contract_20260719\corrected_NAV_daily_wealth_ledger.csv.gz,actual_daily_holding_ledger
old_ai7_relative_00631l_timing,00631L,2020-03-26 00:00:00,2020-04-13 00:00:00,33,C:\Users\zergv\Documents\Codex\2026-05-30\ep05-chat-ai-stock-backtest-lab\outputs\vnext_p1_p2_00631l_old_ai7_relative_ma_slope_switch_contract_20260719\corrected_NAV_daily_wealth_ledger.csv.gz,actual_daily_holding_ledger
old_ai7_relative_00631l_timing,00631L,2020-07-28 00:00:00,2020-07-28 00:00:00,3,C:\Users\zergv\Documents\Codex\2026-05-30\ep05-chat-ai-stock-backtest-lab\outputs\vnext_p1_p2_00631l_old_ai7_relative_ma_slope_switch_contract_20260719\corrected_NAV_daily_wealth_ledger.csv.gz,actual_daily_holding_ledger
old_ai7_relative_00631l_timing,00631L,2020-09-09 00:00:00,2020-09-21 00:00:00,27,C:\Users\zergv\Documents\Codex\2026-05-30\ep05-chat-ai-stock-backtest-lab\outputs\vnext_p1_p2_00631l_old_ai7_relative_ma_slope_switch_contract_20260719\corrected_NAV_daily_wealth_ledger.csv.gz,actual_daily_holding_ledger
old_ai7_relative_00631l_timing,00631L,2020-11-12 00:00:00,2020-11-23 00:00:00,24,C:\Users\zergv\Documents\Codex\2026-05-30\ep05-chat-ai-stock-backtest-lab\outputs\vnext_p1_p2_00631l_old_ai7_relative_ma_slope_switch_contract_20260719\corrected_NAV_daily_wealth_ledger.csv.gz,actual_daily_holding_ledger
old_ai7_relative_00631l_timing,00631L,2020-11-12 00:00:00,2020-11-12 00:00:00,3,C:\Users\zergv\Documents\Codex\2026-05-30\ep05-chat-ai-stock-backtest-lab\outputs\vnext_p1_p2_00631l_old_ai7_relative_ma_slope_switch_contract_20260719\corrected_NAV_daily_wealth_ledger.csv.gz,actual_daily_holding_ledger
old_ai7_relative_00631l_timing,00631L,2021-04-20 00:00:00,2021-04-23 00:00:00,12,C:\Users\zergv\Documents\Codex\2026-05-30\ep05-chat-ai-stock-backtest-lab\outputs\vnext_p1_p2_00631l_old_ai7_relative_ma_slope_switch_contract_20260719\corrected_NAV_daily_wealth_ledger.csv.gz,actual_daily_holding_ledger
old_ai7_relative_00631l_timing,00631L,2021-04-20 00:00:00,2021-04-22 00:00:00,9,C:\Users\zergv\Documents\Codex\2026-05-30\ep05-chat-ai-stock-backtest-lab\outputs\vnext_p1_p2_00631l_old_ai7_relative_ma_slope_switch_contract_20260719\corrected_NAV_daily_wealth_ledger.csv.gz,actual_daily_holding_ledger
old_ai7_relative_00631l_timing,00631L,2021-04-20 00:00:00,2021-04-20 00:00:00,3,C:\Users\zergv\Documents\Codex\2026-05-30\ep05-chat-ai-stock-backtest-lab\outputs\vnext_p1_p2_00631l_old_ai7_relative_ma_slope_switch_contract_20260719\corrected_NAV_daily_wealth_ledger.csv.gz,actual_daily_holding_ledger
old_ai7_relative_00631l_timing,00631L,2021-05-21 00:00:00,2021-06-07 00:00:00,36,C:\Users\zergv\Documents\Codex\2026-05-30\ep05-chat-ai-stock-backtest-lab\outputs\vnext_p1_p2_00631l_old_ai7_relative_ma_slope_switch_contract_20260719\corrected_NAV_daily_wealth_ledger.csv.gz,actual_daily_holding_ledger
old_ai7_relative_00631l_timing,00631L,2021-05-21 00:00:00,2021-06-04 00:00:00,33,C:\Users\zergv\Documents\Codex\2026-05-30\ep05-chat-ai-stock-backtest-lab\outputs\vnext_p1_p2_00631l_old_ai7_relative_ma_slope_switch_contract_20260719\corrected_NAV_daily_wealth_ledger.csv.gz,actual_daily_holding_ledger
old_ai7_relative_00631l_timing,00631L,2021-05-21 00:00:00,2021-06-01 00:00:00,24,C:\Users\zergv\Documents\Codex\2026-05-30\ep05-chat-ai-stock-backtest-lab\outputs\vnext_p1_p2_00631l_old_ai7_relative_ma_slope_switch_contract_20260719\corrected_NAV_daily_wealth_ledger.csv.gz,actual_daily_holding_ledger
old_ai7_relative_00631l_timing,00631L,2021-11-09 00:00:00,2021-11-11 00:00:00,9,C:\Users\zergv\Documents\Codex\2026-05-30\ep05-chat-ai-stock-backtest-lab\outputs\vnext_p1_p2_00631l_old_ai7_relative_ma_slope_switch_contract_20260719\corrected_NAV_daily_wealth_ledger.csv.gz,actual_daily_holding_ledger
old_ai7_relative_00631l_timing,00631L,2022-03-18 00:00:00,2022-03-28 00:00:00,21,C:\Users\zergv\Documents\Codex\2026-05-30\ep05-chat-ai-stock-backtest-lab\outputs\vnext_p1_p2_00631l_old_ai7_relative_ma_slope_switch_contract_20260719\corrected_NAV_daily_wealth_ledger.csv.gz,actual_daily_holding_ledger
old_ai7_relative_00631l_timing,00631L,2022-03-18 00:00:00,2022-03-18 00:00:00,3,C:\Users\zergv\Documents\Codex\2026-05-30\ep05-chat-ai-stock-backtest-lab\outputs\vnext_p1_p2_00631l_old_ai7_relative_ma_slope_switch_contract_20260719\corrected_NAV_daily_wealth_ledger.csv.gz,actual_daily_holding_ledger
old_ai7_relative_00631l_timing,00631L,2023-01-10 00:00:00,2023-01-16 00:00:00,15,C:\Users\zergv\Documents\Codex\2026-05-30\ep05-chat-ai-stock-backtest-lab\outputs\vnext_p1_p2_00631l_old_ai7_relative_ma_slope_switch_contract_20260719\corrected_NAV_daily_wealth_ledger.csv.gz,actual_daily_holding_ledger
old_ai7_relative_00631l_timing,00631L,2023-01-10 00:00:00,2023-01-12 00:00:00,9,C:\Users\zergv\Documents\Codex\2026-05-30\ep05-chat-ai-stock-backtest-lab\outputs\vnext_p1_p2_00631l_old_ai7_relative_ma_slope_switch_contract_20260719\corrected_NAV_daily_wealth_ledger.csv.gz,actual_daily_holding_ledger
old_ai7_relative_00631l_timing,00631L,2024-08-13 00:00:00,2024-08-19 00:00:00,15,C:\Users\zergv\Documents\Codex\2026-05-30\ep05-chat-ai-stock-backtest-lab\outputs\vnext_p1_p2_00631l_old_ai7_relative_ma_slope_switch_contract_20260719\corrected_NAV_daily_wealth_ledger.csv.gz,actual_daily_holding_ledger
old_ai7_relative_00631l_timing,00631L,2024-08-13 00:00:00,2024-08-23 00:00:00,27,C:\Users\zergv\Documents\Codex\2026-05-30\ep05-chat-ai-stock-backtest-lab\outputs\vnext_p1_p2_00631l_old_ai7_relative_ma_slope_switch_contract_20260719\corrected_NAV_daily_wealth_ledger.csv.gz,actual_daily_holding_ledger
old_ai7_relative_00631l_timing,00631L,2024-08-13 00:00:00,2024-08-20 00:00:00,18,C:\Users\zergv\Documents\Codex\2026-05-30\ep05-chat-ai-stock-backtest-lab\outputs\vnext_p1_p2_00631l_old_ai7_relative_ma_slope_switch_contract_20260719\corrected_NAV_daily_wealth_ledger.csv.gz,actual_daily_holding_ledger
old_ai7_relative_00631l_timing,00631L,2024-09-13 00:00:00,2024-09-30 00:00:00,33,C:\Users\zergv\Documents\Codex\2026-05-30\ep05-chat-ai-stock-backtest-lab\outputs\vnext_p1_p2_00631l_old_ai7_relative_ma_slope_switch_contract_20260719\corrected_NAV_daily_wealth_ledger.csv.gz,actual_daily_holding_ledger
old_ai7_relative_00631l_timing,00631L,2024-09-13 00:00:00,2024-09-26 00:00:00,27,C:\Users\zergv\Documents\Codex\2026-05-30\ep05-chat-ai-stock-backtest-lab\outputs\vnext_p1_p2_00631l_old_ai7_relative_ma_slope_switch_contract_20260719\corrected_NAV_daily_wealth_ledger.csv.gz,actual_daily_holding_ledger
old_ai7_relative_00631l_timing,00631L,2025-03-24 00:00:00,2025-04-07 00:00:00,27,C:\Users\zergv\Documents\Codex\2026-05-30\ep05-chat-ai-stock-backtest-lab\outputs\vnext_p1_p2_00631l_old_ai7_relative_ma_slope_switch_contract_20260719\corrected_NAV_daily_wealth_ledger.csv.gz,actual_daily_holding_ledger
old_ai7_relative_00631l_timing,00631L,2025-04-28 00:00:00,2025-05-05 00:00:00,15,C:\Users\zergv\Documents\Codex\2026-05-30\ep05-chat-ai-stock-backtest-lab\outputs\vnext_p1_p2_00631l_old_ai7_relative_ma_slope_switch_contract_20260719\corrected_NAV_daily_wealth_ledger.csv.gz,actual_daily_holding_ledger
old_ai7_relative_00631l_timing,00631L,2025-04-28 00:00:00,2025-05-07 00:00:00,21,C:\Users\zergv\Documents\Codex\2026-05-30\ep05-chat-ai-stock-backtest-lab\outputs\vnext_p1_p2_00631l_old_ai7_relative_ma_slope_switch_contract_20260719\corrected_NAV_daily_wealth_ledger.csv.gz,actual_daily_holding_ledger
old_ai7_relative_00631l_timing,00631L,2025-07-02 00:00:00,2025-07-02 00:00:00,3,C:\Users\zergv\Documents\Codex\2026-05-30\ep05-chat-ai-stock-backtest-lab\outputs\vnext_p1_p2_00631l_old_ai7_relative_ma_slope_switch_contract_20260719\corrected_NAV_daily_wealth_ledger.csv.gz,actual_daily_holding_ledger
old_ai7_relative_00631l_timing,00631L,2025-11-27 00:00:00,2025-12-02 00:00:00,12,C:\Users\zergv\Documents\Codex\2026-05-30\ep05-chat-ai-stock-backtest-lab\outputs\vnext_p1_p2_00631l_old_ai7_relative_ma_slope_switch_contract_20260719\corrected_NAV_daily_wealth_ledger.csv.gz,actual_daily_holding_ledger
old_ai7_relative_00631l_timing,00631L,2025-11-27 00:00:00,2025-11-27 00:00:00,3,C:\Users\zergv\Documents\Codex\2026-05-30\ep05-chat-ai-stock-backtest-lab\outputs\vnext_p1_p2_00631l_old_ai7_relative_ma_slope_switch_contract_20260719\corrected_NAV_daily_wealth_ledger.csv.gz,actual_daily_holding_ledger
old_ai7_relative_00631l_timing,00631L,2026-01-20 00:00:00,2026-01-21 00:00:00,6,C:\Users\zergv\Documents\Codex\2026-05-30\ep05-chat-ai-stock-backtest-lab\outputs\vnext_p1_p2_00631l_old_ai7_relative_ma_slope_switch_contract_20260719\corrected_NAV_daily_wealth_ledger.csv.gz,actual_daily_holding_ledger
old_ai7_relative_00631l_timing,00631L,2026-01-20 00:00:00,2026-01-20 00:00:00,3,C:\Users\zergv\Documents\Codex\2026-05-30\ep05-chat-ai-stock-backtest-lab\outputs\vnext_p1_p2_00631l_old_ai7_relative_ma_slope_switch_contract_20260719\corrected_NAV_daily_wealth_ledger.csv.gz,actual_daily_holding_ledger
old_ai7_relative_00631l_timing,00631L,2026-04-02 00:00:00,2026-04-16 00:00:00,27,C:\Users\zergv\Documents\Codex\2026-05-30\ep05-chat-ai-stock-backtest-lab\outputs\vnext_p1_p2_00631l_old_ai7_relative_ma_slope_switch_contract_20260719\corrected_NAV_daily_wealth_ledger.csv.gz,actual_daily_holding_ledger
old_ai7_relative_00631l_timing,00631L,2026-04-02 00:00:00,2026-04-07 00:00:00,6,C:\Users\zergv\Documents\Codex\2026-05-30\ep05-chat-ai-stock-backtest-lab\outputs\vnext_p1_p2_00631l_old_ai7_relative_ma_slope_switch_contract_20260719\corrected_NAV_daily_wealth_ledger.csv.gz,actual_daily_holding_ledger
old_ai7_relative_00631l_timing,2308,2015-07-16 00:00:00,2015-08-03 00:00:00,39,C:\Users\zergv\Documents\Codex\2026-05-30\ep05-chat-ai-stock-backtest-lab\outputs\vnext_p1_p2_00631l_old_ai7_relative_ma_slope_switch_contract_20260719\corrected_NAV_daily_wealth_ledger.csv.gz,actual_daily_holding_ledger
old_ai7_relative_00631l_timing,2308,2015-09-02 00:00:00,2015-09-29 00:00:00,57,C:\Users\zergv\Documents\Codex\2026-05-30\ep05-chat-ai-stock-backtest-lab\outputs\vnext_p1_p2_00631l_old_ai7_relative_ma_slope_switch_contract_20260719\corrected_NAV_daily_wealth_ledger.csv.gz,actual_daily_holding_ledger
old_ai7_relative_00631l_timing,2308,2016-04-19 00:00:00,2016-05-12 00:00:00,51,C:\Users\zergv\Documents\Codex\2026-05-30\ep05-chat-ai-stock-backtest-lab\outputs\vnext_p1_p2_00631l_old_ai7_relative_ma_slope_switch_contract_20260719\corrected_NAV_daily_wealth_ledger.csv.gz,actual_daily_holding_ledger
old_ai7_relative_00631l_timing,2308,2016-04-21 00:00:00,2016-05-12 00:00:00,45,C:\Users\zergv\Documents\Codex\2026-05-30\ep05-chat-ai-stock-backtest-lab\outputs\vnext_p1_p2_00631l_old_ai7_relative_ma_slope_switch_contract_20260719\corrected_NAV_daily_wealth_ledger.csv.gz,actual_daily_holding_ledger
old_ai7_relative_00631l_timing,2308,2016-08-09 00:00:00,2016-08-26 00:00:00,42,C:\Users\zergv\Documents\Codex\2026-05-30\ep05-chat-ai-stock-backtest-lab\outputs\vnext_p1_p2_00631l_old_ai7_relative_ma_slope_switch_contract_20260719\corrected_NAV_daily_wealth_ledger.csv.gz,actual_daily_holding_ledger
old_ai7_relative_00631l_timing,2308,2017-04-25 00:00:00,2017-05-19 00:00:00,54,C:\Users\zergv\Documents\Codex\2026-05-30\ep05-chat-ai-stock-backtest-lab\outputs\vnext_p1_p2_00631l_old_ai7_relative_ma_slope_switch_contract_20260719\corrected_NAV_daily_wealth_ledger.csv.gz,actual_daily_holding_ledger
old_ai7_relative_00631l_timing,2308,2017-09-01 00:00:00,2017-09-20 00:00:00,42,C:\Users\zergv\Documents\Codex\2026-05-30\ep05-chat-ai-stock-backtest-lab\outputs\vnext_p1_p2_00631l_old_ai7_relative_ma_slope_switch_contract_20260719\corrected_NAV_daily_wealth_ledger.csv.gz,actual_daily_holding_ledger
old_ai7_relative_00631l_timing,2308,2017-12-06 00:00:00,2017-12-21 00:00:00,36,C:\Users\zergv\Documents\Codex\2026-05-30\ep05-chat-ai-stock-backtest-lab\outputs\vnext_p1_p2_00631l_old_ai7_relative_ma_slope_switch_contract_20260719\corrected_NAV_daily_wealth_ledger.csv.gz,actual_daily_holding_ledger
old_ai7_relative_00631l_timing,2308,2020-11-13 00:00:00,2021-02-02 00:00:00,171,C:\Users\zergv\Documents\Codex\2026-05-30\ep05-chat-ai-stock-backtest-lab\outputs\vnext_p1_p2_00631l_old_ai7_relative_ma_slope_switch_contract_20260719\corrected_NAV_daily_wealth_ledger.csv.gz,actual_daily_holding_ledger
old_ai7_relative_00631l_timing,2308,2021-06-07 00:00:00,2021-06-24 00:00:00,39,C:\Users\zergv\Documents\Codex\2026-05-30\ep05-chat-ai-stock-backtest-lab\outputs\vnext_p1_p2_00631l_old_ai7_relative_ma_slope_switch_contract_20260719\corrected_NAV_daily_wealth_ledger.csv.gz,actual_daily_holding_ledger
old_ai7_relative_00631l_timing,2308,2021-06-08 00:00:00,2021-06-24 00:00:00,36,C:\Users\zergv\Documents\Codex\2026-05-30\ep05-chat-ai-stock-backtest-lab\outputs\vnext_p1_p2_00631l_old_ai7_relative_ma_slope_switch_contract_20260719\corrected_NAV_daily_wealth_ledger.csv.gz,actual_daily_holding_ledger
old_ai7_relative_00631l_timing,2308,2021-07-22 00:00:00,2021-08-06 00:00:00,36,C:\Users\zergv\Documents\Codex\2026-05-30\ep05-chat-ai-stock-backtest-lab\outputs\vnext_p1_p2_00631l_old_ai7_relative_ma_slope_switch_contract_20260719\corrected_NAV_daily_wealth_ledger.csv.gz,actual_daily_holding_ledger
old_ai7_relative_00631l_timing,2308,2022-01-07 00:00:00,2022-01-24 00:00:00,36,C:\Users\zergv\Documents\Codex\2026-05-30\ep05-chat-ai-stock-backtest-lab\outputs\vnext_p1_p2_00631l_old_ai7_relative_ma_slope_switch_contract_20260719\corrected_NAV_daily_wealth_ledger.csv.gz,actual_daily_holding_ledger
old_ai7_relative_00631l_timing,2308,2022-03-29 00:00:00,2022-04-15 00:00:00,36,C:\Users\zergv\Documents\Codex\2026-05-30\ep05-chat-ai-stock-backtest-lab\outputs\vnext_p1_p2_00631l_old_ai7_relative_ma_slope_switch_contract_20260719\corrected_NAV_daily_wealth_ledger.csv.gz,actual_daily_holding_ledger
old_ai7_relative_00631l_timing,2308,2022-06-24 00:00:00,2022-09-01 00:00:00,150,C:\Users\zergv\Documents\Codex\2026-05-30\ep05-chat-ai-stock-backtest-lab\outputs\vnext_p1_p2_00631l_old_ai7_relative_ma_slope_switch_contract_20260719\corrected_NAV_daily_wealth_ledger.csv.gz,actual_daily_holding_ledger
old_ai7_relative_00631l_timing,2308,2022-07-11 00:00:00,2022-09-01 00:00:00,117,C:\Users\zergv\Documents\Codex\2026-05-30\ep05-chat-ai-stock-backtest-lab\outputs\vnext_p1_p2_00631l_old_ai7_relative_ma_slope_switch_contract_20260719\corrected_NAV_daily_wealth_ledger.csv.gz,actual_daily_holding_ledger
old_ai7_relative_00631l_timing,2308,2022-07-12 00:00:00,2022-09-01 00:00:00,114,C:\Users\zergv\Documents\Codex\2026-05-30\ep05-chat-ai-stock-backtest-lab\outputs\vnext_p1_p2_00631l_old_ai7_relative_ma_slope_switch_contract_20260719\corrected_NAV_daily_wealth_ledger.csv.gz,actual_daily_holding_ledger
old_ai7_relative_00631l_timing,2308,2024-07-18 00:00:00,2024-08-06 00:00:00,36,C:\Users\zergv\Documents\Codex\2026-05-30\ep05-chat-ai-stock-backtest-lab\outputs\vnext_p1_p2_00631l_old_ai7_relative_ma_slope_switch_contract_20260719\corrected_NAV_daily_wealth_ledger.csv.gz,actual_daily_holding_ledger
old_ai7_relative_00631l_timing,2308,2025-05-06 00:00:00,2025-11-05 00:00:00,381,C:\Users\zergv\Documents\Codex\2026-05-30\ep05-chat-ai-stock-backtest-lab\outputs\vnext_p1_p2_00631l_old_ai7_relative_ma_slope_switch_contract_20260719\corrected_NAV_daily_wealth_ledger.csv.gz,actual_daily_holding_ledger
old_ai7_relative_00631l_timing,2308,2025-07-03 00:00:00,2025-11-05 00:00:00,258,C:\Users\zergv\Documents\Codex\2026-05-30\ep05-chat-ai-stock-backtest-lab\outputs\vnext_p1_p2_00631l_old_ai7_relative_ma_slope_switch_contract_20260719\corrected_NAV_daily_wealth_ledger.csv.gz,actual_daily_holding_ledger
old_ai7_relative_00631l_timing,2308,2025-12-03 00:00:00,2025-12-18 00:00:00,36,C:\Users\zergv\Documents\Codex\2026-05-30\ep05-chat-ai-stock-backtest-lab\outputs\vnext_p1_p2_00631l_old_ai7_relative_ma_slope_switch_contract_20260719\corrected_NAV_daily_wealth_ledger.csv.gz,actual_daily_holding_ledger
old_ai7_relative_00631l_timing,2308,2026-01-21 00:00:00,2026-03-09 00:00:00,78,C:\Users\zergv\Documents\Codex\2026-05-30\ep05-chat-ai-stock-backtest-lab\outputs\vnext_p1_p2_00631l_old_ai7_relative_ma_slope_switch_contract_20260719\corrected_NAV_daily_wealth_ledger.csv.gz,actual_daily_holding_ledger
old_ai7_relative_00631l_timing,2308,2026-01-22 00:00:00,2026-03-09 00:00:00,75,C:\Users\zergv\Documents\Codex\2026-05-30\ep05-chat-ai-stock-backtest-lab\outputs\vnext_p1_p2_00631l_old_ai7_relative_ma_slope_switch_contract_20260719\corrected_NAV_daily_wealth_ledger.csv.gz,actual_daily_holding_ledger
old_ai7_relative_00631l_timing,2308,2026-03-31 00:00:00,2026-05-19 00:00:00,99,C:\Users\zergv\Documents\Codex\2026-05-30\ep05-chat-ai-stock-backtest-lab\outputs\vnext_p1_p2_00631l_old_ai7_relative_ma_slope_switch_contract_20260719\corrected_NAV_daily_wealth_ledger.csv.gz,actual_daily_holding_ledger
old_ai7_relative_00631l_timing,2308,2026-04-08 00:00:00,2026-05-19 00:00:00,87,C:\Users\zergv\Documents\Codex\2026-05-30\ep05-chat-ai-stock-backtest-lab\outputs\vnext_p1_p2_00631l_old_ai7_relative_ma_slope_switch_contract_20260719\corrected_NAV_daily_wealth_ledger.csv.gz,actual_daily_holding_ledger
old_ai7_relative_00631l_timing,2308,2026-04-17 00:00:00,2026-05-19 00:00:00,66,C:\Users\zergv\Documents\Codex\2026-05-30\ep05-chat-ai-stock-backtest-lab\outputs\vnext_p1_p2_00631l_old_ai7_relative_ma_slope_switch_contract_20260719\corrected_NAV_daily_wealth_ledger.csv.gz,actual_daily_holding_ledger
old_ai7_relative_00631l_timing,2317,2015-09-07 00:00:00,2015-11-06 00:00:00,129,C:\Users\zergv\Documents\Codex\2026-05-30\ep05-chat-ai-stock-backtest-lab\outputs\vnext_p1_p2_00631l_old_ai7_relative_ma_slope_switch_contract_20260719\corrected_NAV_daily_wealth_ledger.csv.gz,actual_daily_holding_ledger
old_ai7_relative_00631l_timing,2317,2016-03-29 00:00:00,2016-04-18 00:00:00,39,C:\Users\zergv\Documents\Codex\2026-05-30\ep05-chat-ai-stock-backtest-lab\outputs\vnext_p1_p2_00631l_old_ai7_relative_ma_slope_switch_contract_20260719\corrected_NAV_daily_wealth_ledger.csv.gz,actual_daily_holding_ledger
old_ai7_relative_00631l_timing,2317,2016-08-30 00:00:00,2016-11-09 00:00:00,147,C:\Users\zergv\Documents\Codex\2026-05-30\ep05-chat-ai-stock-backtest-lab\outputs\vnext_p1_p2_00631l_old_ai7_relative_ma_slope_switch_contract_20260719\corrected_NAV_daily_wealth_ledger.csv.gz,actual_daily_holding_ledger
old_ai7_relative_00631l_timing,2317,2016-09-20 00:00:00,2016-11-09 00:00:00,108,C:\Users\zergv\Documents\Codex\2026-05-30\ep05-chat-ai-stock-backtest-lab\outputs\vnext_p1_p2_00631l_old_ai7_relative_ma_slope_switch_contract_20260719\corrected_NAV_daily_wealth_ledger.csv.gz,actual_daily_holding_ledger
old_ai7_relative_00631l_timing,2317,2016-10-27 00:00:00,2016-11-11 00:00:00,36,C:\Users\zergv\Documents\Codex\2026-05-30\ep05-chat-ai-stock-backtest-lab\outputs\vnext_p1_p2_00631l_old_ai7_relative_ma_slope_switch_contract_20260719\corrected_NAV_daily_wealth_ledger.csv.gz,actual_daily_holding_ledger
old_ai7_relative_00631l_timing,2317,2016-12-28 00:00:00,2017-06-12 00:00:00,315,C:\Users\zergv\Documents\Codex\2026-05-30\ep05-chat-ai-stock-backtest-lab\outputs\vnext_p1_p2_00631l_old_ai7_relative_ma_slope_switch_contract_20260719\corrected_NAV_daily_wealth_ledger.csv.gz,actual_daily_holding_ledger
old_ai7_relative_00631l_timing,2317,2017-07-17 00:00:00,2017-08-14 00:00:00,63,C:\Users\zergv\Documents\Codex\2026-05-30\ep05-chat-ai-stock-backtest-lab\outputs\vnext_p1_p2_00631l_old_ai7_relative_ma_slope_switch_contract_20260719\corrected_NAV_daily_wealth_ledger.csv.gz,actual_daily_holding_ledger
old_ai7_relative_00631l_timing,2317,2019-04-16 00:00:00,2019-05-10 00:00:00,54,C:\Users\zergv\Documents\Codex\2026-05-30\ep05-chat-ai-stock-backtest-lab\outputs\vnext_p1_p2_00631l_old_ai7_relative_ma_slope_switch_contract_20260719\corrected_NAV_daily_wealth_ledger.csv.gz,actual_daily_holding_ledger
old_ai7_relative_00631l_timing,2317,2021-06-25 00:00:00,2021-07-21 00:00:00,57,C:\Users\zergv\Documents\Codex\2026-05-30\ep05-chat-ai-stock-backtest-lab\outputs\vnext_p1_p2_00631l_old_ai7_relative_ma_slope_switch_contract_20260719\corrected_NAV_daily_wealth_ledger.csv.gz,actual_daily_holding_ledger
old_ai7_relative_00631l_timing,2317,2022-03-21 00:00:00,2022-04-11 00:00:00,42,C:\Users\zergv\Documents\Codex\2026-05-30\ep05-chat-ai-stock-backtest-lab\outputs\vnext_p1_p2_00631l_old_ai7_relative_ma_slope_switch_contract_20260719\corrected_NAV_daily_wealth_ledger.csv.gz,actual_daily_holding_ledger
old_ai7_relative_00631l_timing,2317,2022-03-29 00:00:00,2022-04-15 00:00:00,36,C:\Users\zergv\Documents\Codex\2026-05-30\ep05-chat-ai-stock-backtest-lab\outputs\vnext_p1_p2_00631l_old_ai7_relative_ma_slope_switch_contract_20260719\corrected_NAV_daily_wealth_ledger.csv.gz,actual_daily_holding_ledger
old_ai7_relative_00631l_timing,2317,2022-05-11 00:00:00,2022-06-23 00:00:00,93,C:\Users\zergv\Documents\Codex\2026-05-30\ep05-chat-ai-stock-backtest-lab\outputs\vnext_p1_p2_00631l_old_ai7_relative_ma_slope_switch_contract_20260719\corrected_NAV_daily_wealth_ledger.csv.gz,actual_daily_holding_ledger
old_ai7_relative_00631l_timing,2317,2022-05-16 00:00:00,2022-06-23 00:00:00,84,C:\Users\zergv\Documents\Codex\2026-05-30\ep05-chat-ai-stock-backtest-lab\outputs\vnext_p1_p2_00631l_old_ai7_relative_ma_slope_switch_contract_20260719\corrected_NAV_daily_wealth_ledger.csv.gz,actual_daily_holding_ledger
old_ai7_relative_00631l_timing,2317,2023-08-10 00:00:00,2023-08-25 00:00:00,36,C:\Users\zergv\Documents\Codex\2026-05-30\ep05-chat-ai-stock-backtest-lab\outputs\vnext_p1_p2_00631l_old_ai7_relative_ma_slope_switch_contract_20260719\corrected_NAV_daily_wealth_ledger.csv.gz,actual_daily_holding_ledger
old_ai7_relative_00631l_timing,2317,2024-04-25 00:00:00,2024-07-17 00:00:00,174,C:\Users\zergv\Documents\Codex\2026-05-30\ep05-chat-ai-stock-backtest-lab\outputs\vnext_p1_p2_00631l_old_ai7_relative_ma_slope_switch_contract_20260719\corrected_NAV_daily_wealth_ledger.csv.gz,actual_daily_holding_ledger
old_ai7_relative_00631l_timing,2317,2024-10-01 00:00:00,2024-11-15 00:00:00,90,C:\Users\zergv\Documents\Codex\2026-05-30\ep05-chat-ai-stock-backtest-lab\outputs\vnext_p1_p2_00631l_old_ai7_relative_ma_slope_switch_contract_20260719\corrected_NAV_daily_wealth_ledger.csv.gz,actual_daily_holding_ledger
old_ai7_relative_00631l_timing,2330,2015-10-01 00:00:00,2015-11-11 00:00:00,87,C:\Users\zergv\Documents\Codex\2026-05-30\ep05-chat-ai-stock-backtest-lab\outputs\vnext_p1_p2_00631l_old_ai7_relative_ma_slope_switch_contract_20260719\corrected_NAV_daily_wealth_ledger.csv.gz,actual_daily_holding_ledger
old_ai7_relative_00631l_timing,2330,2016-02-16 00:00:00,2016-04-18 00:00:00,126,C:\Users\zergv\Documents\Codex\2026-05-30\ep05-chat-ai-stock-backtest-lab\outputs\vnext_p1_p2_00631l_old_ai7_relative_ma_slope_switch_contract_20260719\corrected_NAV_daily_wealth_ledger.csv.gz,actual_daily_holding_ledger
old_ai7_relative_00631l_timing,2330,2016-03-29 00:00:00,2016-04-18 00:00:00,39,C:\Users\zergv\Documents\Codex\2026-05-30\ep05-chat-ai-stock-backtest-lab\outputs\vnext_p1_p2_00631l_old_ai7_relative_ma_slope_switch_contract_20260719\corrected_NAV_daily_wealth_ledger.csv.gz,actual_daily_holding_ledger
old_ai7_relative_00631l_timing,2330,2017-09-07 00:00:00,2017-09-26 00:00:00,42,C:\Users\zergv\Documents\Codex\2026-05-30\ep05-chat-ai-stock-backtest-lab\outputs\vnext_p1_p2_00631l_old_ai7_relative_ma_slope_switch_contract_20260719\corrected_NAV_daily_wealth_ledger.csv.gz,actual_daily_holding_ledger
old_ai7_relative_00631l_timing,2330,2019-07-19 00:00:00,2019-08-07 00:00:00,42,C:\Users\zergv\Documents\Codex\2026-05-30\ep05-chat-ai-stock-backtest-lab\outputs\vnext_p1_p2_00631l_old_ai7_relative_ma_slope_switch_contract_20260719\corrected_NAV_daily_wealth_ledger.csv.gz,actual_daily_holding_ledger
old_ai7_relative_00631l_timing,2330,2020-07-28 00:00:00,2020-09-04 00:00:00,87,C:\Users\zergv\Documents\Codex\2026-05-30\ep05-chat-ai-stock-backtest-lab\outputs\vnext_p1_p2_00631l_old_ai7_relative_ma_slope_switch_contract_20260719\corrected_NAV_daily_wealth_ledger.csv.gz,actual_daily_holding_ledger
old_ai7_relative_00631l_timing,2330,2020-07-29 00:00:00,2020-09-04 00:00:00,84,C:\Users\zergv\Documents\Codex\2026-05-30\ep05-chat-ai-stock-backtest-lab\outputs\vnext_p1_p2_00631l_old_ai7_relative_ma_slope_switch_contract_20260719\corrected_NAV_daily_wealth_ledger.csv.gz,actual_daily_holding_ledger
old_ai7_relative_00631l_timing,2330,2020-09-11 00:00:00,2020-09-28 00:00:00,36,C:\Users\zergv\Documents\Codex\2026-05-30\ep05-chat-ai-stock-backtest-lab\outputs\vnext_p1_p2_00631l_old_ai7_relative_ma_slope_switch_contract_20260719\corrected_NAV_daily_wealth_ledger.csv.gz,actual_daily_holding_ledger
old_ai7_relative_00631l_timing,2330,2020-11-24 00:00:00,2021-02-24 00:00:00,177,C:\Users\zergv\Documents\Codex\2026-05-30\ep05-chat-ai-stock-backtest-lab\outputs\vnext_p1_p2_00631l_old_ai7_relative_ma_slope_switch_contract_20260719\corrected_NAV_daily_wealth_ledger.csv.gz,actual_daily_holding_ledger
old_ai7_relative_00631l_timing,2330,2021-02-03 00:00:00,2021-03-02 00:00:00,36,C:\Users\zergv\Documents\Codex\2026-05-30\ep05-chat-ai-stock-backtest-lab\outputs\vnext_p1_p2_00631l_old_ai7_relative_ma_slope_switch_contract_20260719\corrected_NAV_daily_wealth_ledger.csv.gz,actual_daily_holding_ledger
old_ai7_relative_00631l_timing,2330,2023-01-17 00:00:00,2023-02-24 00:00:00,63,C:\Users\zergv\Documents\Codex\2026-05-30\ep05-chat-ai-stock-backtest-lab\outputs\vnext_p1_p2_00631l_old_ai7_relative_ma_slope_switch_contract_20260719\corrected_NAV_daily_wealth_ledger.csv.gz,actual_daily_holding_ledger
old_ai7_relative_00631l_timing,2330,2024-02-29 00:00:00,2024-04-19 00:00:00,105,C:\Users\zergv\Documents\Codex\2026-05-30\ep05-chat-ai-stock-backtest-lab\outputs\vnext_p1_p2_00631l_old_ai7_relative_ma_slope_switch_contract_20260719\corrected_NAV_daily_wealth_ledger.csv.gz,actual_daily_holding_ledger
old_ai7_relative_00631l_timing,2330,2024-08-20 00:00:00,2024-09-04 00:00:00,36,C:\Users\zergv\Documents\Codex\2026-05-30\ep05-chat-ai-stock-backtest-lab\outputs\vnext_p1_p2_00631l_old_ai7_relative_ma_slope_switch_contract_20260719\corrected_NAV_daily_wealth_ledger.csv.gz,actual_daily_holding_ledger
old_ai7_relative_00631l_timing,2382,2015-08-05 00:00:00,2015-08-20 00:00:00,36,C:\Users\zergv\Documents\Codex\2026-05-30\ep05-chat-ai-stock-backtest-lab\outputs\vnext_p1_p2_00631l_old_ai7_relative_ma_slope_switch_contract_20260719\corrected_NAV_daily_wealth_ledger.csv.gz,actual_daily_holding_ledger
old_ai7_relative_00631l_timing,2382,2015-09-07 00:00:00,2015-09-24 00:00:00,42,C:\Users\zergv\Documents\Codex\2026-05-30\ep05-chat-ai-stock-backtest-lab\outputs\vnext_p1_p2_00631l_old_ai7_relative_ma_slope_switch_contract_20260719\corrected_NAV_daily_wealth_ledger.csv.gz,actual_daily_holding_ledger
old_ai7_relative_00631l_timing,2382,2016-02-01 00:00:00,2016-03-28 00:00:00,99,C:\Users\zergv\Documents\Codex\2026-05-30\ep05-chat-ai-stock-backtest-lab\outputs\vnext_p1_p2_00631l_old_ai7_relative_ma_slope_switch_contract_20260719\corrected_NAV_daily_wealth_ledger.csv.gz,actual_daily_holding_ledger
old_ai7_relative_00631l_timing,2382,2016-02-16 00:00:00,2016-03-28 00:00:00,87,C:\Users\zergv\Documents\Codex\2026-05-30\ep05-chat-ai-stock-backtest-lab\outputs\vnext_p1_p2_00631l_old_ai7_relative_ma_slope_switch_contract_20260719\corrected_NAV_daily_wealth_ledger.csv.gz,actual_daily_holding_ledger
old_ai7_relative_00631l_timing,2382,2016-05-19 00:00:00,2016-08-05 00:00:00,162,C:\Users\zergv\Documents\Codex\2026-05-30\ep05-chat-ai-stock-backtest-lab\outputs\vnext_p1_p2_00631l_old_ai7_relative_ma_slope_switch_contract_20260719\corrected_NAV_daily_wealth_ledger.csv.gz,actual_daily_holding_ledger
old_ai7_relative_00631l_timing,2382,2016-08-26 00:00:00,2016-09-12 00:00:00,36,C:\Users\zergv\Documents\Codex\2026-05-30\ep05-chat-ai-stock-backtest-lab\outputs\vnext_p1_p2_00631l_old_ai7_relative_ma_slope_switch_contract_20260719\corrected_NAV_daily_wealth_ledger.csv.gz,actual_daily_holding_ledger
old_ai7_relative_00631l_timing,2382,2016-12-16 00:00:00,2017-02-17 00:00:00,117,C:\Users\zergv\Documents\Codex\2026-05-30\ep05-chat-ai-stock-backtest-lab\outputs\vnext_p1_p2_00631l_old_ai7_relative_ma_slope_switch_contract_20260719\corrected_NAV_daily_wealth_ledger.csv.gz,actual_daily_holding_ledger
old_ai7_relative_00631l_timing,2382,2017-05-23 00:00:00,2017-08-14 00:00:00,174,C:\Users\zergv\Documents\Codex\2026-05-30\ep05-chat-ai-stock-backtest-lab\outputs\vnext_p1_p2_00631l_old_ai7_relative_ma_slope_switch_contract_20260719\corrected_NAV_daily_wealth_ledger.csv.gz,actual_daily_holding_ledger
old_ai7_relative_00631l_timing,2382,2017-07-24 00:00:00,2017-08-14 00:00:00,48,C:\Users\zergv\Documents\Codex\2026-05-30\ep05-chat-ai-stock-backtest-lab\outputs\vnext_p1_p2_00631l_old_ai7_relative_ma_slope_switch_contract_20260719\corrected_NAV_daily_wealth_ledger.csv.gz,actual_daily_holding_ledger
old_ai7_relative_00631l_timing,2382,2020-04-07 00:00:00,2020-06-15 00:00:00,147,C:\Users\zergv\Documents\Codex\2026-05-30\ep05-chat-ai-stock-backtest-lab\outputs\vnext_p1_p2_00631l_old_ai7_relative_ma_slope_switch_contract_20260719\corrected_NAV_daily_wealth_ledger.csv.gz,actual_daily_holding_ledger
old_ai7_relative_00631l_timing,2382,2020-08-19 00:00:00,2020-09-09 00:00:00,48,C:\Users\zergv\Documents\Codex\2026-05-30\ep05-chat-ai-stock-backtest-lab\outputs\vnext_p1_p2_00631l_old_ai7_relative_ma_slope_switch_contract_20260719\corrected_NAV_daily_wealth_ledger.csv.gz,actual_daily_holding_ledger
old_ai7_relative_00631l_timing,2382,2021-11-09 00:00:00,2022-01-25 00:00:00,165,C:\Users\zergv\Documents\Codex\2026-05-30\ep05-chat-ai-stock-backtest-lab\outputs\vnext_p1_p2_00631l_old_ai7_relative_ma_slope_switch_contract_20260719\corrected_NAV_daily_wealth_ledger.csv.gz,actual_daily_holding_ledger
old_ai7_relative_00631l_timing,2382,2022-03-02 00:00:00,2022-03-17 00:00:00,36,C:\Users\zergv\Documents\Codex\2026-05-30\ep05-chat-ai-stock-backtest-lab\outputs\vnext_p1_p2_00631l_old_ai7_relative_ma_slope_switch_contract_20260719\corrected_NAV_daily_wealth_ledger.csv.gz,actual_daily_holding_ledger
old_ai7_relative_00631l_timing,2382,2022-06-20 00:00:00,2022-07-05 00:00:00,36,C:\Users\zergv\Documents\Codex\2026-05-30\ep05-chat-ai-stock-backtest-lab\outputs\vnext_p1_p2_00631l_old_ai7_relative_ma_slope_switch_contract_20260719\corrected_NAV_daily_wealth_ledger.csv.gz,actual_daily_holding_ledger
old_ai7_relative_00631l_timing,2382,2022-06-24 00:00:00,2022-07-11 00:00:00,36,C:\Users\zergv\Documents\Codex\2026-05-30\ep05-chat-ai-stock-backtest-lab\outputs\vnext_p1_p2_00631l_old_ai7_relative_ma_slope_switch_contract_20260719\corrected_NAV_daily_wealth_ledger.csv.gz,actual_daily_holding_ledger
old_ai7_relative_00631l_timing,2382,2024-01-11 00:00:00,2024-02-27 00:00:00,81,C:\Users\zergv\Documents\Codex\2026-05-30\ep05-chat-ai-stock-backtest-lab\outputs\vnext_p1_p2_00631l_old_ai7_relative_ma_slope_switch_contract_20260719\corrected_NAV_daily_wealth_ledger.csv.gz,actual_daily_holding_ledger
old_ai7_relative_00631l_timing,2382,2024-04-03 00:00:00,2024-04-22 00:00:00,36,C:\Users\zergv\Documents\Codex\2026-05-30\ep05-chat-ai-stock-backtest-lab\outputs\vnext_p1_p2_00631l_old_ai7_relative_ma_slope_switch_contract_20260719\corrected_NAV_daily_wealth_ledger.csv.gz,actual_daily_holding_ledger
old_ai7_relative_00631l_timing,2382,2024-09-27 00:00:00,2024-11-15 00:00:00,96,C:\Users\zergv\Documents\Codex\2026-05-30\ep05-chat-ai-stock-backtest-lab\outputs\vnext_p1_p2_00631l_old_ai7_relative_ma_slope_switch_contract_20260719\corrected_NAV_daily_wealth_ledger.csv.gz,actual_daily_holding_ledger
old_ai7_relative_00631l_timing,2382,2025-03-06 00:00:00,2025-03-21 00:00:00,36,C:\Users\zergv\Documents\Codex\2026-05-30\ep05-chat-ai-stock-backtest-lab\outputs\vnext_p1_p2_00631l_old_ai7_relative_ma_slope_switch_contract_20260719\corrected_NAV_daily_wealth_ledger.csv.gz,actual_daily_holding_ledger
old_ai7_relative_00631l_timing,2382,2026-06-09 00:00:00,2026-06-29 00:00:00,42,C:\Users\zergv\Documents\Codex\2026-05-30\ep05-chat-ai-stock-backtest-lab\outputs\vnext_p1_p2_00631l_old_ai7_relative_ma_slope_switch_contract_20260719\corrected_NAV_daily_wealth_ledger.csv.gz,actual_daily_holding_ledger
old_ai7_relative_00631l_timing,2454,2015-06-15 00:00:00,2015-07-08 00:00:00,51,C:\Users\zergv\Documents\Codex\2026-05-30\ep05-chat-ai-stock-backtest-lab\outputs\vnext_p1_p2_00631l_old_ai7_relative_ma_slope_switch_contract_20260719\corrected_NAV_daily_wealth_ledger.csv.gz,actual_daily_holding_ledger
old_ai7_relative_00631l_timing,2454,2015-06-18 00:00:00,2015-07-08 00:00:00,42,C:\Users\zergv\Documents\Codex\2026-05-30\ep05-chat-ai-stock-backtest-lab\outputs\vnext_p1_p2_00631l_old_ai7_relative_ma_slope_switch_contract_20260719\corrected_NAV_daily_wealth_ledger.csv.gz,actual_daily_holding_ledger
old_ai7_relative_00631l_timing,2454,2015-11-10 00:00:00,2015-11-27 00:00:00,42,C:\Users\zergv\Documents\Codex\2026-05-30\ep05-chat-ai-stock-backtest-lab\outputs\vnext_p1_p2_00631l_old_ai7_relative_ma_slope_switch_contract_20260719\corrected_NAV_daily_wealth_ledger.csv.gz,actual_daily_holding_ledger
old_ai7_relative_00631l_timing,2454,2015-11-25 00:00:00,2015-12-10 00:00:00,36,C:\Users\zergv\Documents\Codex\2026-05-30\ep05-chat-ai-stock-backtest-lab\outputs\vnext_p1_p2_00631l_old_ai7_relative_ma_slope_switch_contract_20260719\corrected_NAV_daily_wealth_ledger.csv.gz,actual_daily_holding_ledger
old_ai7_relative_00631l_timing,2454,2016-08-09 00:00:00,2016-08-24 00:00:00,36,C:\Users\zergv\Documents\Codex\2026-05-30\ep05-chat-ai-stock-backtest-lab\outputs\vnext_p1_p2_00631l_old_ai7_relative_ma_slope_switch_contract_20260719\corrected_NAV_daily_wealth_ledger.csv.gz,actual_daily_holding_ledger
old_ai7_relative_00631l_timing,2454,2016-08-15 00:00:00,2016-09-02 00:00:00,45,C:\Users\zergv\Documents\Codex\2026-05-30\ep05-chat-ai-stock-backtest-lab\outputs\vnext_p1_p2_00631l_old_ai7_relative_ma_slope_switch_contract_20260719\corrected_NAV_daily_wealth_ledger.csv.gz,actual_daily_holding_ledger
old_ai7_relative_00631l_timing,2454,2016-12-07 00:00:00,2016-12-22 00:00:00,36,C:\Users\zergv\Documents\Codex\2026-05-30\ep05-chat-ai-stock-backtest-lab\outputs\vnext_p1_p2_00631l_old_ai7_relative_ma_slope_switch_contract_20260719\corrected_NAV_daily_wealth_ledger.csv.gz,actual_daily_holding_ledger
old_ai7_relative_00631l_timing,2454,2017-02-20 00:00:00,2017-03-24 00:00:00,69,C:\Users\zergv\Documents\Codex\2026-05-30\ep05-chat-ai-stock-backtest-lab\outputs\vnext_p1_p2_00631l_old_ai7_relative_ma_slope_switch_contract_20260719\corrected_NAV_daily_wealth_ledger.csv.gz,actual_daily_holding_ledger
old_ai7_relative_00631l_timing,2454,2017-09-21 00:00:00,2017-11-13 00:00:00,105,C:\Users\zergv\Documents\Codex\2026-05-30\ep05-chat-ai-stock-backtest-lab\outputs\vnext_p1_p2_00631l_old_ai7_relative_ma_slope_switch_contract_20260719\corrected_NAV_daily_wealth_ledger.csv.gz,actual_daily_holding_ledger
old_ai7_relative_00631l_timing,2454,2017-09-29 00:00:00,2017-11-13 00:00:00,87,C:\Users\zergv\Documents\Codex\2026-05-30\ep05-chat-ai-stock-backtest-lab\outputs\vnext_p1_p2_00631l_old_ai7_relative_ma_slope_switch_contract_20260719\corrected_NAV_daily_wealth_ledger.csv.gz,actual_daily_holding_ledger
old_ai7_relative_00631l_timing,2454,2019-06-10 00:00:00,2019-07-18 00:00:00,87,C:\Users\zergv\Documents\Codex\2026-05-30\ep05-chat-ai-stock-backtest-lab\outputs\vnext_p1_p2_00631l_old_ai7_relative_ma_slope_switch_contract_20260719\corrected_NAV_daily_wealth_ledger.csv.gz,actual_daily_holding_ledger
old_ai7_relative_00631l_timing,2454,2020-03-06 00:00:00,2020-03-23 00:00:00,36,C:\Users\zergv\Documents\Codex\2026-05-30\ep05-chat-ai-stock-backtest-lab\outputs\vnext_p1_p2_00631l_old_ai7_relative_ma_slope_switch_contract_20260719\corrected_NAV_daily_wealth_ledger.csv.gz,actual_daily_holding_ledger
old_ai7_relative_00631l_timing,2454,2020-07-28 00:00:00,2020-08-18 00:00:00,48,C:\Users\zergv\Documents\Codex\2026-05-30\ep05-chat-ai-stock-backtest-lab\outputs\vnext_p1_p2_00631l_old_ai7_relative_ma_slope_switch_contract_20260719\corrected_NAV_daily_wealth_ledger.csv.gz,actual_daily_holding_ledger
old_ai7_relative_00631l_timing,2454,2020-09-22 00:00:00,2020-11-11 00:00:00,102,C:\Users\zergv\Documents\Codex\2026-05-30\ep05-chat-ai-stock-backtest-lab\outputs\vnext_p1_p2_00631l_old_ai7_relative_ma_slope_switch_contract_20260719\corrected_NAV_daily_wealth_ledger.csv.gz,actual_daily_holding_ledger
old_ai7_relative_00631l_timing,2454,2020-09-30 00:00:00,2020-11-11 00:00:00,84,C:\Users\zergv\Documents\Codex\2026-05-30\ep05-chat-ai-stock-backtest-lab\outputs\vnext_p1_p2_00631l_old_ai7_relative_ma_slope_switch_contract_20260719\corrected_NAV_daily_wealth_ledger.csv.gz,actual_daily_holding_ledger
old_ai7_relative_00631l_timing,2454,2021-04-23 00:00:00,2021-05-11 00:00:00,36,C:\Users\zergv\Documents\Codex\2026-05-30\ep05-chat-ai-stock-backtest-lab\outputs\vnext_p1_p2_00631l_old_ai7_relative_ma_slope_switch_contract_20260719\corrected_NAV_daily_wealth_ledger.csv.gz,actual_daily_holding_ledger
old_ai7_relative_00631l_timing,2454,2021-07-26 00:00:00,2021-08-10 00:00:00,36,C:\Users\zergv\Documents\Codex\2026-05-30\ep05-chat-ai-stock-backtest-lab\outputs\vnext_p1_p2_00631l_old_ai7_relative_ma_slope_switch_contract_20260719\corrected_NAV_daily_wealth_ledger.csv.gz,actual_daily_holding_ledger
old_ai7_relative_00631l_timing,2454,2021-09-17 00:00:00,2021-10-06 00:00:00,36,C:\Users\zergv\Documents\Codex\2026-05-30\ep05-chat-ai-stock-backtest-lab\outputs\vnext_p1_p2_00631l_old_ai7_relative_ma_slope_switch_contract_20260719\corrected_NAV_daily_wealth_ledger.csv.gz,actual_daily_holding_ledger
old_ai7_relative_00631l_timing,2454,2021-11-09 00:00:00,2021-12-15 00:00:00,81,C:\Users\zergv\Documents\Codex\2026-05-30\ep05-chat-ai-stock-backtest-lab\outputs\vnext_p1_p2_00631l_old_ai7_relative_ma_slope_switch_contract_20260719\corrected_NAV_daily_wealth_ledger.csv.gz,actual_daily_holding_ledger
old_ai7_relative_00631l_timing,2454,2022-05-16 00:00:00,2022-06-17 00:00:00,72,C:\Users\zergv\Documents\Codex\2026-05-30\ep05-chat-ai-stock-backtest-lab\outputs\vnext_p1_p2_00631l_old_ai7_relative_ma_slope_switch_contract_20260719\corrected_NAV_daily_wealth_ledger.csv.gz,actual_daily_holding_ledger
old_ai7_relative_00631l_timing,2454,2022-10-25 00:00:00,2022-12-12 00:00:00,105,C:\Users\zergv\Documents\Codex\2026-05-30\ep05-chat-ai-stock-backtest-lab\outputs\vnext_p1_p2_00631l_old_ai7_relative_ma_slope_switch_contract_20260719\corrected_NAV_daily_wealth_ledger.csv.gz,actual_daily_holding_ledger
old_ai7_relative_00631l_timing,2454,2023-01-13 00:00:00,2023-02-24 00:00:00,69,C:\Users\zergv\Documents\Codex\2026-05-30\ep05-chat-ai-stock-backtest-lab\outputs\vnext_p1_p2_00631l_old_ai7_relative_ma_slope_switch_contract_20260719\corrected_NAV_daily_wealth_ledger.csv.gz,actual_daily_holding_ledger
old_ai7_relative_00631l_timing,2454,2023-08-10 00:00:00,2024-01-10 00:00:00,318,C:\Users\zergv\Documents\Codex\2026-05-30\ep05-chat-ai-stock-backtest-lab\outputs\vnext_p1_p2_00631l_old_ai7_relative_ma_slope_switch_contract_20260719\corrected_NAV_daily_wealth_ledger.csv.gz,actual_daily_holding_ledger
old_ai7_relative_00631l_timing,2454,2023-08-28 00:00:00,2024-01-10 00:00:00,282,C:\Users\zergv\Documents\Codex\2026-05-30\ep05-chat-ai-stock-backtest-lab\outputs\vnext_p1_p2_00631l_old_ai7_relative_ma_slope_switch_contract_20260719\corrected_NAV_daily_wealth_ledger.csv.gz,actual_daily_holding_ledger
old_ai7_relative_00631l_timing,2454,2024-03-01 00:00:00,2024-04-02 00:00:00,69,C:\Users\zergv\Documents\Codex\2026-05-30\ep05-chat-ai-stock-backtest-lab\outputs\vnext_p1_p2_00631l_old_ai7_relative_ma_slope_switch_contract_20260719\corrected_NAV_daily_wealth_ledger.csv.gz,actual_daily_holding_ledger
old_ai7_relative_00631l_timing,2454,2024-08-21 00:00:00,2024-09-05 00:00:00,36,C:\Users\zergv\Documents\Codex\2026-05-30\ep05-chat-ai-stock-backtest-lab\outputs\vnext_p1_p2_00631l_old_ai7_relative_ma_slope_switch_contract_20260719\corrected_NAV_daily_wealth_ledger.csv.gz,actual_daily_holding_ledger
old_ai7_relative_00631l_timing,2454,2025-01-17 00:00:00,2025-03-03 00:00:00,72,C:\Users\zergv\Documents\Codex\2026-05-30\ep05-chat-ai-stock-backtest-lab\outputs\vnext_p1_p2_00631l_old_ai7_relative_ma_slope_switch_contract_20260719\corrected_NAV_daily_wealth_ledger.csv.gz,actual_daily_holding_ledger
old_ai7_relative_00631l_timing,2454,2025-11-06 00:00:00,2025-11-21 00:00:00,36,C:\Users\zergv\Documents\Codex\2026-05-30\ep05-chat-ai-stock-backtest-lab\outputs\vnext_p1_p2_00631l_old_ai7_relative_ma_slope_switch_contract_20260719\corrected_NAV_daily_wealth_ledger.csv.gz,actual_daily_holding_ledger
old_ai7_relative_00631l_timing,2454,2026-05-22 00:00:00,2026-06-24 00:00:00,69,C:\Users\zergv\Documents\Codex\2026-05-30\ep05-chat-ai-stock-backtest-lab\outputs\vnext_p1_p2_00631l_old_ai7_relative_ma_slope_switch_contract_20260719\corrected_NAV_daily_wealth_ledger.csv.gz,actual_daily_holding_ledger
old_ai7_relative_00631l_timing,3231,2015-11-27 00:00:00,2016-01-05 00:00:00,81,C:\Users\zergv\Documents\Codex\2026-05-30\ep05-chat-ai-stock-backtest-lab\outputs\vnext_p1_p2_00631l_old_ai7_relative_ma_slope_switch_contract_20260719\corrected_NAV_daily_wealth_ledger.csv.gz,actual_daily_holding_ledger
old_ai7_relative_00631l_timing,3231,2015-11-30 00:00:00,2016-01-05 00:00:00,78,C:\Users\zergv\Documents\Codex\2026-05-30\ep05-chat-ai-stock-backtest-lab\outputs\vnext_p1_p2_00631l_old_ai7_relative_ma_slope_switch_contract_20260719\corrected_NAV_daily_wealth_ledger.csv.gz,actual_daily_holding_ledger
old_ai7_relative_00631l_timing,3231,2015-12-11 00:00:00,2016-01-05 00:00:00,51,C:\Users\zergv\Documents\Codex\2026-05-30\ep05-chat-ai-stock-backtest-lab\outputs\vnext_p1_p2_00631l_old_ai7_relative_ma_slope_switch_contract_20260719\corrected_NAV_daily_wealth_ledger.csv.gz,actual_daily_holding_ledger
old_ai7_relative_00631l_timing,3231,2016-09-06 00:00:00,2016-10-21 00:00:00,93,C:\Users\zergv\Documents\Codex\2026-05-30\ep05-chat-ai-stock-backtest-lab\outputs\vnext_p1_p2_00631l_old_ai7_relative_ma_slope_switch_contract_20260719\corrected_NAV_daily_wealth_ledger.csv.gz,actual_daily_holding_ledger
old_ai7_relative_00631l_timing,3231,2016-11-11 00:00:00,2016-11-28 00:00:00,36,C:\Users\zergv\Documents\Codex\2026-05-30\ep05-chat-ai-stock-backtest-lab\outputs\vnext_p1_p2_00631l_old_ai7_relative_ma_slope_switch_contract_20260719\corrected_NAV_daily_wealth_ledger.csv.gz,actual_daily_holding_ledger
old_ai7_relative_00631l_timing,3231,2017-03-27 00:00:00,2017-04-19 00:00:00,48,C:\Users\zergv\Documents\Codex\2026-05-30\ep05-chat-ai-stock-backtest-lab\outputs\vnext_p1_p2_00631l_old_ai7_relative_ma_slope_switch_contract_20260719\corrected_NAV_daily_wealth_ledger.csv.gz,actual_daily_holding_ledger
old_ai7_relative_00631l_timing,3231,2017-06-13 00:00:00,2017-07-13 00:00:00,69,C:\Users\zergv\Documents\Codex\2026-05-30\ep05-chat-ai-stock-backtest-lab\outputs\vnext_p1_p2_00631l_old_ai7_relative_ma_slope_switch_contract_20260719\corrected_NAV_daily_wealth_ledger.csv.gz,actual_daily_holding_ledger
old_ai7_relative_00631l_timing,3231,2017-11-14 00:00:00,2017-11-29 00:00:00,36,C:\Users\zergv\Documents\Codex\2026-05-30\ep05-chat-ai-stock-backtest-lab\outputs\vnext_p1_p2_00631l_old_ai7_relative_ma_slope_switch_contract_20260719\corrected_NAV_daily_wealth_ledger.csv.gz,actual_daily_holding_ledger
old_ai7_relative_00631l_timing,3231,2017-12-26 00:00:00,2019-03-26 00:00:00,900,C:\Users\zergv\Documents\Codex\2026-05-30\ep05-chat-ai-stock-backtest-lab\outputs\vnext_p1_p2_00631l_old_ai7_relative_ma_slope_switch_contract_20260719\corrected_NAV_daily_wealth_ledger.csv.gz,actual_daily_holding_ledger
old_ai7_relative_00631l_timing,3231,2020-04-14 00:00:00,2020-07-27 00:00:00,216,C:\Users\zergv\Documents\Codex\2026-05-30\ep05-chat-ai-stock-backtest-lab\outputs\vnext_p1_p2_00631l_old_ai7_relative_ma_slope_switch_contract_20260719\corrected_NAV_daily_wealth_ledger.csv.gz,actual_daily_holding_ledger
old_ai7_relative_00631l_timing,3231,2020-06-16 00:00:00,2020-07-27 00:00:00,84,C:\Users\zergv\Documents\Codex\2026-05-30\ep05-chat-ai-stock-backtest-lab\outputs\vnext_p1_p2_00631l_old_ai7_relative_ma_slope_switch_contract_20260719\corrected_NAV_daily_wealth_ledger.csv.gz,actual_daily_holding_ledger
old_ai7_relative_00631l_timing,3231,2021-02-25 00:00:00,2021-04-19 00:00:00,102,C:\Users\zergv\Documents\Codex\2026-05-30\ep05-chat-ai-stock-backtest-lab\outputs\vnext_p1_p2_00631l_old_ai7_relative_ma_slope_switch_contract_20260719\corrected_NAV_daily_wealth_ledger.csv.gz,actual_daily_holding_ledger
old_ai7_relative_00631l_timing,3231,2021-03-22 00:00:00,2021-04-19 00:00:00,54,C:\Users\zergv\Documents\Codex\2026-05-30\ep05-chat-ai-stock-backtest-lab\outputs\vnext_p1_p2_00631l_old_ai7_relative_ma_slope_switch_contract_20260719\corrected_NAV_daily_wealth_ledger.csv.gz,actual_daily_holding_ledger
old_ai7_relative_00631l_timing,3231,2021-06-02 00:00:00,2021-07-21 00:00:00,105,C:\Users\zergv\Documents\Codex\2026-05-30\ep05-chat-ai-stock-backtest-lab\outputs\vnext_p1_p2_00631l_old_ai7_relative_ma_slope_switch_contract_20260719\corrected_NAV_daily_wealth_ledger.csv.gz,actual_daily_holding_ledger
old_ai7_relative_00631l_timing,3231,2021-09-17 00:00:00,2021-11-08 00:00:00,102,C:\Users\zergv\Documents\Codex\2026-05-30\ep05-chat-ai-stock-backtest-lab\outputs\vnext_p1_p2_00631l_old_ai7_relative_ma_slope_switch_contract_20260719\corrected_NAV_daily_wealth_ledger.csv.gz,actual_daily_holding_ledger
old_ai7_relative_00631l_timing,3231,2021-10-07 00:00:00,2021-11-08 00:00:00,66,C:\Users\zergv\Documents\Codex\2026-05-30\ep05-chat-ai-stock-backtest-lab\outputs\vnext_p1_p2_00631l_old_ai7_relative_ma_slope_switch_contract_20260719\corrected_NAV_daily_wealth_ledger.csv.gz,actual_daily_holding_ledger
old_ai7_relative_00631l_timing,3231,2022-01-25 00:00:00,2022-02-24 00:00:00,48,C:\Users\zergv\Documents\Codex\2026-05-30\ep05-chat-ai-stock-backtest-lab\outputs\vnext_p1_p2_00631l_old_ai7_relative_ma_slope_switch_contract_20260719\corrected_NAV_daily_wealth_ledger.csv.gz,actual_daily_holding_ledger
old_ai7_relative_00631l_timing,3231,2022-02-07 00:00:00,2022-02-24 00:00:00,42,C:\Users\zergv\Documents\Codex\2026-05-30\ep05-chat-ai-stock-backtest-lab\outputs\vnext_p1_p2_00631l_old_ai7_relative_ma_slope_switch_contract_20260719\corrected_NAV_daily_wealth_ledger.csv.gz,actual_daily_holding_ledger
old_ai7_relative_00631l_timing,3231,2022-10-05 00:00:00,2022-10-21 00:00:00,36,C:\Users\zergv\Documents\Codex\2026-05-30\ep05-chat-ai-stock-backtest-lab\outputs\vnext_p1_p2_00631l_old_ai7_relative_ma_slope_switch_contract_20260719\corrected_NAV_daily_wealth_ledger.csv.gz,actual_daily_holding_ledger
old_ai7_relative_00631l_timing,3231,2023-04-27 00:00:00,2023-08-09 00:00:00,213,C:\Users\zergv\Documents\Codex\2026-05-30\ep05-chat-ai-stock-backtest-lab\outputs\vnext_p1_p2_00631l_old_ai7_relative_ma_slope_switch_contract_20260719\corrected_NAV_daily_wealth_ledger.csv.gz,actual_daily_holding_ledger
old_ai7_relative_00631l_timing,3231,2024-07-18 00:00:00,2024-08-06 00:00:00,36,C:\Users\zergv\Documents\Codex\2026-05-30\ep05-chat-ai-stock-backtest-lab\outputs\vnext_p1_p2_00631l_old_ai7_relative_ma_slope_switch_contract_20260719\corrected_NAV_daily_wealth_ledger.csv.gz,actual_daily_holding_ledger
old_ai7_relative_00631l_timing,3231,2024-08-26 00:00:00,2024-09-10 00:00:00,36,C:\Users\zergv\Documents\Codex\2026-05-30\ep05-chat-ai-stock-backtest-lab\outputs\vnext_p1_p2_00631l_old_ai7_relative_ma_slope_switch_contract_20260719\corrected_NAV_daily_wealth_ledger.csv.gz,actual_daily_holding_ledger
old_ai7_relative_00631l_timing,3231,2025-12-22 00:00:00,2026-01-19 00:00:00,57,C:\Users\zergv\Documents\Codex\2026-05-30\ep05-chat-ai-stock-backtest-lab\outputs\vnext_p1_p2_00631l_old_ai7_relative_ma_slope_switch_contract_20260719\corrected_NAV_daily_wealth_ledger.csv.gz,actual_daily_holding_ledger
old_ai7_relative_00631l_timing,6669,2019-03-27 00:00:00,2019-04-15 00:00:00,36,C:\Users\zergv\Documents\Codex\2026-05-30\ep05-chat-ai-stock-backtest-lab\outputs\vnext_p1_p2_00631l_old_ai7_relative_ma_slope_switch_contract_20260719\corrected_NAV_daily_wealth_ledger.csv.gz,actual_daily_holding_ledger
old_ai7_relative_00631l_timing,6669,2019-05-22 00:00:00,2019-06-06 00:00:00,36,C:\Users\zergv\Documents\Codex\2026-05-30\ep05-chat-ai-stock-backtest-lab\outputs\vnext_p1_p2_00631l_old_ai7_relative_ma_slope_switch_contract_20260719\corrected_NAV_daily_wealth_ledger.csv.gz,actual_daily_holding_ledger
old_ai7_relative_00631l_timing,6669,2019-08-12 00:00:00,2020-03-03 00:00:00,399,C:\Users\zergv\Documents\Codex\2026-05-30\ep05-chat-ai-stock-backtest-lab\outputs\vnext_p1_p2_00631l_old_ai7_relative_ma_slope_switch_contract_20260719\corrected_NAV_daily_wealth_ledger.csv.gz,actual_daily_holding_ledger
old_ai7_relative_00631l_timing,6669,2021-03-04 00:00:00,2021-03-19 00:00:00,36,C:\Users\zergv\Documents\Codex\2026-05-30\ep05-chat-ai-stock-backtest-lab\outputs\vnext_p1_p2_00631l_old_ai7_relative_ma_slope_switch_contract_20260719\corrected_NAV_daily_wealth_ledger.csv.gz,actual_daily_holding_ledger
old_ai7_relative_00631l_timing,6669,2021-04-21 00:00:00,2021-05-13 00:00:00,48,C:\Users\zergv\Documents\Codex\2026-05-30\ep05-chat-ai-stock-backtest-lab\outputs\vnext_p1_p2_00631l_old_ai7_relative_ma_slope_switch_contract_20260719\corrected_NAV_daily_wealth_ledger.csv.gz,actual_daily_holding_ledger
old_ai7_relative_00631l_timing,6669,2021-04-26 00:00:00,2021-05-13 00:00:00,39,C:\Users\zergv\Documents\Codex\2026-05-30\ep05-chat-ai-stock-backtest-lab\outputs\vnext_p1_p2_00631l_old_ai7_relative_ma_slope_switch_contract_20260719\corrected_NAV_daily_wealth_ledger.csv.gz,actual_daily_holding_ledger
old_ai7_relative_00631l_timing,6669,2021-06-25 00:00:00,2021-07-21 00:00:00,57,C:\Users\zergv\Documents\Codex\2026-05-30\ep05-chat-ai-stock-backtest-lab\outputs\vnext_p1_p2_00631l_old_ai7_relative_ma_slope_switch_contract_20260719\corrected_NAV_daily_wealth_ledger.csv.gz,actual_daily_holding_ledger
old_ai7_relative_00631l_timing,6669,2021-08-24 00:00:00,2021-09-16 00:00:00,54,C:\Users\zergv\Documents\Codex\2026-05-30\ep05-chat-ai-stock-backtest-lab\outputs\vnext_p1_p2_00631l_old_ai7_relative_ma_slope_switch_contract_20260719\corrected_NAV_daily_wealth_ledger.csv.gz,actual_daily_holding_ledger
old_ai7_relative_00631l_timing,6669,2021-11-12 00:00:00,2022-01-06 00:00:00,117,C:\Users\zergv\Documents\Codex\2026-05-30\ep05-chat-ai-stock-backtest-lab\outputs\vnext_p1_p2_00631l_old_ai7_relative_ma_slope_switch_contract_20260719\corrected_NAV_daily_wealth_ledger.csv.gz,actual_daily_holding_ledger
old_ai7_relative_00631l_timing,6669,2021-12-16 00:00:00,2022-01-06 00:00:00,45,C:\Users\zergv\Documents\Codex\2026-05-30\ep05-chat-ai-stock-backtest-lab\outputs\vnext_p1_p2_00631l_old_ai7_relative_ma_slope_switch_contract_20260719\corrected_NAV_daily_wealth_ledger.csv.gz,actual_daily_holding_ledger
old_ai7_relative_00631l_timing,6669,2022-04-14 00:00:00,2022-05-10 00:00:00,54,C:\Users\zergv\Documents\Codex\2026-05-30\ep05-chat-ai-stock-backtest-lab\outputs\vnext_p1_p2_00631l_old_ai7_relative_ma_slope_switch_contract_20260719\corrected_NAV_daily_wealth_ledger.csv.gz,actual_daily_holding_ledger
old_ai7_relative_00631l_timing,6669,2022-04-20 00:00:00,2022-05-10 00:00:00,42,C:\Users\zergv\Documents\Codex\2026-05-30\ep05-chat-ai-stock-backtest-lab\outputs\vnext_p1_p2_00631l_old_ai7_relative_ma_slope_switch_contract_20260719\corrected_NAV_daily_wealth_ledger.csv.gz,actual_daily_holding_ledger
old_ai7_relative_00631l_timing,6669,2022-09-12 00:00:00,2022-09-28 00:00:00,39,C:\Users\zergv\Documents\Codex\2026-05-30\ep05-chat-ai-stock-backtest-lab\outputs\vnext_p1_p2_00631l_old_ai7_relative_ma_slope_switch_contract_20260719\corrected_NAV_daily_wealth_ledger.csv.gz,actual_daily_holding_ledger
old_ai7_relative_00631l_timing,6669,2022-12-13 00:00:00,2022-12-28 00:00:00,36,C:\Users\zergv\Documents\Codex\2026-05-30\ep05-chat-ai-stock-backtest-lab\outputs\vnext_p1_p2_00631l_old_ai7_relative_ma_slope_switch_contract_20260719\corrected_NAV_daily_wealth_ledger.csv.gz,actual_daily_holding_ledger
old_ai7_relative_00631l_timing,6669,2023-03-01 00:00:00,2023-04-25 00:00:00,111,C:\Users\zergv\Documents\Codex\2026-05-30\ep05-chat-ai-stock-backtest-lab\outputs\vnext_p1_p2_00631l_old_ai7_relative_ma_slope_switch_contract_20260719\corrected_NAV_daily_wealth_ledger.csv.gz,actual_daily_holding_ledger
old_ai7_relative_00631l_timing,6669,2024-01-11 00:00:00,2024-02-27 00:00:00,81,C:\Users\zergv\Documents\Codex\2026-05-30\ep05-chat-ai-stock-backtest-lab\outputs\vnext_p1_p2_00631l_old_ai7_relative_ma_slope_switch_contract_20260719\corrected_NAV_daily_wealth_ledger.csv.gz,actual_daily_holding_ledger
old_ai7_relative_00631l_timing,6669,2024-11-18 00:00:00,2025-01-13 00:00:00,120,C:\Users\zergv\Documents\Codex\2026-05-30\ep05-chat-ai-stock-backtest-lab\outputs\vnext_p1_p2_00631l_old_ai7_relative_ma_slope_switch_contract_20260719\corrected_NAV_daily_wealth_ledger.csv.gz,actual_daily_holding_ledger
old_ai7_relative_00631l_timing,6669,2025-05-08 00:00:00,2025-07-01 00:00:00,114,C:\Users\zergv\Documents\Codex\2026-05-30\ep05-chat-ai-stock-backtest-lab\outputs\vnext_p1_p2_00631l_old_ai7_relative_ma_slope_switch_contract_20260719\corrected_NAV_daily_wealth_ledger.csv.gz,actual_daily_holding_ledger
old_ai7_relative_00631l_timing,6669,2025-11-27 00:00:00,2025-12-17 00:00:00,45,C:\Users\zergv\Documents\Codex\2026-05-30\ep05-chat-ai-stock-backtest-lab\outputs\vnext_p1_p2_00631l_old_ai7_relative_ma_slope_switch_contract_20260719\corrected_NAV_daily_wealth_ledger.csv.gz,actual_daily_holding_ledger
old_ai7_relative_00631l_timing,6669,2025-11-28 00:00:00,2025-12-17 00:00:00,42,C:\Users\zergv\Documents\Codex\2026-05-30\ep05-chat-ai-stock-backtest-lab\outputs\vnext_p1_p2_00631l_old_ai7_relative_ma_slope_switch_contract_20260719\corrected_NAV_daily_wealth_ledger.csv.gz,actual_daily_holding_ledger
old_ai7_relative_00631l_timing,6669,2026-03-12 00:00:00,2026-03-27 00:00:00,36,C:\Users\zergv\Documents\Codex\2026-05-30\ep05-chat-ai-stock-backtest-lab\outputs\vnext_p1_p2_00631l_old_ai7_relative_ma_slope_switch_contract_20260719\corrected_NAV_daily_wealth_ledger.csv.gz,actual_daily_holding_ledger
old_ai7_relative_00631l_timing,6669,2026-03-13 00:00:00,2026-03-30 00:00:00,36,C:\Users\zergv\Documents\Codex\2026-05-30\ep05-chat-ai-stock-backtest-lab\outputs\vnext_p1_p2_00631l_old_ai7_relative_ma_slope_switch_contract_20260719\corrected_NAV_daily_wealth_ledger.csv.gz,actual_daily_holding_ledger
old_ai7_relative_00631l_timing,6669,2026-05-22 00:00:00,2026-06-08 00:00:00,36,C:\Users\zergv\Documents\Codex\2026-05-30\ep05-chat-ai-stock-backtest-lab\outputs\vnext_p1_p2_00631l_old_ai7_relative_ma_slope_switch_contract_20260719\corrected_NAV_daily_wealth_ledger.csv.gz,actual_daily_holding_ledger
old_ai7_three_chip,2308,2025-07-14 00:00:00,2025-11-05 00:00:00,237,C:\Users\zergv\Documents\Codex\2026-05-30\ep05-chat-ai-stock-backtest-lab\outputs\old_ai7_three_chip_four_strategy_contract_20260721\corrected_NAV_daily_wealth_ledger.csv.gz,actual_daily_holding_ledger
old_ai7_three_chip,2308,2025-07-14 00:00:00,2025-07-14 00:00:00,3,C:\Users\zergv\Documents\Codex\2026-05-30\ep05-chat-ai-stock-backtest-lab\outputs\old_ai7_three_chip_four_strategy_contract_20260721\corrected_NAV_daily_wealth_ledger.csv.gz,actual_daily_holding_ledger
old_ai7_three_chip,2308,2025-07-16 00:00:00,2025-07-16 00:00:00,3,C:\Users\zergv\Documents\Codex\2026-05-30\ep05-chat-ai-stock-backtest-lab\outputs\old_ai7_three_chip_four_strategy_contract_20260721\corrected_NAV_daily_wealth_ledger.csv.gz,actual_daily_holding_ledger
old_ai7_three_chip,2308,2025-07-18 00:00:00,2025-07-18 00:00:00,3,C:\Users\zergv\Documents\Codex\2026-05-30\ep05-chat-ai-stock-backtest-lab\outputs\old_ai7_three_chip_four_strategy_contract_20260721\corrected_NAV_daily_wealth_ledger.csv.gz,actual_daily_holding_ledger
old_ai7_three_chip,2308,2025-07-22 00:00:00,2025-07-22 00:00:00,3,C:\Users\zergv\Documents\Codex\2026-05-30\ep05-chat-ai-stock-backtest-lab\outputs\old_ai7_three_chip_four_strategy_contract_20260721\corrected_NAV_daily_wealth_ledger.csv.gz,actual_daily_holding_ledger
old_ai7_three_chip,2308,2025-07-24 00:00:00,2025-07-24 00:00:00,3,C:\Users\zergv\Documents\Codex\2026-05-30\ep05-chat-ai-stock-backtest-lab\outputs\old_ai7_three_chip_four_strategy_contract_20260721\corrected_NAV_daily_wealth_ledger.csv.gz,actual_daily_holding_ledger
old_ai7_three_chip,2308,2025-07-28 00:00:00,2025-08-25 00:00:00,63,C:\Users\zergv\Documents\Codex\2026-05-30\ep05-chat-ai-stock-backtest-lab\outputs\old_ai7_three_chip_four_strategy_contract_20260721\corrected_NAV_daily_wealth_ledger.csv.gz,actual_daily_holding_ledger
old_ai7_three_chip,2308,2025-10-28 00:00:00,2025-11-05 00:00:00,21,C:\Users\zergv\Documents\Codex\2026-05-30\ep05-chat-ai-stock-backtest-lab\outputs\old_ai7_three_chip_four_strategy_contract_20260721\corrected_NAV_daily_wealth_ledger.csv.gz,actual_daily_holding_ledger
old_ai7_three_chip,2308,2025-10-29 00:00:00,2025-11-05 00:00:00,18,C:\Users\zergv\Documents\Codex\2026-05-30\ep05-chat-ai-stock-backtest-lab\outputs\old_ai7_three_chip_four_strategy_contract_20260721\corrected_NAV_daily_wealth_ledger.csv.gz,actual_daily_holding_ledger
old_ai7_three_chip,2308,2025-12-09 00:00:00,2025-12-17 00:00:00,21,C:\Users\zergv\Documents\Codex\2026-05-30\ep05-chat-ai-stock-backtest-lab\outputs\old_ai7_three_chip_four_strategy_contract_20260721\corrected_NAV_daily_wealth_ledger.csv.gz,actual_daily_holding_ledger
old_ai7_three_chip,2308,2025-12-23 00:00:00,2025-12-23 00:00:00,3,C:\Users\zergv\Documents\Codex\2026-05-30\ep05-chat-ai-stock-backtest-lab\outputs\old_ai7_three_chip_four_strategy_contract_20260721\corrected_NAV_daily_wealth_ledger.csv.gz,actual_daily_holding_ledger
old_ai7_three_chip,2308,2025-12-26 00:00:00,2026-03-09 00:00:00,129,C:\Users\zergv\Documents\Codex\2026-05-30\ep05-chat-ai-stock-backtest-lab\outputs\old_ai7_three_chip_four_strategy_contract_20260721\corrected_NAV_daily_wealth_ledger.csv.gz,actual_daily_holding_ledger
old_ai7_three_chip,2308,2026-01-06 00:00:00,2026-02-09 00:00:00,75,C:\Users\zergv\Documents\Codex\2026-05-30\ep05-chat-ai-stock-backtest-lab\outputs\old_ai7_three_chip_four_strategy_contract_20260721\corrected_NAV_daily_wealth_ledger.csv.gz,actual_daily_holding_ledger
old_ai7_three_chip,2308,2026-02-24 00:00:00,2026-03-09 00:00:00,27,C:\Users\zergv\Documents\Codex\2026-05-30\ep05-chat-ai-stock-backtest-lab\outputs\old_ai7_three_chip_four_strategy_contract_20260721\corrected_NAV_daily_wealth_ledger.csv.gz,actual_daily_holding_ledger
old_ai7_three_chip,2308,2026-03-12 00:00:00,2026-05-19 00:00:00,138,C:\Users\zergv\Documents\Codex\2026-05-30\ep05-chat-ai-stock-backtest-lab\outputs\old_ai7_three_chip_four_strategy_contract_20260721\corrected_NAV_daily_wealth_ledger.csv.gz,actual_daily_holding_ledger
old_ai7_three_chip,2308,2026-03-24 00:00:00,2026-05-19 00:00:00,114,C:\Users\zergv\Documents\Codex\2026-05-30\ep05-chat-ai-stock-backtest-lab\outputs\old_ai7_three_chip_four_strategy_contract_20260721\corrected_NAV_daily_wealth_ledger.csv.gz,actual_daily_holding_ledger
old_ai7_three_chip,2308,2026-06-02 00:00:00,2026-06-22 00:00:00,42,C:\Users\zergv\Documents\Codex\2026-05-30\ep05-chat-ai-stock-backtest-lab\outputs\old_ai7_three_chip_four_strategy_contract_20260721\corrected_NAV_daily_wealth_ledger.csv.gz,actual_daily_holding_ledger
old_ai7_three_chip,2308,2026-06-10 00:00:00,2026-06-22 00:00:00,24,C:\Users\zergv\Documents\Codex\2026-05-30\ep05-chat-ai-stock-backtest-lab\outputs\old_ai7_three_chip_four_strategy_contract_20260721\corrected_NAV_daily_wealth_ledger.csv.gz,actual_daily_holding_ledger
old_ai7_three_chip,6669,2025-07-14 00:00:00,2025-07-14 00:00:00,3,C:\Users\zergv\Documents\Codex\2026-05-30\ep05-chat-ai-stock-backtest-lab\outputs\old_ai7_three_chip_four_strategy_contract_20260721\corrected_NAV_daily_wealth_ledger.csv.gz,actual_daily_holding_ledger
old_ai7_three_chip,6669,2025-10-01 00:00:00,2025-10-27 00:00:00,48,C:\Users\zergv\Documents\Codex\2026-05-30\ep05-chat-ai-stock-backtest-lab\outputs\old_ai7_three_chip_four_strategy_contract_20260721\corrected_NAV_daily_wealth_ledger.csv.gz,actual_daily_holding_ledger
old_ai7_three_chip,6669,2025-11-07 00:00:00,2025-11-24 00:00:00,36,C:\Users\zergv\Documents\Codex\2026-05-30\ep05-chat-ai-stock-backtest-lab\outputs\old_ai7_three_chip_four_strategy_contract_20260721\corrected_NAV_daily_wealth_ledger.csv.gz,actual_daily_holding_ledger
old_ai7_three_chip,6669,2025-11-27 00:00:00,2025-12-17 00:00:00,45,C:\Users\zergv\Documents\Codex\2026-05-30\ep05-chat-ai-stock-backtest-lab\outputs\old_ai7_three_chip_four_strategy_contract_20260721\corrected_NAV_daily_wealth_ledger.csv.gz,actual_daily_holding_ledger
old_ai7_three_chip,6669,2026-02-25 00:00:00,2026-03-23 00:00:00,54,C:\Users\zergv\Documents\Codex\2026-05-30\ep05-chat-ai-stock-backtest-lab\outputs\old_ai7_three_chip_four_strategy_contract_20260721\corrected_NAV_daily_wealth_ledger.csv.gz,actual_daily_holding_ledger
old_ai7_three_chip,6669,2026-04-20 00:00:00,2026-05-11 00:00:00,45,C:\Users\zergv\Documents\Codex\2026-05-30\ep05-chat-ai-stock-backtest-lab\outputs\old_ai7_three_chip_four_strategy_contract_20260721\corrected_NAV_daily_wealth_ledger.csv.gz,actual_daily_holding_ledger
old_ai7_three_chip,6669,2026-05-22 00:00:00,2026-06-08 00:00:00,36,C:\Users\zergv\Documents\Codex\2026-05-30\ep05-chat-ai-stock-backtest-lab\outputs\old_ai7_three_chip_four_strategy_contract_20260721\corrected_NAV_daily_wealth_ledger.csv.gz,actual_daily_holding_ledger
old_ai7_three_chip,6669,2026-07-09 00:00:00,2026-07-17 00:00:00,18,C:\Users\zergv\Documents\Codex\2026-05-30\ep05-chat-ai-stock-backtest-lab\outputs\old_ai7_three_chip_four_strategy_contract_20260721\corrected_NAV_daily_wealth_ledger.csv.gz,actual_daily_holding_ledger
