ticker,industry_code,industry_source,industry_name
1101,01,official_twse_current_company_profile,產業代碼01
1102,01,official_twse_current_company_profile,產業代碼01
1103,01,official_twse_current_company_profile,產業代碼01
1104,01,official_twse_current_company_profile,產業代碼01
1108,01,official_twse_current_company_profile,產業代碼01
1109,01,official_twse_current_company_profile,產業代碼01
1110,01,official_twse_current_company_profile,產業代碼01
1201,02,official_twse_current_company_profile,產業代碼02
1203,02,official_twse_current_company_profile,產業代碼02
1210,02,official_twse_current_company_profile,產業代碼02
1213,02,official_twse_current_company_profile,產業代碼02
1215,02,official_twse_current_company_profile,產業代碼02
1216,02,official_twse_current_company_profile,產業代碼02
1217,02,official_twse_current_company_profile,產業代碼02
1218,02,official_twse_current_company_profile,產業代碼02
1219,02,official_twse_current_company_profile,產業代碼02
1220,02,official_twse_current_company_profile,產業代碼02
1225,02,official_twse_current_company_profile,產業代碼02
1227,02,official_twse_current_company_profile,產業代碼02
1229,02,official_twse_current_company_profile,產業代碼02
1231,02,official_twse_current_company_profile,產業代碼02
1232,02,official_twse_current_company_profile,產業代碼02
1233,02,official_twse_current_company_profile,產業代碼02
1234,02,official_twse_current_company_profile,產業代碼02
1235,02,official_twse_current_company_profile,產業代碼02
1236,02,official_twse_current_company_profile,產業代碼02
1256,02,official_twse_current_company_profile,產業代碼02
1301,03,official_twse_current_company_profile,產業代碼03
1303,03,official_twse_current_company_profile,產業代碼03
1304,03,official_twse_current_company_profile,產業代碼03
1305,03,official_twse_current_company_profile,產業代碼03
1307,03,official_twse_current_company_profile,產業代碼03
1308,03,official_twse_current_company_profile,產業代碼03
1309,03,official_twse_current_company_profile,產業代碼03
1310,03,official_twse_current_company_profile,產業代碼03
1312,03,official_twse_current_company_profile,產業代碼03
1313,03,official_twse_current_company_profile,產業代碼03
1314,03,official_twse_current_company_profile,產業代碼03
1315,03,official_twse_current_company_profile,產業代碼03
1316,14,official_twse_current_company_profile,建材營造
1319,12,official_twse_current_company_profile,汽車工業
1321,03,official_twse_current_company_profile,產業代碼03
1323,03,official_twse_current_company_profile,產業代碼03
1324,03,official_twse_current_company_profile,產業代碼03
1325,03,official_twse_current_company_profile,產業代碼03
1326,03,official_twse_current_company_profile,產業代碼03
1337,03,official_twse_current_company_profile,產業代碼03
1338,12,official_twse_current_company_profile,汽車工業
1339,12,official_twse_current_company_profile,汽車工業
1340,03,official_twse_current_company_profile,產業代碼03
1341,03,official_twse_current_company_profile,產業代碼03
1342,20,official_twse_current_company_profile,其他
1402,04,official_twse_current_company_profile,產業代碼04
1409,04,official_twse_current_company_profile,產業代碼04
1410,04,official_twse_current_company_profile,產業代碼04
1413,04,official_twse_current_company_profile,產業代碼04
1414,04,official_twse_current_company_profile,產業代碼04
1416,20,official_twse_current_company_profile,其他
1417,04,official_twse_current_company_profile,產業代碼04
1418,04,official_twse_current_company_profile,產業代碼04
1419,04,official_twse_current_company_profile,產業代碼04
1423,04,official_twse_current_company_profile,產業代碼04
1432,37,official_twse_current_company_profile,產業代碼37
1434,04,official_twse_current_company_profile,產業代碼04
1435,20,official_twse_current_company_profile,其他
1436,14,official_twse_current_company_profile,建材營造
1437,20,official_twse_current_company_profile,其他
1438,14,official_twse_current_company_profile,建材營造
1439,14,official_twse_current_company_profile,建材營造
1440,04,official_twse_current_company_profile,產業代碼04
1441,04,official_twse_current_company_profile,產業代碼04
1442,14,official_twse_current_company_profile,建材營造
1443,20,official_twse_current_company_profile,其他
1444,04,official_twse_current_company_profile,產業代碼04
1445,04,official_twse_current_company_profile,產業代碼04
1446,04,official_twse_current_company_profile,產業代碼04
1447,04,official_twse_current_company_profile,產業代碼04
1449,04,official_twse_current_company_profile,產業代碼04
1451,04,official_twse_current_company_profile,產業代碼04
1452,04,official_twse_current_company_profile,產業代碼04
1453,14,official_twse_current_company_profile,建材營造
1454,04,official_twse_current_company_profile,產業代碼04
1455,04,official_twse_current_company_profile,產業代碼04
1456,14,official_twse_current_company_profile,建材營造
1457,04,official_twse_current_company_profile,產業代碼04
1459,04,official_twse_current_company_profile,產業代碼04
1460,04,official_twse_current_company_profile,產業代碼04
1463,04,official_twse_current_company_profile,產業代碼04
1464,04,official_twse_current_company_profile,產業代碼04
1465,04,official_twse_current_company_profile,產業代碼04
1466,04,official_twse_current_company_profile,產業代碼04
1467,04,official_twse_current_company_profile,產業代碼04
1468,04,official_twse_current_company_profile,產業代碼04
1470,04,official_twse_current_company_profile,產業代碼04
1471,28,official_twse_current_company_profile,電子零組件業
1472,14,official_twse_current_company_profile,建材營造
1473,04,official_twse_current_company_profile,產業代碼04
1474,04,official_twse_current_company_profile,產業代碼04
1475,04,official_twse_current_company_profile,產業代碼04
1476,04,official_twse_current_company_profile,產業代碼04
1477,04,official_twse_current_company_profile,產業代碼04
1503,05,official_twse_current_company_profile,產業代碼05
1504,05,official_twse_current_company_profile,產業代碼05
1506,05,official_twse_current_company_profile,產業代碼05
1512,12,official_twse_current_company_profile,汽車工業
1513,05,official_twse_current_company_profile,產業代碼05
1514,05,official_twse_current_company_profile,產業代碼05
1515,05,official_twse_current_company_profile,產業代碼05
1516,20,official_twse_current_company_profile,其他
1517,05,official_twse_current_company_profile,產業代碼05
1519,05,official_twse_current_company_profile,產業代碼05
1521,12,official_twse_current_company_profile,汽車工業
1522,12,official_twse_current_company_profile,汽車工業
1524,12,official_twse_current_company_profile,汽車工業
1525,12,official_twse_current_company_profile,汽車工業
1526,05,official_twse_current_company_profile,產業代碼05
1527,05,official_twse_current_company_profile,產業代碼05
1528,05,official_twse_current_company_profile,產業代碼05
1529,05,official_twse_current_company_profile,產業代碼05
1530,05,official_twse_current_company_profile,產業代碼05
1531,05,official_twse_current_company_profile,產業代碼05
1532,05,official_twse_current_company_profile,產業代碼05
1533,12,official_twse_current_company_profile,汽車工業
1535,05,official_twse_current_company_profile,產業代碼05
1536,12,official_twse_current_company_profile,汽車工業
1537,05,official_twse_current_company_profile,產業代碼05
1538,05,official_twse_current_company_profile,產業代碼05
1539,05,official_twse_current_company_profile,產業代碼05
1540,05,official_twse_current_company_profile,產業代碼05
1541,05,official_twse_current_company_profile,產業代碼05
1558,05,official_twse_current_company_profile,產業代碼05
1560,05,official_twse_current_company_profile,產業代碼05
1563,12,official_twse_current_company_profile,汽車工業
1568,12,official_twse_current_company_profile,汽車工業
1582,28,official_twse_current_company_profile,電子零組件業
1583,05,official_twse_current_company_profile,產業代碼05
1587,12,official_twse_current_company_profile,汽車工業
1589,05,official_twse_current_company_profile,產業代碼05
1590,05,official_twse_current_company_profile,產業代碼05
1597,05,official_twse_current_company_profile,產業代碼05
1598,37,official_twse_current_company_profile,產業代碼37
1603,06,official_twse_current_company_profile,產業代碼06
1604,06,official_twse_current_company_profile,產業代碼06
1605,06,official_twse_current_company_profile,產業代碼06
1608,06,official_twse_current_company_profile,產業代碼06
1609,06,official_twse_current_company_profile,產業代碼06
1611,06,official_twse_current_company_profile,產業代碼06
1612,06,official_twse_current_company_profile,產業代碼06
1614,06,official_twse_current_company_profile,產業代碼06
1615,06,official_twse_current_company_profile,產業代碼06
1616,06,official_twse_current_company_profile,產業代碼06
1617,06,official_twse_current_company_profile,產業代碼06
1618,06,official_twse_current_company_profile,產業代碼06
1623,06,official_twse_current_company_profile,產業代碼06
1626,06,official_twse_current_company_profile,產業代碼06
1702,02,official_twse_current_company_profile,產業代碼02
1707,22,official_twse_current_company_profile,生技醫療業
1708,21,official_twse_current_company_profile,化學工業
1709,21,official_twse_current_company_profile,化學工業
1710,21,official_twse_current_company_profile,化學工業
1711,21,official_twse_current_company_profile,化學工業
1712,21,official_twse_current_company_profile,化學工業
1713,21,official_twse_current_company_profile,化學工業
1714,21,official_twse_current_company_profile,化學工業
1717,21,official_twse_current_company_profile,化學工業
1718,21,official_twse_current_company_profile,化學工業
1720,22,official_twse_current_company_profile,生技醫療業
1721,21,official_twse_current_company_profile,化學工業
1722,21,official_twse_current_company_profile,化學工業
1723,21,official_twse_current_company_profile,化學工業
1725,21,official_twse_current_company_profile,化學工業
1726,21,official_twse_current_company_profile,化學工業
1727,21,official_twse_current_company_profile,化學工業
1730,21,official_twse_current_company_profile,化學工業
1731,22,official_twse_current_company_profile,生技醫療業
1732,21,official_twse_current_company_profile,化學工業
1733,22,official_twse_current_company_profile,生技醫療業
1734,22,official_twse_current_company_profile,生技醫療業
1735,21,official_twse_current_company_profile,化學工業
1736,37,official_twse_current_company_profile,產業代碼37
1737,02,official_twse_current_company_profile,產業代碼02
1752,22,official_twse_current_company_profile,生技醫療業
1760,22,official_twse_current_company_profile,生技醫療業
1762,22,official_twse_current_company_profile,生技醫療業
1773,21,official_twse_current_company_profile,化學工業
1776,21,official_twse_current_company_profile,化學工業
1783,22,official_twse_current_company_profile,生技醫療業
1786,22,official_twse_current_company_profile,生技醫療業
1789,22,official_twse_current_company_profile,生技醫療業
1795,22,official_twse_current_company_profile,生技醫療業
1802,08,official_twse_current_company_profile,產業代碼08
1805,14,official_twse_current_company_profile,建材營造
1806,08,official_twse_current_company_profile,產業代碼08
1808,14,official_twse_current_company_profile,建材營造
1809,08,official_twse_current_company_profile,產業代碼08
1810,08,official_twse_current_company_profile,產業代碼08
1817,08,official_twse_current_company_profile,產業代碼08
1903,09,official_twse_current_company_profile,產業代碼09
1904,09,official_twse_current_company_profile,產業代碼09
1905,09,official_twse_current_company_profile,產業代碼09
1906,09,official_twse_current_company_profile,產業代碼09
1907,09,official_twse_current_company_profile,產業代碼09
1909,09,official_twse_current_company_profile,產業代碼09
2002,10,official_twse_current_company_profile,鋼鐵工業
2006,10,official_twse_current_company_profile,鋼鐵工業
2007,10,official_twse_current_company_profile,鋼鐵工業
2008,10,official_twse_current_company_profile,鋼鐵工業
2009,10,official_twse_current_company_profile,鋼鐵工業
2010,10,official_twse_current_company_profile,鋼鐵工業
2012,10,official_twse_current_company_profile,鋼鐵工業
2013,10,official_twse_current_company_profile,鋼鐵工業
2014,10,official_twse_current_company_profile,鋼鐵工業
2015,10,official_twse_current_company_profile,鋼鐵工業
2017,10,official_twse_current_company_profile,鋼鐵工業
2020,10,official_twse_current_company_profile,鋼鐵工業
2022,10,official_twse_current_company_profile,鋼鐵工業
2023,10,official_twse_current_company_profile,鋼鐵工業
2024,10,official_twse_current_company_profile,鋼鐵工業
2025,10,official_twse_current_company_profile,鋼鐵工業
2027,10,official_twse_current_company_profile,鋼鐵工業
2028,10,official_twse_current_company_profile,鋼鐵工業
2029,10,official_twse_current_company_profile,鋼鐵工業
2030,10,official_twse_current_company_profile,鋼鐵工業
2031,10,official_twse_current_company_profile,鋼鐵工業
2032,10,official_twse_current_company_profile,鋼鐵工業
2033,10,official_twse_current_company_profile,鋼鐵工業
2034,10,official_twse_current_company_profile,鋼鐵工業
2038,10,official_twse_current_company_profile,鋼鐵工業
2049,05,official_twse_current_company_profile,產業代碼05
2059,28,official_twse_current_company_profile,電子零組件業
2062,38,official_twse_current_company_profile,產業代碼38
2069,10,official_twse_current_company_profile,鋼鐵工業
2072,35,official_twse_current_company_profile,產業代碼35
2101,11,official_twse_current_company_profile,橡膠工業
2102,11,official_twse_current_company_profile,橡膠工業
2103,11,official_twse_current_company_profile,橡膠工業
2104,11,official_twse_current_company_profile,橡膠工業
2105,11,official_twse_current_company_profile,橡膠工業
2106,11,official_twse_current_company_profile,橡膠工業
2107,11,official_twse_current_company_profile,橡膠工業
2108,11,official_twse_current_company_profile,橡膠工業
2109,11,official_twse_current_company_profile,橡膠工業
2114,11,official_twse_current_company_profile,橡膠工業
2115,12,official_twse_current_company_profile,汽車工業
2201,12,official_twse_current_company_profile,汽車工業
2204,12,official_twse_current_company_profile,汽車工業
2206,12,official_twse_current_company_profile,汽車工業
2207,12,official_twse_current_company_profile,汽車工業
2208,15,official_twse_current_company_profile,航運業
2211,10,official_twse_current_company_profile,鋼鐵工業
2227,12,official_twse_current_company_profile,汽車工業
2228,12,official_twse_current_company_profile,汽車工業
2231,12,official_twse_current_company_profile,汽車工業
2233,12,official_twse_current_company_profile,汽車工業
2236,12,official_twse_current_company_profile,汽車工業
2239,12,official_twse_current_company_profile,汽車工業
2241,12,official_twse_current_company_profile,汽車工業
2243,12,official_twse_current_company_profile,汽車工業
2247,12,official_twse_current_company_profile,汽車工業
2248,12,official_twse_current_company_profile,汽車工業
2250,12,official_twse_current_company_profile,汽車工業
2254,12,official_twse_current_company_profile,汽車工業
2258,12,official_twse_current_company_profile,汽車工業
2301,25,official_twse_current_company_profile,電腦及週邊設備業
2302,24,official_twse_current_company_profile,半導體業
2303,24,official_twse_current_company_profile,半導體業
2305,25,official_twse_current_company_profile,電腦及週邊設備業
2308,28,official_twse_current_company_profile,電子零組件業
2312,31,official_twse_current_company_profile,其他電子業
2313,28,official_twse_current_company_profile,電子零組件業
2314,27,official_twse_current_company_profile,通信網路業
2316,28,official_twse_current_company_profile,電子零組件業
2317,31,official_twse_current_company_profile,其他電子業
2321,27,official_twse_current_company_profile,通信網路業
2323,26,official_twse_current_company_profile,光電業
2324,25,official_twse_current_company_profile,電腦及週邊設備業
2327,28,official_twse_current_company_profile,電子零組件業
2328,28,official_twse_current_company_profile,電子零組件業
2329,24,official_twse_current_company_profile,半導體業
2330,24,official_twse_current_company_profile,半導體業
2331,25,official_twse_current_company_profile,電腦及週邊設備業
2332,27,official_twse_current_company_profile,通信網路業
2337,24,official_twse_current_company_profile,半導體業
2338,24,official_twse_current_company_profile,半導體業
2340,24,official_twse_current_company_profile,半導體業
2342,24,official_twse_current_company_profile,半導體業
2344,24,official_twse_current_company_profile,半導體業
2345,27,official_twse_current_company_profile,通信網路業
2347,29,official_twse_current_company_profile,電子通路業
2348,20,official_twse_current_company_profile,其他
2349,26,official_twse_current_company_profile,光電業
2351,24,official_twse_current_company_profile,半導體業
2352,25,official_twse_current_company_profile,電腦及週邊設備業
2353,25,official_twse_current_company_profile,電腦及週邊設備業
2354,31,official_twse_current_company_profile,其他電子業
2355,28,official_twse_current_company_profile,電子零組件業
2356,25,official_twse_current_company_profile,電腦及週邊設備業
2357,25,official_twse_current_company_profile,電腦及週邊設備業
2359,31,official_twse_current_company_profile,其他電子業
2360,31,official_twse_current_company_profile,其他電子業
2362,25,official_twse_current_company_profile,電腦及週邊設備業
2363,24,official_twse_current_company_profile,半導體業
2364,25,official_twse_current_company_profile,電腦及週邊設備業
2365,25,official_twse_current_company_profile,電腦及週邊設備業
2367,28,official_twse_current_company_profile,電子零組件業
2368,28,official_twse_current_company_profile,電子零組件業
2369,24,official_twse_current_company_profile,半導體業
2371,05,official_twse_current_company_profile,產業代碼05
2373,31,official_twse_current_company_profile,其他電子業
2374,26,official_twse_current_company_profile,光電業
2375,28,official_twse_current_company_profile,電子零組件業
2376,25,official_twse_current_company_profile,電腦及週邊設備業
2377,25,official_twse_current_company_profile,電腦及週邊設備業
2379,24,official_twse_current_company_profile,半導體業
2380,25,official_twse_current_company_profile,電腦及週邊設備業
2382,25,official_twse_current_company_profile,電腦及週邊設備業
2383,28,official_twse_current_company_profile,電子零組件業
2385,28,official_twse_current_company_profile,電子零組件業
2387,25,official_twse_current_company_profile,電腦及週邊設備業
2388,24,official_twse_current_company_profile,半導體業
2390,31,official_twse_current_company_profile,其他電子業
2392,28,official_twse_current_company_profile,電子零組件業
2393,26,official_twse_current_company_profile,光電業
2395,25,official_twse_current_company_profile,電腦及週邊設備業
2397,25,official_twse_current_company_profile,電腦及週邊設備業
2399,25,official_twse_current_company_profile,電腦及週邊設備業
2401,24,official_twse_current_company_profile,半導體業
2402,28,official_twse_current_company_profile,電子零組件業
2404,31,official_twse_current_company_profile,其他電子業
2405,25,official_twse_current_company_profile,電腦及週邊設備業
2406,26,official_twse_current_company_profile,光電業
2408,24,official_twse_current_company_profile,半導體業
2409,26,official_twse_current_company_profile,光電業
2412,27,official_twse_current_company_profile,通信網路業
2413,28,official_twse_current_company_profile,電子零組件業
2414,29,official_twse_current_company_profile,電子通路業
2415,28,official_twse_current_company_profile,電子零組件業
2417,25,official_twse_current_company_profile,電腦及週邊設備業
2419,27,official_twse_current_company_profile,通信網路業
2420,28,official_twse_current_company_profile,電子零組件業
2421,28,official_twse_current_company_profile,電子零組件業
2423,31,official_twse_current_company_profile,其他電子業
2424,27,official_twse_current_company_profile,通信網路業
2425,25,official_twse_current_company_profile,電腦及週邊設備業
2426,26,official_twse_current_company_profile,光電業
2427,30,official_twse_current_company_profile,資訊服務業
2428,28,official_twse_current_company_profile,電子零組件業
2429,26,official_twse_current_company_profile,光電業
2430,29,official_twse_current_company_profile,電子通路業
2431,28,official_twse_current_company_profile,電子零組件業
2432,25,official_twse_current_company_profile,電腦及週邊設備業
2433,31,official_twse_current_company_profile,其他電子業
2434,24,official_twse_current_company_profile,半導體業
2436,24,official_twse_current_company_profile,半導體業
2438,26,official_twse_current_company_profile,光電業
2439,27,official_twse_current_company_profile,通信網路業
2440,28,official_twse_current_company_profile,電子零組件業
2441,24,official_twse_current_company_profile,半導體業
2442,14,official_twse_current_company_profile,建材營造
2444,27,official_twse_current_company_profile,通信網路業
2449,24,official_twse_current_company_profile,半導體業
2450,27,official_twse_current_company_profile,通信網路業
2451,24,official_twse_current_company_profile,半導體業
2453,30,official_twse_current_company_profile,資訊服務業
2454,24,official_twse_current_company_profile,半導體業
2455,27,official_twse_current_company_profile,通信網路業
2457,28,official_twse_current_company_profile,電子零組件業
2458,24,official_twse_current_company_profile,半導體業
2459,31,official_twse_current_company_profile,其他電子業
2460,28,official_twse_current_company_profile,電子零組件業
2461,31,official_twse_current_company_profile,其他電子業
2462,28,official_twse_current_company_profile,電子零組件業
2464,31,official_twse_current_company_profile,其他電子業
2465,25,official_twse_current_company_profile,電腦及週邊設備業
2466,26,official_twse_current_company_profile,光電業
2467,28,official_twse_current_company_profile,電子零組件業
2468,30,official_twse_current_company_profile,資訊服務業
2471,30,official_twse_current_company_profile,資訊服務業
2472,28,official_twse_current_company_profile,電子零組件業
2474,31,official_twse_current_company_profile,其他電子業
2476,28,official_twse_current_company_profile,電子零組件業
2477,31,official_twse_current_company_profile,其他電子業
2478,28,official_twse_current_company_profile,電子零組件業
2480,30,official_twse_current_company_profile,資訊服務業
2481,24,official_twse_current_company_profile,半導體業
2482,31,official_twse_current_company_profile,其他電子業
2483,28,official_twse_current_company_profile,電子零組件業
2484,28,official_twse_current_company_profile,電子零組件業
2485,27,official_twse_current_company_profile,通信網路業
2486,26,official_twse_current_company_profile,光電業
2488,31,official_twse_current_company_profile,其他電子業
2489,26,official_twse_current_company_profile,光電業
2491,26,official_twse_current_company_profile,光電業
2492,28,official_twse_current_company_profile,電子零組件業
2493,28,official_twse_current_company_profile,電子零組件業
2495,25,official_twse_current_company_profile,電腦及週邊設備業
2496,20,official_twse_current_company_profile,其他
2497,12,official_twse_current_company_profile,汽車工業
2498,27,official_twse_current_company_profile,通信網路業
2501,14,official_twse_current_company_profile,建材營造
2504,14,official_twse_current_company_profile,建材營造
2505,14,official_twse_current_company_profile,建材營造
2506,14,official_twse_current_company_profile,建材營造
2509,14,official_twse_current_company_profile,建材營造
2511,14,official_twse_current_company_profile,建材營造
2514,20,official_twse_current_company_profile,其他
2515,14,official_twse_current_company_profile,建材營造
2516,14,official_twse_current_company_profile,建材營造
2520,14,official_twse_current_company_profile,建材營造
2524,14,official_twse_current_company_profile,建材營造
2527,14,official_twse_current_company_profile,建材營造
2528,14,official_twse_current_company_profile,建材營造
2530,14,official_twse_current_company_profile,建材營造
2534,14,official_twse_current_company_profile,建材營造
2535,14,official_twse_current_company_profile,建材營造
2536,14,official_twse_current_company_profile,建材營造
2537,14,official_twse_current_company_profile,建材營造
2538,14,official_twse_current_company_profile,建材營造
2539,14,official_twse_current_company_profile,建材營造
2540,14,official_twse_current_company_profile,建材營造
2542,14,official_twse_current_company_profile,建材營造
2543,14,official_twse_current_company_profile,建材營造
2545,14,official_twse_current_company_profile,建材營造
2546,14,official_twse_current_company_profile,建材營造
2547,14,official_twse_current_company_profile,建材營造
2548,14,official_twse_current_company_profile,建材營造
2597,14,official_twse_current_company_profile,建材營造
2601,15,official_twse_current_company_profile,航運業
2603,15,official_twse_current_company_profile,航運業
2605,15,official_twse_current_company_profile,航運業
2606,15,official_twse_current_company_profile,航運業
2607,15,official_twse_current_company_profile,航運業
2608,15,official_twse_current_company_profile,航運業
2609,15,official_twse_current_company_profile,航運業
2610,15,official_twse_current_company_profile,航運業
2611,15,official_twse_current_company_profile,航運業
2612,15,official_twse_current_company_profile,航運業
2613,15,official_twse_current_company_profile,航運業
2614,20,official_twse_current_company_profile,其他
2615,15,official_twse_current_company_profile,航運業
2616,23,official_twse_current_company_profile,油電燃氣業
2617,15,official_twse_current_company_profile,航運業
2618,15,official_twse_current_company_profile,航運業
2630,15,official_twse_current_company_profile,航運業
2633,15,official_twse_current_company_profile,航運業
2634,15,official_twse_current_company_profile,航運業
2636,15,official_twse_current_company_profile,航運業
2637,15,official_twse_current_company_profile,航運業
2642,15,official_twse_current_company_profile,航運業
2645,15,official_twse_current_company_profile,航運業
2646,15,official_twse_current_company_profile,航運業
2701,16,official_twse_current_company_profile,觀光餐旅
2702,16,official_twse_current_company_profile,觀光餐旅
2704,16,official_twse_current_company_profile,觀光餐旅
2705,16,official_twse_current_company_profile,觀光餐旅
2706,16,official_twse_current_company_profile,觀光餐旅
2707,16,official_twse_current_company_profile,觀光餐旅
2712,16,official_twse_current_company_profile,觀光餐旅
2722,16,official_twse_current_company_profile,觀光餐旅
2723,16,official_twse_current_company_profile,觀光餐旅
2727,16,official_twse_current_company_profile,觀光餐旅
2731,16,official_twse_current_company_profile,觀光餐旅
2739,16,official_twse_current_company_profile,觀光餐旅
2748,16,official_twse_current_company_profile,觀光餐旅
2753,16,official_twse_current_company_profile,觀光餐旅
2762,37,official_twse_current_company_profile,產業代碼37
2801,17,official_twse_current_company_profile,金融保險
2812,17,official_twse_current_company_profile,金融保險
2816,17,official_twse_current_company_profile,金融保險
2820,17,official_twse_current_company_profile,金融保險
2832,17,official_twse_current_company_profile,金融保險
2834,17,official_twse_current_company_profile,金融保險
2836,17,official_twse_current_company_profile,金融保險
2838,17,official_twse_current_company_profile,金融保險
2845,17,official_twse_current_company_profile,金融保險
2849,17,official_twse_current_company_profile,金融保險
2850,17,official_twse_current_company_profile,金融保險
2851,17,official_twse_current_company_profile,金融保險
2852,17,official_twse_current_company_profile,金融保險
2855,17,official_twse_current_company_profile,金融保險
2867,17,official_twse_current_company_profile,金融保險
2880,17,official_twse_current_company_profile,金融保險
2881,17,official_twse_current_company_profile,金融保險
2882,17,official_twse_current_company_profile,金融保險
2883,17,official_twse_current_company_profile,金融保險
2884,17,official_twse_current_company_profile,金融保險
2885,17,official_twse_current_company_profile,金融保險
2886,17,official_twse_current_company_profile,金融保險
2887,17,official_twse_current_company_profile,金融保險
2889,17,official_twse_current_company_profile,金融保險
2890,17,official_twse_current_company_profile,金融保險
2891,17,official_twse_current_company_profile,金融保險
2892,17,official_twse_current_company_profile,金融保險
2897,17,official_twse_current_company_profile,金融保險
2901,18,official_twse_current_company_profile,貿易百貨
2903,18,official_twse_current_company_profile,貿易百貨
2904,20,official_twse_current_company_profile,其他
2905,18,official_twse_current_company_profile,貿易百貨
2906,18,official_twse_current_company_profile,貿易百貨
2908,18,official_twse_current_company_profile,貿易百貨
2910,18,official_twse_current_company_profile,貿易百貨
2911,18,official_twse_current_company_profile,貿易百貨
2912,18,official_twse_current_company_profile,貿易百貨
2913,18,official_twse_current_company_profile,貿易百貨
2915,18,official_twse_current_company_profile,貿易百貨
2923,14,official_twse_current_company_profile,建材營造
2929,18,official_twse_current_company_profile,貿易百貨
2939,18,official_twse_current_company_profile,貿易百貨
2945,18,official_twse_current_company_profile,貿易百貨
3002,25,official_twse_current_company_profile,電腦及週邊設備業
3003,28,official_twse_current_company_profile,電子零組件業
3004,10,official_twse_current_company_profile,鋼鐵工業
3005,25,official_twse_current_company_profile,電腦及週邊設備業
3006,24,official_twse_current_company_profile,半導體業
3008,26,official_twse_current_company_profile,光電業
3010,29,official_twse_current_company_profile,電子通路業
3011,28,official_twse_current_company_profile,電子零組件業
3013,25,official_twse_current_company_profile,電腦及週邊設備業
3014,24,official_twse_current_company_profile,半導體業
3015,28,official_twse_current_company_profile,電子零組件業
3016,24,official_twse_current_company_profile,半導體業
3017,25,official_twse_current_company_profile,電腦及週邊設備業
3018,31,official_twse_current_company_profile,其他電子業
3019,26,official_twse_current_company_profile,光電業
3021,28,official_twse_current_company_profile,電子零組件業
3022,25,official_twse_current_company_profile,電腦及週邊設備業
3023,28,official_twse_current_company_profile,電子零組件業
3024,26,official_twse_current_company_profile,光電業
3025,27,official_twse_current_company_profile,通信網路業
3026,28,official_twse_current_company_profile,電子零組件業
3027,27,official_twse_current_company_profile,通信網路業
3028,29,official_twse_current_company_profile,電子通路業
3029,30,official_twse_current_company_profile,資訊服務業
3030,31,official_twse_current_company_profile,其他電子業
3031,26,official_twse_current_company_profile,光電業
3032,28,official_twse_current_company_profile,電子零組件業
3033,29,official_twse_current_company_profile,電子通路業
3034,24,official_twse_current_company_profile,半導體業
3035,24,official_twse_current_company_profile,半導體業
3036,29,official_twse_current_company_profile,電子通路業
3037,28,official_twse_current_company_profile,電子零組件業
3038,26,official_twse_current_company_profile,光電業
3040,20,official_twse_current_company_profile,其他
3041,24,official_twse_current_company_profile,半導體業
3042,28,official_twse_current_company_profile,電子零組件業
3043,31,official_twse_current_company_profile,其他電子業
3044,28,official_twse_current_company_profile,電子零組件業
3045,27,official_twse_current_company_profile,通信網路業
3046,25,official_twse_current_company_profile,電腦及週邊設備業
3047,27,official_twse_current_company_profile,通信網路業
3048,29,official_twse_current_company_profile,電子通路業
3049,26,official_twse_current_company_profile,光電業
3050,26,official_twse_current_company_profile,光電業
3051,26,official_twse_current_company_profile,光電業
3052,14,official_twse_current_company_profile,建材營造
3054,02,official_twse_current_company_profile,產業代碼02
3055,29,official_twse_current_company_profile,電子通路業
3056,14,official_twse_current_company_profile,建材營造
3057,25,official_twse_current_company_profile,電腦及週邊設備業
3058,28,official_twse_current_company_profile,電子零組件業
3059,26,official_twse_current_company_profile,光電業
3060,25,official_twse_current_company_profile,電腦及週邊設備業
3062,27,official_twse_current_company_profile,通信網路業
3090,28,official_twse_current_company_profile,電子零組件業
3092,28,official_twse_current_company_profile,電子零組件業
3094,24,official_twse_current_company_profile,半導體業
3130,36,official_twse_current_company_profile,產業代碼36
3135,24,official_twse_current_company_profile,半導體業
3138,27,official_twse_current_company_profile,通信網路業
3149,26,official_twse_current_company_profile,光電業
3150,24,official_twse_current_company_profile,半導體業
3164,22,official_twse_current_company_profile,生技醫療業
3167,05,official_twse_current_company_profile,產業代碼05
3168,26,official_twse_current_company_profile,光電業
3189,24,official_twse_current_company_profile,半導體業
3209,29,official_twse_current_company_profile,電子通路業
3229,28,official_twse_current_company_profile,電子零組件業
3231,25,official_twse_current_company_profile,電腦及週邊設備業
3257,24,official_twse_current_company_profile,半導體業
3266,14,official_twse_current_company_profile,建材營造
3296,28,official_twse_current_company_profile,電子零組件業
3305,31,official_twse_current_company_profile,其他電子業
3308,28,official_twse_current_company_profile,電子零組件業
3311,27,official_twse_current_company_profile,通信網路業
3312,29,official_twse_current_company_profile,電子通路業
3321,28,official_twse_current_company_profile,電子零組件業
3338,28,official_twse_current_company_profile,電子零組件業
3346,12,official_twse_current_company_profile,汽車工業
3356,26,official_twse_current_company_profile,光電業
3376,28,official_twse_current_company_profile,電子零組件業
3380,27,official_twse_current_company_profile,通信網路業
3406,26,official_twse_current_company_profile,光電業
3413,24,official_twse_current_company_profile,半導體業
3416,25,official_twse_current_company_profile,電腦及週邊設備業
3419,27,official_twse_current_company_profile,通信網路業
3432,28,official_twse_current_company_profile,電子零組件業
3437,26,official_twse_current_company_profile,光電業
3443,24,official_twse_current_company_profile,半導體業
3447,27,official_twse_current_company_profile,通信網路業
3450,24,official_twse_current_company_profile,半導體業
3481,26,official_twse_current_company_profile,光電業
3494,25,official_twse_current_company_profile,電腦及週邊設備業
3501,28,official_twse_current_company_profile,電子零組件業
3504,26,official_twse_current_company_profile,光電業
3515,25,official_twse_current_company_profile,電腦及週邊設備業
3518,31,official_twse_current_company_profile,其他電子業
3528,29,official_twse_current_company_profile,電子通路業
3530,24,official_twse_current_company_profile,半導體業
3532,24,official_twse_current_company_profile,半導體業
3533,28,official_twse_current_company_profile,電子零組件業
3535,26,official_twse_current_company_profile,光電業
3543,26,official_twse_current_company_profile,光電業
3545,24,official_twse_current_company_profile,半導體業
3550,28,official_twse_current_company_profile,電子零組件業
3557,38,official_twse_current_company_profile,產業代碼38
3563,26,official_twse_current_company_profile,光電業
3576,26,official_twse_current_company_profile,光電業
3583,24,official_twse_current_company_profile,半導體業
3588,24,official_twse_current_company_profile,半導體業
3591,26,official_twse_current_company_profile,光電業
3592,24,official_twse_current_company_profile,半導體業
3593,28,official_twse_current_company_profile,電子零組件業
3596,27,official_twse_current_company_profile,通信網路業
3605,28,official_twse_current_company_profile,電子零組件業
3607,28,official_twse_current_company_profile,電子零組件業
3617,31,official_twse_current_company_profile,其他電子業
3622,26,official_twse_current_company_profile,光電業
3645,28,official_twse_current_company_profile,電子零組件業
3652,25,official_twse_current_company_profile,電腦及週邊設備業
3653,28,official_twse_current_company_profile,電子零組件業
3661,24,official_twse_current_company_profile,半導體業
3665,31,official_twse_current_company_profile,其他電子業
3669,27,official_twse_current_company_profile,通信網路業
3673,26,official_twse_current_company_profile,光電業
3679,28,official_twse_current_company_profile,電子零組件業
3686,24,official_twse_current_company_profile,半導體業
3694,27,official_twse_current_company_profile,通信網路業
3701,25,official_twse_current_company_profile,電腦及週邊設備業
3702,29,official_twse_current_company_profile,電子通路業
3703,14,official_twse_current_company_profile,建材營造
3704,27,official_twse_current_company_profile,通信網路業
3705,22,official_twse_current_company_profile,生技醫療業
3706,25,official_twse_current_company_profile,電腦及週邊設備業
3708,35,official_twse_current_company_profile,產業代碼35
3711,24,official_twse_current_company_profile,半導體業
3712,25,official_twse_current_company_profile,電腦及週邊設備業
3714,26,official_twse_current_company_profile,光電業
3715,28,official_twse_current_company_profile,電子零組件業
3716,22,official_twse_current_company_profile,生技醫療業
3717,12,official_twse_current_company_profile,汽車工業
4104,22,official_twse_current_company_profile,生技醫療業
4106,22,official_twse_current_company_profile,生技醫療業
4108,22,official_twse_current_company_profile,生技醫療業
4119,22,official_twse_current_company_profile,生技醫療業
4133,22,official_twse_current_company_profile,生技醫療業
4137,22,official_twse_current_company_profile,生技醫療業
4142,22,official_twse_current_company_profile,生技醫療業
4148,22,official_twse_current_company_profile,生技醫療業
4155,22,official_twse_current_company_profile,生技醫療業
4164,22,official_twse_current_company_profile,生技醫療業
4169,22,official_twse_current_company_profile,生技醫療業
4178,22,official_twse_current_company_profile,生技醫療業
4190,22,official_twse_current_company_profile,生技醫療業
4195,22,official_twse_current_company_profile,生技醫療業
4306,03,official_twse_current_company_profile,產業代碼03
4414,04,official_twse_current_company_profile,產業代碼04
4426,04,official_twse_current_company_profile,產業代碼04
4438,04,official_twse_current_company_profile,產業代碼04
4439,04,official_twse_current_company_profile,產業代碼04
4440,04,official_twse_current_company_profile,產業代碼04
4441,04,official_twse_current_company_profile,產業代碼04
4526,05,official_twse_current_company_profile,產業代碼05
4532,05,official_twse_current_company_profile,產業代碼05
4536,37,official_twse_current_company_profile,產業代碼37
4540,05,official_twse_current_company_profile,產業代碼05
4545,28,official_twse_current_company_profile,電子零組件業
4551,12,official_twse_current_company_profile,汽車工業
4552,05,official_twse_current_company_profile,產業代碼05
4555,05,official_twse_current_company_profile,產業代碼05
4557,12,official_twse_current_company_profile,汽車工業
4560,05,official_twse_current_company_profile,產業代碼05
4562,05,official_twse_current_company_profile,產業代碼05
4564,05,official_twse_current_company_profile,產業代碼05
4566,05,official_twse_current_company_profile,產業代碼05
4569,12,official_twse_current_company_profile,汽車工業
4571,05,official_twse_current_company_profile,產業代碼05
4572,05,official_twse_current_company_profile,產業代碼05
4576,05,official_twse_current_company_profile,產業代碼05
4581,12,official_twse_current_company_profile,汽車工業
4582,35,official_twse_current_company_profile,產業代碼35
4583,05,official_twse_current_company_profile,產業代碼05
4585,31,official_twse_current_company_profile,其他電子業
4588,31,official_twse_current_company_profile,其他電子業
4590,05,official_twse_current_company_profile,產業代碼05
4720,21,official_twse_current_company_profile,化學工業
4722,21,official_twse_current_company_profile,化學工業
4736,22,official_twse_current_company_profile,生技醫療業
4737,22,official_twse_current_company_profile,生技醫療業
4739,21,official_twse_current_company_profile,化學工業
4746,22,official_twse_current_company_profile,生技醫療業
4755,21,official_twse_current_company_profile,化學工業
4763,21,official_twse_current_company_profile,化學工業
4764,21,official_twse_current_company_profile,化學工業
4766,21,official_twse_current_company_profile,化學工業
4770,21,official_twse_current_company_profile,化學工業
4771,22,official_twse_current_company_profile,生技醫療業
4807,18,official_twse_current_company_profile,貿易百貨
4904,27,official_twse_current_company_profile,通信網路業
4906,27,official_twse_current_company_profile,通信網路業
4912,28,official_twse_current_company_profile,電子零組件業
4915,28,official_twse_current_company_profile,電子零組件業
4916,25,official_twse_current_company_profile,電腦及週邊設備業
4919,24,official_twse_current_company_profile,半導體業
4927,28,official_twse_current_company_profile,電子零組件業
4930,06,official_twse_current_company_profile,產業代碼06
4934,26,official_twse_current_company_profile,光電業
4935,26,official_twse_current_company_profile,光電業
4938,25,official_twse_current_company_profile,電腦及週邊設備業
4942,26,official_twse_current_company_profile,光電業
4943,28,official_twse_current_company_profile,電子零組件業
4949,26,official_twse_current_company_profile,光電業
4952,24,official_twse_current_company_profile,半導體業
4956,26,official_twse_current_company_profile,光電業
4958,28,official_twse_current_company_profile,電子零組件業
4960,26,official_twse_current_company_profile,光電業
4961,24,official_twse_current_company_profile,半導體業
4967,24,official_twse_current_company_profile,半導體業
4968,24,official_twse_current_company_profile,半導體業
4976,26,official_twse_current_company_profile,光電業
4977,27,official_twse_current_company_profile,通信網路業
4989,28,official_twse_current_company_profile,電子零組件業
4994,30,official_twse_current_company_profile,資訊服務業
4999,28,official_twse_current_company_profile,電子零組件業
5007,10,official_twse_current_company_profile,鋼鐵工業
5203,30,official_twse_current_company_profile,資訊服務業
5215,25,official_twse_current_company_profile,電腦及週邊設備業
5222,24,official_twse_current_company_profile,半導體業
5225,31,official_twse_current_company_profile,其他電子業
5234,26,official_twse_current_company_profile,光電業
5236,24,official_twse_current_company_profile,半導體業
5243,26,official_twse_current_company_profile,光電業
5244,26,official_twse_current_company_profile,光電業
5258,25,official_twse_current_company_profile,電腦及週邊設備業
5269,24,official_twse_current_company_profile,半導體業
5283,06,official_twse_current_company_profile,產業代碼06
5284,20,official_twse_current_company_profile,其他
5285,24,official_twse_current_company_profile,半導體業
5288,05,official_twse_current_company_profile,產業代碼05
5292,35,official_twse_current_company_profile,產業代碼35
5306,37,official_twse_current_company_profile,產業代碼37
5388,27,official_twse_current_company_profile,通信網路業
5434,29,official_twse_current_company_profile,電子通路業
5469,28,official_twse_current_company_profile,電子零組件業
5471,24,official_twse_current_company_profile,半導體業
5484,26,official_twse_current_company_profile,光電業
5515,14,official_twse_current_company_profile,建材營造
5519,14,official_twse_current_company_profile,建材營造
5521,14,official_twse_current_company_profile,建材營造
5522,14,official_twse_current_company_profile,建材營造
5525,14,official_twse_current_company_profile,建材營造
5531,14,official_twse_current_company_profile,建材營造
5533,14,official_twse_current_company_profile,建材營造
5534,14,official_twse_current_company_profile,建材營造
5538,10,official_twse_current_company_profile,鋼鐵工業
5546,14,official_twse_current_company_profile,建材營造
5607,15,official_twse_current_company_profile,航運業
5608,15,official_twse_current_company_profile,航運業
5706,16,official_twse_current_company_profile,觀光餐旅
5871,20,official_twse_current_company_profile,其他
5876,17,official_twse_current_company_profile,金融保險
5880,17,official_twse_current_company_profile,金融保險
5906,18,official_twse_current_company_profile,貿易百貨
5907,18,official_twse_current_company_profile,貿易百貨
6005,17,official_twse_current_company_profile,金融保險
6024,17,official_twse_current_company_profile,金融保險
6108,28,official_twse_current_company_profile,電子零組件業
6112,30,official_twse_current_company_profile,資訊服務業
6115,28,official_twse_current_company_profile,電子零組件業
6116,26,official_twse_current_company_profile,光電業
6117,25,official_twse_current_company_profile,電腦及週邊設備業
6120,26,official_twse_current_company_profile,光電業
6128,25,official_twse_current_company_profile,電腦及週邊設備業
6133,28,official_twse_current_company_profile,電子零組件業
6136,27,official_twse_current_company_profile,通信網路業
6139,31,official_twse_current_company_profile,其他電子業
6141,28,official_twse_current_company_profile,電子零組件業
6142,27,official_twse_current_company_profile,通信網路業
6152,27,official_twse_current_company_profile,通信網路業
6153,28,official_twse_current_company_profile,電子零組件業
6155,28,official_twse_current_company_profile,電子零組件業
6164,26,official_twse_current_company_profile,光電業
6165,36,official_twse_current_company_profile,產業代碼36
6166,25,official_twse_current_company_profile,電腦及週邊設備業
6168,26,official_twse_current_company_profile,光電業
6176,26,official_twse_current_company_profile,光電業
6177,14,official_twse_current_company_profile,建材營造
6183,30,official_twse_current_company_profile,資訊服務業
6184,20,official_twse_current_company_profile,其他
6189,29,official_twse_current_company_profile,電子通路業
6191,28,official_twse_current_company_profile,電子零組件業
6192,31,official_twse_current_company_profile,其他電子業
6196,31,official_twse_current_company_profile,其他電子業
6197,28,official_twse_current_company_profile,電子零組件業
6201,31,official_twse_current_company_profile,其他電子業
6202,24,official_twse_current_company_profile,半導體業
6205,28,official_twse_current_company_profile,電子零組件業
6206,25,official_twse_current_company_profile,電腦及週邊設備業
6209,26,official_twse_current_company_profile,光電業
6213,28,official_twse_current_company_profile,電子零組件業
6214,30,official_twse_current_company_profile,資訊服務業
6215,31,official_twse_current_company_profile,其他電子業
6216,27,official_twse_current_company_profile,通信網路業
6224,28,official_twse_current_company_profile,電子零組件業
6225,26,official_twse_current_company_profile,光電業
6226,26,official_twse_current_company_profile,光電業
6230,25,official_twse_current_company_profile,電腦及週邊設備業
6235,25,official_twse_current_company_profile,電腦及週邊設備業
6239,24,official_twse_current_company_profile,半導體業
6243,24,official_twse_current_company_profile,半導體業
6257,24,official_twse_current_company_profile,半導體業
6269,28,official_twse_current_company_profile,電子零組件業
6271,24,official_twse_current_company_profile,半導體業
6272,28,official_twse_current_company_profile,電子零組件業
6277,25,official_twse_current_company_profile,電腦及週邊設備業
6278,26,official_twse_current_company_profile,光電業
6281,29,official_twse_current_company_profile,電子通路業
6282,28,official_twse_current_company_profile,電子零組件業
6283,31,official_twse_current_company_profile,其他電子業
6285,27,official_twse_current_company_profile,通信網路業
6405,26,official_twse_current_company_profile,光電業
6409,31,official_twse_current_company_profile,其他電子業
6412,28,official_twse_current_company_profile,電子零組件業
6414,25,official_twse_current_company_profile,電腦及週邊設備業
6415,24,official_twse_current_company_profile,半導體業
6416,27,official_twse_current_company_profile,通信網路業
6426,27,official_twse_current_company_profile,通信網路業
6431,22,official_twse_current_company_profile,生技醫療業
6438,31,official_twse_current_company_profile,其他電子業
6442,27,official_twse_current_company_profile,通信網路業
6443,26,official_twse_current_company_profile,光電業
6446,22,official_twse_current_company_profile,生技醫療業
6449,28,official_twse_current_company_profile,電子零組件業
6451,24,official_twse_current_company_profile,半導體業
6456,26,official_twse_current_company_profile,光電業
6464,20,official_twse_current_company_profile,其他
6472,22,official_twse_current_company_profile,生技醫療業
6477,26,official_twse_current_company_profile,光電業
6491,22,official_twse_current_company_profile,生技醫療業
6504,20,official_twse_current_company_profile,其他
6505,23,official_twse_current_company_profile,油電燃氣業
6515,24,official_twse_current_company_profile,半導體業
6525,24,official_twse_current_company_profile,半導體業
6526,24,official_twse_current_company_profile,半導體業
6531,24,official_twse_current_company_profile,半導體業
6533,24,official_twse_current_company_profile,半導體業
6534,22,official_twse_current_company_profile,生技醫療業
6541,22,official_twse_current_company_profile,生技醫療業
6550,22,official_twse_current_company_profile,生技醫療業
6552,24,official_twse_current_company_profile,半導體業
6558,31,official_twse_current_company_profile,其他電子業
6573,24,official_twse_current_company_profile,半導體業
6579,25,official_twse_current_company_profile,電腦及週邊設備業
6581,35,official_twse_current_company_profile,產業代碼35
6582,11,official_twse_current_company_profile,橡膠工業
6585,20,official_twse_current_company_profile,其他
6589,22,official_twse_current_company_profile,生技醫療業
6591,25,official_twse_current_company_profile,電腦及週邊設備業
6592,20,official_twse_current_company_profile,其他
6598,22,official_twse_current_company_profile,生技醫療業
6605,12,official_twse_current_company_profile,汽車工業
6606,05,official_twse_current_company_profile,產業代碼05
6614,36,official_twse_current_company_profile,產業代碼36
6625,20,official_twse_current_company_profile,其他
6641,35,official_twse_current_company_profile,產業代碼35
6645,22,official_twse_current_company_profile,生技醫療業
6655,20,official_twse_current_company_profile,其他
6657,22,official_twse_current_company_profile,生技醫療業
6658,31,official_twse_current_company_profile,其他電子業
6666,22,official_twse_current_company_profile,生技醫療業
6668,26,official_twse_current_company_profile,光電業
6669,25,official_twse_current_company_profile,電腦及週邊設備業
6670,37,official_twse_current_company_profile,產業代碼37
6671,38,official_twse_current_company_profile,產業代碼38
6672,28,official_twse_current_company_profile,電子零組件業
6674,27,official_twse_current_company_profile,通信網路業
6689,36,official_twse_current_company_profile,產業代碼36
6691,31,official_twse_current_company_profile,其他電子業
6695,24,official_twse_current_company_profile,半導體業
6698,31,official_twse_current_company_profile,其他電子業
6706,26,official_twse_current_company_profile,光電業
6715,28,official_twse_current_company_profile,電子零組件業
6719,24,official_twse_current_company_profile,半導體業
6722,31,official_twse_current_company_profile,其他電子業
6742,26,official_twse_current_company_profile,光電業
6743,31,official_twse_current_company_profile,其他電子業
6753,15,official_twse_current_company_profile,航運業
6754,38,official_twse_current_company_profile,產業代碼38
6756,24,official_twse_current_company_profile,半導體業
6757,15,official_twse_current_company_profile,航運業
6768,37,official_twse_current_company_profile,產業代碼37
6770,24,official_twse_current_company_profile,半導體業
6771,35,official_twse_current_company_profile,產業代碼35
6776,29,official_twse_current_company_profile,電子通路業
6781,28,official_twse_current_company_profile,電子零組件業
6782,22,official_twse_current_company_profile,生技醫療業
6789,24,official_twse_current_company_profile,半導體業
6790,09,official_twse_current_company_profile,產業代碼09
6792,27,official_twse_current_company_profile,通信網路業
6794,22,official_twse_current_company_profile,生技醫療業
6796,22,official_twse_current_company_profile,生技醫療業
6799,24,official_twse_current_company_profile,半導體業
6805,28,official_twse_current_company_profile,電子零組件業
6807,38,official_twse_current_company_profile,產業代碼38
6830,31,official_twse_current_company_profile,其他電子業
6831,25,official_twse_current_company_profile,電腦及週邊設備業
6834,28,official_twse_current_company_profile,電子零組件業
6835,28,official_twse_current_company_profile,電子零組件業
6838,22,official_twse_current_company_profile,生技醫療業
6854,24,official_twse_current_company_profile,半導體業
6861,22,official_twse_current_company_profile,生技醫療業
6862,28,official_twse_current_company_profile,電子零組件業
6863,27,official_twse_current_company_profile,通信網路業
6869,35,official_twse_current_company_profile,產業代碼35
6873,35,official_twse_current_company_profile,產業代碼35
6885,22,official_twse_current_company_profile,生技醫療業
6887,35,official_twse_current_company_profile,產業代碼35
6890,37,official_twse_current_company_profile,產業代碼37
6901,20,official_twse_current_company_profile,其他
6902,36,official_twse_current_company_profile,產業代碼36
6906,36,official_twse_current_company_profile,產業代碼36
6908,29,official_twse_current_company_profile,電子通路業
6909,24,official_twse_current_company_profile,半導體業
6914,20,official_twse_current_company_profile,其他
6916,26,official_twse_current_company_profile,光電業
6918,22,official_twse_current_company_profile,生技醫療業
6919,22,official_twse_current_company_profile,生技醫療業
6921,24,official_twse_current_company_profile,半導體業
6923,35,official_twse_current_company_profile,產業代碼35
6924,28,official_twse_current_company_profile,電子零組件業
6928,25,official_twse_current_company_profile,電腦及週邊設備業
6931,22,official_twse_current_company_profile,生技醫療業
6933,25,official_twse_current_company_profile,電腦及週邊設備業
6934,22,official_twse_current_company_profile,生技醫療業
6936,22,official_twse_current_company_profile,生技醫療業
6937,24,official_twse_current_company_profile,半導體業
6944,35,official_twse_current_company_profile,產業代碼35
6947,35,official_twse_current_company_profile,產業代碼35
6949,22,official_twse_current_company_profile,生技醫療業
6951,35,official_twse_current_company_profile,產業代碼35
6952,20,official_twse_current_company_profile,其他
6955,22,official_twse_current_company_profile,生技醫療業
6957,20,official_twse_current_company_profile,其他
6958,20,official_twse_current_company_profile,其他
6962,24,official_twse_current_company_profile,半導體業
6965,37,official_twse_current_company_profile,產業代碼37
6969,35,official_twse_current_company_profile,產業代碼35
6988,12,official_twse_current_company_profile,汽車工業
6994,35,official_twse_current_company_profile,產業代碼35
7610,35,official_twse_current_company_profile,產業代碼35
7631,31,official_twse_current_company_profile,其他電子業
7705,16,official_twse_current_company_profile,觀光餐旅
7711,25,official_twse_current_company_profile,電腦及週邊設備業
7721,36,official_twse_current_company_profile,產業代碼36
7722,36,official_twse_current_company_profile,產業代碼36
7730,24,official_twse_current_company_profile,半導體業
7732,12,official_twse_current_company_profile,汽車工業
7736,12,official_twse_current_company_profile,汽車工業
7740,35,official_twse_current_company_profile,產業代碼35
7749,24,official_twse_current_company_profile,半導體業
7750,05,official_twse_current_company_profile,產業代碼05
7760,16,official_twse_current_company_profile,觀光餐旅
7765,36,official_twse_current_company_profile,產業代碼36
7768,24,official_twse_current_company_profile,半導體業
7769,24,official_twse_current_company_profile,半導體業
7780,02,official_twse_current_company_profile,產業代碼02
7786,35,official_twse_current_company_profile,產業代碼35
7788,28,official_twse_current_company_profile,電子零組件業
7791,02,official_twse_current_company_profile,產業代碼02
7795,28,official_twse_current_company_profile,電子零組件業
7799,22,official_twse_current_company_profile,生技醫療業
7803,22,official_twse_current_company_profile,生技醫療業
7818,35,official_twse_current_company_profile,產業代碼35
7821,12,official_twse_current_company_profile,汽車工業
7822,24,official_twse_current_company_profile,半導體業
7823,36,official_twse_current_company_profile,產業代碼36
7827,22,official_twse_current_company_profile,生技醫療業
7835,36,official_twse_current_company_profile,產業代碼36
8011,27,official_twse_current_company_profile,通信網路業
8016,24,official_twse_current_company_profile,半導體業
8021,31,official_twse_current_company_profile,其他電子業
8028,24,official_twse_current_company_profile,半導體業
8033,20,official_twse_current_company_profile,其他
8039,28,official_twse_current_company_profile,電子零組件業
8045,27,official_twse_current_company_profile,通信網路業
8046,28,official_twse_current_company_profile,電子零組件業
8070,29,official_twse_current_company_profile,電子通路業
8072,29,official_twse_current_company_profile,電子通路業
8081,24,official_twse_current_company_profile,半導體業
8101,27,official_twse_current_company_profile,通信網路業
8103,28,official_twse_current_company_profile,電子零組件業
8104,26,official_twse_current_company_profile,光電業
8105,26,official_twse_current_company_profile,光電業
8110,24,official_twse_current_company_profile,半導體業
8112,29,official_twse_current_company_profile,電子通路業
8114,25,official_twse_current_company_profile,電腦及週邊設備業
8131,24,official_twse_current_company_profile,半導體業
8150,24,official_twse_current_company_profile,半導體業
8162,24,official_twse_current_company_profile,半導體業
8163,25,official_twse_current_company_profile,電腦及週邊設備業
8201,31,official_twse_current_company_profile,其他電子業
8210,25,official_twse_current_company_profile,電腦及週邊設備業
8213,28,official_twse_current_company_profile,電子零組件業
8215,26,official_twse_current_company_profile,光電業
8222,05,official_twse_current_company_profile,產業代碼05
8249,28,official_twse_current_company_profile,電子零組件業
8261,24,official_twse_current_company_profile,半導體業
8271,24,official_twse_current_company_profile,半導體業
8341,35,official_twse_current_company_profile,產業代碼35
8367,15,official_twse_current_company_profile,航運業
8374,05,official_twse_current_company_profile,產業代碼05
8404,20,official_twse_current_company_profile,其他
8411,20,official_twse_current_company_profile,其他
8422,35,official_twse_current_company_profile,產業代碼35
8429,18,official_twse_current_company_profile,貿易百貨
8438,35,official_twse_current_company_profile,產業代碼35
8442,20,official_twse_current_company_profile,其他
8443,18,official_twse_current_company_profile,貿易百貨
8454,36,official_twse_current_company_profile,產業代碼36
8462,37,official_twse_current_company_profile,產業代碼37
8463,20,official_twse_current_company_profile,其他
8464,38,official_twse_current_company_profile,產業代碼38
8466,20,official_twse_current_company_profile,其他
8467,37,official_twse_current_company_profile,產業代碼37
8473,35,official_twse_current_company_profile,產業代碼35
8476,35,official_twse_current_company_profile,產業代碼35
8478,37,official_twse_current_company_profile,產業代碼37
8481,20,official_twse_current_company_profile,其他
8482,38,official_twse_current_company_profile,產業代碼38
8487,36,official_twse_current_company_profile,產業代碼36
8488,20,official_twse_current_company_profile,其他
8499,31,official_twse_current_company_profile,其他電子業
8926,23,official_twse_current_company_profile,油電燃氣業
8940,16,official_twse_current_company_profile,觀光餐旅
8996,05,official_twse_current_company_profile,產業代碼05
9103,91,official_twse_current_company_profile,產業代碼91
910322,91,official_twse_current_company_profile,產業代碼91
9105,91,official_twse_current_company_profile,產業代碼91
910861,91,official_twse_current_company_profile,產業代碼91
9110,91,official_twse_current_company_profile,產業代碼91
911608,91,official_twse_current_company_profile,產業代碼91
911622,91,official_twse_current_company_profile,產業代碼91
911868,91,official_twse_current_company_profile,產業代碼91
912000,91,official_twse_current_company_profile,產業代碼91
9136,91,official_twse_current_company_profile,產業代碼91
9802,37,official_twse_current_company_profile,產業代碼37
9902,20,official_twse_current_company_profile,其他
9904,37,official_twse_current_company_profile,產業代碼37
9905,20,official_twse_current_company_profile,其他
9906,14,official_twse_current_company_profile,建材營造
9907,20,official_twse_current_company_profile,其他
9908,23,official_twse_current_company_profile,油電燃氣業
9910,37,official_twse_current_company_profile,產業代碼37
9911,38,official_twse_current_company_profile,產業代碼38
9912,25,official_twse_current_company_profile,電腦及週邊設備業
9914,37,official_twse_current_company_profile,產業代碼37
9917,20,official_twse_current_company_profile,其他
9918,23,official_twse_current_company_profile,油電燃氣業
9919,20,official_twse_current_company_profile,其他
9921,37,official_twse_current_company_profile,產業代碼37
9924,38,official_twse_current_company_profile,產業代碼38
9925,20,official_twse_current_company_profile,其他
9926,23,official_twse_current_company_profile,油電燃氣業
9927,20,official_twse_current_company_profile,其他
9928,20,official_twse_current_company_profile,其他
9929,20,official_twse_current_company_profile,其他
9930,35,official_twse_current_company_profile,產業代碼35
9931,23,official_twse_current_company_profile,油電燃氣業
9933,20,official_twse_current_company_profile,其他
9934,38,official_twse_current_company_profile,產業代碼38
9935,38,official_twse_current_company_profile,產業代碼38
9937,23,official_twse_current_company_profile,油電燃氣業
9938,20,official_twse_current_company_profile,其他
9939,20,official_twse_current_company_profile,其他
9940,20,official_twse_current_company_profile,其他
9941,20,official_twse_current_company_profile,其他
9942,20,official_twse_current_company_profile,其他
9943,16,official_twse_current_company_profile,觀光餐旅
9944,20,official_twse_current_company_profile,其他
9945,20,official_twse_current_company_profile,其他
9946,14,official_twse_current_company_profile,建材營造
9955,35,official_twse_current_company_profile,產業代碼35
9958,10,official_twse_current_company_profile,鋼鐵工業
1240,33,official_tpex_current_company_profile,產業代碼33
1259,16,official_tpex_current_company_profile,觀光餐旅
1264,02,official_tpex_current_company_profile,產業代碼02
1268,16,official_tpex_current_company_profile,觀光餐旅
1294,02,official_tpex_current_company_profile,產業代碼02
1295,02,official_tpex_current_company_profile,產業代碼02
1336,28,official_tpex_current_company_profile,電子零組件業
1565,22,official_tpex_current_company_profile,生技醫療業
1569,25,official_tpex_current_company_profile,電腦及週邊設備業
1570,05,official_tpex_current_company_profile,產業代碼05
1580,05,official_tpex_current_company_profile,產業代碼05
1584,20,official_tpex_current_company_profile,其他
1586,05,official_tpex_current_company_profile,產業代碼05
1591,05,official_tpex_current_company_profile,產業代碼05
1593,37,official_tpex_current_company_profile,產業代碼37
1595,24,official_tpex_current_company_profile,半導體業
1599,05,official_tpex_current_company_profile,產業代碼05
1742,21,official_tpex_current_company_profile,化學工業
1777,22,official_tpex_current_company_profile,生技醫療業
1780,02,official_tpex_current_company_profile,產業代碼02
1781,22,official_tpex_current_company_profile,生技醫療業
1784,22,official_tpex_current_company_profile,生技醫療業
1785,31,official_tpex_current_company_profile,其他電子業
1788,22,official_tpex_current_company_profile,生技醫療業
1796,02,official_tpex_current_company_profile,產業代碼02
1799,22,official_tpex_current_company_profile,生技醫療業
1813,22,official_tpex_current_company_profile,生技醫療業
1815,28,official_tpex_current_company_profile,電子零組件業
2035,10,official_tpex_current_company_profile,鋼鐵工業
2061,06,official_tpex_current_company_profile,產業代碼06
2063,10,official_tpex_current_company_profile,鋼鐵工業
2064,10,official_tpex_current_company_profile,鋼鐵工業
2065,10,official_tpex_current_company_profile,鋼鐵工業
2066,05,official_tpex_current_company_profile,產業代碼05
2067,05,official_tpex_current_company_profile,產業代碼05
2070,05,official_tpex_current_company_profile,產業代碼05
2073,10,official_tpex_current_company_profile,鋼鐵工業
2221,20,official_tpex_current_company_profile,其他
2230,38,official_tpex_current_company_profile,產業代碼38
2235,05,official_tpex_current_company_profile,產業代碼05
2596,14,official_tpex_current_company_profile,建材營造
2640,36,official_tpex_current_company_profile,產業代碼36
2641,15,official_tpex_current_company_profile,航運業
2643,15,official_tpex_current_company_profile,航運業
2718,14,official_tpex_current_company_profile,建材營造
2719,16,official_tpex_current_company_profile,觀光餐旅
2724,20,official_tpex_current_company_profile,其他
2726,16,official_tpex_current_company_profile,觀光餐旅
2729,16,official_tpex_current_company_profile,觀光餐旅
2732,16,official_tpex_current_company_profile,觀光餐旅
2734,16,official_tpex_current_company_profile,觀光餐旅
2736,16,official_tpex_current_company_profile,觀光餐旅
2740,16,official_tpex_current_company_profile,觀光餐旅
2743,16,official_tpex_current_company_profile,觀光餐旅
2745,16,official_tpex_current_company_profile,觀光餐旅
2751,16,official_tpex_current_company_profile,觀光餐旅
2752,16,official_tpex_current_company_profile,觀光餐旅
2754,16,official_tpex_current_company_profile,觀光餐旅
2755,16,official_tpex_current_company_profile,觀光餐旅
2756,16,official_tpex_current_company_profile,觀光餐旅
2916,38,official_tpex_current_company_profile,產業代碼38
2924,38,official_tpex_current_company_profile,產業代碼38
2926,32,official_tpex_current_company_profile,產業代碼32
2937,38,official_tpex_current_company_profile,產業代碼38
2941,38,official_tpex_current_company_profile,產業代碼38
2947,38,official_tpex_current_company_profile,產業代碼38
2948,38,official_tpex_current_company_profile,產業代碼38
2949,36,official_tpex_current_company_profile,產業代碼36
3064,32,official_tpex_current_company_profile,產業代碼32
3066,26,official_tpex_current_company_profile,光電業
3067,38,official_tpex_current_company_profile,產業代碼38
3071,25,official_tpex_current_company_profile,電腦及週邊設備業
3073,35,official_tpex_current_company_profile,產業代碼35
3078,28,official_tpex_current_company_profile,電子零組件業
3081,27,official_tpex_current_company_profile,通信網路業
3083,32,official_tpex_current_company_profile,產業代碼32
3085,36,official_tpex_current_company_profile,產業代碼36
3086,32,official_tpex_current_company_profile,產業代碼32
3088,25,official_tpex_current_company_profile,電腦及週邊設備業
3093,31,official_tpex_current_company_profile,其他電子業
3095,27,official_tpex_current_company_profile,通信網路業
3105,24,official_tpex_current_company_profile,半導體業
3114,28,official_tpex_current_company_profile,電子零組件業
3115,28,official_tpex_current_company_profile,電子零組件業
3118,22,official_tpex_current_company_profile,生技醫療業
3122,24,official_tpex_current_company_profile,半導體業
3128,26,official_tpex_current_company_profile,光電業
3131,24,official_tpex_current_company_profile,半導體業
3141,24,official_tpex_current_company_profile,半導體業
3147,30,official_tpex_current_company_profile,資訊服務業
3152,27,official_tpex_current_company_profile,通信網路業
3158,30,official_tpex_current_company_profile,資訊服務業
3162,05,official_tpex_current_company_profile,產業代碼05
3163,27,official_tpex_current_company_profile,通信網路業
3169,24,official_tpex_current_company_profile,半導體業
3171,38,official_tpex_current_company_profile,產業代碼38
3176,22,official_tpex_current_company_profile,生技醫療業
3178,24,official_tpex_current_company_profile,半導體業
3188,14,official_tpex_current_company_profile,建材營造
3191,28,official_tpex_current_company_profile,電子零組件業
3205,22,official_tpex_current_company_profile,生技醫療業
3206,28,official_tpex_current_company_profile,電子零組件業
3207,28,official_tpex_current_company_profile,電子零組件業
3211,25,official_tpex_current_company_profile,電腦及週邊設備業
3213,25,official_tpex_current_company_profile,電腦及週邊設備業
3217,28,official_tpex_current_company_profile,電子零組件業
3218,22,official_tpex_current_company_profile,生技醫療業
3219,31,official_tpex_current_company_profile,其他電子業
3221,27,official_tpex_current_company_profile,通信網路業
3224,29,official_tpex_current_company_profile,電子通路業
3226,05,official_tpex_current_company_profile,產業代碼05
3227,24,official_tpex_current_company_profile,半導體業
3228,24,official_tpex_current_company_profile,半導體業
3230,26,official_tpex_current_company_profile,光電業
3232,29,official_tpex_current_company_profile,電子通路業
3234,27,official_tpex_current_company_profile,通信網路業
3236,28,official_tpex_current_company_profile,電子零組件業
3252,16,official_tpex_current_company_profile,觀光餐旅
3259,24,official_tpex_current_company_profile,半導體業
3260,24,official_tpex_current_company_profile,半導體業
3264,24,official_tpex_current_company_profile,半導體業
3265,24,official_tpex_current_company_profile,半導體業
3268,24,official_tpex_current_company_profile,半導體業
3272,25,official_tpex_current_company_profile,電腦及週邊設備業
3276,28,official_tpex_current_company_profile,電子零組件業
3284,20,official_tpex_current_company_profile,其他
3285,31,official_tpex_current_company_profile,其他電子業
3287,25,official_tpex_current_company_profile,電腦及週邊設備業
3288,28,official_tpex_current_company_profile,電子零組件業
3289,31,official_tpex_current_company_profile,其他電子業
3290,28,official_tpex_current_company_profile,電子零組件業
3293,32,official_tpex_current_company_profile,產業代碼32
3294,28,official_tpex_current_company_profile,電子零組件業
3297,26,official_tpex_current_company_profile,光電業
3303,31,official_tpex_current_company_profile,其他電子業
3306,27,official_tpex_current_company_profile,通信網路業
3310,28,official_tpex_current_company_profile,電子零組件業
3313,14,official_tpex_current_company_profile,建材營造
3317,24,official_tpex_current_company_profile,半導體業
3322,28,official_tpex_current_company_profile,電子零組件業
3323,25,official_tpex_current_company_profile,電腦及週邊設備業
3324,31,official_tpex_current_company_profile,其他電子業
3325,25,official_tpex_current_company_profile,電腦及週邊設備業
3332,28,official_tpex_current_company_profile,電子零組件業
3339,26,official_tpex_current_company_profile,光電業
3349,25,official_tpex_current_company_profile,電腦及週邊設備業
3354,28,official_tpex_current_company_profile,電子零組件業
3357,28,official_tpex_current_company_profile,電子零組件業
3360,29,official_tpex_current_company_profile,電子通路業
3362,26,official_tpex_current_company_profile,光電業
3363,27,official_tpex_current_company_profile,通信網路業
3372,24,official_tpex_current_company_profile,半導體業
3373,31,official_tpex_current_company_profile,其他電子業
3374,24,official_tpex_current_company_profile,半導體業
3379,05,official_tpex_current_company_profile,產業代碼05
3388,28,official_tpex_current_company_profile,電子零組件業
3390,28,official_tpex_current_company_profile,電子零組件業
3402,31,official_tpex_current_company_profile,其他電子業
3430,21,official_tpex_current_company_profile,化學工業
3434,26,official_tpex_current_company_profile,光電業
3438,24,official_tpex_current_company_profile,半導體業
3441,26,official_tpex_current_company_profile,光電業
3444,29,official_tpex_current_company_profile,電子通路業
3455,26,official_tpex_current_company_profile,光電業
3465,31,official_tpex_current_company_profile,其他電子業
3466,27,official_tpex_current_company_profile,通信網路業
3467,24,official_tpex_current_company_profile,半導體業
3479,25,official_tpex_current_company_profile,電腦及週邊設備業
3483,25,official_tpex_current_company_profile,電腦及週邊設備業
3484,28,official_tpex_current_company_profile,電子零組件業
3485,28,official_tpex_current_company_profile,電子零組件業
3489,14,official_tpex_current_company_profile,建材營造
3490,26,official_tpex_current_company_profile,光電業
3491,27,official_tpex_current_company_profile,通信網路業
3492,28,official_tpex_current_company_profile,電子零組件業
3498,31,official_tpex_current_company_profile,其他電子業
3499,27,official_tpex_current_company_profile,通信網路業
3508,31,official_tpex_current_company_profile,其他電子業
3511,28,official_tpex_current_company_profile,電子零組件業
3512,14,official_tpex_current_company_profile,建材營造
3516,26,official_tpex_current_company_profile,光電業
3520,28,official_tpex_current_company_profile,電子零組件業
3521,14,official_tpex_current_company_profile,建材營造
3522,16,official_tpex_current_company_profile,觀光餐旅
3523,26,official_tpex_current_company_profile,光電業
3526,28,official_tpex_current_company_profile,電子零組件業
3527,24,official_tpex_current_company_profile,半導體業
3529,24,official_tpex_current_company_profile,半導體業
3531,26,official_tpex_current_company_profile,光電業
3537,28,official_tpex_current_company_profile,電子零組件業
3540,25,official_tpex_current_company_profile,電腦及週邊設備業
3541,31,official_tpex_current_company_profile,其他電子業
3546,32,official_tpex_current_company_profile,產業代碼32
3548,28,official_tpex_current_company_profile,電子零組件業
3551,35,official_tpex_current_company_profile,產業代碼35
3552,31,official_tpex_current_company_profile,其他電子業
3555,24,official_tpex_current_company_profile,半導體業
3556,24,official_tpex_current_company_profile,半導體業
3558,27,official_tpex_current_company_profile,通信網路業
3564,27,official_tpex_current_company_profile,通信網路業
3567,24,official_tpex_current_company_profile,半導體業
3570,30,official_tpex_current_company_profile,資訊服務業
3577,25,official_tpex_current_company_profile,電腦及週邊設備業
3580,31,official_tpex_current_company_profile,其他電子業
3581,24,official_tpex_current_company_profile,半導體業
3587,31,official_tpex_current_company_profile,其他電子業
3594,25,official_tpex_current_company_profile,電腦及週邊設備業
3597,28,official_tpex_current_company_profile,電子零組件業
3609,28,official_tpex_current_company_profile,電子零組件業
3611,25,official_tpex_current_company_profile,電腦及週邊設備業
3615,26,official_tpex_current_company_profile,光電業
3623,26,official_tpex_current_company_profile,光電業
3624,28,official_tpex_current_company_profile,電子零組件業
3625,25,official_tpex_current_company_profile,電腦及週邊設備業
3628,31,official_tpex_current_company_profile,其他電子業
3629,32,official_tpex_current_company_profile,產業代碼32
3630,26,official_tpex_current_company_profile,光電業
3631,28,official_tpex_current_company_profile,電子零組件業
3632,27,official_tpex_current_company_profile,通信網路業
3646,28,official_tpex_current_company_profile,電子零組件業
3663,31,official_tpex_current_company_profile,其他電子業
3664,27,official_tpex_current_company_profile,通信網路業
3666,26,official_tpex_current_company_profile,光電業
3672,27,official_tpex_current_company_profile,通信網路業
3675,24,official_tpex_current_company_profile,半導體業
3680,24,official_tpex_current_company_profile,半導體業
3684,27,official_tpex_current_company_profile,通信網路業
3685,05,official_tpex_current_company_profile,產業代碼05
3687,36,official_tpex_current_company_profile,產業代碼36
3689,28,official_tpex_current_company_profile,電子零組件業
3691,26,official_tpex_current_company_profile,光電業
3693,25,official_tpex_current_company_profile,電腦及週邊設備業
3707,24,official_tpex_current_company_profile,半導體業
3709,25,official_tpex_current_company_profile,電腦及週邊設備業
3710,28,official_tpex_current_company_profile,電子零組件業
3713,35,official_tpex_current_company_profile,產業代碼35
4102,22,official_tpex_current_company_profile,生技醫療業
4105,22,official_tpex_current_company_profile,生技醫療業
4107,22,official_tpex_current_company_profile,生技醫療業
4109,22,official_tpex_current_company_profile,生技醫療業
4111,22,official_tpex_current_company_profile,生技醫療業
4113,14,official_tpex_current_company_profile,建材營造
4114,22,official_tpex_current_company_profile,生技醫療業
4116,22,official_tpex_current_company_profile,生技醫療業
4120,22,official_tpex_current_company_profile,生技醫療業
4121,22,official_tpex_current_company_profile,生技醫療業
4123,22,official_tpex_current_company_profile,生技醫療業
4126,22,official_tpex_current_company_profile,生技醫療業
4127,22,official_tpex_current_company_profile,生技醫療業
4128,22,official_tpex_current_company_profile,生技醫療業
4129,22,official_tpex_current_company_profile,生技醫療業
4130,22,official_tpex_current_company_profile,生技醫療業
4131,22,official_tpex_current_company_profile,生技醫療業
4138,22,official_tpex_current_company_profile,生技醫療業
4139,22,official_tpex_current_company_profile,生技醫療業
4147,22,official_tpex_current_company_profile,生技醫療業
4153,22,official_tpex_current_company_profile,生技醫療業
4154,20,official_tpex_current_company_profile,其他
4157,22,official_tpex_current_company_profile,生技醫療業
4160,22,official_tpex_current_company_profile,生技醫療業
4161,22,official_tpex_current_company_profile,生技醫療業
4162,22,official_tpex_current_company_profile,生技醫療業
4163,22,official_tpex_current_company_profile,生技醫療業
4166,22,official_tpex_current_company_profile,生技醫療業
4167,22,official_tpex_current_company_profile,生技醫療業
4168,22,official_tpex_current_company_profile,生技醫療業
4171,33,official_tpex_current_company_profile,產業代碼33
4173,22,official_tpex_current_company_profile,生技醫療業
4174,22,official_tpex_current_company_profile,生技醫療業
4175,22,official_tpex_current_company_profile,生技醫療業
4183,22,official_tpex_current_company_profile,生技醫療業
4188,22,official_tpex_current_company_profile,生技醫療業
4192,22,official_tpex_current_company_profile,生技醫療業
4198,22,official_tpex_current_company_profile,生技醫療業
4205,02,official_tpex_current_company_profile,產業代碼02
4207,02,official_tpex_current_company_profile,產業代碼02
4303,03,official_tpex_current_company_profile,產業代碼03
4304,03,official_tpex_current_company_profile,產業代碼03
4305,03,official_tpex_current_company_profile,產業代碼03
4401,04,official_tpex_current_company_profile,產業代碼04
4402,04,official_tpex_current_company_profile,產業代碼04
4406,04,official_tpex_current_company_profile,產業代碼04
4413,04,official_tpex_current_company_profile,產業代碼04
4416,14,official_tpex_current_company_profile,建材營造
4417,04,official_tpex_current_company_profile,產業代碼04
4419,16,official_tpex_current_company_profile,觀光餐旅
4420,04,official_tpex_current_company_profile,產業代碼04
4430,20,official_tpex_current_company_profile,其他
4432,04,official_tpex_current_company_profile,產業代碼04
4433,04,official_tpex_current_company_profile,產業代碼04
4442,04,official_tpex_current_company_profile,產業代碼04
4502,05,official_tpex_current_company_profile,產業代碼05
4503,05,official_tpex_current_company_profile,產業代碼05
4506,05,official_tpex_current_company_profile,產業代碼05
4510,05,official_tpex_current_company_profile,產業代碼05
4513,05,official_tpex_current_company_profile,產業代碼05
4523,05,official_tpex_current_company_profile,產業代碼05
4527,05,official_tpex_current_company_profile,產業代碼05
4528,05,official_tpex_current_company_profile,產業代碼05
4529,20,official_tpex_current_company_profile,其他
4530,16,official_tpex_current_company_profile,觀光餐旅
4533,05,official_tpex_current_company_profile,產業代碼05
4534,05,official_tpex_current_company_profile,產業代碼05
4535,05,official_tpex_current_company_profile,產業代碼05
4538,05,official_tpex_current_company_profile,產業代碼05
4541,20,official_tpex_current_company_profile,其他
4542,28,official_tpex_current_company_profile,電子零組件業
4543,05,official_tpex_current_company_profile,產業代碼05
4549,05,official_tpex_current_company_profile,產業代碼05
4550,05,official_tpex_current_company_profile,產業代碼05
4554,31,official_tpex_current_company_profile,其他電子業
4556,20,official_tpex_current_company_profile,其他
4558,05,official_tpex_current_company_profile,產業代碼05
4561,05,official_tpex_current_company_profile,產業代碼05
4563,05,official_tpex_current_company_profile,產業代碼05
4568,05,official_tpex_current_company_profile,產業代碼05
4577,31,official_tpex_current_company_profile,其他電子業
4580,05,official_tpex_current_company_profile,產業代碼05
4584,05,official_tpex_current_company_profile,產業代碼05
4609,38,official_tpex_current_company_profile,產業代碼38
4702,38,official_tpex_current_company_profile,產業代碼38
4706,21,official_tpex_current_company_profile,化學工業
4707,21,official_tpex_current_company_profile,化學工業
4711,21,official_tpex_current_company_profile,化學工業
4714,21,official_tpex_current_company_profile,化學工業
4716,21,official_tpex_current_company_profile,化學工業
4721,21,official_tpex_current_company_profile,化學工業
4726,22,official_tpex_current_company_profile,生技醫療業
4728,22,official_tpex_current_company_profile,生技醫療業
4729,26,official_tpex_current_company_profile,光電業
4735,22,official_tpex_current_company_profile,生技醫療業
4741,21,official_tpex_current_company_profile,化學工業
4743,22,official_tpex_current_company_profile,生技醫療業
4744,22,official_tpex_current_company_profile,生技醫療業
4745,22,official_tpex_current_company_profile,生技醫療業
4747,22,official_tpex_current_company_profile,生技醫療業
4749,24,official_tpex_current_company_profile,半導體業
4754,21,official_tpex_current_company_profile,化學工業
4760,31,official_tpex_current_company_profile,其他電子業
4767,21,official_tpex_current_company_profile,化學工業
4768,21,official_tpex_current_company_profile,化學工業
4772,21,official_tpex_current_company_profile,化學工業
4804,16,official_tpex_current_company_profile,觀光餐旅
4806,32,official_tpex_current_company_profile,產業代碼32
4903,27,official_tpex_current_company_profile,通信網路業
4905,22,official_tpex_current_company_profile,生技醫療業
4907,14,official_tpex_current_company_profile,建材營造
4908,27,official_tpex_current_company_profile,通信網路業
4909,27,official_tpex_current_company_profile,通信網路業
4911,22,official_tpex_current_company_profile,生技醫療業
4923,24,official_tpex_current_company_profile,半導體業
4924,35,official_tpex_current_company_profile,產業代碼35
4931,25,official_tpex_current_company_profile,電腦及週邊設備業
4933,26,official_tpex_current_company_profile,光電業
4939,28,official_tpex_current_company_profile,電子零組件業
4946,32,official_tpex_current_company_profile,產業代碼32
4950,10,official_tpex_current_company_profile,鋼鐵工業
4951,24,official_tpex_current_company_profile,半導體業
4953,30,official_tpex_current_company_profile,資訊服務業
4966,24,official_tpex_current_company_profile,半導體業
4971,24,official_tpex_current_company_profile,半導體業
4972,26,official_tpex_current_company_profile,光電業
4973,24,official_tpex_current_company_profile,半導體業
4974,28,official_tpex_current_company_profile,電子零組件業
4979,27,official_tpex_current_company_profile,通信網路業
4991,24,official_tpex_current_company_profile,半導體業
4995,26,official_tpex_current_company_profile,光電業
5009,10,official_tpex_current_company_profile,鋼鐵工業
5011,10,official_tpex_current_company_profile,鋼鐵工業
5013,10,official_tpex_current_company_profile,鋼鐵工業
5014,10,official_tpex_current_company_profile,鋼鐵工業
5015,10,official_tpex_current_company_profile,鋼鐵工業
5016,10,official_tpex_current_company_profile,鋼鐵工業
5201,30,official_tpex_current_company_profile,資訊服務業
5202,30,official_tpex_current_company_profile,資訊服務業
5205,35,official_tpex_current_company_profile,產業代碼35
5206,14,official_tpex_current_company_profile,建材營造
5209,20,official_tpex_current_company_profile,其他
5210,30,official_tpex_current_company_profile,資訊服務業
5211,30,official_tpex_current_company_profile,資訊服務業
5212,30,official_tpex_current_company_profile,資訊服務業
5213,14,official_tpex_current_company_profile,建材營造
5220,26,official_tpex_current_company_profile,光電業
5223,25,official_tpex_current_company_profile,電腦及週邊設備業
5227,28,official_tpex_current_company_profile,電子零組件業
5228,28,official_tpex_current_company_profile,電子零組件業
5230,26,official_tpex_current_company_profile,光電業
5245,26,official_tpex_current_company_profile,光電業
5251,26,official_tpex_current_company_profile,光電業
5263,32,official_tpex_current_company_profile,產業代碼32
5272,24,official_tpex_current_company_profile,半導體業
5274,24,official_tpex_current_company_profile,半導體業
5276,20,official_tpex_current_company_profile,其他
5278,36,official_tpex_current_company_profile,產業代碼36
5287,36,official_tpex_current_company_profile,產業代碼36
5289,25,official_tpex_current_company_profile,電腦及週邊設備業
5291,28,official_tpex_current_company_profile,電子零組件業
5299,24,official_tpex_current_company_profile,半導體業
5301,16,official_tpex_current_company_profile,觀光餐旅
5302,24,official_tpex_current_company_profile,半導體業
5309,28,official_tpex_current_company_profile,電子零組件業
5310,30,official_tpex_current_company_profile,資訊服務業
5312,22,official_tpex_current_company_profile,生技醫療業
5314,20,official_tpex_current_company_profile,其他
5315,26,official_tpex_current_company_profile,光電業
5321,36,official_tpex_current_company_profile,產業代碼36
5324,14,official_tpex_current_company_profile,建材營造
5328,28,official_tpex_current_company_profile,電子零組件業
5340,28,official_tpex_current_company_profile,電子零組件業
5344,24,official_tpex_current_company_profile,半導體業
5345,20,official_tpex_current_company_profile,其他
5347,24,official_tpex_current_company_profile,半導體業
5348,37,official_tpex_current_company_profile,產業代碼37
5351,24,official_tpex_current_company_profile,半導體業
5353,27,official_tpex_current_company_profile,通信網路業
5355,28,official_tpex_current_company_profile,電子零組件業
5356,25,official_tpex_current_company_profile,電腦及週邊設備業
5364,16,official_tpex_current_company_profile,觀光餐旅
5371,26,official_tpex_current_company_profile,光電業
5381,05,official_tpex_current_company_profile,產業代碼05
5386,25,official_tpex_current_company_profile,電腦及週邊設備業
5392,26,official_tpex_current_company_profile,光電業
5398,20,official_tpex_current_company_profile,其他
5403,30,official_tpex_current_company_profile,資訊服務業
5410,30,official_tpex_current_company_profile,資訊服務業
5425,24,official_tpex_current_company_profile,半導體業
5426,25,official_tpex_current_company_profile,電腦及週邊設備業
5432,35,official_tpex_current_company_profile,產業代碼35
5438,25,official_tpex_current_company_profile,電腦及週邊設備業
5439,28,official_tpex_current_company_profile,電子零組件業
5443,24,official_tpex_current_company_profile,半導體業
5450,20,official_tpex_current_company_profile,其他
5452,31,official_tpex_current_company_profile,其他電子業
5455,14,official_tpex_current_company_profile,建材營造
5457,28,official_tpex_current_company_profile,電子零組件業
5460,28,official_tpex_current_company_profile,電子零組件業
5464,28,official_tpex_current_company_profile,電子零組件業
5465,25,official_tpex_current_company_profile,電腦及週邊設備業
5468,24,official_tpex_current_company_profile,半導體業
5474,25,official_tpex_current_company_profile,電腦及週邊設備業
5475,28,official_tpex_current_company_profile,電子零組件業
5478,32,official_tpex_current_company_profile,產業代碼32
5481,20,official_tpex_current_company_profile,其他
5483,24,official_tpex_current_company_profile,半導體業
5487,24,official_tpex_current_company_profile,半導體業
5488,28,official_tpex_current_company_profile,電子零組件業
5489,31,official_tpex_current_company_profile,其他電子業
5490,25,official_tpex_current_company_profile,電腦及週邊設備業
5493,31,official_tpex_current_company_profile,其他電子業
5498,28,official_tpex_current_company_profile,電子零組件業
5508,14,official_tpex_current_company_profile,建材營造
5511,14,official_tpex_current_company_profile,建材營造
5512,14,official_tpex_current_company_profile,建材營造
5514,14,official_tpex_current_company_profile,建材營造
5516,14,official_tpex_current_company_profile,建材營造
5520,14,official_tpex_current_company_profile,建材營造
5523,14,official_tpex_current_company_profile,建材營造
5529,14,official_tpex_current_company_profile,建材營造
5530,20,official_tpex_current_company_profile,其他
5536,31,official_tpex_current_company_profile,其他電子業
5543,14,official_tpex_current_company_profile,建材營造
5547,14,official_tpex_current_company_profile,建材營造
5548,14,official_tpex_current_company_profile,建材營造
5601,15,official_tpex_current_company_profile,航運業
5603,15,official_tpex_current_company_profile,航運業
5604,20,official_tpex_current_company_profile,其他
5609,15,official_tpex_current_company_profile,航運業
5701,16,official_tpex_current_company_profile,觀光餐旅
5703,16,official_tpex_current_company_profile,觀光餐旅
5704,16,official_tpex_current_company_profile,觀光餐旅
5864,17,official_tpex_current_company_profile,金融保險
5878,17,official_tpex_current_company_profile,金融保險
5902,38,official_tpex_current_company_profile,產業代碼38
5903,38,official_tpex_current_company_profile,產業代碼38
5904,38,official_tpex_current_company_profile,產業代碼38
5905,16,official_tpex_current_company_profile,觀光餐旅
6015,17,official_tpex_current_company_profile,金融保險
6016,17,official_tpex_current_company_profile,金融保險
6020,17,official_tpex_current_company_profile,金融保險
6021,17,official_tpex_current_company_profile,金融保險
6023,17,official_tpex_current_company_profile,金融保險
6026,17,official_tpex_current_company_profile,金融保險
6028,17,official_tpex_current_company_profile,金融保險
6101,32,official_tpex_current_company_profile,產業代碼32
6103,24,official_tpex_current_company_profile,半導體業
6104,24,official_tpex_current_company_profile,半導體業
6109,27,official_tpex_current_company_profile,通信網路業
6111,32,official_tpex_current_company_profile,產業代碼32
6113,29,official_tpex_current_company_profile,電子通路業
6114,28,official_tpex_current_company_profile,電子零組件業
6118,29,official_tpex_current_company_profile,電子通路業
6121,25,official_tpex_current_company_profile,電腦及週邊設備業
6122,05,official_tpex_current_company_profile,產業代碼05
6123,30,official_tpex_current_company_profile,資訊服務業
6124,28,official_tpex_current_company_profile,電子零組件業
6125,05,official_tpex_current_company_profile,產業代碼05
6126,28,official_tpex_current_company_profile,電子零組件業
6127,28,official_tpex_current_company_profile,電子零組件業
6129,24,official_tpex_current_company_profile,半導體業
6130,22,official_tpex_current_company_profile,生技醫療業
6134,28,official_tpex_current_company_profile,電子零組件業
6138,24,official_tpex_current_company_profile,半導體業
6140,30,official_tpex_current_company_profile,資訊服務業
6143,27,official_tpex_current_company_profile,通信網路業
6144,32,official_tpex_current_company_profile,產業代碼32
6146,31,official_tpex_current_company_profile,其他電子業
6147,24,official_tpex_current_company_profile,半導體業
6148,30,official_tpex_current_company_profile,資訊服務業
6150,25,official_tpex_current_company_profile,電腦及週邊設備業
6151,31,official_tpex_current_company_profile,其他電子業
6154,29,official_tpex_current_company_profile,電子通路業
6156,28,official_tpex_current_company_profile,電子零組件業
6158,28,official_tpex_current_company_profile,電子零組件業
6160,25,official_tpex_current_company_profile,電腦及週邊設備業
6161,25,official_tpex_current_company_profile,電腦及週邊設備業
6163,30,official_tpex_current_company_profile,資訊服務業
6167,26,official_tpex_current_company_profile,光電業
6169,32,official_tpex_current_company_profile,產業代碼32
6170,27,official_tpex_current_company_profile,通信網路業
6171,14,official_tpex_current_company_profile,建材營造
6173,28,official_tpex_current_company_profile,電子零組件業
6174,28,official_tpex_current_company_profile,電子零組件業
6175,28,official_tpex_current_company_profile,電子零組件業
6179,20,official_tpex_current_company_profile,其他
6180,32,official_tpex_current_company_profile,產業代碼32
6182,24,official_tpex_current_company_profile,半導體業
6185,28,official_tpex_current_company_profile,電子零組件業
6186,14,official_tpex_current_company_profile,建材營造
6187,24,official_tpex_current_company_profile,半導體業
6188,25,official_tpex_current_company_profile,電腦及週邊設備業
6190,27,official_tpex_current_company_profile,通信網路業
6194,28,official_tpex_current_company_profile,電子零組件業
6195,38,official_tpex_current_company_profile,產業代碼38
6198,14,official_tpex_current_company_profile,建材營造
6199,20,official_tpex_current_company_profile,其他
6203,28,official_tpex_current_company_profile,電子零組件業
6204,28,official_tpex_current_company_profile,電子零組件業
6207,28,official_tpex_current_company_profile,電子零組件業
6208,24,official_tpex_current_company_profile,半導體業
6210,28,official_tpex_current_company_profile,電子零組件業
6212,14,official_tpex_current_company_profile,建材營造
6217,28,official_tpex_current_company_profile,電子零組件業
6218,27,official_tpex_current_company_profile,通信網路業
6219,14,official_tpex_current_company_profile,建材營造
6220,28,official_tpex_current_company_profile,電子零組件業
6221,30,official_tpex_current_company_profile,資訊服務業
6222,26,official_tpex_current_company_profile,光電業
6223,24,official_tpex_current_company_profile,半導體業
6227,29,official_tpex_current_company_profile,電子通路業
6228,25,official_tpex_current_company_profile,電腦及週邊設備業
6229,24,official_tpex_current_company_profile,半導體業
6231,30,official_tpex_current_company_profile,資訊服務業
6233,24,official_tpex_current_company_profile,半導體業
6234,26,official_tpex_current_company_profile,光電業
6236,36,official_tpex_current_company_profile,產業代碼36
6237,24,official_tpex_current_company_profile,半導體業
6240,30,official_tpex_current_company_profile,資訊服務業
6241,27,official_tpex_current_company_profile,通信網路業
6242,22,official_tpex_current_company_profile,生技醫療業
6244,26,official_tpex_current_company_profile,光電業
6245,27,official_tpex_current_company_profile,通信網路業
6246,26,official_tpex_current_company_profile,光電業
6248,10,official_tpex_current_company_profile,鋼鐵工業
6259,28,official_tpex_current_company_profile,電子零組件業
6261,24,official_tpex_current_company_profile,半導體業
6263,27,official_tpex_current_company_profile,通信網路業
6264,14,official_tpex_current_company_profile,建材營造
6265,29,official_tpex_current_company_profile,電子通路業
6266,28,official_tpex_current_company_profile,電子零組件業
6270,29,official_tpex_current_company_profile,電子通路業
6274,28,official_tpex_current_company_profile,電子零組件業
6275,28,official_tpex_current_company_profile,電子零組件業
6276,25,official_tpex_current_company_profile,電腦及週邊設備業
6279,28,official_tpex_current_company_profile,電子零組件業
6284,28,official_tpex_current_company_profile,電子零組件業
6290,28,official_tpex_current_company_profile,電子零組件業
6291,24,official_tpex_current_company_profile,半導體業
6292,28,official_tpex_current_company_profile,電子零組件業
6294,32,official_tpex_current_company_profile,產業代碼32
6411,24,official_tpex_current_company_profile,半導體業
6417,27,official_tpex_current_company_profile,通信網路業
6418,28,official_tpex_current_company_profile,電子零組件業
6419,26,official_tpex_current_company_profile,光電業
6423,24,official_tpex_current_company_profile,半導體業
6425,05,official_tpex_current_company_profile,產業代碼05
6432,28,official_tpex_current_company_profile,電子零組件業
6435,24,official_tpex_current_company_profile,半導體業
6441,25,official_tpex_current_company_profile,電腦及週邊設備業
6461,22,official_tpex_current_company_profile,生技醫療業
6462,24,official_tpex_current_company_profile,半導體業
6465,27,official_tpex_current_company_profile,通信網路業
6469,22,official_tpex_current_company_profile,生技醫療業
6470,27,official_tpex_current_company_profile,通信網路業
6474,29,official_tpex_current_company_profile,電子通路業
6482,32,official_tpex_current_company_profile,產業代碼32
6485,24,official_tpex_current_company_profile,半導體業
6486,27,official_tpex_current_company_profile,通信網路業
6488,24,official_tpex_current_company_profile,半導體業
6492,22,official_tpex_current_company_profile,生技醫療業
6494,24,official_tpex_current_company_profile,半導體業
6496,22,official_tpex_current_company_profile,生技醫療業
6498,26,official_tpex_current_company_profile,光電業
6499,22,official_tpex_current_company_profile,生技醫療業
6506,04,official_tpex_current_company_profile,產業代碼04
6508,33,official_tpex_current_company_profile,產業代碼33
6509,21,official_tpex_current_company_profile,化學工業
6510,24,official_tpex_current_company_profile,半導體業
6512,31,official_tpex_current_company_profile,其他電子業
6516,30,official_tpex_current_company_profile,資訊服務業
6517,26,official_tpex_current_company_profile,光電業
6523,22,official_tpex_current_company_profile,生技醫療業
6527,22,official_tpex_current_company_profile,生技醫療業
6530,27,official_tpex_current_company_profile,通信網路業
6532,24,official_tpex_current_company_profile,半導體業
6535,22,official_tpex_current_company_profile,生技醫療業
6538,28,official_tpex_current_company_profile,電子零組件業
6542,32,official_tpex_current_company_profile,產業代碼32
6546,27,official_tpex_current_company_profile,通信網路業
6547,22,official_tpex_current_company_profile,生技醫療業
6548,24,official_tpex_current_company_profile,半導體業
6556,26,official_tpex_current_company_profile,光電業
6560,26,official_tpex_current_company_profile,光電業
6561,27,official_tpex_current_company_profile,通信網路業
6568,24,official_tpex_current_company_profile,半導體業
6569,22,official_tpex_current_company_profile,生技醫療業
6570,25,official_tpex_current_company_profile,電腦及週邊設備業
6574,22,official_tpex_current_company_profile,生技醫療業
6576,22,official_tpex_current_company_profile,生技醫療業
6577,25,official_tpex_current_company_profile,電腦及週邊設備業
6578,33,official_tpex_current_company_profile,產業代碼33
6584,28,official_tpex_current_company_profile,電子零組件業
6588,27,official_tpex_current_company_profile,通信網路業
6590,30,official_tpex_current_company_profile,資訊服務業
6593,30,official_tpex_current_company_profile,資訊服務業
6596,32,official_tpex_current_company_profile,產業代碼32
6597,28,official_tpex_current_company_profile,電子零組件業
6603,05,official_tpex_current_company_profile,產業代碼05
6609,05,official_tpex_current_company_profile,產業代碼05
6612,22,official_tpex_current_company_profile,生技醫療業
6613,31,official_tpex_current_company_profile,其他電子業
6615,22,official_tpex_current_company_profile,生技醫療業
6616,38,official_tpex_current_company_profile,產業代碼38
6617,22,official_tpex_current_company_profile,生技醫療業
6620,22,official_tpex_current_company_profile,生技醫療業
6624,35,official_tpex_current_company_profile,產業代碼35
6629,38,official_tpex_current_company_profile,產業代碼38
6637,22,official_tpex_current_company_profile,生技醫療業
6640,24,official_tpex_current_company_profile,半導體業
6642,28,official_tpex_current_company_profile,電子零組件業
6643,24,official_tpex_current_company_profile,半導體業
6649,22,official_tpex_current_company_profile,生技醫療業
6651,24,official_tpex_current_company_profile,半導體業
6654,31,official_tpex_current_company_profile,其他電子業
6661,22,official_tpex_current_company_profile,生技醫療業
6662,22,official_tpex_current_company_profile,生技醫療業
6664,28,official_tpex_current_company_profile,電子零組件業
6667,31,official_tpex_current_company_profile,其他電子業
6679,24,official_tpex_current_company_profile,半導體業
6680,25,official_tpex_current_company_profile,電腦及週邊設備業
6683,24,official_tpex_current_company_profile,半導體業
6684,24,official_tpex_current_company_profile,半導體業
6690,36,official_tpex_current_company_profile,產業代碼36
6692,35,official_tpex_current_company_profile,產業代碼35
6693,24,official_tpex_current_company_profile,半導體業
6697,30,official_tpex_current_company_profile,資訊服務業
6703,22,official_tpex_current_company_profile,生技醫療業
6708,24,official_tpex_current_company_profile,半導體業
6712,22,official_tpex_current_company_profile,生技醫療業
6716,24,official_tpex_current_company_profile,半導體業
6720,24,official_tpex_current_company_profile,半導體業
6721,20,official_tpex_current_company_profile,其他
6725,31,official_tpex_current_company_profile,其他電子業
6727,28,official_tpex_current_company_profile,電子零組件業
6728,38,official_tpex_current_company_profile,產業代碼38
6730,22,official_tpex_current_company_profile,生技醫療業
6732,24,official_tpex_current_company_profile,半導體業
6733,22,official_tpex_current_company_profile,生技醫療業
6735,31,official_tpex_current_company_profile,其他電子業
6739,31,official_tpex_current_company_profile,其他電子業
6741,36,official_tpex_current_company_profile,產業代碼36
6751,30,official_tpex_current_company_profile,資訊服務業
6752,30,official_tpex_current_company_profile,資訊服務業
6761,28,official_tpex_current_company_profile,電子零組件業
6762,22,official_tpex_current_company_profile,生技醫療業
6763,36,official_tpex_current_company_profile,產業代碼36
6767,22,official_tpex_current_company_profile,生技醫療業
6785,22,official_tpex_current_company_profile,生技醫療業
6788,24,official_tpex_current_company_profile,半導體業
6791,30,official_tpex_current_company_profile,資訊服務業
6803,35,official_tpex_current_company_profile,產業代碼35
6804,37,official_tpex_current_company_profile,產業代碼37
6811,36,official_tpex_current_company_profile,產業代碼36
6821,28,official_tpex_current_company_profile,電子零組件業
6823,24,official_tpex_current_company_profile,半導體業
6829,24,official_tpex_current_company_profile,半導體業
6840,31,official_tpex_current_company_profile,其他電子業
6841,22,official_tpex_current_company_profile,生技醫療業
6843,05,official_tpex_current_company_profile,產業代碼05
6844,22,official_tpex_current_company_profile,生技醫療業
6846,02,official_tpex_current_company_profile,產業代碼02
6855,31,official_tpex_current_company_profile,其他電子業
6856,32,official_tpex_current_company_profile,產業代碼32
6859,26,official_tpex_current_company_profile,光電業
6865,36,official_tpex_current_company_profile,產業代碼36
6870,36,official_tpex_current_company_profile,產業代碼36
6872,22,official_tpex_current_company_profile,生技醫療業
6874,30,official_tpex_current_company_profile,資訊服務業
6875,22,official_tpex_current_company_profile,生技醫療業
6877,31,official_tpex_current_company_profile,其他電子業
6881,20,official_tpex_current_company_profile,其他
6884,30,official_tpex_current_company_profile,資訊服務業
6894,35,official_tpex_current_company_profile,產業代碼35
6895,24,official_tpex_current_company_profile,半導體業
6899,26,official_tpex_current_company_profile,光電業
6903,31,official_tpex_current_company_profile,其他電子業
6904,20,official_tpex_current_company_profile,其他
6907,24,official_tpex_current_company_profile,半導體業
6910,36,official_tpex_current_company_profile,產業代碼36
6913,28,official_tpex_current_company_profile,電子零組件業
6922,25,official_tpex_current_company_profile,電腦及週邊設備業
6925,36,official_tpex_current_company_profile,產業代碼36
6929,22,official_tpex_current_company_profile,生技醫療業
6945,22,official_tpex_current_company_profile,生技醫療業
6953,24,official_tpex_current_company_profile,半導體業
6961,16,official_tpex_current_company_profile,觀光餐旅
6967,28,official_tpex_current_company_profile,電子零組件業
6968,38,official_tpex_current_company_profile,產業代碼38
6971,35,official_tpex_current_company_profile,產業代碼35
6982,05,official_tpex_current_company_profile,產業代碼05
6983,31,official_tpex_current_company_profile,其他電子業
6986,22,official_tpex_current_company_profile,生技醫療業
6996,24,official_tpex_current_company_profile,半導體業
6997,36,official_tpex_current_company_profile,產業代碼36
7402,26,official_tpex_current_company_profile,光電業
7547,36,official_tpex_current_company_profile,產業代碼36
7556,24,official_tpex_current_company_profile,半導體業
7584,32,official_tpex_current_company_profile,產業代碼32
7642,05,official_tpex_current_company_profile,產業代碼05
7703,31,official_tpex_current_company_profile,其他電子業
7704,24,official_tpex_current_company_profile,半導體業
7708,16,official_tpex_current_company_profile,觀光餐旅
7709,05,official_tpex_current_company_profile,產業代碼05
7712,24,official_tpex_current_company_profile,半導體業
7713,22,official_tpex_current_company_profile,生技醫療業
7714,36,official_tpex_current_company_profile,產業代碼36
7715,35,official_tpex_current_company_profile,產業代碼35
7716,15,official_tpex_current_company_profile,航運業
7717,27,official_tpex_current_company_profile,通信網路業
7718,05,official_tpex_current_company_profile,產業代碼05
7723,16,official_tpex_current_company_profile,觀光餐旅
7728,31,official_tpex_current_company_profile,其他電子業
7734,24,official_tpex_current_company_profile,半導體業
7738,36,official_tpex_current_company_profile,產業代碼36
7743,02,official_tpex_current_company_profile,產業代碼02
7744,28,official_tpex_current_company_profile,電子零組件業
7747,36,official_tpex_current_company_profile,產業代碼36
7751,24,official_tpex_current_company_profile,半導體業
7753,26,official_tpex_current_company_profile,光電業
7757,16,official_tpex_current_company_profile,觀光餐旅
7767,30,official_tpex_current_company_profile,資訊服務業
7770,24,official_tpex_current_company_profile,半導體業
7772,24,official_tpex_current_company_profile,半導體業
7777,20,official_tpex_current_company_profile,其他
7782,38,official_tpex_current_company_profile,產業代碼38
7792,31,official_tpex_current_company_profile,其他電子業
7794,38,official_tpex_current_company_profile,產業代碼38
7805,36,official_tpex_current_company_profile,產業代碼36
7810,24,official_tpex_current_company_profile,半導體業
7811,37,official_tpex_current_company_profile,產業代碼37
7814,22,official_tpex_current_company_profile,生技醫療業
7819,30,official_tpex_current_company_profile,資訊服務業
7820,35,official_tpex_current_company_profile,產業代碼35
7828,24,official_tpex_current_company_profile,半導體業
7839,36,official_tpex_current_company_profile,產業代碼36
7842,35,official_tpex_current_company_profile,產業代碼35
8024,24,official_tpex_current_company_profile,半導體業
8027,05,official_tpex_current_company_profile,產業代碼05
8032,29,official_tpex_current_company_profile,電子通路業
8034,27,official_tpex_current_company_profile,通信網路業
8038,28,official_tpex_current_company_profile,電子零組件業
8040,24,official_tpex_current_company_profile,半導體業
8042,28,official_tpex_current_company_profile,電子零組件業
8043,28,official_tpex_current_company_profile,電子零組件業
8044,36,official_tpex_current_company_profile,產業代碼36
8047,31,official_tpex_current_company_profile,其他電子業
8048,27,official_tpex_current_company_profile,通信網路業
8049,26,official_tpex_current_company_profile,光電業
8050,25,official_tpex_current_company_profile,電腦及週邊設備業
8054,24,official_tpex_current_company_profile,半導體業
8059,27,official_tpex_current_company_profile,通信網路業
8064,26,official_tpex_current_company_profile,光電業
8066,38,official_tpex_current_company_profile,產業代碼38
8067,29,official_tpex_current_company_profile,電子通路業
8068,29,official_tpex_current_company_profile,電子通路業
8069,26,official_tpex_current_company_profile,光電業
8071,28,official_tpex_current_company_profile,電子零組件業
8074,28,official_tpex_current_company_profile,電子零組件業
8076,25,official_tpex_current_company_profile,電腦及週邊設備業
8077,16,official_tpex_current_company_profile,觀光餐旅
8080,14,official_tpex_current_company_profile,建材營造
8083,05,official_tpex_current_company_profile,產業代碼05
8084,29,official_tpex_current_company_profile,電子通路業
8085,31,official_tpex_current_company_profile,其他電子業
8086,24,official_tpex_current_company_profile,半導體業
8087,35,official_tpex_current_company_profile,產業代碼35
8088,24,official_tpex_current_company_profile,半導體業
8089,27,official_tpex_current_company_profile,通信網路業
8091,24,official_tpex_current_company_profile,半導體業
8092,31,official_tpex_current_company_profile,其他電子業
8093,28,official_tpex_current_company_profile,電子零組件業
8096,29,official_tpex_current_company_profile,電子通路業
8097,27,official_tpex_current_company_profile,通信網路業
8099,30,official_tpex_current_company_profile,資訊服務業
8102,24,official_tpex_current_company_profile,半導體業
8107,05,official_tpex_current_company_profile,產業代碼05
8109,28,official_tpex_current_company_profile,電子零組件業
8111,26,official_tpex_current_company_profile,光電業
8121,28,official_tpex_current_company_profile,電子零組件業
8147,28,official_tpex_current_company_profile,電子零組件業
8155,28,official_tpex_current_company_profile,電子零組件業
8171,35,official_tpex_current_company_profile,產業代碼35
8176,27,official_tpex_current_company_profile,通信網路業
8182,28,official_tpex_current_company_profile,電子零組件業
8183,31,official_tpex_current_company_profile,其他電子業
8227,24,official_tpex_current_company_profile,半導體業
8234,25,official_tpex_current_company_profile,電腦及週邊設備業
8240,26,official_tpex_current_company_profile,光電業
8255,05,official_tpex_current_company_profile,產業代碼05
8272,30,official_tpex_current_company_profile,資訊服務業
8277,24,official_tpex_current_company_profile,半導體業
8279,22,official_tpex_current_company_profile,生技醫療業
8284,30,official_tpex_current_company_profile,資訊服務業
8289,28,official_tpex_current_company_profile,電子零組件業
8291,28,official_tpex_current_company_profile,電子零組件業
8299,24,official_tpex_current_company_profile,半導體業
8342,20,official_tpex_current_company_profile,其他
8349,10,official_tpex_current_company_profile,鋼鐵工業
8354,20,official_tpex_current_company_profile,其他
8358,28,official_tpex_current_company_profile,電子零組件業
8383,24,official_tpex_current_company_profile,半導體業
8390,35,official_tpex_current_company_profile,產業代碼35
8401,20,official_tpex_current_company_profile,其他
8403,22,official_tpex_current_company_profile,生技醫療業
8409,22,official_tpex_current_company_profile,生技醫療業
8410,25,official_tpex_current_company_profile,電腦及週邊設備業
8415,10,official_tpex_current_company_profile,鋼鐵工業
8416,30,official_tpex_current_company_profile,資訊服務業
8421,20,official_tpex_current_company_profile,其他
8423,35,official_tpex_current_company_profile,產業代碼35
8424,14,official_tpex_current_company_profile,建材營造
8426,20,official_tpex_current_company_profile,其他
8431,31,official_tpex_current_company_profile,其他電子業
8432,22,official_tpex_current_company_profile,生技醫療業
8433,38,official_tpex_current_company_profile,產業代碼38
8435,20,official_tpex_current_company_profile,其他
8436,22,official_tpex_current_company_profile,生技醫療業
8437,20,official_tpex_current_company_profile,其他
8440,35,official_tpex_current_company_profile,產業代碼35
8444,20,official_tpex_current_company_profile,其他
8446,32,official_tpex_current_company_profile,產業代碼32
8450,32,official_tpex_current_company_profile,產業代碼32
8455,31,official_tpex_current_company_profile,其他電子業
8472,36,official_tpex_current_company_profile,產業代碼36
8477,36,official_tpex_current_company_profile,產業代碼36
8489,20,official_tpex_current_company_profile,其他
8905,20,official_tpex_current_company_profile,其他
8906,20,official_tpex_current_company_profile,其他
8908,23,official_tpex_current_company_profile,油電燃氣業
8916,20,official_tpex_current_company_profile,其他
8917,23,official_tpex_current_company_profile,油電燃氣業
8921,20,official_tpex_current_company_profile,其他
8923,32,official_tpex_current_company_profile,產業代碼32
8924,37,official_tpex_current_company_profile,產業代碼37
8927,23,official_tpex_current_company_profile,油電燃氣業
8928,37,official_tpex_current_company_profile,產業代碼37
8929,20,official_tpex_current_company_profile,其他
8930,10,official_tpex_current_company_profile,鋼鐵工業
8931,23,official_tpex_current_company_profile,油電燃氣業
8932,36,official_tpex_current_company_profile,產業代碼36
8933,37,official_tpex_current_company_profile,產業代碼37
8935,20,official_tpex_current_company_profile,其他
8936,20,official_tpex_current_company_profile,其他
8937,20,official_tpex_current_company_profile,其他
8938,37,official_tpex_current_company_profile,產業代碼37
8941,38,official_tpex_current_company_profile,產業代碼38
8942,20,official_tpex_current_company_profile,其他
9949,32,official_tpex_current_company_profile,產業代碼32
9950,03,official_tpex_current_company_profile,產業代碼03
9951,05,official_tpex_current_company_profile,產業代碼05
9960,37,official_tpex_current_company_profile,產業代碼37
9962,10,official_tpex_current_company_profile,鋼鐵工業
